"agency_name","state_name","is_county","address","lat","long","population","source_type","source_method","state_ucr_link","national_sample"
"Abilene","Texas",FALSE,"Abilene, Texas",32.44645,-99.7475905,124413,"State UCR","Open Source","https://txucr.nibrs.com/SRSReport/CrimeTrends",TRUE
"Abington","Pennsylvania",FALSE,"Abington, Pennsylvania",40.1145785,-75.1218107,58429,"State UCR","Open Source","https://www.ucr.pa.gov/PAUCRSPUBLIC/SRSReport/CrimeTrends",TRUE
"Ada County","Idaho",TRUE,"Ada County, Idaho",43.4136539,-116.2367421,144346,"State UCR","Open Source","https://nibrs.isp.idaho.gov/CrimeInIdaho/Report/CrimeTrends",TRUE
"Adams County","Colorado",TRUE,"Adams County, Colorado",39.8714085,-104.2701374,103829,"State UCR","Open Source","https://coloradocrimestats.state.co.us/public/View/dispview.aspx",TRUE
"Aiken County","South Carolina",TRUE,"Aiken County, South Carolina",33.5723191,-81.6182086,112764,"Crime Data Explorer","Open Source","https://cde.ucr.cjis.gov/LATEST/webapp/#/pages/explorer/crime/crime-trend",TRUE
"Akron","Ohio",FALSE,"Akron, Ohio",41.083064,-81.518485,188223,"State UCR","Provided by State UCR Program","https://ocjs.ohio.gov/",FALSE
"Alameda","California",FALSE,"Alameda, California",37.6090291,-121.899142,74458,"Crime Data Explorer","Open Source","https://cde.ucr.cjis.gov/LATEST/webapp/#/pages/explorer/crime/crime-trend",TRUE
"Alameda County","California",TRUE,"Alameda County, California",37.6090291,-121.899142,165271,"Crime Data Explorer","Open Source","https://cde.ucr.cjis.gov/LATEST/webapp/#/pages/explorer/crime/crime-trend",TRUE
"Albany","Georgia",FALSE,"Albany, Georgia",31.5782062,-84.1556809,66169,"Agency Aggregated","Open Source","https://www.albanyga.gov/crime-statistics",TRUE
"Albany","New York",FALSE,"Albany, New York",42.6511674,-73.754968,102095,"Crime Data Explorer","Open Source","https://cde.ucr.cjis.gov/LATEST/webapp/#/pages/explorer/crime/crime-trend",FALSE
"Albany","Oregon",FALSE,"Albany, Oregon",44.6365071,-123.1059324,47795,"State UCR","Open Source","https://www.oregon.gov/osp/pages/uniform-crime-reporting-data.aspx",TRUE
"Albemarle County","Virginia",TRUE,"Albemarle County, Virginia",38.0085107,-78.6086754,117655,"State UCR","Provided by State UCR Program","From VA",TRUE
"Albuquerque","New Mexico",FALSE,"Albuquerque, New Mexico",35.0841034,-106.650985,558745,"Agency Aggregated","Open Source","https://www.cabq.gov/police/crime-statistics",TRUE
"Alexandria","Virginia",FALSE,"Alexandria, Virginia",38.8051095,-77.0470229,155153,"Crime Data Explorer","Provided by State UCR Program","https://vsp.virginia.gov/",FALSE
"Alhambra","California",FALSE,"Alhambra, California",34.093042,-118.12706,78840,"Agency Aggregated","Open Source","https://www.cityofalhambra.org/271/Crime-Statistics",TRUE
"Aliso Viejo","California",FALSE,"Aliso Viejo, California",33.5761376,-117.7258122,50736,"Crime Data Explorer","Open Source","https://cde.ucr.cjis.gov/LATEST/webapp/#/pages/explorer/crime/crime-trend",TRUE
"Allen","Texas",FALSE,"Allen, Texas",33.1031744,-96.6705503,113737,"State UCR","Open Source","https://txucr.nibrs.com/SRSReport/CrimeTrends",TRUE
"Allentown","Pennsylvania",FALSE,"Allentown, Pennsylvania",40.6022552,-75.4716115,124599,"State UCR","Open Source","https://www.ucr.pa.gov/PAUCRSPUBLIC/SRSReport/CrimeTrends",TRUE
"Alpharetta","Georgia",FALSE,"Alpharetta, Georgia",34.0755962,-84.2945964,67788,"Crime Data Explorer","Open Source","https://cde.ucr.cjis.gov/LATEST/webapp/#/pages/explorer/crime/crime-trend",TRUE
"Amarillo","Texas",FALSE,"Amarillo, Texas",35.20729,-101.8371192,105068,"State UCR","Open Source","https://txucr.nibrs.com/SRSReport/CrimeTrends",FALSE
"Ames","Iowa",FALSE,"Ames, Iowa",42.0267567,-93.6170448,65426,"Crime Data Explorer","Provided by Agency","From IA",FALSE
"Anaheim","California",FALSE,"Anaheim, California",33.8347516,-117.911732,338488,"Crime Data Explorer","Open Source","https://cde.ucr.cjis.gov/LATEST/webapp/#/pages/explorer/crime/crime-trend",TRUE
"Anderson","Indiana",FALSE,"Anderson, Indiana",40.1053196,-85.6802541,55355,"Crime Data Explorer","Open Source","https://cde.state.mn.us/",FALSE
"Anderson County","South Carolina",TRUE,"Anderson County, South Carolina",34.5258335,-82.652962,172689,"Crime Data Explorer","Open Source","https://cde.ucr.cjis.gov/LATEST/webapp/#/pages/explorer/crime/crime-trend",TRUE
"Ankeny","Iowa",FALSE,"Ankeny, Iowa",41.7320796,-93.605092,76547,"Crime Data Explorer","Provided by Agency","From IA",TRUE
"Ann Arbor","Michigan",FALSE,"Ann Arbor, Michigan",42.2813722,-83.7484616,118025,"Crime Data Explorer","Open Source","https://www.michigan.gov/msp/divisions/cjic/dashboard-portal/crime-dashboard",TRUE
"Antioch","California",FALSE,"Antioch, California",38.0093296,-121.8106925,117675,"Agency Aggregated","Open Source","https://www.antiochca.gov/police/crime-statistics/",TRUE
"Apex","North Carolina",FALSE,"Apex, North Carolina",35.7325352,-78.8505516,74767,"State UCR","Provided by State UCR Program","From NC",TRUE
"Apple Valley","Minnesota",FALSE,"Apple Valley, Minnesota",44.7319094,-93.21772,55028,"State UCR","Open Source","https://cde.state.mn.us/",TRUE
"Appleton","Wisconsin",FALSE,"Appleton, Wisconsin",44.2613967,-88.4069744,62337,"State UCR","Provided by State UCR Program","From WI",TRUE
"Arapahoe County","Colorado",TRUE,"Arapahoe County, Colorado",39.6416781,-104.3628567,108211,"State UCR","Open Source","https://coloradocrimestats.state.co.us/public/View/dispview.aspx",FALSE
"Arcadia","California",FALSE,"Arcadia, California",34.1362075,-118.0401497,53397,"Crime Data Explorer","Open Source","https://cde.ucr.cjis.gov/LATEST/webapp/#/pages/explorer/crime/crime-trend",TRUE
"Arlington Heights","Illinois",FALSE,"Arlington Heights, Illinois",42.0811563,-87.9802164,73545,"State UCR","Open Source","https://ilucr.nibrs.com/AdvancedSearch/AdvancedSearch",TRUE
"Arlington","Texas",FALSE,"Arlington, Texas",32.7355816,-97.1071186,399840,"State UCR","Open Source","https://txucr.nibrs.com/SRSReport/CrimeTrends",TRUE
"Arlington County","Virginia",TRUE,"Arlington County, Virginia",38.8769326,-77.0893094,234449,"State UCR","Provided by State UCR Program","From VA",TRUE
"Arvada","Colorado",FALSE,"Arvada, Colorado",39.8005505,-105.0811573,117704,"State UCR","Open Source","https://coloradocrimestats.state.co.us/public/View/dispview.aspx",FALSE
"Asheville","North Carolina",FALSE,"Asheville, North Carolina",35.595363,-82.5508407,95219,"State UCR","Provided by State UCR Program","From NC",TRUE
"Atlanta","Georgia",FALSE,"Atlanta, Georgia",33.7544657,-84.3898151,475865,"Agency RMS","Open Source","https://experience.arcgis.com/experience/d5dd2be2977d40acb340ef42f80671b8/",TRUE
"Aurora","Colorado",FALSE,"Aurora, Colorado",39.7405111,-104.830994,337365,"State UCR","Open Source","https://coloradocrimestats.state.co.us/public/View/dispview.aspx",TRUE
"Austin","Texas",FALSE,"Austin, Texas",30.2711286,-97.7436995,913699,"State UCR","Open Source","https://data.austintexas.gov/Public-Safety/Crime-Reports/fdj4-gpfu/explore/query/SELECT%0A%20%20%60incident_report_number%60%2C%0A%20%20%60crime_type%60%2C%0A%20%20%60ucr_code%60%2C%0A%20%20%60family_violence%60%2C%0A%20%20%60occ_date_time%60%2C%0A%20%20%60occ_date%60%2C%0A%20%20%60occ_time%60%2C%0A%20%20%60rep_date_time%60%2C%0A%20%20%60rep_date%60%2C%0A%20%20%60rep_time%60%2C%0A%20%20%60location_type%60%2C%0A%20%20%60council_district%60%2C%0A%20%20%60sector%60%2C%0A%20%20%60district%60%2C%0A%20%20%60clearance_status%60%2C%0A%20%20%60clearance_date%60%2C%0A%20%20%60ucr_category%60%2C%0A%20%20%60category_description%60%2C%0A%20%20%60census_block_group%60%0AWHERE%20caseless_ne%28%60ucr_category%60%2C%20%22%22%29/page/filter",TRUE
"Avondale","Arizona",FALSE,"Avondale, Arizona",33.4355977,-112.349602,94911,"State UCR","Open Source","https://azcrimestatistics.azdps.gov/",TRUE
"Bakersfield","California",FALSE,"Bakersfield, California",35.3738712,-119.019463,416120,"Agency Aggregated","Provided by Agency","https://www.bakersfieldcity.us/",TRUE
"Baldwin Park","California",FALSE,"Baldwin Park, California",34.0854739,-117.9611761,67791,"Crime Data Explorer","Open Source","https://cde.ucr.cjis.gov/LATEST/webapp/#/pages/explorer/crime/crime-trend",TRUE
"Baltimore","Maryland",FALSE,"Baltimore, Maryland",39.2908816,-76.610759,566632,"Agency RMS","Open Source","https://data.baltimorecity.gov/datasets/part-1-crime-data/explore",TRUE
"Baltimore County","Maryland",TRUE,"Baltimore County, Maryland",39.4445243,-76.6483482,852726,"Agency Aggregated","Open Source","https://opendata.baltimorecountymd.gov/pages/dash",TRUE
"Barnstable","Massachusetts",FALSE,"Barnstable, Massachusetts",41.7016936,-70.3036163,50928,"State UCR","Provided by State UCR Program","https://www.mass.gov/crime-statistics",FALSE
"Bartlett","Tennessee",FALSE,"Bartlett, Tennessee",35.2045329,-89.8739753,55494,"Crime Data Explorer","Open Source","https://crimeinsight.tbi.tn.gov/public/View/dispview.aspx",TRUE
"Baton Rouge","Louisiana",FALSE,"Baton Rouge, Louisiana",30.4494155,-91.1869659,217387,"Agency RMS","Open Source","https://data.brla.gov/Public-Safety/Baton-Rouge-Police-Crime-Incidents/pbin-pcm7/explore/query/SELECT%0A%20%20%60incident_number%60%2C%0A%20%20%60charge_id%60%2C%0A%20%20%60charge_date%60%2C%0A%20%20%60report_date%60%2C%0A%20%20%60approved_date%60%2C%0A%20%20%60attempted_committed%60%2C%0A%20%20%60street%60%2C%0A%20%20%60street_2%60%2C%0A%20%20%60city%60%2C%0A%20%20%60state%60%2C%0A%20%20%60postal_code%60%2C%0A%20%20%60district%60%2C%0A%20%20%60zone%60%2C%0A%20%20%60sub_zone%60%2C%0A%20%20%60statute_title%60%2C%0A%20%20%60statute_description%60%2C%0A%20%20%60statute_category%60%2C%0A%20%20%60crime_against%60%2C%0A%20%20%60nibrs_code%60%2C%0A%20%20%60offense_description%60%2C%0A%20%20%60census_block_group%60%2C%0A%20%20%60council_district%60%2C%0A%20%20%60crime_prevention_district%60%2C%0A%20%20%60neighborhood%60%2C%0A%20%20%60longitude%60%2C%0A%20%20%60latitude%60%2C%0A%20%20%60geolocation%60%2C%0A%20%20%60%3A%40computed_region_jrqt_zu77%60%2C%0A%20%20%60%3A%40computed_region_ntzg_c2w3%60%2C%0A%20%20%60%3A%40computed_region_uvg4_nwq8%60%0AWHERE%0A%20%20caseless_one_of%28%0A%20%20%20%20%60nibrs_code%60%2C%0A%20%20%20%20%2209A%22%2C%0A%20%20%20%20%2211A%22%2C%0A%20%20%20%20%2213A%22%2C%0A%20%20%20%20%22120%22%2C%0A%20%20%20%20%22220%22%2C%0A%20%20%20%20%22240%22%2C%0A%20%20%20%20%2223A%22%2C%0A%20%20%20%20%2223B%22%2C%0A%20%20%20%20%2223C%22%2C%0A%20%20%20%20%2223D%22%2C%0A%20%20%20%20%2223E%22%2C%0A%20%20%20%20%2223F%22%2C%0A%20%20%20%20%2223G%22%2C%0A%20%20%20%20%2223H%22%0A%20%20%29%0A%20%20AND%20%28%60report_date%60%20%3E%20%222024-01-01T00%3A00%3A00%22%20%3A%3A%20floating_timestamp%29%0AORDER%20BY%20%60report_date%60%20DESC%20NULL%20FIRST/page/filter",TRUE
"Battle Creek","Michigan",FALSE,"Battle Creek, Michigan",42.3192548,-85.1824269,61163,"Crime Data Explorer","Open Source","https://www.michigan.gov/msp/divisions/cjic/dashboard-portal/crime-dashboard",TRUE
"Baytown","Texas",FALSE,"Baytown, Texas",29.7355047,-94.9774274,78692,"State UCR","Open Source","https://txucr.nibrs.com/SRSReport/CrimeTrends",TRUE
"Beaufort County","South Carolina",TRUE,"Beaufort County, South Carolina",32.3850708,-80.6923169,134553,"Crime Data Explorer","Open Source","https://cde.ucr.cjis.gov/LATEST/webapp/#/pages/explorer/crime/crime-trend",TRUE
"Beaumont","California",FALSE,"Beaumont, California",33.9299925,-116.9763092,60294,"Crime Data Explorer","Open Source","https://cde.ucr.cjis.gov/LATEST/webapp/#/pages/explorer/crime/crime-trend",TRUE
"Beaumont","Texas",FALSE,"Beaumont, Texas",30.0829344,-94.0984277,111320,"State UCR","Open Source","https://txucr.nibrs.com/SRSReport/CrimeTrends",TRUE
"Beaverton","Oregon",FALSE,"Beaverton, Oregon",45.4871723,-122.80378,96762,"State UCR","Open Source","https://www.oregon.gov/osp/pages/uniform-crime-reporting-data.aspx",FALSE
"Bellevue","Nebraska",FALSE,"Bellevue, Nebraska",41.1365122,-95.8937398,63510,"State UCR","Open Source","https://crimestats.ne.gov/public/View/RSReport.aspx?ReportId=1082",TRUE
"Bellingham","Washington",FALSE,"Bellingham, Washington",48.7544012,-122.478836,95717,"Agency Aggregated","Open Source","https://cob.org/gov/dept/police/news-police/crime-stats",TRUE
"Bend","Oregon",FALSE,"Bend, Oregon",44.0581728,-121.3153096,106241,"State UCR","Open Source","https://www.oregon.gov/osp/pages/uniform-crime-reporting-data.aspx",TRUE
"Bensalem","Pennsylvania",FALSE,"Bensalem, Pennsylvania",40.1045549,-74.951279,62843,"State UCR","Open Source","https://www.ucr.pa.gov/PAUCRSPUBLIC/SRSReport/CrimeTrends",TRUE
"Bentonville","Arkansas",FALSE,"Bentonville, Arkansas",36.3728608,-94.208787,61109,"Crime Data Explorer","Open Source","https://cde.ucr.cjis.gov/LATEST/webapp/#/pages/explorer/crime/crime-trend",TRUE
"Berkeley","California",FALSE,"Berkeley, California",37.8708393,-122.272863,117400,"Crime Data Explorer","Open Source","https://cde.ucr.cjis.gov/LATEST/webapp/#/pages/explorer/crime/crime-trend",FALSE
"Berkeley County","South Carolina",TRUE,"Berkeley County, South Carolina",33.1595951,-79.9070461,150616,"Crime Data Explorer","Open Source","https://cde.ucr.cjis.gov/LATEST/webapp/#/pages/explorer/crime/crime-trend",TRUE
"Bethlehem","Pennsylvania",FALSE,"Bethlehem, Pennsylvania",40.6178915,-75.3786521,59181,"State UCR","Open Source","https://www.ucr.pa.gov/PAUCRSPUBLIC/SRSReport/CrimeTrends",TRUE
"Bexar County","Texas",TRUE,"Bexar County, Texas",29.4263987,-98.5104781,462282,"State UCR","Open Source","https://txucr.nibrs.com/SRSReport/CrimeTrends",FALSE
"Billings","Montana",FALSE,"Billings, Montana",45.7874957,-108.49607,122105,"Crime Data Explorer","Open Source","https://cde.ucr.cjis.gov/LATEST/webapp/#/pages/explorer/crime/crime-trend",TRUE
"Birmingham","Alabama",FALSE,"Birmingham, Alabama",33.5206824,-86.8024326,193470,"Crime Data Explorer","Open Source","https://cde.ucr.cjis.gov/LATEST/webapp/#/pages/explorer/crime/crime-trend",TRUE
"Bismarck","North Dakota",FALSE,"Bismarck, North Dakota",46.808327,-100.783739,75546,"State UCR","Open Source","https://crimestats.nd.gov/public/View/RSReport.aspx?ReportId=94",TRUE
"Blaine","Minnesota",FALSE,"Blaine, Minnesota",45.1607987,-93.2349489,74913,"State UCR","Open Source","https://cde.state.mn.us/",TRUE
"Bloomfield","New Jersey",FALSE,"Bloomfield, New Jersey",40.7934789,-74.1979277,55161,"Crime Data Explorer","Open Source","https://cde.ucr.cjis.gov/LATEST/webapp/#/pages/explorer/crime/crime-trend",TRUE
"Bloomington","Indiana",FALSE,"Bloomington, Indiana",39.1670396,-86.5342881,78762,"Crime Data Explorer","Open Source","https://cde.state.mn.us/",FALSE
"Bloomington","Minnesota",FALSE,"Bloomington, Minnesota",44.8322405,-93.3204872,86598,"State UCR","Open Source","https://cde.state.mn.us/",TRUE
"Blue Springs","Missouri",FALSE,"Blue Springs, Missouri",39.017316,-94.282265,61096,"State UCR","Open Source","https://showmecrime.mo.gov/",TRUE
"Boise","Idaho",FALSE,"Boise, Idaho",43.6166163,-116.200886,235223,"State UCR","Open Source","https://nibrs.isp.idaho.gov/CrimeInIdaho/AdvancedSearch/AdvancedSearch",FALSE
"Bolingbrook","Illinois",FALSE,"Bolingbrook, Illinois",41.7003302,-88.0717708,72708,"State UCR","Open Source","https://ilucr.nibrs.com/AdvancedSearch/AdvancedSearch",TRUE
"Boone County","Kentucky",TRUE,"Boone County, Kentucky",38.962345,-84.7206912,110398,"Crime Data Explorer","Open Source","https://cde.ucr.cjis.gov/LATEST/webapp/#/pages/explorer/crime/crime-trend",TRUE
"Bossier City","Louisiana",FALSE,"Bossier City, Louisiana",32.515887,-93.7336536,62750,"Crime Data Explorer","Open Source","https://cde.ucr.cjis.gov/LATEST/webapp/#/pages/explorer/crime/crime-trend",TRUE
"Boston","Massachusetts",FALSE,"Boston, Massachusetts",42.3588336,-71.0578303,659049,"State UCR","Provided by State UCR Program","https://www.mass.gov/crime-statistics",TRUE
"Boulder","Colorado",FALSE,"Boulder, Colorado",40.0149856,-105.270545,105195,"State UCR","Open Source","https://coloradocrimestats.state.co.us/public/View/dispview.aspx",TRUE
"Bowie","Maryland",FALSE,"Bowie, Maryland",39.0080601,-76.7797899,56929,"Crime Data Explorer","Open Source","https://www.mwcog.org/public-safety-and-homeland-security/data-and-tools/crime-dashboard/",FALSE
"Bowling Green","Kentucky",FALSE,"Bowling Green, Kentucky",36.9929203,-86.4428677,77503,"Crime Data Explorer","Open Source","https://cde.ucr.cjis.gov/LATEST/webapp/#/pages/explorer/crime/crime-trend",TRUE
"Bozeman","Montana",FALSE,"Bozeman, Montana",45.6794293,-111.044047,58509,"Crime Data Explorer","Open Source","https://cde.ucr.cjis.gov/LATEST/webapp/#/pages/explorer/crime/crime-trend",TRUE
"Brazoria County","Texas",TRUE,"Brazoria County, Texas",29.18161,-95.4993375,141817,"State UCR","Open Source","https://txucr.nibrs.com/SRSReport/CrimeTrends",TRUE
"Brentwood","California",FALSE,"Brentwood, California",37.9317766,-121.696026,65352,"Crime Data Explorer","Open Source","https://cde.ucr.cjis.gov/LATEST/webapp/#/pages/explorer/crime/crime-trend",TRUE
"Bridgeport","Connecticut",FALSE,"Bridgeport, Connecticut",41.1792695,-73.1887863,148132,"State UCR","Open Source","https://ct.beyond2020.com/ct_public/Dim/dimension.aspx",TRUE
"Bristol","Connecticut",FALSE,"Bristol, Connecticut",41.6735209,-72.9464859,61895,"State UCR","Open Source","https://ct.beyond2020.com/ct_public/Dim/dimension.aspx",TRUE
"Brockton","Massachusetts",FALSE,"Brockton, Massachusetts",42.0834335,-71.0183787,106650,"State UCR","Provided by State UCR Program","https://www.mass.gov/crime-statistics",TRUE
"Broken Arrow","Oklahoma",FALSE,"Broken Arrow, Oklahoma",36.0525993,-95.7908195,98264,"Crime Data Explorer","Open Source","https://cde.ucr.cjis.gov/LATEST/webapp/#/pages/explorer/crime/crime-trend",TRUE
"Brookhaven","Georgia",FALSE,"Brookhaven, Georgia",33.8584368,-84.340203,58507,"Crime Data Explorer","Open Source","https://cde.ucr.cjis.gov/LATEST/webapp/#/pages/explorer/crime/crime-trend",TRUE
"Brookline","Massachusetts",FALSE,"Brookline, Massachusetts",42.332918,-71.1187829,64122,"State UCR","Provided by State UCR Program","https://www.mass.gov/crime-statistics",FALSE
"Brooklyn Park","Minnesota",FALSE,"Brooklyn Park, Minnesota",45.1004807,-93.3443585,80665,"State UCR","Open Source","https://cde.state.mn.us/",TRUE
"Broomfield","Colorado",FALSE,"Broomfield, Colorado",39.9403995,-105.05208,78294,"State UCR","Open Source","https://coloradocrimestats.state.co.us/public/View/dispview.aspx",TRUE
"Brownsville","Texas",FALSE,"Brownsville, Texas",25.9024289,-97.4981698,191221,"State UCR","Open Source","https://txucr.nibrs.com/SRSReport/CrimeTrends",TRUE
"Buckeye","Arizona",FALSE,"Buckeye, Arizona",33.3703197,-112.583776,114513,"State UCR","Open Source","https://azcrimestatistics.azdps.gov/",TRUE
"Buena Park","California",FALSE,"Buena Park, California",33.870413,-117.9962165,81334,"Crime Data Explorer","Open Source","https://cde.ucr.cjis.gov/LATEST/webapp/#/pages/explorer/crime/crime-trend",TRUE
"Buffalo","New York",FALSE,"Buffalo, New York",42.8864163,-78.8781493,273728,"Agency Aggregated","Open Source","https://data.buffalony.gov/Public-Safety/Monthly-Uniform-Crime-Reporting-UCR-Program-Statis/xxu9-yrhd/data",TRUE
"Buncombe County","North Carolina",TRUE,"Buncombe County, North Carolina",35.6292222,-82.5255603,161061,"State UCR","Provided by State UCR Program","From NC",TRUE
"Burbank","California",FALSE,"Burbank, California",34.1812089,-118.307201,101377,"Crime Data Explorer","Open Source","https://www.burbankpd.org/crime-information/crime-statistics/",TRUE
"Burleson","Texas",FALSE,"Burleson, Texas",30.4764878,-96.6353488,47228,"State UCR","Open Source","https://txucr.nibrs.com/SRSReport/CrimeTrends",TRUE
"Burlington","North Carolina",FALSE,"Burlington, North Carolina",36.0956918,-79.4377991,58041,"State UCR","Provided by State UCR Program","From NC",TRUE
"Burlington","Vermont",FALSE,"Burlington, Vermont",44.4761601,-73.212906,44456,"Crime Data Explorer","Open Source","https://cde.ucr.cjis.gov/LATEST/webapp/#/pages/explorer/crime/crime-trend",FALSE
"Burnsville","Minnesota",FALSE,"Burnsville, Minnesota",44.7670567,-93.2773887,64860,"State UCR","Open Source","https://cde.state.mn.us/",TRUE
"Caldwell","Idaho",FALSE,"Caldwell, Idaho",43.6678736,-116.689415,71115,"State UCR","Open Source","https://nibrs.isp.idaho.gov/CrimeInIdaho/AdvancedSearch/AdvancedSearch",TRUE
"Camarillo","California",FALSE,"Camarillo, California",34.2176371,-119.0383541,69115,"Crime Data Explorer","Open Source","https://cde.ucr.cjis.gov/LATEST/webapp/#/pages/explorer/crime/crime-trend",TRUE
"Cambridge","Massachusetts",FALSE,"Cambridge, Massachusetts",42.3656347,-71.1040018,120447,"State UCR","Provided by State UCR Program","https://www.mass.gov/crime-statistics",TRUE
"Cameron County","Texas",TRUE,"Cameron County, Texas",26.1291189,-97.4134281,100581,"State UCR","Agency Aggregated","https://txucr.nibrs.com/SRSReport/CrimeTrends",TRUE
"Canton Township","Michigan",FALSE,"Canton Township, Michigan",42.3076547,-83.4868961,97844,"Crime Data Explorer","Open Source","https://www.michigan.gov/msp/divisions/cjic/dashboard-portal/crime-dashboard",TRUE
"Canton","Ohio",FALSE,"Canton, Ohio",40.7985464,-81.3749508,68725,"State UCR","Provided by State UCR Program","https://ocjs.ohio.gov/",TRUE
"Carlsbad","California",FALSE,"Carlsbad, California",33.1580933,-117.3505966,113023,"Agency Aggregated","Open Source","https://crimestats.arjis.org/default.aspx",FALSE
"Carmel","Indiana",FALSE,"Carmel, Indiana",39.9784186,-86.1283681,103107,"Crime Data Explorer","Open Source","https://cde.ucr.cjis.gov/LATEST/webapp/#/pages/explorer/crime/crime-trend",FALSE
"Carrollton","Texas",FALSE,"Carrollton, Texas",32.9515472,-96.9034244,82298,"State UCR","Open Source","https://txucr.nibrs.com/SRSReport/CrimeTrends",FALSE
"Cary","North Carolina",FALSE,"Cary, North Carolina",35.7882893,-78.7812081,177768,"State UCR","Provided by State UCR Program","From NC",TRUE
"Casa Grande","Arizona",FALSE,"Casa Grande, Arizona",32.8772834,-111.7536818,67317,"State UCR","Open Source","https://azcrimestatistics.azdps.gov/",TRUE
"Castle Rock","Colorado",FALSE,"Castle Rock, Colorado",39.3722552,-104.858682,84098,"State UCR","Open Source","https://coloradocrimestats.state.co.us/public/View/dispview.aspx",FALSE
"Cedar Park","Texas",FALSE,"Cedar Park, Texas",30.5217116,-97.827833,70724,"State UCR","Open Source","https://txucr.nibrs.com/SRSReport/CrimeTrends",TRUE
"Cedar Rapids","Iowa",FALSE,"Cedar Rapids, Iowa",41.9758872,-91.6704053,135363,"Crime Data Explorer","Provided by Agency","From IA",TRUE
"Centennial","Colorado",FALSE,"Centennial, Colorado",39.579155,-104.8769227,106454,"State UCR","Open Source","https://coloradocrimestats.state.co.us/public/View/dispview.aspx",FALSE
"Champaign","Illinois",FALSE,"Champaign, Illinois",40.1164841,-88.2430932,89466,"State UCR","Open Source","https://ilucr.nibrs.com/AdvancedSearch/AdvancedSearch",TRUE
"Chandler","Arizona",FALSE,"Chandler, Arizona",33.3062031,-111.841185,281117,"State UCR","Open Source","https://azcrimestatistics.azdps.gov/",TRUE
"Chapel Hill","North Carolina",FALSE,"Chapel Hill, North Carolina",35.9131542,-79.05578,61069,"State UCR","Provided by State UCR Program","From NC",TRUE
"Charleston","South Carolina",FALSE,"Charleston, South Carolina",32.7884363,-79.9399309,140549,"Crime Data Explorer","Open Source","https://cde.ucr.cjis.gov/LATEST/webapp/#/pages/explorer/crime/crime-trend",TRUE
"Charlotte","North Carolina",FALSE,"Charlotte, North Carolina",35.2272086,-80.8430827,1003130,"State UCR","Provided by State UCR Program","From NC",TRUE
"Chattanooga","Tennessee",FALSE,"Chattanooga, Tennessee",35.0457219,-85.3094883,188894,"Crime Data Explorer","Open Source","https://crimeinsight.tbi.tn.gov/public/View/dispview.aspx",TRUE
"Cherry Hill Township","New Jersey",FALSE,"Cherry Hill Township, New Jersey",39.9348351,-75.0307264,79950,"Crime Data Explorer","Open Source","https://cde.ucr.cjis.gov/LATEST/webapp/#/pages/explorer/crime/crime-trend",TRUE
"Chesapeake","Virginia",FALSE,"Chesapeake, Virginia",36.7168315,-76.2494453,257248,"Crime Data Explorer","Provided by State UCR Program","https://vsp.virginia.gov/",TRUE
"Chesterfield County","Virginia",TRUE,"Chesterfield County, Virginia",37.3859982,-77.578509,393296,"State UCR","Provided by State UCR Program","From VA",FALSE
"Cheyenne","Wyoming",FALSE,"Cheyenne, Wyoming",41.139981,-104.820246,65143,"State UCR","Open Source","https://crimestats.wyo.gov/public/View/dispview.aspx",FALSE
"Chicago","Illinois",FALSE,"Chicago, Illinois",41.8755616,-87.6244212,2638698,"Agency RMS","Open Source","https://data.cityofchicago.org/Public-Safety/Crimes-2001-to-Present/ijzp-q8t2/explore/query/SELECT%0A%20%20%60id%60%2C%0A%20%20%60case_number%60%2C%0A%20%20%60date%60%2C%0A%20%20%60block%60%2C%0A%20%20%60iucr%60%2C%0A%20%20%60primary_type%60%2C%0A%20%20%60description%60%2C%0A%20%20%60location_description%60%2C%0A%20%20%60arrest%60%2C%0A%20%20%60domestic%60%2C%0A%20%20%60beat%60%2C%0A%20%20%60district%60%2C%0A%20%20%60ward%60%2C%0A%20%20%60community_area%60%2C%0A%20%20%60fbi_code%60%2C%0A%20%20%60x_coordinate%60%2C%0A%20%20%60y_coordinate%60%2C%0A%20%20%60year%60%2C%0A%20%20%60updated_on%60%2C%0A%20%20%60latitude%60%2C%0A%20%20%60longitude%60%2C%0A%20%20%60location%60%2C%0A%20%20%60%3A%40computed_region_awaf_s7ux%60%2C%0A%20%20%60%3A%40computed_region_6mkv_f3dw%60%2C%0A%20%20%60%3A%40computed_region_vrxf_vc4k%60%2C%0A%20%20%60%3A%40computed_region_bdys_3d7i%60%2C%0A%20%20%60%3A%40computed_region_43wa_7qmu%60%2C%0A%20%20%60%3A%40computed_region_rpca_8um6%60%2C%0A%20%20%60%3A%40computed_region_d9mm_jgwp%60%2C%0A%20%20%60%3A%40computed_region_d3ds_rm58%60%2C%0A%20%20%60%3A%40computed_region_8hcu_yrd4%60%0AORDER%20BY%20%60date%60%20DESC%20NULL%20FIRST/page/filter",TRUE
"Chico","California",FALSE,"Chico, California",39.7284945,-121.8374777,100831,"Crime Data Explorer","Open Source","https://cde.ucr.cjis.gov/LATEST/webapp/#/pages/explorer/crime/crime-trend",TRUE
"Chicopee","Massachusetts",FALSE,"Chicopee, Massachusetts",42.1487691,-72.6071119,55770,"State UCR","Provided by State UCR Program","https://www.mass.gov/crime-statistics",TRUE
"Chino","California",FALSE,"Chino, California",34.0133561,-117.690075,93818,"Crime Data Explorer","Open Source","https://cde.ucr.cjis.gov/LATEST/webapp/#/pages/explorer/crime/crime-trend",TRUE
"Chula Vista","California",FALSE,"Chula Vista, California",32.6400541,-117.084195,273843,"Agency Aggregated","Open Source","https://crimestats.arjis.org/default.aspx",TRUE
"Cicero","Illinois",FALSE,"Cicero, Illinois",41.8455398,-87.7540199,79748,"State UCR","Open Source","https://ilucr.nibrs.com/AdvancedSearch/AdvancedSearch",FALSE
"Cincinnati","Ohio",FALSE,"Cincinnati, Ohio",39.1014537,-84.5124602,311599,"State UCR","Provided by State UCR Program","https://ocjs.ohio.gov/",TRUE
"Citrus Heights","California",FALSE,"Citrus Heights, California",38.7071247,-121.2810611,85809,"Crime Data Explorer","Open Source","https://cde.ucr.cjis.gov/LATEST/webapp/#/pages/explorer/crime/crime-trend",TRUE
"Clackamas County","Oregon",TRUE,"Clackamas County, Oregon",45.1608821,-122.2305038,248474,"State UCR","Open Source","https://www.oregon.gov/osp/pages/uniform-crime-reporting-data.aspx",FALSE
"Clarksville","Tennessee",FALSE,"Clarksville, Tennessee",36.5277607,-87.3588703,185349,"Crime Data Explorer","Open Source","https://crimeinsight.tbi.tn.gov/public/View/dispview.aspx",TRUE
"Cleveland","Ohio",FALSE,"Cleveland, Ohio",41.4996574,-81.6936772,362762,"State UCR","Provided by State UCR Program","https://ocjs.ohio.gov/",FALSE
"Clifton","New Jersey",FALSE,"Clifton, New Jersey",40.8584328,-74.1637553,89870,"Crime Data Explorer","Open Source","https://cde.ucr.cjis.gov/LATEST/webapp/#/pages/explorer/crime/crime-trend",TRUE
"Clinton Township","Michigan",FALSE,"Clinton Township, Michigan",42.5869782,-82.9200047,99056,"State UCR","Open Source","https://www.michigan.gov/msp/divisions/cjic/dashboard-portal/crime-dashboard",TRUE
"Clovis","California",FALSE,"Clovis, California",36.8252277,-119.7029194,127560,"Crime Data Explorer","Open Source","https://cde.ucr.cjis.gov/LATEST/webapp/#/pages/explorer/crime/crime-trend",FALSE
"Coeur D Alene","Idaho",FALSE,"Coeur D Alene, Idaho",47.6742994,-116.7811531,57561,"State UCR","Open Source","https://nibrs.isp.idaho.gov/CrimeInIdaho/AdvancedSearch/AdvancedSearch",TRUE
"Colerain Township","Ohio",FALSE,"Colerain Township, Ohio",39.2584995,-84.6329262,58402,"State UCR","Provided by State UCR Program","https://ocjs.ohio.gov/",TRUE
"College Station","Texas",FALSE,"College Station, Texas",30.6183939,-96.3455991,126702,"State UCR","Open Source","https://txucr.nibrs.com/SRSReport/CrimeTrends",TRUE
"Collierville","Tennessee",FALSE,"Collierville, Tennessee",35.042036,-89.6645266,51312,"Crime Data Explorer","Open Source","https://crimeinsight.tbi.tn.gov/public/View/dispview.aspx",TRUE
"Collin County","Texas",TRUE,"Collin County, Texas",33.1609629,-96.6060984,118730,"State UCR","Agency Aggregated","https://txucr.nibrs.com/SRSReport/CrimeTrends",TRUE
"Colonie Town","New York",FALSE,"Colonie Town, New York",42.7136195,-73.815468,81226,"Crime Data Explorer","Open Source","https://cde.ucr.cjis.gov/LATEST/webapp/#/pages/explorer/crime/crime-trend",TRUE
"Colorado Springs","Colorado",FALSE,"Colorado Springs, Colorado",38.8339578,-104.825348,491474,"State UCR","Open Source","https://coloradocrimestats.state.co.us/public/View/dispview.aspx",TRUE
"Columbia","Missouri",FALSE,"Columbia, Missouri",38.951883,-92.3337366,130354,"State UCR","Open Source","https://showmecrime.mo.gov/",TRUE
"Columbus","Ohio",FALSE,"Columbus, Ohio",39.9622601,-83.0007065,888169,"State UCR","Provided by State UCR Program","https://ocjs.ohio.gov/",TRUE
"Comal County","Texas",TRUE,"Comal County, Texas",29.7979704,-98.2690787,100029,"State UCR","Agency Aggregated","https://txucr.nibrs.com/SRSReport/CrimeTrends",TRUE
"Commerce City","Colorado",FALSE,"Commerce City, Colorado",39.8083196,-104.9338675,70170,"State UCR","Open Source","https://coloradocrimestats.state.co.us/public/View/dispview.aspx",FALSE
"Concord","California",FALSE,"Concord, California",37.9768525,-122.0335624,121341,"Agency Aggregated","Open Source","https://www.cityofconcord.org/1197/2024-Crime-Statistics",FALSE
"Concord","North Carolina",FALSE,"Concord, North Carolina",35.4094178,-80.5800049,111922,"State UCR","Provided by State UCR Program","From NC",TRUE
"Conroe","Texas",FALSE,"Conroe, Texas",30.3118769,-95.4560512,114592,"State UCR","Open Source","https://txucr.nibrs.com/SRSReport/CrimeTrends",TRUE
"Conway","Arkansas",FALSE,"Conway, Arkansas",35.0891932,-92.4398402,71417,"Crime Data Explorer","Open Source","https://cde.ucr.cjis.gov/LATEST/webapp/#/pages/explorer/crime/crime-trend",TRUE
"Coon Rapids","Minnesota",FALSE,"Coon Rapids, Minnesota",45.1728923,-93.3023898,63308,"State UCR","Open Source","https://cde.state.mn.us/",TRUE
"Corona","California",FALSE,"Corona, California",33.8752945,-117.566444,161174,"Crime Data Explorer","Open Source","https://cde.ucr.cjis.gov/LATEST/webapp/#/pages/explorer/crime/crime-trend",TRUE
"Corpus Christi","Texas",FALSE,"Corpus Christi, Texas",27.7635302,-97.4033191,316108,"State UCR","Open Source","https://txucr.nibrs.com/SRSReport/CrimeTrends",FALSE
"Corvallis","Oregon",FALSE,"Corvallis, Oregon",44.5645659,-123.2620435,61474,"State UCR","Open Source","https://www.oregon.gov/osp/pages/uniform-crime-reporting-data.aspx",FALSE
"Council Bluffs","Iowa",FALSE,"Council Bluffs, Iowa",41.258841,-95.8519484,62269,"Crime Data Explorer","Provided by Agency","From IA",TRUE
"Cranston","Rhode Island",FALSE,"Cranston, Rhode Island",41.779588,-71.4366813,83815,"State UCR","Open Source","https://riucr.nibrs.com/AdvancedSearch/AdvancedSearch",TRUE
"Cuyahoga Falls","Ohio",FALSE,"Cuyahoga Falls, Ohio",41.1362729,-81.4828123,50639,"State UCR","Provided by State UCR Program","https://ocjs.ohio.gov/",FALSE
"Dallas","Texas",FALSE,"Dallas, Texas",32.7762719,-96.7968559,1238096,"State UCR","Open Source","https://txucr.nibrs.com/SRSReport/CrimeTrends",TRUE
"Daly City","California",FALSE,"Daly City, California",37.6904826,-122.47267,98217,"Crime Data Explorer","Open Source","https://cde.ucr.cjis.gov/LATEST/webapp/#/pages/explorer/crime/crime-trend",FALSE
"Danbury","Connecticut",FALSE,"Danbury, Connecticut",41.394817,-73.4540111,86257,"State UCR","Open Source","https://ct.beyond2020.com/ct_public/Dim/dimension.aspx",FALSE
"Davenport","Iowa",FALSE,"Davenport, Iowa",41.5224692,-90.5756401,99926,"Crime Data Explorer","Provided by Agency","From IA",TRUE
"Davidson County","North Carolina",TRUE,"Davidson County, North Carolina",35.7902384,-80.2115053,123983,"State UCR","Provided by State UCR Program","From NC",FALSE
"Davis","California",FALSE,"Davis, California",38.5435526,-121.739005,65483,"Crime Data Explorer","Open Source","https://cde.ucr.cjis.gov/LATEST/webapp/#/pages/explorer/crime/crime-trend",TRUE
"Dayton","Ohio",FALSE,"Dayton, Ohio",39.7589478,-84.1916069,134857,"State UCR","Provided by State UCR Program","https://ocjs.ohio.gov/",TRUE
"Dearborn Heights","Michigan",FALSE,"Dearborn Heights, Michigan",42.3369816,-83.2732627,60148,"Crime Data Explorer","Open Source","https://www.michigan.gov/msp/divisions/cjic/dashboard-portal/crime-dashboard",TRUE
"Dearborn","Michigan",FALSE,"Dearborn, Michigan",42.3222599,-83.1763145,104571,"Crime Data Explorer","Open Source","https://www.michigan.gov/msp/divisions/cjic/dashboard-portal/crime-dashboard",TRUE
"Decatur","Illinois",FALSE,"Decatur, Illinois",39.8454163,-88.9524151,67934,"State UCR","Open Source","https://ilucr.nibrs.com/AdvancedSearch/AdvancedSearch",TRUE
"Delaware County","Ohio",TRUE,"Delaware County, Ohio",40.2317686,-82.9651045,108391,"State UCR","Provided by State UCR Program","From OH",FALSE
"Denton","Texas",FALSE,"Denton, Texas",33.1838787,-97.1413417,164565,"State UCR","Open Source","https://txucr.nibrs.com/SRSReport/CrimeTrends",TRUE
"Denton County","Texas",TRUE,"Denton County, Texas",33.1838787,-97.1413417,167921,"State UCR","Open Source","https://txucr.nibrs.com/SRSReport/CrimeTrends",TRUE
"Denver","Colorado",FALSE,"Denver, Colorado",39.7392364,-104.984862,722031,"State UCR","Open Source","https://coloradocrimestats.state.co.us/public/View/dispview.aspx",TRUE
"Des Moines","Iowa",FALSE,"Des Moines, Iowa",41.5868654,-93.6249494,209040,"Crime Data Explorer","Provided by Agency","From IA",TRUE
"Des Plaines","Illinois",FALSE,"Des Plaines, Illinois",42.0415823,-87.8873916,57218,"State UCR","Open Source","https://ilucr.nibrs.com/AdvancedSearch/AdvancedSearch",FALSE
"Desoto","Texas",FALSE,"Desoto, Texas",32.5897831,-96.8570183,56488,"State UCR","Open Source","https://txucr.nibrs.com/SRSReport/CrimeTrends",TRUE
"Detroit","Michigan",FALSE,"Detroit, Michigan",42.3315509,-83.0466403,651171,"Agency RMS","Open Source","https://data.detroitmi.gov/datasets/rms-crime-incidents",TRUE
"Douglas County","Colorado",TRUE,"Douglas County, Colorado",39.3420437,-104.9468945,227807,"State UCR","Open Source","https://coloradocrimestats.state.co.us/public/View/dispview.aspx",TRUE
"Douglas County","Nebraska",TRUE,"Douglas County, Nebraska",41.2954112,-96.1415672,103973,"State UCR","Agency Aggregated","https://crimestats.ne.gov/public/View/RSReport.aspx?ReportId=1082",TRUE
"Draper","Utah",FALSE,"Draper, Utah",40.5247777,-111.8627989,45672,"Crime Data Explorer","Open Source","https://bci.utah.gov/crime-in-utah-dashboards/",TRUE
"Dublin","Ohio",FALSE,"Dublin, Ohio",40.0996009,-83.1135563,40056,"State UCR","Provided by State UCR Program","https://ocjs.ohio.gov/",TRUE
"Dubuque","Iowa",FALSE,"Dubuque, Iowa",42.5006243,-90.6647985,58620,"Crime Data Explorer","Provided by Agency","From IA",FALSE
"Duluth","Minnesota",FALSE,"Duluth, Minnesota",46.7838287,-92.1052679,88003,"State UCR","Open Source","https://cde.state.mn.us/",TRUE
"Dunwoody","Georgia",FALSE,"Dunwoody, Georgia",33.9463786,-84.3342686,51752,"Agency Aggregated","Open Source","https://www.dunwoodyga.gov/police/crime-info-stats/crime-comparison",TRUE
"Durham","North Carolina",FALSE,"Durham, North Carolina",35.996653,-78.9018053,299779,"State UCR","Provided by State UCR Program","From NC",TRUE
"Eagan","Minnesota",FALSE,"Eagan, Minnesota",44.818173,-93.1659179,66956,"State UCR","Open Source","https://cde.state.mn.us/",FALSE
"East Baton Rouge Parish","Louisiana",FALSE,"East Baton Rouge Parish, Louisiana",30.5254797,-91.0899217,201319,"Agency RMS","Open Source","https://data.brla.gov/Public-Safety/EBR-Sheriff-s-Office-Crime-Incidents/7y8j-nrht/explore/query/SELECT%0A%20%20%60incident_number%60%2C%0A%20%20%60charge_id%60%2C%0A%20%20%60charge_date%60%2C%0A%20%20%60report_date%60%2C%0A%20%20%60approved_date%60%2C%0A%20%20%60attempted_committed%60%2C%0A%20%20%60street%60%2C%0A%20%20%60street_2%60%2C%0A%20%20%60city%60%2C%0A%20%20%60state%60%2C%0A%20%20%60postal_code%60%2C%0A%20%20%60district%60%2C%0A%20%20%60zone%60%2C%0A%20%20%60sub_zone%60%2C%0A%20%20%60statute_title%60%2C%0A%20%20%60statute_description%60%2C%0A%20%20%60statute_category%60%2C%0A%20%20%60crime_against%60%2C%0A%20%20%60nibrs_code%60%2C%0A%20%20%60offense_description%60%2C%0A%20%20%60census_block_group%60%2C%0A%20%20%60council_district%60%2C%0A%20%20%60crime_prevention_district%60%2C%0A%20%20%60neighborhood%60%2C%0A%20%20%60longitude%60%2C%0A%20%20%60latitude%60%2C%0A%20%20%60geolocation%60%0AORDER%20BY%20%60report_date%60%20DESC%20NULL%20FIRST/page/filter",FALSE
"East Hartford","Connecticut",FALSE,"East Hartford, Connecticut",41.767914,-72.644512,50584,"State UCR","Open Source","https://ct.beyond2020.com/ct_public/Dim/dimension.aspx",TRUE
"Eau Claire","Wisconsin",FALSE,"Eau Claire, Wisconsin",44.811349,-91.4984941,68631,"State UCR","Provided by State UCR Program","From WI",TRUE
"Eden Prairie","Minnesota",FALSE,"Eden Prairie, Minnesota",44.8546856,-93.470786,61511,"State UCR","Open Source","https://cde.state.mn.us/",TRUE
"Edina","Minnesota",FALSE,"Edina, Minnesota",44.8897027,-93.3501222,53347,"State UCR","Open Source","https://cde.state.mn.us/",TRUE
"Edinburg","Texas",FALSE,"Edinburg, Texas",26.3013982,-98.1624501,107552,"State UCR","Open Source","https://txucr.nibrs.com/SRSReport/CrimeTrends",TRUE
"Edmond","Oklahoma",FALSE,"Edmond, Oklahoma",35.6571367,-97.4649038,99249,"Crime Data Explorer","Open Source","https://cde.ucr.cjis.gov/LATEST/webapp/#/pages/explorer/crime/crime-trend",TRUE
"El Cajon","California",FALSE,"El Cajon, California",32.7947731,-116.962526,101983,"Agency Aggregated","Open Source","https://crimestats.arjis.org/default.aspx",TRUE
"El Dorado County","California",TRUE,"El Dorado County, California",38.7574137,-120.5276129,164075,"Crime Data Explorer","Open Source","https://cde.ucr.cjis.gov/LATEST/webapp/#/pages/explorer/crime/crime-trend",TRUE
"El Monte","California",FALSE,"El Monte, California",34.0751571,-118.036849,102088,"Crime Data Explorer","Open Source","https://cde.ucr.cjis.gov/LATEST/webapp/#/pages/explorer/crime/crime-trend",TRUE
"El Paso County","Colorado",TRUE,"El Paso County, Colorado",38.8287435,-104.5253456,213641,"State UCR","Open Source","https://coloradocrimestats.state.co.us/public/View/dispview.aspx",TRUE
"El Paso","Texas",FALSE,"El Paso, Texas",31.7601001,-106.4870476,678860,"State UCR","Open Source","https://txucr.nibrs.com/SRSReport/CrimeTrends",TRUE
"El Paso County","Texas",TRUE,"El Paso County, Texas",31.8072184,-106.2230394,122484,"State UCR","Open Source","https://txucr.nibrs.com/SRSReport/CrimeTrends",TRUE
"Elizabeth","New Jersey",FALSE,"Elizabeth, New Jersey",40.6639916,-74.2107006,138500,"Crime Data Explorer","Open Source","https://cde.ucr.cjis.gov/LATEST/webapp/#/pages/explorer/crime/crime-trend",TRUE
"Elk Grove","California",FALSE,"Elk Grove, California",38.4087993,-121.3716178,179074,"Crime Data Explorer","Open Source","https://cde.ucr.cjis.gov/LATEST/webapp/#/pages/explorer/crime/crime-trend",TRUE
"Elkhart","Indiana",FALSE,"Elkhart, Indiana",41.6012796,-85.8590603,53357,"Crime Data Explorer","Open Source","https://cde.state.mn.us/",FALSE
"Elyria","Ohio",FALSE,"Elyria, Ohio",41.3673191,-82.1073583,53263,"State UCR","Provided by State UCR Program","https://ocjs.ohio.gov/",TRUE
"Enid","Oklahoma",FALSE,"Enid, Oklahoma",36.3967623,-97.8791341,50382,"Crime Data Explorer","Open Source","https://cde.ucr.cjis.gov/LATEST/webapp/#/pages/explorer/crime/crime-trend",TRUE
"Erie","Pennsylvania",FALSE,"Erie, Pennsylvania",42.1294712,-80.0852695,92379,"State UCR","Open Source","https://www.ucr.pa.gov/PAUCRSPUBLIC/SRSReport/CrimeTrends",TRUE
"Escondido","California",FALSE,"Escondido, California",33.1216751,-117.0814849,147170,"Agency Aggregated","Open Source","https://crimestats.arjis.org/default.aspx",TRUE
"Euclid","Ohio",FALSE,"Euclid, Ohio",41.5931049,-81.5267873,48176,"State UCR","Provided by State UCR Program","https://ocjs.ohio.gov/",FALSE
"Eugene","Oregon",FALSE,"Eugene, Oregon",44.0505054,-123.0950506,178057,"State UCR","Open Source","https://www.oregon.gov/osp/pages/uniform-crime-reporting-data.aspx",TRUE
"Euless","Texas",FALSE,"Euless, Texas",32.8370727,-97.0819541,59230,"State UCR","Open Source","https://txucr.nibrs.com/SRSReport/CrimeTrends",TRUE
"Evanston","Illinois",FALSE,"Evanston, Illinois",42.0470043,-87.6846053,74178,"State UCR","Open Source","https://ilucr.nibrs.com/AdvancedSearch/AdvancedSearch",TRUE
"Evansville","Indiana",FALSE,"Evansville, Indiana",37.970495,-87.5715641,114660,"Crime Data Explorer","Open Source","https://cde.state.mn.us/",FALSE
"Everett","Massachusetts",FALSE,"Everett, Massachusetts",42.4085897,-71.0542002,51744,"State UCR","Provided by State UCR Program","https://www.mass.gov/crime-statistics",FALSE
"Everett","Washington",FALSE,"Everett, Washington",47.9793437,-122.2127011,111276,"Agency RMS","Agency RMS","https://data.everettwa.gov/Safe-Community/Police-Cases/szww-y224/about_data",FALSE
"Fairfax County","Virginia",TRUE,"Fairfax County, Virginia",38.8156356,-77.2836849,1107151,"State UCR","Provided by State UCR Program","From VA",FALSE
"Fairfield","California",FALSE,"Fairfield, California",38.2493581,-122.039966,121082,"Crime Data Explorer","Open Source","https://cde.ucr.cjis.gov/LATEST/webapp/#/pages/explorer/crime/crime-trend",TRUE
"Fairfield","Connecticut",FALSE,"Fairfield, Connecticut",41.1412078,-73.2637258,64098,"State UCR","Open Source","https://ct.beyond2020.com/ct_public/Dim/dimension.aspx",TRUE
"Fall River","Massachusetts",FALSE,"Fall River, Massachusetts",41.7010642,-71.1546367,95573,"State UCR","Provided by State UCR Program","https://www.mass.gov/crime-statistics",TRUE
"Fargo","North Dakota",FALSE,"Fargo, North Dakota",46.877229,-96.789821,135682,"State UCR","Open Source","https://crimestats.nd.gov/public/View/RSReport.aspx?ReportId=94",TRUE
"Farmington Hills","Michigan",FALSE,"Farmington Hills, Michigan",42.4853125,-83.3771553,82116,"Crime Data Explorer","Open Source","https://www.michigan.gov/msp/divisions/cjic/dashboard-portal/crime-dashboard",TRUE
"Fayetteville","Arkansas",FALSE,"Fayetteville, Arkansas",36.0625843,-94.1574328,104089,"Crime Data Explorer","Open Source","https://cde.ucr.cjis.gov/LATEST/webapp/#/pages/explorer/crime/crime-trend",TRUE
"Fayetteville","North Carolina",FALSE,"Fayetteville, North Carolina",35.0525759,-78.878292,209945,"State UCR","Provided by State UCR Program","From NC",FALSE
"Fishers","Indiana",FALSE,"Fishers, Indiana",39.9555928,-86.0138729,105680,"Crime Data Explorer","Open Source","https://cde.state.mn.us/",TRUE
"Flagstaff","Arizona",FALSE,"Flagstaff, Arizona",35.1987522,-111.651822,76433,"State UCR","Open Source","https://azcrimestatistics.azdps.gov/",FALSE
"Florissant","Missouri",FALSE,"Florissant, Missouri",38.7919683,-90.3227803,50695,"State UCR","Open Source","https://showmecrime.mo.gov/",FALSE
"Flower Mound","Texas",FALSE,"Flower Mound, Texas",33.0283854,-97.0867203,79784,"State UCR","Open Source","https://txucr.nibrs.com/SRSReport/CrimeTrends",TRUE
"Folsom","California",FALSE,"Folsom, California",38.6779591,-121.176058,86152,"Crime Data Explorer","Open Source","https://cde.ucr.cjis.gov/LATEST/webapp/#/pages/explorer/crime/crime-trend",TRUE
"Fontana","California",FALSE,"Fontana, California",34.0922947,-117.43433,217605,"Agency Aggregated","Open Source","https://www.fontanaca.gov/CivicAlerts.aspx?CID=32",TRUE
"Forsyth County","Georgia",TRUE,"Forsyth County, Georgia",34.235309,-84.1335644,270757,"Crime Data Explorer","Open Source","https://cde.ucr.cjis.gov/LATEST/webapp/#/pages/explorer/crime/crime-trend",TRUE
"Forsyth County","North Carolina",TRUE,"Forsyth County, North Carolina",36.1476399,-80.2415712,115696,"State UCR","Provided by State UCR Program","From NC",TRUE
"Fort Bend County","Texas",TRUE,"Fort Bend County, Texas",29.511218,-95.7807348,614384,"State UCR","Open Source","https://txucr.nibrs.com/SRSReport/CrimeTrends",TRUE
"Fort Collins","Colorado",FALSE,"Fort Collins, Colorado",40.5871782,-105.0770113,170509,"State UCR","Open Source","https://coloradocrimestats.state.co.us/public/View/dispview.aspx",TRUE
"Fort Smith","Arkansas",FALSE,"Fort Smith, Arkansas",35.3880338,-94.4265011,89977,"Crime Data Explorer","Open Source","https://cde.ucr.cjis.gov/LATEST/webapp/#/pages/explorer/crime/crime-trend",TRUE
"Fort Wayne","Indiana",FALSE,"Fort Wayne, Indiana",41.0799898,-85.1386015,271892,"Agency Aggregated","Provided by State UCR Program","https://www.fwpd.org/crime-statistics",FALSE
"Fort Worth","Texas",FALSE,"Fort Worth, Texas",32.753177,-97.3327459,976839,"State UCR","Open Source","https://txucr.nibrs.com/SRSReport/CrimeTrends",TRUE
"Fountain Valley","California",FALSE,"Fountain Valley, California",33.7038145,-117.9627349,54975,"Crime Data Explorer","Open Source","https://cde.ucr.cjis.gov/LATEST/webapp/#/pages/explorer/crime/crime-trend",TRUE
"Framingham","Massachusetts",FALSE,"Framingham, Massachusetts",42.2773177,-71.4165905,73123,"State UCR","Provided by State UCR Program","https://www.mass.gov/crime-statistics",FALSE
"Franklin","Tennessee",FALSE,"Franklin, Tennessee",35.925206,-86.8689419,90077,"Crime Data Explorer","Open Source","https://crimeinsight.tbi.tn.gov/public/View/dispview.aspx",TRUE
"Fremont","California",FALSE,"Fremont, California",37.5482697,-121.988571,224820,"Agency Aggregated","Provided by Agency","https://www.fremontpolice.gov/",FALSE
"Fresno","California",FALSE,"Fresno, California",36.7394421,-119.78483,546722,"Crime Data Explorer","Open Source","https://cde.ucr.cjis.gov/LATEST/webapp/#/pages/explorer/crime/crime-trend",TRUE
"Frisco","Texas",FALSE,"Frisco, Texas",33.1505998,-96.8238183,138099,"State UCR","Open Source","https://txucr.nibrs.com/SRSReport/CrimeTrends",TRUE
"Fullerton","California",FALSE,"Fullerton, California",33.8708215,-117.929416,137942,"Crime Data Explorer","Open Source","https://cde.ucr.cjis.gov/LATEST/webapp/#/pages/explorer/crime/crime-trend",TRUE
"Galveston","Texas",FALSE,"Galveston, Texas",29.3872254,-94.992736,53100,"State UCR","Open Source","https://txucr.nibrs.com/SRSReport/CrimeTrends",TRUE
"Gardena","California",FALSE,"Gardena, California",33.8815601,-118.2935879,57584,"Crime Data Explorer","Open Source","https://cde.ucr.cjis.gov/LATEST/webapp/#/pages/explorer/crime/crime-trend",TRUE
"Garland","Texas",FALSE,"Garland, Texas",32.912624,-96.6388833,246096,"State UCR","Open Source","https://txucr.nibrs.com/SRSReport/CrimeTrends",TRUE
"Gastonia","North Carolina",FALSE,"Gastonia, North Carolina",35.2622654,-81.1838186,85112,"State UCR","Provided by State UCR Program","From NC",TRUE
"Georgetown","Texas",FALSE,"Georgetown, Texas",30.6370152,-97.6775634,89481,"State UCR","Open Source","https://txucr.nibrs.com/SRSReport/CrimeTrends",TRUE
"Gilbert","Arizona",FALSE,"Gilbert, Arizona",33.3527632,-111.789037,277527,"State UCR","Open Source","https://azcrimestatistics.azdps.gov/",TRUE
"Gilroy","California",FALSE,"Gilroy, California",37.0065078,-121.5631723,57877,"Crime Data Explorer","Open Source","https://cde.ucr.cjis.gov/LATEST/webapp/#/pages/explorer/crime/crime-trend",TRUE
"Glendale","Arizona",FALSE,"Glendale, Arizona",33.5386858,-112.185994,255512,"State UCR","Open Source","https://azcrimestatistics.azdps.gov/",FALSE
"Glendale","California",FALSE,"Glendale, California",34.1469416,-118.2478471,184180,"Agency Aggregated","Open Source","https://cde.ucr.cjis.gov/LATEST/webapp/#/pages/explorer/crime/crime-trend",TRUE
"Goodyear","Arizona",FALSE,"Goodyear, Arizona",33.4672279,-112.3853489,116892,"State UCR","Open Source","https://azcrimestatistics.azdps.gov/",TRUE
"Grand Forks","North Dakota",FALSE,"Grand Forks, North Dakota",47.9252104,-97.0306325,58848,"State UCR","Open Source","https://crimestats.nd.gov/public/View/RSReport.aspx?ReportId=94",TRUE
"Grand Island","Nebraska",FALSE,"Grand Island, Nebraska",40.924271,-98.338685,52488,"State UCR","Open Source","https://crimestats.ne.gov/public/View/RSReport.aspx?ReportId=1082",TRUE
"Grand Junction","Colorado",FALSE,"Grand Junction, Colorado",39.0672568,-108.56448,70686,"State UCR","Open Source","https://coloradocrimestats.state.co.us/public/View/dispview.aspx",TRUE
"Grand Prairie","Texas",FALSE,"Grand Prairie, Texas",32.7459645,-96.9977846,131219,"State UCR","Open Source","https://txucr.nibrs.com/SRSReport/CrimeTrends",TRUE
"Grand Rapids","Michigan",FALSE,"Grand Rapids, Michigan",42.9632425,-85.6678639,195913,"Crime Data Explorer","Open Source","https://grpd-grandrapids.hub.arcgis.com/",TRUE
"Grapevine","Texas",FALSE,"Grapevine, Texas",32.9337381,-97.0788754,50983,"State UCR","Open Source","https://txucr.nibrs.com/SRSReport/CrimeTrends",TRUE
"Great Falls","Montana",FALSE,"Great Falls, Montana",47.5048851,-111.29189,60414,"Crime Data Explorer","Open Source","https://cde.ucr.cjis.gov/LATEST/webapp/#/pages/explorer/crime/crime-trend",TRUE
"Greeley","Colorado",FALSE,"Greeley, Colorado",40.4233142,-104.7091322,113757,"State UCR","Open Source","https://coloradocrimestats.state.co.us/public/View/dispview.aspx",FALSE
"Green Bay","Wisconsin",FALSE,"Green Bay, Wisconsin",44.5126379,-88.0125794,105240,"State UCR","Provided by State UCR Program","From WI",TRUE
"Green Township","Ohio",FALSE,"Green Township, Ohio",39.1648093,-84.6536214,59277,"State UCR","Provided by State UCR Program","https://ocjs.ohio.gov/",TRUE
"Greensboro","North Carolina",FALSE,"Greensboro, North Carolina",36.0726355,-79.7919754,304306,"State UCR","Provided by State UCR Program","From NC",FALSE
"Greenville","North Carolina",FALSE,"Greenville, North Carolina",35.613224,-77.3724593,90871,"State UCR","Provided by State UCR Program","From NC",TRUE
"Greenville","South Carolina",FALSE,"Greenville, South Carolina",34.851354,-82.3984882,73405,"Crime Data Explorer","Open Source","https://cde.ucr.cjis.gov/LATEST/webapp/#/pages/explorer/crime/crime-trend",TRUE
"Greenville County","South Carolina",TRUE,"Greenville County, South Carolina",34.8550021,-82.3356457,385553,"Crime Data Explorer","Open Source","https://cde.ucr.cjis.gov/LATEST/webapp/#/pages/explorer/crime/crime-trend",TRUE
"Greenwich","Connecticut",FALSE,"Greenwich, Connecticut",41.0264862,-73.6284598,63651,"State UCR","Open Source","https://ct.beyond2020.com/ct_public/Dim/dimension.aspx",FALSE
"Greenwood","Indiana",FALSE,"Greenwood, Indiana",39.6136987,-86.1095429,67086,"Crime Data Explorer","Open Source","https://cde.ucr.cjis.gov/LATEST/webapp/#/pages/explorer/crime/crime-trend",TRUE
"Gresham","Oregon",FALSE,"Gresham, Oregon",45.4978623,-122.4329883,109452,"State UCR","Open Source","https://www.oregon.gov/osp/pages/uniform-crime-reporting-data.aspx",TRUE
"Guilford County","North Carolina",TRUE,"Guilford County, North Carolina",36.0875688,-79.7888515,134375,"State UCR","Provided by State UCR Program","From NC",TRUE
"Hall County","Georgia",TRUE,"Hall County, Georgia",34.2905901,-83.8194028,150860,"Crime Data Explorer","Open Source","https://cde.ucr.cjis.gov/LATEST/webapp/#/pages/explorer/crime/crime-trend",TRUE
"Hamden","Connecticut",FALSE,"Hamden, Connecticut",41.3836233,-72.9020069,59908,"State UCR","Open Source","https://ct.beyond2020.com/ct_public/Dim/dimension.aspx",FALSE
"Hamilton Township","New Jersey",FALSE,"Hamilton Township, New Jersey",40.2113211,-74.6858335,28528,"Crime Data Explorer","Open Source","https://cde.ucr.cjis.gov/LATEST/webapp/#/pages/explorer/crime/crime-trend",FALSE
"Hamilton","Ohio",FALSE,"Hamilton, Ohio",39.2085354,-84.5501874,62860,"State UCR","Provided by State UCR Program","https://ocjs.ohio.gov/",TRUE
"Hamilton County","Ohio",TRUE,"Hamilton County, Ohio",39.2085354,-84.5501874,126067,"State UCR","Provided by State UCR Program","From OH",FALSE
"Hamilton County","Tennessee",TRUE,"Hamilton County, Tennessee",35.1755638,-85.1940792,127086,"State UCR","Open Source","https://crimeinsight.tbi.tn.gov/public/View/dispview.aspx",TRUE
"Hammond","Indiana",FALSE,"Hammond, Indiana",41.6173959,-87.5220108,75677,"Crime Data Explorer","Open Source","https://cde.state.mn.us/",FALSE
"Hampton","Virginia",FALSE,"Hampton, Virginia",37.0264414,-76.3442846,138100,"Crime Data Explorer","Provided by State UCR Program","https://vsp.virginia.gov/",FALSE
"Hanover County","Virginia",TRUE,"Hanover County, Virginia",37.744783,-77.4464165,108487,"State UCR","Provided by State UCR Program","From VA",FALSE
"Harlingen","Texas",FALSE,"Harlingen, Texas",26.1907543,-97.6960599,71388,"State UCR","Open Source","https://txucr.nibrs.com/SRSReport/CrimeTrends",TRUE
"Harris County","Texas",TRUE,"Harris County, Texas",29.8119769,-95.3741247,2151209,"State UCR","Open Source","https://txucr.nibrs.com/SRSReport/CrimeTrends",TRUE
"Harrisburg","Pennsylvania",FALSE,"Harrisburg, Pennsylvania",40.2663107,-76.8861122,49985,"State UCR","Open Source","https://www.ucr.pa.gov/PAUCRSPUBLIC/SRSReport/CrimeTrends",TRUE
"Harrisonburg","Virginia",FALSE,"Harrisonburg, Virginia",38.4493315,-78.8688833,51270,"Crime Data Explorer","Provided by State UCR Program","https://vsp.virginia.gov/",TRUE
"Hartford","Connecticut",FALSE,"Hartford, Connecticut",41.764582,-72.6908547,119626,"State UCR","Open Source","https://ct.beyond2020.com/ct_public/Dim/dimension.aspx",FALSE
"Haverford","Pennsylvania",FALSE,"Haverford, Pennsylvania",40.0131909,-75.296258,50544,"State UCR","Open Source","https://www.ucr.pa.gov/PAUCRSPUBLIC/SRSReport/CrimeTrends",TRUE
"Haverhill","Massachusetts",FALSE,"Haverhill, Massachusetts",42.7777829,-71.0767724,68602,"State UCR","Provided by State UCR Program","https://www.mass.gov/crime-statistics",TRUE
"Hays County","Texas",TRUE,"Hays County, Texas",30.0447901,-98.0393127,137886,"State UCR","Open Source","https://txucr.nibrs.com/SRSReport/CrimeTrends",TRUE
"Hayward","California",FALSE,"Hayward, California",37.6688205,-122.080796,153419,"Crime Data Explorer","Open Source","https://cde.ucr.cjis.gov/LATEST/webapp/#/pages/explorer/crime/crime-trend",TRUE
"Hempstead Village","New York",FALSE,"Hempstead Village, New York",40.6818205,-73.6230681,58013,"Crime Data Explorer","Open Source","https://cde.ucr.cjis.gov/LATEST/webapp/#/pages/explorer/crime/crime-trend",TRUE
"Henderson","Nevada",FALSE,"Henderson, Nevada",36.0319602,-114.9822716,343619,"State UCR","Open Source","https://nevadacrimestats.nv.gov/public/View/dispview.aspx",TRUE
"Hendersonville","Tennessee",FALSE,"Hendersonville, Tennessee",36.3049177,-86.621443,64126,"Crime Data Explorer","Open Source","https://crimeinsight.tbi.tn.gov/public/View/dispview.aspx",TRUE
"Henrico County","Virginia",TRUE,"Henrico County, Virginia",37.5131191,-77.3465081,337305,"State UCR","Provided by State UCR Program","From VA",TRUE
"Henry County","Georgia",TRUE,"Henry County, Georgia",33.4519942,-84.1367771,170224,"Crime Data Explorer","Open Source","https://cde.ucr.cjis.gov/LATEST/webapp/#/pages/explorer/crime/crime-trend",FALSE
"Hidalgo County","Texas",TRUE,"Hidalgo County, Texas",26.3530256,-98.216445,270638,"State UCR","Open Source","https://txucr.nibrs.com/SRSReport/CrimeTrends",TRUE
"High Point","North Carolina",FALSE,"High Point, North Carolina",35.9556924,-80.0053176,109802,"State UCR","Provided by State UCR Program","From NC",TRUE
"Hillsboro","Oregon",FALSE,"Hillsboro, Oregon",45.5228939,-122.989827,107978,"State UCR","Open Source","https://www.oregon.gov/osp/pages/uniform-crime-reporting-data.aspx",TRUE
"Hoboken","New Jersey",FALSE,"Hoboken, New Jersey",40.7433066,-74.0323752,57293,"Crime Data Explorer","Open Source","https://cde.ucr.cjis.gov/LATEST/webapp/#/pages/explorer/crime/crime-trend",TRUE
"Honolulu","Hawaii",FALSE,"Honolulu, Hawaii",21.304547,-157.855676,992973,"Agency Aggregated","Open Source","https://www.honolulupd.org/dashboard/crime-by-category/",TRUE
"Horry County","South Carolina",TRUE,"Horry County, South Carolina",33.9204504,-78.9578973,314658,"Crime Data Explorer","Open Source","https://cde.ucr.cjis.gov/LATEST/webapp/#/pages/explorer/crime/crime-trend",FALSE
"Houston","Texas",FALSE,"Houston, Texas",29.7589382,-95.3676974,2269799,"State UCR","Open Source","https://txucr.nibrs.com/SRSReport/CrimeTrends",TRUE
"Howard County","Maryland",TRUE,"Howard County, Maryland",39.2305289,-76.9166241,341435,"Agency Aggregated","Open Source","https://app.powerbigov.us/view?r=eyJrIjoiODhkYzI0OGUtYzUwZi00OWYzLThmNmYtMDhjNTQwMDJiOTc5IiwidCI6IjA1MzgxMzA4LTAzNjYtNGJiNy1hOTViLTk1MzA0YmQxMWE1OCJ9",TRUE
"Huntersville","North Carolina",FALSE,"Huntersville, North Carolina",35.4108278,-80.8429304,65752,"State UCR","Provided by State UCR Program","From NC",TRUE
"Idaho Falls","Idaho",FALSE,"Idaho Falls, Idaho",43.4887907,-112.03628,68716,"State UCR","Open Source","https://nibrs.isp.idaho.gov/CrimeInIdaho/AdvancedSearch/AdvancedSearch",TRUE
"Independence","Missouri",FALSE,"Independence, Missouri",39.0924792,-94.4137923,120271,"State UCR","Open Source","https://showmecrime.mo.gov/",TRUE
"Indianapolis","Indiana",FALSE,"Indianapolis, Indiana",39.7683331,-86.1583502,890685,"Agency Aggregated","Provided by Agency","https://www.indy.gov/agency/indianapolis-metropolitan-police-department",TRUE
"Iowa City","Iowa",FALSE,"Iowa City, Iowa",41.6612561,-91.5299106,75934,"Crime Data Explorer","Provided by Agency","From IA",TRUE
"Iredell County","North Carolina",TRUE,"Iredell County, North Carolina",35.8101636,-80.8805593,115264,"State UCR","Provided by State UCR Program","From NC",TRUE
"Irvine","California",FALSE,"Irvine, California",33.6856969,-117.825981,316764,"Crime Data Explorer","Open Source","https://cde.ucr.cjis.gov/LATEST/webapp/#/pages/explorer/crime/crime-trend",TRUE
"Irving","Texas",FALSE,"Irving, Texas",32.8295183,-96.9442177,257460,"State UCR","Open Source","https://txucr.nibrs.com/SRSReport/CrimeTrends",TRUE
"Jackson","Tennessee",FALSE,"Jackson, Tennessee",35.6144446,-88.8177418,68286,"Crime Data Explorer","Open Source","https://crimeinsight.tbi.tn.gov/public/View/dispview.aspx",TRUE
"Jacksonville","Florida",FALSE,"Jacksonville, Florida",30.3262247,-81.6579179,1017014,"Crime Data Explorer","Open Source","https://experience.arcgis.com/experience/19c13ac6071947d2aaacf73586e3886e",TRUE
"Jacksonville","North Carolina",FALSE,"Jacksonville, North Carolina",34.7509962,-77.4309829,72227,"State UCR","Provided by State UCR Program","From NC",FALSE
"Janesville","Wisconsin",FALSE,"Janesville, Wisconsin",42.6829765,-89.0226793,66247,"State UCR","Provided by State UCR Program","From WI",TRUE
"Jefferson County","Colorado",TRUE,"Jefferson County, Colorado",39.5699803,-105.2561919,199783,"State UCR","Open Source","https://coloradocrimestats.state.co.us/public/View/dispview.aspx",FALSE
"Jefferson Parish","Louisiana",FALSE,"Jefferson Parish, Louisiana",29.8502657,-90.1293894,322846,"Agency Aggregated","Open Source","https://jpso.com/Archive.aspx?AMID=38",TRUE
"Jefferson County","Missouri",TRUE,"Jefferson County, Missouri",38.267166,-90.5721889,169503,"State UCR","Open Source","https://showmecrime.mo.gov/",TRUE
"Jeffersonville","Indiana",FALSE,"Jeffersonville, Indiana",38.2770227,-85.7371604,51804,"Crime Data Explorer","Open Source","https://cde.state.mn.us/",FALSE
"Jersey City","New Jersey",FALSE,"Jersey City, New Jersey",40.7215682,-74.047455,297922,"Crime Data Explorer","Open Source","https://cde.ucr.cjis.gov/LATEST/webapp/#/pages/explorer/crime/crime-trend",TRUE
"Johns Creek","Georgia",FALSE,"Johns Creek, Georgia",34.0181557,-84.190196,81056,"Crime Data Explorer","Open Source","https://cde.ucr.cjis.gov/LATEST/webapp/#/pages/explorer/crime/crime-trend",TRUE
"Johnson City","Tennessee",FALSE,"Johnson City, Tennessee",36.3167671,-82.352903,71850,"Crime Data Explorer","Open Source","https://crimeinsight.tbi.tn.gov/public/View/dispview.aspx",TRUE
"Johnston County","North Carolina",TRUE,"Johnston County, North Carolina",35.5285816,-78.3768021,184826,"State UCR","Provided by State UCR Program","From NC",TRUE
"Jonesboro","Arkansas",FALSE,"Jonesboro, Arkansas",35.8348088,-90.7045297,81256,"Crime Data Explorer","Open Source","https://cde.ucr.cjis.gov/LATEST/webapp/#/pages/explorer/crime/crime-trend",FALSE
"Joplin","Missouri",FALSE,"Joplin, Missouri",37.0841838,-94.5133385,45692,"State UCR","Open Source","https://showmecrime.mo.gov/",TRUE
"Kalamazoo","Michigan",FALSE,"Kalamazoo, Michigan",42.291707,-85.5872286,73002,"State UCR","Open Source","https://www.michigan.gov/msp/divisions/cjic/dashboard-portal/crime-dashboard",TRUE
"Kalamazoo County","Michigan",TRUE,"Kalamazoo County, Michigan",42.2494968,-85.5372797,107378,"State UCR","Open Source","https://www.michigan.gov/msp/divisions/cjic/dashboard-portal/crime-dashboard",FALSE
"Kannapolis","North Carolina",FALSE,"Kannapolis, North Carolina",35.4979605,-80.6240008,49552,"State UCR","Provided by State UCR Program","From NC",TRUE
"Kansas City","Missouri",FALSE,"Kansas City, Missouri",39.100105,-94.5781416,314045,"State UCR","Open Source","https://showmecrime.mo.gov/",TRUE
"Kaufman County","Texas",TRUE,"Kaufman County, Texas",32.601641,-96.3375126,115399,"State UCR","Open Source","https://txucr.nibrs.com/SRSReport/CrimeTrends",TRUE
"Kenosha","Wisconsin",FALSE,"Kenosha, Wisconsin",42.5846773,-87.8212263,97652,"State UCR","Provided by State UCR Program","From WI",TRUE
"Kent County","Michigan",TRUE,"Kent County, Michigan",43.0024013,-85.5502718,274131,"State UCR","Open Source","https://www.michigan.gov/msp/divisions/cjic/dashboard-portal/crime-dashboard",FALSE
"Kentwood","Michigan",FALSE,"Kentwood, Michigan",42.8694731,-85.6447492,53891,"State UCR","Open Source","https://www.michigan.gov/msp/divisions/cjic/dashboard-portal/crime-dashboard",FALSE
"Kettering","Ohio",FALSE,"Kettering, Ohio",39.6895036,-84.1688274,55834,"State UCR","Provided by State UCR Program","https://ocjs.ohio.gov/",FALSE
"Killeen","Texas",FALSE,"Killeen, Texas",31.1171441,-97.727796,161667,"State UCR","Open Source","https://txucr.nibrs.com/SRSReport/CrimeTrends",FALSE
"Kingsport","Tennessee",FALSE,"Kingsport, Tennessee",36.550238,-82.5594293,54345,"Crime Data Explorer","Open Source","https://crimeinsight.tbi.tn.gov/public/View/dispview.aspx",TRUE
"Knox County","Tennessee",TRUE,"Knox County, Tennessee",35.9859998,-83.9375598,309336,"State UCR","Open Source","https://crimeinsight.tbi.tn.gov/public/View/dispview.aspx",TRUE
"Knoxville","Tennessee",FALSE,"Knoxville, Tennessee",35.9603948,-83.9210261,200457,"Crime Data Explorer","Provided by Agency","https://crimeinsight.tbi.tn.gov/public/View/dispview.aspx",TRUE
"Kokomo","Indiana",FALSE,"Kokomo, Indiana",40.4864444,-86.1336351,59995,"Crime Data Explorer","Open Source","https://cde.state.mn.us/",FALSE
"Kyle","Texas",FALSE,"Kyle, Texas",29.9892928,-97.8772103,69069,"State UCR","Open Source","https://txucr.nibrs.com/SRSReport/CrimeTrends",TRUE
"La Crosse","Wisconsin",FALSE,"La Crosse, Wisconsin",43.8122836,-91.2514355,50893,"State UCR","Provided by State UCR Program","From WI",TRUE
"La Mesa","California",FALSE,"La Mesa, California",32.7678288,-117.0230839,60352,"Agency Aggregated","Open Source","https://crimestats.arjis.org/default.aspx",TRUE
"Lafayette","Louisiana",FALSE,"Lafayette, Louisiana",30.2262187,-92.0178202,121471,"Crime Data Explorer","Open Source","https://cde.ucr.cjis.gov/LATEST/webapp/#/pages/explorer/crime/crime-trend",TRUE
"Laguna Niguel","California",FALSE,"Laguna Niguel, California",33.5225261,-117.7075526,63502,"Crime Data Explorer","Open Source","https://cde.ucr.cjis.gov/LATEST/webapp/#/pages/explorer/crime/crime-trend",TRUE
"Lake Charles","Louisiana",FALSE,"Lake Charles, Louisiana",30.2305095,-93.2169807,77982,"Crime Data Explorer","Open Source","https://cde.ucr.cjis.gov/LATEST/webapp/#/pages/explorer/crime/crime-trend",TRUE
"Lake Havasu City","Arizona",FALSE,"Lake Havasu City, Arizona",34.4775296,-114.3379972,59898,"State UCR","Open Source","https://azcrimestatistics.azdps.gov/",FALSE
"Lakeville","Minnesota",FALSE,"Lakeville, Minnesota",44.650051,-93.2432791,78436,"State UCR","Open Source","https://cde.state.mn.us/",TRUE
"Lakewood","Colorado",FALSE,"Lakewood, Colorado",39.7085736,-105.0846694,155868,"State UCR","Open Source","https://coloradocrimestats.state.co.us/public/View/dispview.aspx",FALSE
"Lakewood","Ohio",FALSE,"Lakewood, Ohio",41.4819932,-81.7981908,49272,"State UCR","Provided by State UCR Program","https://ocjs.ohio.gov/",FALSE
"Lancaster","Pennsylvania",FALSE,"Lancaster, Pennsylvania",40.0379958,-76.3056707,56890,"State UCR","Open Source","https://www.ucr.pa.gov/PAUCRSPUBLIC/SRSReport/CrimeTrends",TRUE
"Lancaster County","South Carolina",TRUE,"Lancaster County, South Carolina",34.6628067,-80.700546,103515,"Crime Data Explorer","Open Source","https://cde.ucr.cjis.gov/LATEST/webapp/#/pages/explorer/crime/crime-trend",TRUE
"Lansing","Michigan",FALSE,"Lansing, Michigan",42.7338254,-84.5546295,106901,"State UCR","Open Source","https://www.michigan.gov/msp/divisions/cjic/dashboard-portal/crime-dashboard",TRUE
"Laredo","Texas",FALSE,"Laredo, Texas",27.5079211,-99.5069834,258311,"State UCR","Open Source","https://txucr.nibrs.com/SRSReport/CrimeTrends",TRUE
"Las Vegas","Nevada",FALSE,"Las Vegas, Nevada",36.1674263,-115.1484131,1716565,"Agency RMS","Open Source","https://opendata-lvmpd.hub.arcgis.com/",TRUE
"Lawrence","Massachusetts",FALSE,"Lawrence, Massachusetts",42.7070354,-71.1631137,89600,"State UCR","Provided by State UCR Program","https://www.mass.gov/crime-statistics",TRUE
"Layton","Utah",FALSE,"Layton, Utah",41.0751048,-111.9741925,84017,"Crime Data Explorer","Open Source","https://bci.utah.gov/crime-in-utah-dashboards/",TRUE
"League City","Texas",FALSE,"League City, Texas",29.5074538,-95.0949303,114352,"State UCR","Open Source","https://txucr.nibrs.com/SRSReport/CrimeTrends",TRUE
"Leander","Texas",FALSE,"Leander, Texas",30.5736134,-97.8567339,75632,"State UCR","Open Source","https://txucr.nibrs.com/SRSReport/CrimeTrends",TRUE
"Lee's Summit","Missouri",FALSE,"Lee's Summit, Missouri",38.9107156,-94.3821295,102349,"State UCR","Open Source","https://showmecrime.mo.gov/",FALSE
"Lenexa","Kansas",FALSE,"Lenexa, Kansas",38.9697458,-94.7845837,58871,"Crime Data Explorer","Open Source","https://cde.ucr.cjis.gov/LATEST/webapp/#/pages/explorer/crime/crime-trend",TRUE
"Lewisville","Texas",FALSE,"Lewisville, Texas",33.046233,-96.994174,134630,"State UCR","Open Source","https://txucr.nibrs.com/SRSReport/CrimeTrends",TRUE
"Lexington","Kentucky",FALSE,"Lexington, Kentucky",38.0464066,-84.4970393,323254,"Crime Data Explorer","Open Source","https://cde.ucr.cjis.gov/LATEST/webapp/#/pages/explorer/crime/crime-trend",TRUE
"Lexington County","South Carolina",TRUE,"Lexington County, South Carolina",33.8986841,-81.275054,236417,"Crime Data Explorer","Open Source","https://cde.ucr.cjis.gov/LATEST/webapp/#/pages/explorer/crime/crime-trend",TRUE
"Lincoln","California",FALSE,"Lincoln, California",38.8915741,-121.29318,56152,"Crime Data Explorer","Open Source","https://cde.ucr.cjis.gov/LATEST/webapp/#/pages/explorer/crime/crime-trend",TRUE
"Lincoln","Nebraska",FALSE,"Lincoln, Nebraska",40.8088861,-96.7077751,295808,"State UCR","Open Source","https://crimestats.ne.gov/public/View/RSReport.aspx?ReportId=1082",TRUE
"Little Elm","Texas",FALSE,"Little Elm, Texas",33.1626194,-96.9375051,62837,"State UCR","Open Source","https://txucr.nibrs.com/SRSReport/CrimeTrends",TRUE
"Little Rock","Arkansas",FALSE,"Little Rock, Arkansas",34.7465071,-92.2896267,204247,"Agency Aggregated","Open Source","https://www.littlerock.gov/media/21988/part-i-offenses-by-month.pdf",TRUE
"Livermore","California",FALSE,"Livermore, California",37.6820583,-121.768053,81316,"Crime Data Explorer","Open Source","https://cde.ucr.cjis.gov/LATEST/webapp/#/pages/explorer/crime/crime-trend",TRUE
"Livingston Parish","Louisiana",FALSE,"Livingston Parish, Louisiana",30.4158699,-90.7189344,136545,"Crime Data Explorer","Open Source","https://cde.ucr.cjis.gov/LATEST/webapp/#/pages/explorer/crime/crime-trend",TRUE
"Livingston County","Michigan",TRUE,"Livingston County, Michigan",42.5924563,-83.9147925,131955,"Crime Data Explorer","Open Source","https://cde.ucr.cjis.gov/LATEST/webapp/#/pages/explorer/crime/crime-trend",FALSE
"Livonia","Michigan",FALSE,"Livonia, Michigan",42.36837,-83.3527097,91189,"Crime Data Explorer","Open Source","https://www.michigan.gov/msp/divisions/cjic/dashboard-portal/crime-dashboard",TRUE
"Logan","Utah",FALSE,"Logan, Utah",41.7313063,-111.834914,56083,"Crime Data Explorer","Open Source","https://bci.utah.gov/crime-in-utah-dashboards/",TRUE
"Long Beach","California",FALSE,"Long Beach, California",33.7690164,-118.191604,444232,"Agency Aggregated","Open Source","https://www.longbeach.gov/police/crime-info/crime-statistics/",TRUE
"Longmont","Colorado",FALSE,"Longmont, Colorado",40.1672117,-105.101928,97152,"State UCR","Open Source","https://coloradocrimestats.state.co.us/public/View/dispview.aspx",FALSE
"Longview","Texas",FALSE,"Longview, Texas",32.5007031,-94.74049,81344,"State UCR","Open Source","https://txucr.nibrs.com/SRSReport/CrimeTrends",TRUE
"Lorain","Ohio",FALSE,"Lorain, Ohio",41.2633554,-82.1734746,65374,"State UCR","Provided by State UCR Program","https://ocjs.ohio.gov/",TRUE
"Los Angeles","California",FALSE,"Los Angeles, California",34.0536909,-118.242766,3796352,"Crime Data Explorer","Open Source","https://cde.ucr.cjis.gov/LATEST/webapp/#/pages/explorer/crime/crime-trend",TRUE
"Los Angeles County","California",TRUE,"Los Angeles County, California",34.3155072,-118.209681,1110752,"Agency Aggregated","Open Source","https://lasd.org/transparency/part1and2crimedata/#part1",TRUE
"Loudoun County","Virginia",TRUE,"Loudoun County, Virginia",39.0984586,-77.6705008,385187,"State UCR","Provided by State UCR Program","From VA",TRUE
"Louisville","Kentucky",FALSE,"Louisville, Kentucky",38.2542376,-85.759407,676843,"Agency RMS","Open Source","https://data.louisvilleky.gov/search?tags=lmpd",TRUE
"Loveland","Colorado",FALSE,"Loveland, Colorado",40.3977612,-105.07498,80374,"State UCR","Open Source","https://coloradocrimestats.state.co.us/public/View/dispview.aspx",TRUE
"Lowell","Massachusetts",FALSE,"Lowell, Massachusetts",42.6414437,-71.3085329,116062,"State UCR","Provided by State UCR Program","https://www.mass.gov/crime-statistics",FALSE
"Lower Merion","Pennsylvania",FALSE,"Lower Merion, Pennsylvania",40.0175214,-75.3191145,64290,"State UCR","Open Source","https://www.ucr.pa.gov/PAUCRSPUBLIC/SRSReport/CrimeTrends",TRUE
"Lower Paxton","Pennsylvania",FALSE,"Lower Paxton, Pennsylvania",40.3416431,-76.7967992,55174,"State UCR","Open Source","https://www.ucr.pa.gov/PAUCRSPUBLIC/SRSReport/CrimeTrends",TRUE
"Lubbock","Texas",FALSE,"Lubbock, Texas",33.5855677,-101.8470215,269900,"State UCR","Open Source","https://txucr.nibrs.com/SRSReport/CrimeTrends",FALSE
"Lynchburg","Virginia",FALSE,"Lynchburg, Virginia",37.4137536,-79.1422464,80339,"Crime Data Explorer","Provided by State UCR Program","https://vsp.virginia.gov/",FALSE
"Lynn","Massachusetts",FALSE,"Lynn, Massachusetts",42.466763,-70.9494939,103200,"State UCR","Provided by State UCR Program","https://www.mass.gov/crime-statistics",FALSE
"Macomb County","Michigan",TRUE,"Macomb County, Michigan",42.6741189,-82.902901,200960,"State UCR","Open Source","https://www.michigan.gov/msp/divisions/cjic/dashboard-portal/crime-dashboard",FALSE
"Madera","California",FALSE,"Madera, California",37.1716264,-119.7737991,68607,"Crime Data Explorer","Open Source","https://cde.ucr.cjis.gov/LATEST/webapp/#/pages/explorer/crime/crime-trend",TRUE
"Madison","Wisconsin",FALSE,"Madison, Wisconsin",43.07469,-89.3841663,282045,"State UCR","Provided by State UCR Program","From WI",TRUE
"Malden","Massachusetts",FALSE,"Malden, Massachusetts",42.4268484,-71.0683741,66046,"State UCR","Provided by State UCR Program","https://www.mass.gov/crime-statistics",TRUE
"Manchester","Connecticut",FALSE,"Manchester, Connecticut",41.7834017,-72.5231973,59378,"State UCR","Open Source","https://ct.beyond2020.com/ct_public/Dim/dimension.aspx",TRUE
"Manchester","New Hampshire",FALSE,"Manchester, New Hampshire",42.9956397,-71.4547891,115464,"Agency Aggregated","Open Source","https://www.manchesternh.gov/Departments/Police/Administrative-Division/Crime-Analysis/Interactive-Data-Dashboards",TRUE
"Mansfield","Texas",FALSE,"Mansfield, Texas",32.563487,-97.1420308,74436,"State UCR","Open Source","https://txucr.nibrs.com/SRSReport/CrimeTrends",TRUE
"Manteca","California",FALSE,"Manteca, California",37.7986184,-121.2117148,93538,"Agency Aggregated","Open Source","https://www.manteca.gov/departments/police-department/crime-information",TRUE
"Maple Grove","Minnesota",FALSE,"Maple Grove, Minnesota",45.0984983,-93.4419222,71622,"State UCR","Open Source","https://cde.state.mn.us/",TRUE
"Marana","Arizona",FALSE,"Marana, Arizona",32.4483736,-111.211475,60507,"State UCR","Open Source","https://azcrimestatistics.azdps.gov/",TRUE
"Maricopa","Arizona",FALSE,"Maricopa, Arizona",33.34883,-112.49123,75614,"State UCR","Open Source","https://azcrimestatistics.azdps.gov/",TRUE
"Marietta","Georgia",FALSE,"Marietta, Georgia",33.9528472,-84.5496148,63354,"Crime Data Explorer","Open Source","https://cde.ucr.cjis.gov/LATEST/webapp/#/pages/explorer/crime/crime-trend",TRUE
"McAllen","Texas",FALSE,"McAllen, Texas",26.204114,-98.2300605,148017,"State UCR","Open Source","https://txucr.nibrs.com/SRSReport/CrimeTrends",TRUE
"Mckinney","Texas",FALSE,"Mckinney, Texas",33.1976496,-96.6154471,219132,"State UCR","Open Source","https://txucr.nibrs.com/SRSReport/CrimeTrends",TRUE
"Medford","Massachusetts",FALSE,"Medford, Massachusetts",42.4184296,-71.1061639,59601,"State UCR","Provided by State UCR Program","https://www.mass.gov/crime-statistics",FALSE
"Medford","Oregon",FALSE,"Medford, Oregon",42.3264181,-122.8718605,84766,"State UCR","Open Source","https://www.oregon.gov/osp/pages/uniform-crime-reporting-data.aspx",FALSE
"Memphis","Tennessee",FALSE,"Memphis, Tennessee",35.1460249,-90.0517638,613207,"Crime Data Explorer","Open Source","https://crimeinsight.tbi.tn.gov/public/View/dispview.aspx",TRUE
"Merced","California",FALSE,"Merced, California",37.1641544,-120.7678602,96077,"Crime Data Explorer","Open Source","https://cde.ucr.cjis.gov/LATEST/webapp/#/pages/explorer/crime/crime-trend",TRUE
"Meriden","Connecticut",FALSE,"Meriden, Connecticut",41.5381535,-72.8070435,59943,"State UCR","Open Source","https://ct.beyond2020.com/ct_public/Dim/dimension.aspx",TRUE
"Meridian","Idaho",FALSE,"Meridian, Idaho",43.6086295,-116.392326,140353,"State UCR","Open Source","https://nibrs.isp.idaho.gov/CrimeInIdaho/AdvancedSearch/AdvancedSearch",TRUE
"Mesa","Arizona",FALSE,"Mesa, Arizona",33.4151005,-111.831455,513585,"State UCR","Open Source","https://azcrimestatistics.azdps.gov/",TRUE
"Mesquite","Texas",FALSE,"Mesquite, Texas",32.7666103,-96.599472,148598,"State UCR","Open Source","https://txucr.nibrs.com/SRSReport/CrimeTrends",TRUE
"Methuen","Massachusetts",FALSE,"Methuen, Massachusetts",42.7262016,-71.1908924,54623,"State UCR","Provided by State UCR Program","https://www.mass.gov/crime-statistics",TRUE
"Miami Beach","Florida",FALSE,"Miami Beach, Florida",25.7929198,-80.1353006,78676,"Agency Aggregated","Open Source","https://www.miamibeachfl.gov/yourmbpd/monthlycrimesdatareport/",TRUE
"Miami","Florida",FALSE,"Miami, Florida",25.7741566,-80.1935973,460392,"Agency RMS","Open Source","https://www.miami-police.org/Records-Data_Download_Files.html",FALSE
"Middletown","Ohio",FALSE,"Middletown, Ohio",39.516644,-84.4041725,47684,"State UCR","Provided by State UCR Program","https://ocjs.ohio.gov/",FALSE
"Midland","Texas",FALSE,"Midland, Texas",31.83688,-102.0103767,140265,"State UCR","Open Source","https://txucr.nibrs.com/SRSReport/CrimeTrends",TRUE
"Midwest City","Oklahoma",FALSE,"Midwest City, Oklahoma",35.4495097,-97.3967025,57961,"Crime Data Explorer","Open Source","https://cde.ucr.cjis.gov/LATEST/webapp/#/pages/explorer/crime/crime-trend",TRUE
"Milford","Connecticut",FALSE,"Milford, Connecticut",41.2222218,-73.0570603,53065,"State UCR","Open Source","https://ct.beyond2020.com/ct_public/Dim/dimension.aspx",FALSE
"Millcreek","Pennsylvania",FALSE,"Millcreek, Pennsylvania",42.1009734,-80.020827,52803,"State UCR","Open Source","https://www.ucr.pa.gov/PAUCRSPUBLIC/SRSReport/CrimeTrends",TRUE
"Milpitas","California",FALSE,"Milpitas, California",37.4332273,-121.8989248,76523,"Agency Aggregated","Open Source","https://www.milpitas.gov/1107/Crime-and-Incident-Data",TRUE
"Milwaukee","Wisconsin",FALSE,"Milwaukee, Wisconsin",43.0386475,-87.9090751,560416,"State UCR","Open Source","https://data.milwaukee.gov/dataset/wibr",FALSE
"Minneapolis","Minnesota",FALSE,"Minneapolis, Minnesota",44.9772995,-93.2654692,423282,"State UCR","Open Source","https://cde.state.mn.us/",TRUE
"Minnetonka","Minnesota",FALSE,"Minnetonka, Minnesota",44.9405086,-93.4638936,51935,"State UCR","Open Source","https://cde.state.mn.us/",TRUE
"Mission Viejo","California",FALSE,"Mission Viejo, California",33.5965685,-117.659405,90944,"Crime Data Explorer","Open Source","https://cde.ucr.cjis.gov/LATEST/webapp/#/pages/explorer/crime/crime-trend",TRUE
"Mission","Texas",FALSE,"Mission, Texas",26.2159066,-98.3252932,87777,"State UCR","Open Source","https://txucr.nibrs.com/SRSReport/CrimeTrends",FALSE
"Missoula","Montana",FALSE,"Missoula, Montana",46.8701049,-113.995267,78911,"Crime Data Explorer","Open Source","https://cde.ucr.cjis.gov/LATEST/webapp/#/pages/explorer/crime/crime-trend",TRUE
"Missouri City","Texas",FALSE,"Missouri City, Texas",29.6185669,-95.5377215,71653,"State UCR","Open Source","https://txucr.nibrs.com/SRSReport/CrimeTrends",TRUE
"Mobile","Alabama",FALSE,"Mobile, Alabama",30.6913462,-88.0437509,237092,"Crime Data Explorer","Open Source","https://cde.ucr.cjis.gov/LATEST/webapp/#/pages/explorer/crime/crime-trend",TRUE
"Monterey Park","California",FALSE,"Monterey Park, California",34.051522,-118.129807,56904,"Crime Data Explorer","Open Source","https://cde.ucr.cjis.gov/LATEST/webapp/#/pages/explorer/crime/crime-trend",TRUE
"Monterey County","California",TRUE,"Monterey County, California",36.2231079,-121.387742,107372,"Crime Data Explorer","Open Source","https://cde.ucr.cjis.gov/LATEST/webapp/#/pages/explorer/crime/crime-trend",TRUE
"Montgomery County","Maryland",TRUE,"Montgomery County, Maryland",39.1406267,-77.2075612,915053,"Agency RMS","Open Source","https://data.montgomerycountymd.gov/Public-Safety/Crime/icn6-v9z3/explore/query/SELECT%0A%20%20%60incident_id%60%2C%0A%20%20%60offence_code%60%2C%0A%20%20%60case_number%60%2C%0A%20%20%60date%60%2C%0A%20%20%60start_date%60%2C%0A%20%20%60end_date%60%2C%0A%20%20%60nibrs_code%60%2C%0A%20%20%60victims%60%2C%0A%20%20%60crimename1%60%2C%0A%20%20%60crimename2%60%2C%0A%20%20%60crimename3%60%2C%0A%20%20%60district%60%2C%0A%20%20%60location%60%2C%0A%20%20%60city%60%2C%0A%20%20%60state%60%2C%0A%20%20%60zip_code%60%2C%0A%20%20%60agency%60%2C%0A%20%20%60place%60%2C%0A%20%20%60sector%60%2C%0A%20%20%60beat%60%2C%0A%20%20%60pra%60%2C%0A%20%20%60address_number%60%2C%0A%20%20%60street_prefix_dir%60%2C%0A%20%20%60address_street%60%2C%0A%20%20%60street_suffix_dir%60%2C%0A%20%20%60street_type%60%2C%0A%20%20%60latitude%60%2C%0A%20%20%60longitude%60%2C%0A%20%20%60police_district_number%60%2C%0A%20%20%60geolocation%60%0AORDER%20BY%20%60start_date%60%20DESC%20NULL%20FIRST/page/filter",TRUE
"Montgomery County","Texas",TRUE,"Montgomery County, Texas",30.301949,-95.5065944,600014,"State UCR","Open Source","https://txucr.nibrs.com/SRSReport/CrimeTrends",FALSE
"Moore","Oklahoma",FALSE,"Moore, Oklahoma",35.3383254,-97.4867045,63609,"Crime Data Explorer","Open Source","https://cde.ucr.cjis.gov/LATEST/webapp/#/pages/explorer/crime/crime-trend",TRUE
"Mooresville","North Carolina",FALSE,"Mooresville, North Carolina",35.5848596,-80.8100724,54823,"State UCR","Provided by State UCR Program","From NC",TRUE
"Mount Pleasant","South Carolina",FALSE,"Mount Pleasant, South Carolina",32.7940651,-79.8625851,96608,"Crime Data Explorer","Open Source","https://cde.ucr.cjis.gov/LATEST/webapp/#/pages/explorer/crime/crime-trend",TRUE
"Mount Prospect","Illinois",FALSE,"Mount Prospect, Illinois",42.0664167,-87.9372908,53523,"State UCR","Open Source","https://ilucr.nibrs.com/AdvancedSearch/AdvancedSearch",TRUE
"Mount Vernon","New York",FALSE,"Mount Vernon, New York",40.9125085,-73.8386504,70390,"Crime Data Explorer","Open Source","https://www.cmvny.com/518/Annual-Reports-Monthly-Crime-Stats-Histo",FALSE
"Mountain View","California",FALSE,"Mountain View, California",37.3893889,-122.0832101,81461,"Crime Data Explorer","Open Source","https://cde.ucr.cjis.gov/LATEST/webapp/#/pages/explorer/crime/crime-trend",FALSE
"Muncie","Indiana",FALSE,"Muncie, Indiana",40.1936892,-85.3865271,65072,"Crime Data Explorer","Open Source","https://cde.state.mn.us/",TRUE
"Murfreesboro","Tennessee",FALSE,"Murfreesboro, Tennessee",35.8460396,-86.3921096,169520,"Crime Data Explorer","Open Source","https://crimeinsight.tbi.tn.gov/public/View/dispview.aspx",TRUE
"Murrieta","California",FALSE,"Murrieta, California",33.560832,-117.210656,112125,"Agency Aggregated","Open Source","https://www.murrietaca.gov/759/Police-Activity-Reports",TRUE
"Nampa","Idaho",FALSE,"Nampa, Idaho",43.5780381,-116.5616885,118950,"State UCR","Open Source","https://nibrs.isp.idaho.gov/CrimeInIdaho/AdvancedSearch/AdvancedSearch",FALSE
"Napa","California",FALSE,"Napa, California",38.4898675,-122.3218414,76888,"Crime Data Explorer","Open Source","https://cde.ucr.cjis.gov/LATEST/webapp/#/pages/explorer/crime/crime-trend",TRUE
"Nashua","New Hampshire",FALSE,"Nashua, New Hampshire",42.7656251,-71.4677032,90938,"State UCR","Open Source","https://crimestats.dos.nh.gov/",FALSE
"Nashville","Tennessee",FALSE,"Nashville, Tennessee",36.1622767,-86.7742984,698987,"Crime Data Explorer","Open Source","https://crimeinsight.tbi.tn.gov/public/View/dispview.aspx",TRUE
"Nassau County","New York",TRUE,"Nassau County, New York",40.7352994,-73.5615778,1102071,"Agency Aggregated","Provided by Agency","From Nassau County",FALSE
"National City","California",FALSE,"National City, California",32.6781085,-117.0991967,54915,"Agency Aggregated","Open Source","https://crimestats.arjis.org/default.aspx",TRUE
"New Bedford","Massachusetts",FALSE,"New Bedford, Massachusetts",41.6362152,-70.934205,102491,"State UCR","Provided by State UCR Program","https://www.mass.gov/crime-statistics",TRUE
"New Braunfels","Texas",FALSE,"New Braunfels, Texas",29.7028266,-98.1257348,91816,"State UCR","Open Source","https://txucr.nibrs.com/SRSReport/CrimeTrends",TRUE
"New Britain","Connecticut",FALSE,"New Britain, Connecticut",41.6612104,-72.7795419,74528,"State UCR","Open Source","https://ct.beyond2020.com/ct_public/Dim/dimension.aspx",TRUE
"New Hanover County","North Carolina",TRUE,"New Hanover County, North Carolina",34.2751052,-77.8818627,108345,"State UCR","Provided by State UCR Program","From NC",TRUE
"New Haven","Connecticut",FALSE,"New Haven, Connecticut",41.3082138,-72.9250518,137243,"State UCR","Open Source","https://ct.beyond2020.com/ct_public/Dim/dimension.aspx",FALSE
"New Orleans","Louisiana",FALSE,"New Orleans, Louisiana",29.9561422,-90.0733934,361802,"Agency RMS","Open Source","https://data.nola.gov/Public-Safety-and-Preparedness/Electronic-Police-Report-2024/c5iy-ew8n/explore/query/SELECT%0A%20%20%60item_number%60%2C%0A%20%20%60district%60%2C%0A%20%20%60location%60%2C%0A%20%20%60disposition%60%2C%0A%20%20%60signal_type%60%2C%0A%20%20%60signal_description%60%2C%0A%20%20%60occurred_date_time%60%2C%0A%20%20%60charge_code%60%2C%0A%20%20%60charge_description%60%2C%0A%20%20%60offender_number%60%2C%0A%20%20%60offenderid%60%2C%0A%20%20%60offenderstatus%60%2C%0A%20%20%60offender_race%60%2C%0A%20%20%60offender_gender%60%2C%0A%20%20%60offender_age%60%2C%0A%20%20%60victim_number%60%2C%0A%20%20%60persontype%60%2C%0A%20%20%60victim_race%60%2C%0A%20%20%60victim_gender%60%2C%0A%20%20%60victim_age%60%2C%0A%20%20%60victim_fatal_status%60%2C%0A%20%20%60hate_crime%60%2C%0A%20%20%60report_type%60/page/filter",TRUE
"New Rochelle","New York",FALSE,"New Rochelle, New York",40.9115386,-73.7826363,84960,"Crime Data Explorer","Open Source","https://cde.ucr.cjis.gov/LATEST/webapp/#/pages/explorer/crime/crime-trend",TRUE
"New York City","New York",FALSE,"New York City, New York",40.7127281,-74.0060152,8299271,"Agency Aggregated","Open Source","https://compstat.nypdonline.org/",TRUE
"Newark","New Jersey",FALSE,"Newark, New Jersey",40.735657,-74.1723667,309708,"Crime Data Explorer","Open Source","https://www.newarkpublicsafety.org/npd/crime-statistics/",TRUE
"Newark","Ohio",FALSE,"Newark, Ohio",40.0581205,-82.4012643,51394,"State UCR","Provided by State UCR Program","https://ocjs.ohio.gov/",FALSE
"Newport Beach","California",FALSE,"Newport Beach, California",33.6170092,-117.9294401,81811,"Crime Data Explorer","Open Source","https://cde.ucr.cjis.gov/LATEST/webapp/#/pages/explorer/crime/crime-trend",TRUE
"Newport News","Virginia",FALSE,"Newport News, Virginia",36.9775016,-76.42977,183563,"Crime Data Explorer","Provided by State UCR Program","https://vsp.virginia.gov/",FALSE
"Newton","Massachusetts",FALSE,"Newton, Massachusetts",42.3300435,-71.194862,89935,"State UCR","Provided by State UCR Program","https://www.mass.gov/crime-statistics",FALSE
"Noblesville","Indiana",FALSE,"Noblesville, Indiana",40.0460881,-86.0139854,75216,"Crime Data Explorer","Open Source","https://cde.state.mn.us/",TRUE
"Norfolk","Virginia",FALSE,"Norfolk, Virginia",36.8493695,-76.2899539,230460,"Crime Data Explorer","Provided by State UCR Program","https://vsp.virginia.gov/",FALSE
"Normal","Illinois",FALSE,"Normal, Illinois",40.5092961,-88.9843937,52573,"State UCR","Open Source","https://ilucr.nibrs.com/AdvancedSearch/AdvancedSearch",TRUE
"Norman","Oklahoma",FALSE,"Norman, Oklahoma",35.2225717,-97.4394816,130681,"Agency RMS","Open Source","https://www.normanok.gov/public-safety/police-department/open-data-portal/offenses",FALSE
"North Bergen Township","New Jersey",FALSE,"North Bergen Township, New Jersey",40.2869637,-74.41158,59532,"Agency Aggregated","Open Source","http://www.northbergenpolice.com/report/datasets/crime-statistics/",TRUE
"North Charleston","South Carolina",FALSE,"North Charleston, South Carolina",32.8546197,-79.9748103,93223,"Crime Data Explorer","Open Source","https://cde.ucr.cjis.gov/LATEST/webapp/#/pages/explorer/crime/crime-trend",FALSE
"North Las Vegas","Nevada",FALSE,"North Las Vegas, Nevada",36.2005191,-115.1214745,293100,"State UCR","Open Source","https://nevadacrimestats.nv.gov/public/View/dispview.aspx",TRUE
"North Little Rock","Arkansas",FALSE,"North Little Rock, Arkansas",34.769536,-92.2670941,64487,"Crime Data Explorer","Open Source","https://cde.ucr.cjis.gov/LATEST/webapp/#/pages/explorer/crime/crime-trend",TRUE
"North Richland Hills","Texas",FALSE,"North Richland Hills, Texas",32.8342952,-97.2289029,70780,"State UCR","Open Source","https://txucr.nibrs.com/SRSReport/CrimeTrends",TRUE
"Norwalk","Connecticut",FALSE,"Norwalk, Connecticut",41.1175966,-73.4078968,92987,"State UCR","Open Source","https://ct.beyond2020.com/ct_public/Dim/dimension.aspx",FALSE
"Novato","California",FALSE,"Novato, California",38.1061979,-122.5681191,51258,"Crime Data Explorer","Open Source","https://cde.ucr.cjis.gov/LATEST/webapp/#/pages/explorer/crime/crime-trend",FALSE
"Novi","Michigan",FALSE,"Novi, Michigan",42.48059,-83.4754913,66366,"Crime Data Explorer","Open Source","https://www.michigan.gov/msp/divisions/cjic/dashboard-portal/crime-dashboard",TRUE
"O'Fallon","Missouri",FALSE,"O'Fallon, Missouri",38.7902503,-90.7033292,94911,"State UCR","Open Source","https://showmecrime.mo.gov/",TRUE
"Oak Lawn","Illinois",FALSE,"Oak Lawn, Illinois",41.7108662,-87.7581081,54953,"State UCR","Open Source","https://ilucr.nibrs.com/AdvancedSearch/AdvancedSearch",TRUE
"Oceanside","California",FALSE,"Oceanside, California",33.1958696,-117.379483,168725,"Agency Aggregated","Open Source","https://crimestats.arjis.org/default.aspx",TRUE
"Odessa","Texas",FALSE,"Odessa, Texas",31.8457149,-102.367687,111867,"State UCR","Open Source","https://txucr.nibrs.com/SRSReport/CrimeTrends",TRUE
"Ogden","Utah",FALSE,"Ogden, Utah",41.2230048,-111.9738429,87258,"Crime Data Explorer","Open Source","https://bci.utah.gov/crime-in-utah-dashboards/",TRUE
"Oklahoma City","Oklahoma",FALSE,"Oklahoma City, Oklahoma",35.4729886,-97.5170536,537406,"Crime Data Explorer","Open Source","https://cde.ucr.cjis.gov/LATEST/webapp/#/pages/explorer/crime/crime-trend",TRUE
"Omaha","Nebraska",FALSE,"Omaha, Nebraska",41.2587459,-95.9383758,480235,"Agency Aggregated","Open Source","https://police.cityofomaha.org/opd-crime-statistics",TRUE
"Onslow County","North Carolina",TRUE,"Onslow County, North Carolina",34.6927161,-77.3865474,131244,"State UCR","Provided by State UCR Program","From NC",FALSE
"Orem","Utah",FALSE,"Orem, Utah",40.2981599,-111.6944313,94571,"Crime Data Explorer","Open Source","https://bci.utah.gov/crime-in-utah-dashboards/",TRUE
"Oshkosh","Wisconsin",FALSE,"Oshkosh, Wisconsin",44.0206919,-88.5408574,65994,"State UCR","Open Source","https://www.oshkoshpd.com/MonthlyCrimeStats/Default.aspx",TRUE
"Ottawa County","Michigan",TRUE,"Ottawa County, Michigan",42.9547143,-85.9827867,265659,"State UCR","Open Source","https://www.michigan.gov/msp/divisions/cjic/dashboard-portal/crime-dashboard",FALSE
"Owensboro","Kentucky",FALSE,"Owensboro, Kentucky",37.7742152,-87.1133304,60096,"Crime Data Explorer","Open Source","https://cde.ucr.cjis.gov/LATEST/webapp/#/pages/explorer/crime/crime-trend",TRUE
"Oxnard","California",FALSE,"Oxnard, California",34.1976308,-119.180381,197361,"Crime Data Explorer","Open Source","https://cde.ucr.cjis.gov/LATEST/webapp/#/pages/explorer/crime/crime-trend",TRUE
"Palatine","Illinois",FALSE,"Palatine, Illinois",42.1105502,-88.0434304,63960,"State UCR","Open Source","https://ilucr.nibrs.com/AdvancedSearch/AdvancedSearch",TRUE
"Palo Alto","California",FALSE,"Palo Alto, California",37.4443293,-122.1598465,65079,"Crime Data Explorer","Open Source","https://cde.ucr.cjis.gov/LATEST/webapp/#/pages/explorer/crime/crime-trend",TRUE
"Parker","Colorado",FALSE,"Parker, Colorado",39.5184514,-104.7612638,64088,"State UCR","Open Source","https://coloradocrimestats.state.co.us/public/View/dispview.aspx",FALSE
"Parker County","Texas",TRUE,"Parker County, Texas",32.7772598,-97.8045599,120283,"State UCR","Open Source","https://txucr.nibrs.com/SRSReport/CrimeTrends",TRUE
"Parma","Ohio",FALSE,"Parma, Ohio",41.3822398,-81.7355692,78967,"State UCR","Provided by State UCR Program","https://ocjs.ohio.gov/",FALSE
"Pasadena","California",FALSE,"Pasadena, California",34.1476507,-118.144155,131966,"Crime Data Explorer","Open Source","https://cde.ucr.cjis.gov/LATEST/webapp/#/pages/explorer/crime/crime-trend",TRUE
"Pasadena","Texas",FALSE,"Pasadena, Texas",29.6910753,-95.2092076,145199,"State UCR","Open Source","https://txucr.nibrs.com/SRSReport/CrimeTrends",TRUE
"Paterson","New Jersey",FALSE,"Paterson, New Jersey",40.9167654,-74.171811,158903,"Crime Data Explorer","Open Source","https://cde.ucr.cjis.gov/LATEST/webapp/#/pages/explorer/crime/crime-trend",TRUE
"Paulding County","Georgia",TRUE,"Paulding County, Georgia",33.8908526,-84.8569161,167762,"Crime Data Explorer","Open Source","https://cde.ucr.cjis.gov/LATEST/webapp/#/pages/explorer/crime/crime-trend",TRUE
"Pawtucket","Rhode Island",FALSE,"Pawtucket, Rhode Island",41.8789531,-71.3821203,76400,"State UCR","Open Source","https://riucr.nibrs.com/AdvancedSearch/AdvancedSearch",TRUE
"Peabody","Massachusetts",FALSE,"Peabody, Massachusetts",42.5278731,-70.9286609,54964,"State UCR","Provided by State UCR Program","https://www.mass.gov/crime-statistics",TRUE
"Pearland","Texas",FALSE,"Pearland, Texas",29.5639758,-95.2864299,114299,"State UCR","Open Source","https://txucr.nibrs.com/SRSReport/CrimeTrends",TRUE
"Peoria","Arizona",FALSE,"Peoria, Arizona",33.5806115,-112.237294,201056,"State UCR","Open Source","https://azcrimestatistics.azdps.gov/",FALSE
"Petaluma","California",FALSE,"Petaluma, California",38.2325829,-122.636465,58493,"Crime Data Explorer","Open Source","https://cde.ucr.cjis.gov/LATEST/webapp/#/pages/explorer/crime/crime-trend",TRUE
"Pflugerville","Texas",FALSE,"Pflugerville, Texas",30.4393696,-97.6200043,65056,"State UCR","Open Source","https://txucr.nibrs.com/SRSReport/CrimeTrends",TRUE
"Pharr","Texas",FALSE,"Pharr, Texas",26.1947962,-98.1836216,80604,"State UCR","Open Source","https://txucr.nibrs.com/SRSReport/CrimeTrends",TRUE
"Philadelphia","Pennsylvania",FALSE,"Philadelphia, Pennsylvania",39.9527237,-75.1635262,1549259,"State UCR","Open Source","https://www.ucr.pa.gov/PAUCRSPUBLIC/SRSReport/CrimeTrends",TRUE
"Phoenix","Arizona",FALSE,"Phoenix, Arizona",33.4484367,-112.074141,1662809,"Agency RMS","Open Source","https://www.phoenix.gov/administration/departments/police/crime-stats-data/crime-stats-maps.html",TRUE
"Pima County","Arizona",TRUE,"Pima County, Arizona",32.1112624,-111.6546163,379189,"State UCR","Open Source","https://azcrimestatistics.azdps.gov/",TRUE
"Pinal County","Arizona",TRUE,"Pinal County, Arizona",32.8085851,-111.4426212,241417,"State UCR","Open Source","https://azcrimestatistics.azdps.gov/",TRUE
"Pittsburgh","Pennsylvania",FALSE,"Pittsburgh, Pennsylvania",40.4406968,-80.0025666,317177,"Agency RMS","Open Source","https://data.wprdc.org/dataset/monthly-criminal-activity-dashboard/resource/bd41992a-987a-4cca-8798-fbe1cd946b07",TRUE
"Pittsfield","Massachusetts",FALSE,"Pittsfield, Massachusetts",42.4484778,-73.2541069,42835,"Agency Aggregated","Provided by Agency","From Pittsfield PD",FALSE
"Placer County","California",TRUE,"Placer County, California",39.1012064,-120.7650606,130016,"Crime Data Explorer","Open Source","https://cde.ucr.cjis.gov/LATEST/webapp/#/pages/explorer/crime/crime-trend",TRUE
"Plano","Texas",FALSE,"Plano, Texas",33.0136764,-96.6925096,285765,"State UCR","Open Source","https://txucr.nibrs.com/SRSReport/CrimeTrends",TRUE
"Pleasanton","California",FALSE,"Pleasanton, California",37.6624312,-121.8746789,73054,"Crime Data Explorer","Open Source","https://cde.ucr.cjis.gov/LATEST/webapp/#/pages/explorer/crime/crime-trend",TRUE
"Plymouth","Massachusetts",FALSE,"Plymouth, Massachusetts",41.9426657,-70.7618592,68195,"State UCR","Provided by State UCR Program","https://www.mass.gov/crime-statistics",TRUE
"Plymouth","Minnesota",FALSE,"Plymouth, Minnesota",45.0065149,-93.46651,76577,"State UCR","Open Source","https://cde.state.mn.us/",TRUE
"Pocatello","Idaho",FALSE,"Pocatello, Idaho",42.8620287,-112.450627,58618,"State UCR","Open Source","https://nibrs.isp.idaho.gov/CrimeInIdaho/AdvancedSearch/AdvancedSearch",FALSE
"Pomona","California",FALSE,"Pomona, California",34.0553813,-117.7517496,143726,"Crime Data Explorer","Open Source","https://cde.ucr.cjis.gov/LATEST/webapp/#/pages/explorer/crime/crime-trend",TRUE
"Pontiac","Michigan",FALSE,"Pontiac, Michigan",42.6389216,-83.2910468,61871,"Crime Data Explorer","Open Source","https://cde.ucr.cjis.gov/LATEST/webapp/#/pages/explorer/crime/crime-trend",TRUE
"Port Arthur","Texas",FALSE,"Port Arthur, Texas",29.8716577,-93.9332302,55313,"State UCR","Open Source","https://txucr.nibrs.com/SRSReport/CrimeTrends",TRUE
"Port St Lucie","Florida",FALSE,"Port St Lucie, Florida",27.2939333,-80.3503283,260194,"Agency RMS","Agency RMS","Sent by Port St Lucie",TRUE
"Porterville","California",FALSE,"Porterville, California",36.06523,-119.0167679,62891,"Crime Data Explorer","Open Source","https://cde.ucr.cjis.gov/LATEST/webapp/#/pages/explorer/crime/crime-trend",TRUE
"Portland","Oregon",FALSE,"Portland, Oregon",45.5202471,-122.674194,620630,"Agency Aggregated","Open Source","https://public.tableau.com/app/profile/portlandpolicebureau/viz/New_Monthly_Neighborhood/MonthlyOffenseTotals",TRUE
"Portsmouth","Virginia",FALSE,"Portsmouth, Virginia",36.8320081,-76.297699,97156,"Crime Data Explorer","Provided by State UCR Program","https://vsp.virginia.gov/",TRUE
"Prescott Valley","Arizona",FALSE,"Prescott Valley, Arizona",34.5950776,-112.3338634,51116,"State UCR","Open Source","https://azcrimestatistics.azdps.gov/",TRUE
"Prince George's County","Maryland",TRUE,"Prince George's County, Maryland",38.803929,-76.8518695,737317,"Agency RMS","Open Source","https://data.princegeorgescountymd.gov/browse?category=Public+Safety&sortBy=relevance&page=1&pageSize=20",TRUE
"Prince William County","Virginia",TRUE,"Prince William County, Virginia",38.7389846,-77.5536743,486544,"State UCR","Provided by State UCR Program","From VA",FALSE
"Providence","Rhode Island",FALSE,"Providence, Rhode Island",41.8239891,-71.4128343,193679,"State UCR","Open Source","https://riucr.nibrs.com/AdvancedSearch/AdvancedSearch",FALSE
"Provo","Utah",FALSE,"Provo, Utah",40.2337289,-111.6587085,112763,"Crime Data Explorer","Open Source","https://bci.utah.gov/crime-in-utah-dashboards/",FALSE
"Pueblo","Colorado",FALSE,"Pueblo, Colorado",38.263995,-104.6141867,110805,"State UCR","Open Source","https://coloradocrimestats.state.co.us/public/View/dispview.aspx",FALSE
"Quincy","Massachusetts",FALSE,"Quincy, Massachusetts",42.2509914,-71.0037374,103550,"State UCR","Provided by State UCR Program","https://www.mass.gov/crime-statistics",TRUE
"Racine","Wisconsin",FALSE,"Racine, Wisconsin",42.7313756,-87.7834769,76243,"State UCR","Provided by State UCR Program","From WI",TRUE
"Raleigh","North Carolina",FALSE,"Raleigh, North Carolina",35.7803977,-78.6390989,486464,"State UCR","Provided by State UCR Program","From NC",TRUE
"Rapid City","South Dakota",FALSE,"Rapid City, South Dakota",44.0806041,-103.228023,80957,"State UCR","Open Source","https://sdcrime.nibrs.com/AdvancedSearch/AdvancedSearch",TRUE
"Reading","Pennsylvania",FALSE,"Reading, Pennsylvania",40.335345,-75.9279495,97868,"State UCR","Open Source","https://www.ucr.pa.gov/PAUCRSPUBLIC/SRSReport/CrimeTrends",TRUE
"Redlands","California",FALSE,"Redlands, California",34.0550328,-117.1827445,72331,"Agency Aggregated","Provided by Agency","https://www.cityofredlands.org/police",FALSE
"Redmond","Washington",FALSE,"Redmond, Washington",47.6694141,-122.1238767,82746,"Crime Data Explorer","Open Source","https://cde.ucr.cjis.gov/LATEST/webapp/#/pages/explorer/crime/crime-trend",FALSE
"Redondo Beach","California",FALSE,"Redondo Beach, California",33.8398289,-118.3845942,66593,"Crime Data Explorer","Open Source","https://cde.ucr.cjis.gov/LATEST/webapp/#/pages/explorer/crime/crime-trend",TRUE
"Redwood City","California",FALSE,"Redwood City, California",37.4863239,-122.232523,80060,"Crime Data Explorer","Open Source","https://cde.ucr.cjis.gov/LATEST/webapp/#/pages/explorer/crime/crime-trend",TRUE
"Reno","Nevada",FALSE,"Reno, Nevada",39.5261788,-119.812658,278313,"State UCR","Open Source","https://nevadacrimestats.nv.gov/public/View/dispview.aspx",FALSE
"Revere","Massachusetts",FALSE,"Revere, Massachusetts",42.4084302,-71.0119948,57779,"State UCR","Provided by State UCR Program","https://www.mass.gov/crime-statistics",TRUE
"Richardson","Texas",FALSE,"Richardson, Texas",32.9481789,-96.7297206,75353,"State UCR","Open Source","https://txucr.nibrs.com/SRSReport/CrimeTrends",TRUE
"Richland","Washington",FALSE,"Richland, Washington",46.2804298,-119.275205,64736,"Crime Data Explorer","Open Source","https://cde.ucr.cjis.gov/LATEST/webapp/#/pages/explorer/crime/crime-trend",TRUE
"Richmond","California",FALSE,"Richmond, California",37.9357576,-122.347748,113418,"Agency Aggregated","Open Source","https://www.ci.richmond.ca.us/4010/Crime-Statistics-Reports",TRUE
"Richmond","Virginia",FALSE,"Richmond, Virginia",37.5385087,-77.43428,231805,"Agency RMS","Open Source","https://apps.richmondgov.com/applications/CrimeInfo",TRUE
"Riverside","California",FALSE,"Riverside, California",33.9824949,-117.374238,320148,"Crime Data Explorer","Open Source","https://cde.ucr.cjis.gov/LATEST/webapp/#/pages/explorer/crime/crime-trend",TRUE
"Roanoke","Virginia",FALSE,"Roanoke, Virginia",37.270973,-79.9414313,97027,"Crime Data Explorer","Provided by State UCR Program","https://vsp.virginia.gov/",TRUE
"Rochester Hills","Michigan",FALSE,"Rochester Hills, Michigan",42.6583661,-83.1499322,75845,"Crime Data Explorer","Open Source","https://cde.ucr.cjis.gov/LATEST/webapp/#/pages/explorer/crime/crime-trend",TRUE
"Rochester","Minnesota",FALSE,"Rochester, Minnesota",44.0234387,-92.4630182,122694,"State UCR","Open Source","https://cde.state.mn.us/",TRUE
"Rochester","New York",FALSE,"Rochester, New York",43.157285,-77.615214,206093,"Agency RMS","Open Source","https://data-rpdny.opendata.arcgis.com/datasets/rpdny::rpd-part-i-crime-2011-to-present/explore",TRUE
"Rock Hill","South Carolina",FALSE,"Rock Hill, South Carolina",34.9248667,-81.0250784,75975,"Crime Data Explorer","Open Source","https://cde.ucr.cjis.gov/LATEST/webapp/#/pages/explorer/crime/crime-trend",TRUE
"Rockford","Illinois",FALSE,"Rockford, Illinois",42.2713945,-89.093966,145280,"State UCR","Open Source","https://ilucr.nibrs.com/AdvancedSearch/AdvancedSearch",TRUE
"Rocklin","California",FALSE,"Rocklin, California",38.7907339,-121.2357828,74048,"Crime Data Explorer","Open Source","https://cde.ucr.cjis.gov/LATEST/webapp/#/pages/explorer/crime/crime-trend",TRUE
"Rockwall","Texas",FALSE,"Rockwall, Texas",32.8923464,-96.4066987,54765,"State UCR","Open Source","https://txucr.nibrs.com/SRSReport/CrimeTrends",TRUE
"Rocky Mount","North Carolina",FALSE,"Rocky Mount, North Carolina",35.9423833,-77.7956949,39008,"State UCR","Provided by State UCR Program","From NC",TRUE
"Roseville","California",FALSE,"Roseville, California",38.7521235,-121.2880059,162841,"Crime Data Explorer","Open Source","https://cde.ucr.cjis.gov/LATEST/webapp/#/pages/explorer/crime/crime-trend",TRUE
"Roswell","Georgia",FALSE,"Roswell, Georgia",34.02332,-84.360022,91789,"Crime Data Explorer","Open Source","https://cde.ucr.cjis.gov/LATEST/webapp/#/pages/explorer/crime/crime-trend",TRUE
"Round Rock","Texas",FALSE,"Round Rock, Texas",30.5085915,-97.6788056,131980,"State UCR","Open Source","https://txucr.nibrs.com/SRSReport/CrimeTrends",TRUE
"Rowlett","Texas",FALSE,"Rowlett, Texas",32.9029017,-96.56388,60558,"State UCR","Open Source","https://txucr.nibrs.com/SRSReport/CrimeTrends",TRUE
"Royal Oak","Michigan",FALSE,"Royal Oak, Michigan",42.4894801,-83.1446485,57257,"Crime Data Explorer","Open Source","https://www.michigan.gov/msp/divisions/cjic/dashboard-portal/crime-dashboard",TRUE
"Rutherford County","Tennessee",TRUE,"Rutherford County, Tennessee",35.8563421,-86.4205249,107845,"State UCR","Open Source","https://crimeinsight.tbi.tn.gov/public/View/dispview.aspx",TRUE
"Sacramento","California",FALSE,"Sacramento, California",38.5810606,-121.493895,526670,"Agency RMS","Open Source","https://experience.arcgis.com/experience/cb5a65e7a67743778cd277c7e3761b5a",TRUE
"Sacramento County","California",TRUE,"Sacramento County, California",38.4732259,-121.2980707,621675,"Crime Data Explorer","Open Source","https://cde.ucr.cjis.gov/LATEST/webapp/#/pages/explorer/crime/crime-trend",TRUE
"Salem","Oregon",FALSE,"Salem, Oregon",44.9391565,-123.033121,147346,"State UCR","Open Source","https://www.oregon.gov/osp/pages/uniform-crime-reporting-data.aspx",TRUE
"Salt Lake City","Utah",FALSE,"Salt Lake City, Utah",40.7596198,-111.886797,212675,"Agency Aggregated","Open Source","https://slcpd.com/open-data/crimestatistics/",FALSE
"San Angelo","Texas",FALSE,"San Angelo, Texas",31.4649685,-100.4405094,98996,"State UCR","Open Source","https://txucr.nibrs.com/SRSReport/CrimeTrends",TRUE
"San Antonio","Texas",FALSE,"San Antonio, Texas",29.4246002,-98.4951405,1514448,"State UCR","Open Source","https://txucr.nibrs.com/SRSReport/CrimeTrends",TRUE
"San Bernardino","California",FALSE,"San Bernardino, California",34.8253019,-116.0833144,224283,"Agency Aggregated","Open Source","https://www.sbcity.org/city_hall/police_department/crime_statistics/about_ucr_statistics/crime_statistics",FALSE
"San Diego","California",FALSE,"San Diego, California",32.7174202,-117.162772,1389024,"Agency Aggregated","Open Source","https://crimestats.arjis.org/default.aspx",TRUE
"San Diego County","California",TRUE,"San Diego County, California",32.9637838,-116.7706277,558533,"Agency Aggregated","Open Source","https://crimestats.arjis.org/default.aspx",TRUE
"San Francisco","California",FALSE,"San Francisco, California",37.7879363,-122.4075201,802856,"Agency Aggregated","Open Source","https://www.sanfranciscopolice.org/stay-safe/crime-data/crime-dashboard",TRUE
"San Jose","California",FALSE,"San Jose, California",37.3361663,-121.890591,956840,"Crime Data Explorer","Open Source","https://cde.ucr.cjis.gov/LATEST/webapp/#/pages/explorer/crime/crime-trend",TRUE
"San Marcos","Texas",FALSE,"San Marcos, Texas",29.8826436,-97.9405828,72722,"State UCR","Open Source","https://txucr.nibrs.com/SRSReport/CrimeTrends",TRUE
"San Mateo","California",FALSE,"San Mateo, California",37.496904,-122.3330573,99929,"Crime Data Explorer","Open Source","https://cde.ucr.cjis.gov/LATEST/webapp/#/pages/explorer/crime/crime-trend",TRUE
"San Mateo County","California",TRUE,"San Mateo County, California",37.496904,-122.3330573,136062,"Crime Data Explorer","Open Source","https://cde.ucr.cjis.gov/LATEST/webapp/#/pages/explorer/crime/crime-trend",TRUE
"San Rafael","California",FALSE,"San Rafael, California",37.9747795,-122.5316686,59037,"Crime Data Explorer","Open Source","https://cde.ucr.cjis.gov/LATEST/webapp/#/pages/explorer/crime/crime-trend",TRUE
"Sandy","Utah",FALSE,"Sandy, Utah",40.5710454,-111.8953815,90341,"Crime Data Explorer","Open Source","https://bci.utah.gov/crime-in-utah-dashboards/",FALSE
"Santa Clara","California",FALSE,"Santa Clara, California",37.2333253,-121.6846349,131901,"Crime Data Explorer","Open Source","https://cde.ucr.cjis.gov/LATEST/webapp/#/pages/explorer/crime/crime-trend",TRUE
"Santa Cruz","California",FALSE,"Santa Cruz, California",37.050096,-121.99059,61346,"Crime Data Explorer","Open Source","https://cde.ucr.cjis.gov/LATEST/webapp/#/pages/explorer/crime/crime-trend",FALSE
"Santa Cruz County","California",TRUE,"Santa Cruz County, California",37.050096,-121.99059,130041,"Crime Data Explorer","Open Source","https://cde.ucr.cjis.gov/LATEST/webapp/#/pages/explorer/crime/crime-trend",TRUE
"Santa Fe","New Mexico",FALSE,"Santa Fe, New Mexico",35.6876096,-105.938456,89652,"Agency Aggregated","Open Source","https://santafenm.gov/police/police-criminal-investigations/police-crime-analyst",TRUE
"Santa Maria","California",FALSE,"Santa Maria, California",34.9531295,-120.435857,110056,"Crime Data Explorer","Open Source","https://cde.ucr.cjis.gov/LATEST/webapp/#/pages/explorer/crime/crime-trend",TRUE
"Santa Monica","California",FALSE,"Santa Monica, California",34.0194704,-118.491227,88948,"Agency Aggregated","Provided by Agency","From Santa Monica PD",TRUE
"Santa Rosa","California",FALSE,"Santa Rosa, California",38.4404925,-122.7141049,175147,"Crime Data Explorer","Open Source","https://cde.ucr.cjis.gov/LATEST/webapp/#/pages/explorer/crime/crime-trend",TRUE
"Sarasota County","Florida",TRUE,"Sarasota County, Florida",27.1813609,-82.3609195,302725,"Agency Aggregated","Open Source","https://www.sarasotasheriff.org/news/crime_crash_statistics/uniform_crime_reporting_statistics.php#revize_document_center_rz1986",TRUE
"Saratoga Springs","Utah",FALSE,"Saratoga Springs, Utah",40.3862792,-111.9130188,58400,"Crime Data Explorer","Open Source","https://cde.ucr.cjis.gov/LATEST/webapp/#/pages/explorer/crime/crime-trend",TRUE
"Saratoga County","New York",TRUE,"Saratoga County, New York",43.0833231,-73.8712155,187249,"Crime Data Explorer","Open Source","https://cde.ucr.cjis.gov/LATEST/webapp/#/pages/explorer/crime/crime-trend",TRUE
"Sarpy County","Nebraska",TRUE,"Sarpy County, Nebraska",41.0923005,-96.1007561,101805,"State UCR","Agency Aggregated","https://crimestats.ne.gov/public/View/RSReport.aspx?ReportId=1082",TRUE
"Schaumburg","Illinois",FALSE,"Schaumburg, Illinois",42.0333608,-88.083406,74882,"State UCR","Open Source","https://ilucr.nibrs.com/AdvancedSearch/AdvancedSearch",TRUE
"Schenectady","New York",FALSE,"Schenectady, New York",42.8142432,-73.9395687,68610,"Crime Data Explorer","Open Source","https://cde.ucr.cjis.gov/LATEST/webapp/#/pages/explorer/crime/crime-trend",FALSE
"Scottsdale","Arizona",FALSE,"Scottsdale, Arizona",33.4942189,-111.926018,245237,"State UCR","Open Source","https://azcrimestatistics.azdps.gov/",FALSE
"Scranton","Pennsylvania",FALSE,"Scranton, Pennsylvania",41.4086874,-75.6621294,75683,"State UCR","Open Source","https://www.ucr.pa.gov/PAUCRSPUBLIC/SRSReport/CrimeTrends",TRUE
"Seattle","Washington",FALSE,"Seattle, Washington",47.6038321,-122.330062,760058,"Agency Aggregated","Open Source","https://data.seattle.gov/resource/tazs-3rd5.json",TRUE
"Shawnee","Kansas",FALSE,"Shawnee, Kansas",39.0273676,-95.7627535,70089,"Crime Data Explorer","Open Source","https://cde.ucr.cjis.gov/LATEST/webapp/#/pages/explorer/crime/crime-trend",TRUE
"Shelby Township","Michigan",FALSE,"Shelby Township, Michigan",43.5974492,-86.3379509,79985,"Crime Data Explorer","Open Source","https://www.michigan.gov/msp/divisions/cjic/dashboard-portal/crime-dashboard",TRUE
"Shelby County","Tennessee",TRUE,"Shelby County, Tennessee",35.1782557,-89.8739775,135769,"State UCR","Open Source","https://crimeinsight.tbi.tn.gov/public/View/dispview.aspx",TRUE
"Shreveport","Louisiana",FALSE,"Shreveport, Louisiana",32.5135356,-93.7477839,172292,"Crime Data Explorer","Open Source","https://cde.ucr.cjis.gov/LATEST/webapp/#/pages/explorer/crime/crime-trend",TRUE
"Simi Valley","California",FALSE,"Simi Valley, California",34.2677404,-118.7538071,124707,"Crime Data Explorer","Open Source","https://cde.ucr.cjis.gov/LATEST/webapp/#/pages/explorer/crime/crime-trend",TRUE
"Sioux City","Iowa",FALSE,"Sioux City, Iowa",42.4966815,-96.4058782,85708,"Crime Data Explorer","Provided by Agency","From IA",TRUE
"Sioux Falls","South Dakota",FALSE,"Sioux Falls, South Dakota",43.5476008,-96.7293629,170102,"State UCR","Open Source","https://sdcrime.nibrs.com/AdvancedSearch/AdvancedSearch",FALSE
"Skokie","Illinois",FALSE,"Skokie, Illinois",42.0262972,-87.7521069,64047,"State UCR","Open Source","https://ilucr.nibrs.com/AdvancedSearch/AdvancedSearch",TRUE
"Smith County","Texas",TRUE,"Smith County, Texas",32.3402898,-95.2563971,114593,"State UCR","Open Source","https://txucr.nibrs.com/SRSReport/CrimeTrends",TRUE
"Smyrna","Tennessee",FALSE,"Smyrna, Tennessee",35.9824598,-86.5199492,58791,"Crime Data Explorer","Open Source","https://crimeinsight.tbi.tn.gov/public/View/dispview.aspx",TRUE
"Somerville","Massachusetts",FALSE,"Somerville, Massachusetts",42.3875968,-71.0994968,81766,"State UCR","Provided by State UCR Program","https://www.mass.gov/crime-statistics",FALSE
"Sonoma County","California",TRUE,"Sonoma County, California",38.5110803,-122.8473388,138566,"Agency RMS","Open Source","https://data.sonomacounty.ca.gov/Public-Safety/Sonoma-County-Sheriff-s-Office-Incident-Data/3rsj-iche/explore/query/SELECT%0A%20%20%60id%60%2C%0A%20%20%60agency_code%60%2C%0A%20%20%60agency%60%2C%0A%20%20%60incident_number%60%2C%0A%20%20%60date_time%60%2C%0A%20%20%60incident_type%60%2C%0A%20%20%60location_type%60%2C%0A%20%20%60city%60%2C%0A%20%20%60intersection%60%2C%0A%20%20%60location%60%2C%0A%20%20%60upload%60/page/filter",TRUE
"South Bend","Indiana",FALSE,"South Bend, Indiana",41.6833813,-86.2500066,103415,"Agency Aggregated","Open Source","https://southbendin.gov/transparency-and-performance/police-transparency-hub/particrimes/",TRUE
"South Jordan","Utah",FALSE,"South Jordan, Utah",40.5584882,-111.9367107,86846,"Crime Data Explorer","Open Source","https://bci.utah.gov/crime-in-utah-dashboards/",TRUE
"South San Francisco","California",FALSE,"South San Francisco, California",37.6535403,-122.4168664,62229,"Crime Data Explorer","Open Source","https://cde.ucr.cjis.gov/LATEST/webapp/#/pages/explorer/crime/crime-trend",TRUE
"Southaven","Mississippi",FALSE,"Southaven, Mississippi",34.9873822,-90.0034862,57537,"State UCR","Open Source","https://mscrimestats.dps.ms.gov/public/View/dispview.aspx",TRUE
"Southfield","Michigan",FALSE,"Southfield, Michigan",42.4733689,-83.2218731,75454,"Crime Data Explorer","Open Source","https://www.michigan.gov/msp/divisions/cjic/dashboard-portal/crime-dashboard",TRUE
"Sparks","Nevada",FALSE,"Sparks, Nevada",39.5404679,-119.7487235,110807,"State UCR","Open Source","https://nevadacrimestats.nv.gov/public/View/dispview.aspx",TRUE
"Spokane Valley","Washington",FALSE,"Spokane Valley, Washington",47.6571104,-117.2613936,109852,"Crime Data Explorer","Open Source","https://cde.ucr.cjis.gov/LATEST/webapp/#/pages/explorer/crime/crime-trend",TRUE
"Spokane","Washington",FALSE,"Spokane, Washington",47.6571934,-117.42351,229529,"Agency RMS","Provided by Agency","https://my.spokanecity.org/police/",FALSE
"Spotsylvania County","Virginia",TRUE,"Spotsylvania County, Virginia",38.1880936,-77.6741751,153892,"State UCR","Provided by State UCR Program","From VA",FALSE
"Spring Hill","Tennessee",FALSE,"Spring Hill, Tennessee",35.751179,-86.9300023,39373,"Crime Data Explorer","Open Source","https://crimeinsight.tbi.tn.gov/public/View/dispview.aspx",TRUE
"Springfield","Illinois",FALSE,"Springfield, Illinois",39.7990175,-89.6439575,111965,"State UCR","Open Source","https://ilucr.nibrs.com/AdvancedSearch/AdvancedSearch",TRUE
"Springfield","Massachusetts",FALSE,"Springfield, Massachusetts",42.1018764,-72.5886727,155491,"State UCR","Provided by State UCR Program","https://www.mass.gov/crime-statistics",FALSE
"Springfield","Missouri",FALSE,"Springfield, Missouri",37.2081729,-93.2922715,170526,"State UCR","Open Source","https://showmecrime.mo.gov/",TRUE
"Springfield","Ohio",FALSE,"Springfield, Ohio",39.9234046,-83.810138,57911,"State UCR","Provided by State UCR Program","https://ocjs.ohio.gov/",FALSE
"Springfield","Oregon",FALSE,"Springfield, Oregon",44.0462362,-123.0220289,60830,"State UCR","Open Source","https://www.oregon.gov/osp/pages/uniform-crime-reporting-data.aspx",TRUE
"St Charles","Missouri",FALSE,"St Charles, Missouri",38.7877791,-90.6747372,72143,"State UCR","Open Source","https://showmecrime.mo.gov/",TRUE
"St Charles County","Missouri",TRUE,"St Charles County, Missouri",38.7877791,-90.6747372,119176,"State UCR","Open Source","https://showmecrime.mo.gov/",FALSE
"St Joseph County","Indiana",TRUE,"St Joseph County, Indiana",41.5941578,-86.2787334,111095,"Crime Data Explorer","Open Source","https://cde.state.mn.us/",FALSE
"St Joseph","Missouri",FALSE,"St Joseph, Missouri",39.7686055,-94.8466322,70139,"State UCR","Open Source","https://showmecrime.mo.gov/",TRUE
"St Louis","Missouri",FALSE,"St Louis, Missouri",38.6254063,-90.190009,277294,"State UCR","Open Source","https://showmecrime.mo.gov/",TRUE
"St Louis County","Missouri",TRUE,"St Louis County, Missouri",38.6398744,-90.5188128,402510,"State UCR","Open Source","https://showmecrime.mo.gov/",TRUE
"St Peters","Missouri",FALSE,"St Peters, Missouri",38.791612,-90.5958468,59993,"State UCR","Open Source","https://showmecrime.mo.gov/",TRUE
"St. Clair Shores","Michigan",FALSE,"St. Clair Shores, Michigan",42.4969652,-82.8890965,57157,"Crime Data Explorer","Open Source","https://www.michigan.gov/msp/divisions/cjic/dashboard-portal/crime-dashboard",TRUE
"St. Cloud","Minnesota",FALSE,"St. Cloud, Minnesota",45.574643,-94.1205808,56509,"State UCR","Open Source","https://cde.state.mn.us/",TRUE
"St. George","Utah",FALSE,"St. George, Utah",37.1098772,-113.5832063,107595,"State UCR","Open Source","https://bci.utah.gov/crime-in-utah-dashboards/",TRUE
"St. Mary's County","Maryland",TRUE,"St. Mary's County, Maryland",38.206621,-76.5389973,117210,"Crime Data Explorer","Open Source","https://cde.ucr.cjis.gov/LATEST/webapp/#/pages/explorer/crime/crime-trend",TRUE
"St. Paul","Minnesota",FALSE,"St. Paul, Minnesota",44.9497487,-93.0931028,304051,"State UCR","Open Source","https://cde.state.mn.us/",TRUE
"Stafford County","Virginia",TRUE,"Stafford County, Virginia",38.4167265,-77.4579783,169369,"State UCR","Provided by State UCR Program","From VA",FALSE
"Stamford","Connecticut",FALSE,"Stamford, Connecticut",41.0534302,-73.5387341,136483,"State UCR","Open Source","https://ct.beyond2020.com/ct_public/Dim/dimension.aspx",TRUE
"Stark County","Ohio",TRUE,"Stark County, Ohio",40.7214654,-81.4399734,115327,"State UCR","Provided by State UCR Program","From OH",TRUE
"State College","Pennsylvania",FALSE,"State College, Pennsylvania",40.7944504,-77.8616386,57580,"State UCR","Open Source","https://www.ucr.pa.gov/PAUCRSPUBLIC/SRSReport/CrimeTrends",TRUE
"Sterling Heights","Michigan",FALSE,"Sterling Heights, Michigan",42.5803122,-83.0302033,133058,"Crime Data Explorer","Open Source","https://www.michigan.gov/msp/divisions/cjic/dashboard-portal/crime-dashboard",TRUE
"Stockton","California",FALSE,"Stockton, California",37.9577016,-121.290779,319069,"Agency Aggregated","Open Source","https://www.stocktonca.gov/services/police_department/police_news___information/statistical_reports.php#outer-629",TRUE
"Stratford","Connecticut",FALSE,"Stratford, Connecticut",41.1923646,-73.1304917,52531,"State UCR","Open Source","https://ct.beyond2020.com/ct_public/Dim/dimension.aspx",TRUE
"Suffolk","Virginia",FALSE,"Suffolk, Virginia",36.7281341,-76.5834683,103506,"Crime Data Explorer","Provided by State UCR Program","https://vsp.virginia.gov/",FALSE
"Sugar Land","Texas",FALSE,"Sugar Land, Texas",29.6196787,-95.6349463,107757,"State UCR","Open Source","https://txucr.nibrs.com/SRSReport/CrimeTrends",TRUE
"Sunnyvale","California",FALSE,"Sunnyvale, California",37.3688301,-122.036349,150893,"Crime Data Explorer","Open Source","https://cde.ucr.cjis.gov/LATEST/webapp/#/pages/explorer/crime/crime-trend",FALSE
"Surprise","Arizona",FALSE,"Surprise, Arizona",33.629247,-112.3681428,163202,"State UCR","Open Source","https://azcrimestatistics.azdps.gov/",FALSE
"Tacoma","Washington",FALSE,"Tacoma, Washington",47.2455013,-122.438329,223980,"Agency Aggregated","Open Source","https://public.tableau.com/app/profile/city.of.tacoma/viz/TacomaPoliceCrimeDashboard/CrimeDashboard-IntroPage",FALSE
"Taunton","Massachusetts",FALSE,"Taunton, Massachusetts",41.9019257,-71.0931485,61874,"State UCR","Provided by State UCR Program","https://www.mass.gov/crime-statistics",TRUE
"Taylor","Michigan",FALSE,"Taylor, Michigan",42.240872,-83.2696509,60602,"Crime Data Explorer","Open Source","https://www.michigan.gov/msp/divisions/cjic/dashboard-portal/crime-dashboard",TRUE
"Tempe","Arizona",FALSE,"Tempe, Arizona",33.4255117,-111.940016,191376,"State UCR","Open Source","https://azcrimestatistics.azdps.gov/",TRUE
"Temple","Texas",FALSE,"Temple, Texas",31.0983747,-97.3429563,96862,"State UCR","Open Source","https://txucr.nibrs.com/SRSReport/CrimeTrends",FALSE
"Terre Haute","Indiana",FALSE,"Terre Haute, Indiana",39.4667025,-87.4139119,58536,"Crime Data Explorer","Open Source","https://cde.state.mn.us/",FALSE
"Texas City","Texas",FALSE,"Texas City, Texas",29.396013,-94.9175485,58130,"State UCR","Open Source","https://txucr.nibrs.com/SRSReport/CrimeTrends",TRUE
"Thornton","Colorado",FALSE,"Thornton, Colorado",39.8695516,-104.985181,145847,"State UCR","Open Source","https://coloradocrimestats.state.co.us/public/View/dispview.aspx",TRUE
"Thousand Oaks","California",FALSE,"Thousand Oaks, California",34.1705609,-118.8375937,122363,"Crime Data Explorer","Open Source","https://cde.ucr.cjis.gov/LATEST/webapp/#/pages/explorer/crime/crime-trend",TRUE
"Thurston County","Washington",TRUE,"Thurston County, Washington",46.9319983,-122.8855155,149364,"Crime Data Explorer","Open Source","https://cde.ucr.cjis.gov/LATEST/webapp/#/pages/explorer/crime/crime-trend",FALSE
"Tigard","Oregon",FALSE,"Tigard, Oregon",45.4307473,-122.771933,55784,"State UCR","Open Source","https://www.oregon.gov/osp/pages/uniform-crime-reporting-data.aspx",TRUE
"Tinley Park","Illinois",FALSE,"Tinley Park, Illinois",41.5733669,-87.7844944,45688,"State UCR","Open Source","https://ilucr.nibrs.com/AdvancedSearch/AdvancedSearch",TRUE
"Toledo","Ohio",FALSE,"Toledo, Ohio",41.6529143,-83.5378173,263668,"State UCR","Provided by State UCR Program","https://ocjs.ohio.gov/",FALSE
"Torrance","California",FALSE,"Torrance, California",33.8371392,-118.3413606,136899,"Crime Data Explorer","Open Source","https://cde.ucr.cjis.gov/LATEST/webapp/#/pages/explorer/crime/crime-trend",TRUE
"Tracy","California",FALSE,"Tracy, California",37.7385507,-121.420139,99519,"Agency Aggregated","Open Source","https://tracypd.com/crime-mapping",TRUE
"Travis County","Texas",TRUE,"Travis County, Texas",30.2878569,-97.7561392,292283,"State UCR","Open Source","https://txucr.nibrs.com/SRSReport/CrimeTrends",TRUE
"Troy","Michigan",FALSE,"Troy, Michigan",42.6055893,-83.1499304,87422,"Crime Data Explorer","Open Source","https://www.michigan.gov/msp/divisions/cjic/dashboard-portal/crime-dashboard",TRUE
"Tucson","Arizona",FALSE,"Tucson, Arizona",32.2228765,-110.974847,548789,"Agency Aggregated","Open Source","https://app.powerbigov.us/view?r=eyJrIjoiY2ViZmNiYzAtMDQ5ZC00OTMwLTliMTgtYjM1ZjAwYjJlMTkzIiwidCI6ImQyMWU1OWVjLWMyMDgtNDNlYi1hYWYxLWNmMDZkOWExOTZlMCJ9&pageName=ReportSectionccd6be2a1a0db780dadd",TRUE
"Tulare","California",FALSE,"Tulare, California",36.2516475,-118.852583,71689,"Crime Data Explorer","Open Source","https://cde.ucr.cjis.gov/LATEST/webapp/#/pages/explorer/crime/crime-trend",TRUE
"Tulare County","California",TRUE,"Tulare County, California",36.2516475,-118.852583,141574,"Crime Data Explorer","Open Source","https://cde.ucr.cjis.gov/LATEST/webapp/#/pages/explorer/crime/crime-trend",FALSE
"Tulsa","Oklahoma",FALSE,"Tulsa, Oklahoma",36.1563122,-95.9927516,405482,"Crime Data Explorer","Open Source","https://cde.ucr.cjis.gov/LATEST/webapp/#/pages/explorer/crime/crime-trend",TRUE
"Tustin","California",FALSE,"Tustin, California",33.7458511,-117.826166,76985,"Crime Data Explorer","Open Source","https://cde.ucr.cjis.gov/LATEST/webapp/#/pages/explorer/crime/crime-trend",FALSE
"Twin Falls","Idaho",FALSE,"Twin Falls, Idaho",42.5558542,-114.4700684,55932,"State UCR","Open Source","https://nibrs.isp.idaho.gov/CrimeInIdaho/AdvancedSearch/AdvancedSearch",TRUE
"Tyler","Texas",FALSE,"Tyler, Texas",32.3512601,-95.3010624,111714,"State UCR","Open Source","https://txucr.nibrs.com/SRSReport/CrimeTrends",TRUE
"Union County","North Carolina",TRUE,"Union County, North Carolina",34.9795158,-80.5128209,177205,"State UCR","Provided by State UCR Program","From NC",FALSE
"Upper Darby","Pennsylvania",FALSE,"Upper Darby, Pennsylvania",39.9284459,-75.2737955,84668,"State UCR","Open Source","https://www.ucr.pa.gov/PAUCRSPUBLIC/SRSReport/CrimeTrends",TRUE
"Utica","New York",FALSE,"Utica, New York",43.1009031,-75.2326641,63098,"Crime Data Explorer","Open Source","https://cde.ucr.cjis.gov/LATEST/webapp/#/pages/explorer/crime/crime-trend",TRUE
"Vacaville","California",FALSE,"Vacaville, California",38.3565773,-121.9877444,102672,"Crime Data Explorer","Open Source","https://cde.ucr.cjis.gov/LATEST/webapp/#/pages/explorer/crime/crime-trend",FALSE
"Vallejo","California",FALSE,"Vallejo, California",38.1040864,-122.2566367,121795,"Agency Aggregated","Open Source","https://www.vallejopd.net/public_information/crime_data/operations_bureau_reports/operations_bureau_2024_reports",TRUE
"Ventura","California",FALSE,"Ventura, California",34.4458248,-119.0779359,108543,"Crime Data Explorer","Open Source","https://cde.ucr.cjis.gov/LATEST/webapp/#/pages/explorer/crime/crime-trend",TRUE
"Victoria","Texas",FALSE,"Victoria, Texas",28.8026443,-96.9766308,65893,"State UCR","Open Source","https://txucr.nibrs.com/SRSReport/CrimeTrends",TRUE
"Virginia Beach","Virginia",FALSE,"Virginia Beach, Virginia",36.8496579,-75.9760751,455155,"Crime Data Explorer","Provided by State UCR Program","https://vsp.virginia.gov/",FALSE
"Visalia","California",FALSE,"Visalia, California",36.3302284,-119.292058,146090,"Crime Data Explorer","Open Source","https://cde.ucr.cjis.gov/LATEST/webapp/#/pages/explorer/crime/crime-trend",TRUE
"Waco","Texas",FALSE,"Waco, Texas",31.5491899,-97.1474628,146270,"State UCR","Open Source","https://txucr.nibrs.com/SRSReport/CrimeTrends",TRUE
"Wake Forest","North Carolina",FALSE,"Wake Forest, North Carolina",35.9803138,-78.5103731,52921,"State UCR","Provided by State UCR Program","From NC",TRUE
"Wake County","North Carolina",TRUE,"Wake County, North Carolina",35.7979355,-78.6118311,202553,"State UCR","Provided by State UCR Program","From NC",TRUE
"Walnut Creek","California",FALSE,"Walnut Creek, California",37.9020731,-122.0618702,68808,"Crime Data Explorer","Open Source","https://cde.ucr.cjis.gov/LATEST/webapp/#/pages/explorer/crime/crime-trend",FALSE
"Waltham","Massachusetts",FALSE,"Waltham, Massachusetts",42.3762385,-71.2355644,65488,"State UCR","Provided by State UCR Program","https://www.mass.gov/crime-statistics",TRUE
"Warner Robins","Georgia",FALSE,"Warner Robins, Georgia",32.6200973,-83.606568,85285,"Crime Data Explorer","Open Source","https://cde.ucr.cjis.gov/LATEST/webapp/#/pages/explorer/crime/crime-trend",TRUE
"Warren","Michigan",FALSE,"Warren, Michigan",42.4932575,-83.0062746,135843,"Crime Data Explorer","Open Source","https://www.michigan.gov/msp/divisions/cjic/dashboard-portal/crime-dashboard",TRUE
"Warren County","Ohio",TRUE,"Warren County, Ohio",39.4203978,-84.180897,105026,"State UCR","Provided by State UCR Program","From OH",FALSE
"Warwick","Rhode Island",FALSE,"Warwick, Rhode Island",41.6992717,-71.4586114,84297,"State UCR","Open Source","https://riucr.nibrs.com/AdvancedSearch/AdvancedSearch",TRUE
"Washington","District of Columbia",FALSE,"Washington, District of Columbia",38.8950982,-77.0363849,702250,"Agency RMS","Open Source","https://crimecards.dc.gov/",TRUE
"Washington County","Maryland",TRUE,"Washington County, Maryland",39.5893502,-77.710254,106052,"Agency Aggregated","Open Source","https://washcosheriff.com/crime/crime-statistics/",TRUE
"Washington County","Oregon",TRUE,"Washington County, Oregon",45.5601883,-123.0587907,244557,"State UCR","Open Source","https://www.oregon.gov/osp/pages/uniform-crime-reporting-data.aspx",TRUE
"Washoe County","Nevada",TRUE,"Washoe County, Nevada",40.5849048,-119.6131606,119654,"State UCR","Open Source","https://nevadacrimestats.nv.gov/public/View/dispview.aspx",TRUE
"Washtenaw County","Michigan",TRUE,"Washtenaw County, Michigan",42.2582044,-83.8440853,164745,"State UCR","Open Source","https://www.michigan.gov/msp/divisions/cjic/dashboard-portal/crime-dashboard",TRUE
"Waterbury","Connecticut",FALSE,"Waterbury, Connecticut",41.5539066,-73.0438067,115363,"State UCR","Open Source","https://ct.beyond2020.com/ct_public/Dim/dimension.aspx",TRUE
"Waterford Township","Michigan",FALSE,"Waterford Township, Michigan",42.6706391,-83.3896241,69066,"Crime Data Explorer","Open Source","https://www.michigan.gov/msp/divisions/cjic/dashboard-portal/crime-dashboard",TRUE
"Waterloo","Iowa",FALSE,"Waterloo, Iowa",42.498275,-92.3328743,66385,"Crime Data Explorer","Provided by Agency","From IA",TRUE
"Waukesha","Wisconsin",FALSE,"Waukesha, Wisconsin",43.0622536,-88.3123889,70202,"State UCR","Provided by State UCR Program","From WI",TRUE
"Wayne Township","New Jersey",FALSE,"Wayne Township, New Jersey",40.9018775,-74.2633633,53295,"Crime Data Explorer","Open Source","https://cde.ucr.cjis.gov/LATEST/webapp/#/pages/explorer/crime/crime-trend",FALSE
"West Allis","Wisconsin",FALSE,"West Allis, Wisconsin",43.0166806,-88.0070315,58862,"State UCR","Provided by State UCR Program","From WI",FALSE
"West Bloomfield Township","Michigan",FALSE,"West Bloomfield Township, Michigan",42.5684073,-83.3740333,64892,"Crime Data Explorer","Open Source","https://www.michigan.gov/msp/divisions/cjic/dashboard-portal/crime-dashboard",TRUE
"West Chester Township","Ohio",FALSE,"West Chester Township, Ohio",39.3359319,-84.4155616,63335,"State UCR","Provided by State UCR Program","https://ocjs.ohio.gov/",TRUE
"West Covina","California",FALSE,"West Covina, California",34.0686208,-117.9389526,104467,"Crime Data Explorer","Open Source","https://cde.ucr.cjis.gov/LATEST/webapp/#/pages/explorer/crime/crime-trend",TRUE
"West Des Moines","Iowa",FALSE,"West Des Moines, Iowa",41.5644476,-93.7594059,48315,"Crime Data Explorer","Provided by Agency","From IA",TRUE
"West Hartford","Connecticut",FALSE,"West Hartford, Connecticut",41.7620447,-72.7420399,64093,"State UCR","Open Source","https://ct.beyond2020.com/ct_public/Dim/dimension.aspx",TRUE
"West Haven","Connecticut",FALSE,"West Haven, Connecticut",41.2706527,-72.9470471,54598,"State UCR","Open Source","https://ct.beyond2020.com/ct_public/Dim/dimension.aspx",TRUE
"West Jordan","Utah",FALSE,"West Jordan, Utah",40.6061337,-111.9395211,114211,"Crime Data Explorer","Open Source","https://bci.utah.gov/crime-in-utah-dashboards/",TRUE
"West New York","New Jersey",FALSE,"West New York, New Jersey",40.7856117,-74.0093129,51260,"Crime Data Explorer","Open Source","https://cde.ucr.cjis.gov/LATEST/webapp/#/pages/explorer/crime/crime-trend",TRUE
"West Valley","Utah",FALSE,"West Valley, Utah",36.5403117,-114.4443529,132686,"Crime Data Explorer","Open Source","https://bci.utah.gov/crime-in-utah-dashboards/",TRUE
"Westfield","Indiana",FALSE,"Westfield, Indiana",40.0428151,-86.1274888,61845,"Crime Data Explorer","Open Source","https://cde.state.mn.us/",TRUE
"Westland","Michigan",FALSE,"Westland, Michigan",42.3238056,-83.4005321,81727,"Crime Data Explorer","Open Source","https://www.michigan.gov/msp/divisions/cjic/dashboard-portal/crime-dashboard",TRUE
"Westminster","California",FALSE,"Westminster, California",33.7578725,-117.9859054,88026,"Agency Aggregated","Open Source","https://www.westminster-ca.gov/departments/police/services/investigations-bureau/crime-analysis/crime-statistics",TRUE
"Westminster","Colorado",FALSE,"Westminster, Colorado",39.8366528,-105.0372046,68877,"State UCR","Open Source","https://coloradocrimestats.state.co.us/public/View/dispview.aspx",TRUE
"Weymouth","Massachusetts",FALSE,"Weymouth, Massachusetts",42.2212188,-70.9391625,60802,"State UCR","Provided by State UCR Program","https://www.mass.gov/crime-statistics",TRUE
"Wichita Falls","Texas",FALSE,"Wichita Falls, Texas",33.9004572,-98.5020777,102761,"State UCR","Open Source","https://txucr.nibrs.com/SRSReport/CrimeTrends",TRUE
"Will County","Illinois",TRUE,"Will County, Illinois",41.4194058,-87.9994754,114176,"State UCR","Open Source","https://ilucr.nibrs.com/Report/CrimeTrends",TRUE
"Williamson County","Texas",TRUE,"Williamson County, Texas",30.6580927,-97.6041649,219339,"State UCR","Open Source","https://txucr.nibrs.com/SRSReport/CrimeTrends",TRUE
"Wilmington","North Carolina",FALSE,"Wilmington, North Carolina",34.2352853,-77.9487284,125101,"State UCR","Provided by State UCR Program","From NC",TRUE
"Winston-Salem","North Carolina",FALSE,"Winston-Salem, North Carolina",36.0998131,-80.2440518,254041,"State UCR","Provided by State UCR Program","From NC",FALSE
"Woodbury","Minnesota",FALSE,"Woodbury, Minnesota",44.919896,-92.9339449,80940,"State UCR","Open Source","https://cde.state.mn.us/",TRUE
"Worcester","Massachusetts",FALSE,"Worcester, Massachusetts",42.2625621,-71.8018877,212425,"State UCR","Provided by State UCR Program","https://www.mass.gov/crime-statistics",FALSE
"Wright County","Minnesota",TRUE,"Wright County, Minnesota",45.1489061,-93.9639196,133209,"State UCR","Open Source","https://cde.state.mn.us/CrimesAgainstPerson/CrimesAgainstPerson",TRUE
"Wylie","Texas",FALSE,"Wylie, Texas",33.0151561,-96.5388038,59065,"State UCR","Open Source","https://txucr.nibrs.com/SRSReport/CrimeTrends",FALSE
"Wyoming","Michigan",FALSE,"Wyoming, Michigan",42.9132581,-85.7057035,77684,"Crime Data Explorer","Open Source","https://www.michigan.gov/msp/divisions/cjic/dashboard-portal/crime-dashboard",TRUE
"Yakima","Washington",FALSE,"Yakima, Washington",46.601557,-120.510842,96646,"Crime Data Explorer","Open Source","https://cde.ucr.cjis.gov/LATEST/webapp/#/pages/explorer/crime/crime-trend",FALSE
"Yavapai County","Arizona",TRUE,"Yavapai County, Arizona",34.5668857,-112.5515965,101292,"State UCR","Agency Aggregated","https://azcrimestatistics.azdps.gov/",FALSE
"Yorba Linda","California",FALSE,"Yorba Linda, California",33.8901096,-117.8249705,65469,"Crime Data Explorer","Open Source","https://cde.ucr.cjis.gov/LATEST/webapp/#/pages/explorer/crime/crime-trend",TRUE
"Youngstown","Ohio",FALSE,"Youngstown, Ohio",41.1035786,-80.6520161,58849,"State UCR","Provided by State UCR Program","https://ocjs.ohio.gov/",FALSE
"Yuma","Arizona",FALSE,"Yuma, Arizona",32.7254216,-114.6198088,101989,"State UCR","Open Source","https://azcrimestatistics.azdps.gov/",TRUE
