"crime_type","YTD","PrevYTD","Percent_Change","Date_Through","agency_full","Month_Through","Last Updated","population","number_of_agencies","type"
"Aggravated Assaults",109,83,"31.3253012048193",2026-03-01,"Abilene, Texas","Mar 2026","2026-05-18 10:10:31 EDT",128387,1,"Individual Agencies"
"Burglaries",79,92,"-14.1304347826087",2026-03-01,"Abilene, Texas","Mar 2026","2026-05-18 10:10:31 EDT",128387,1,"Individual Agencies"
"Motor Vehicle Thefts",61,25,"144",2026-03-01,"Abilene, Texas","Mar 2026","2026-05-18 10:10:31 EDT",128387,1,"Individual Agencies"
"Murders",3,1,"200",2026-03-01,"Abilene, Texas","Mar 2026","2026-05-18 10:10:31 EDT",128387,1,"Individual Agencies"
"Property Crimes",522,492,"6.09756097560976",2026-03-01,"Abilene, Texas","Mar 2026","2026-05-18 10:10:31 EDT",128387,1,"Individual Agencies"
"Rapes",12,27,"-55.5555555555556",2026-03-01,"Abilene, Texas","Mar 2026","2026-05-18 10:10:31 EDT",128387,1,"Individual Agencies"
"Robberies",6,14,"-57.1428571428571",2026-03-01,"Abilene, Texas","Mar 2026","2026-05-18 10:10:31 EDT",128387,1,"Individual Agencies"
"Thefts",382,375,"1.86666666666667",2026-03-01,"Abilene, Texas","Mar 2026","2026-05-18 10:10:31 EDT",128387,1,"Individual Agencies"
"Violent Crimes",130,125,"4",2026-03-01,"Abilene, Texas","Mar 2026","2026-05-18 10:10:31 EDT",128387,1,"Individual Agencies"
"Aggravated Assaults",7,1,"600",2026-03-01,"Abington, Pennsylvania","Mar 2026","2026-05-18 10:10:31 EDT",58433,1,"Individual Agencies"
"Burglaries",13,4,"225",2026-03-01,"Abington, Pennsylvania","Mar 2026","2026-05-18 10:10:31 EDT",58433,1,"Individual Agencies"
"Motor Vehicle Thefts",10,18,"-44.4444444444444",2026-03-01,"Abington, Pennsylvania","Mar 2026","2026-05-18 10:10:31 EDT",58433,1,"Individual Agencies"
"Murders",0,0,"0",2026-03-01,"Abington, Pennsylvania","Mar 2026","2026-05-18 10:10:31 EDT",58433,1,"Individual Agencies"
"Property Crimes",194,227,"-14.5374449339207",2026-03-01,"Abington, Pennsylvania","Mar 2026","2026-05-18 10:10:31 EDT",58433,1,"Individual Agencies"
"Rapes",3,1,"200",2026-03-01,"Abington, Pennsylvania","Mar 2026","2026-05-18 10:10:31 EDT",58433,1,"Individual Agencies"
"Robberies",5,5,"0",2026-03-01,"Abington, Pennsylvania","Mar 2026","2026-05-18 10:10:31 EDT",58433,1,"Individual Agencies"
"Thefts",171,205,"-16.5853658536585",2026-03-01,"Abington, Pennsylvania","Mar 2026","2026-05-18 10:10:31 EDT",58433,1,"Individual Agencies"
"Violent Crimes",15,7,"114.285714285714",2026-03-01,"Abington, Pennsylvania","Mar 2026","2026-05-18 10:10:31 EDT",58433,1,"Individual Agencies"
"Aggravated Assaults",34,36,"-5.55555555555556",2026-03-01,"Ada County, Idaho","Mar 2026","2026-05-18 10:10:31 EDT",138487,1,"Individual Agencies"
"Burglaries",16,18,"-11.1111111111111",2026-03-01,"Ada County, Idaho","Mar 2026","2026-05-18 10:10:31 EDT",138487,1,"Individual Agencies"
"Motor Vehicle Thefts",7,7,"0",2026-03-01,"Ada County, Idaho","Mar 2026","2026-05-18 10:10:31 EDT",138487,1,"Individual Agencies"
"Murders",0,0,"0",2026-03-01,"Ada County, Idaho","Mar 2026","2026-05-18 10:10:31 EDT",138487,1,"Individual Agencies"
"Property Crimes",89,96,"-7.29166666666667",2026-03-01,"Ada County, Idaho","Mar 2026","2026-05-18 10:10:31 EDT",138487,1,"Individual Agencies"
"Rapes",4,9,"-55.5555555555556",2026-03-01,"Ada County, Idaho","Mar 2026","2026-05-18 10:10:31 EDT",138487,1,"Individual Agencies"
"Robberies",1,0,"Undefined",2026-03-01,"Ada County, Idaho","Mar 2026","2026-05-18 10:10:31 EDT",138487,1,"Individual Agencies"
"Thefts",66,71,"-7.04225352112676",2026-03-01,"Ada County, Idaho","Mar 2026","2026-05-18 10:10:31 EDT",138487,1,"Individual Agencies"
"Violent Crimes",39,45,"-13.3333333333333",2026-03-01,"Ada County, Idaho","Mar 2026","2026-05-18 10:10:31 EDT",138487,1,"Individual Agencies"
"Aggravated Assaults",63,38,"65.7894736842105",2026-03-01,"Adams County, Colorado","Mar 2026","2026-05-18 10:10:31 EDT",100798,1,"Individual Agencies"
"Burglaries",52,52,"0",2026-03-01,"Adams County, Colorado","Mar 2026","2026-05-18 10:10:31 EDT",100798,1,"Individual Agencies"
"Motor Vehicle Thefts",94,151,"-37.7483443708609",2026-03-01,"Adams County, Colorado","Mar 2026","2026-05-18 10:10:31 EDT",100798,1,"Individual Agencies"
"Murders",6,0,"Undefined",2026-03-01,"Adams County, Colorado","Mar 2026","2026-05-18 10:10:31 EDT",100798,1,"Individual Agencies"
"Property Crimes",385,490,"-21.4285714285714",2026-03-01,"Adams County, Colorado","Mar 2026","2026-05-18 10:10:31 EDT",100798,1,"Individual Agencies"
"Rapes",12,5,"140",2026-03-01,"Adams County, Colorado","Mar 2026","2026-05-18 10:10:31 EDT",100798,1,"Individual Agencies"
"Robberies",13,7,"85.7142857142857",2026-03-01,"Adams County, Colorado","Mar 2026","2026-05-18 10:10:31 EDT",100798,1,"Individual Agencies"
"Thefts",239,287,"-16.7247386759582",2026-03-01,"Adams County, Colorado","Mar 2026","2026-05-18 10:10:31 EDT",100798,1,"Individual Agencies"
"Violent Crimes",94,50,"88",2026-03-01,"Adams County, Colorado","Mar 2026","2026-05-18 10:10:31 EDT",100798,1,"Individual Agencies"
"Aggravated Assaults",14436,14874,"-2.94473578055668",2026-03-01,"Agencies of 100K - 250K, Nationwide","Mar 2026","2026-05-18 10:10:31 EDT",25269667,179,"National Samples"
"Burglaries",10389,13033,"-20.2869638609683",2026-03-01,"Agencies of 100K - 250K, Nationwide","Mar 2026","2026-05-18 10:10:31 EDT",25269667,179,"National Samples"
"Motor Vehicle Thefts",9853,13129,"-24.9523954604311",2026-03-01,"Agencies of 100K - 250K, Nationwide","Mar 2026","2026-05-18 10:10:31 EDT",25269667,179,"National Samples"
"Murders",238,312,"-23.7179487179487",2026-03-01,"Agencies of 100K - 250K, Nationwide","Mar 2026","2026-05-18 10:10:31 EDT",25269667,179,"National Samples"
"Property Crimes",84556,97696,"-13.4498853586636",2026-03-01,"Agencies of 100K - 250K, Nationwide","Mar 2026","2026-05-18 10:10:31 EDT",25269667,179,"National Samples"
"Rapes",2125,2463,"-13.723101908242",2026-03-01,"Agencies of 100K - 250K, Nationwide","Mar 2026","2026-05-18 10:10:31 EDT",25269667,179,"National Samples"
"Robberies",2397,2937,"-18.3861082737487",2026-03-01,"Agencies of 100K - 250K, Nationwide","Mar 2026","2026-05-18 10:10:31 EDT",25269667,179,"National Samples"
"Thefts",64314,71534,"-10.093102580591",2026-03-01,"Agencies of 100K - 250K, Nationwide","Mar 2026","2026-05-18 10:10:31 EDT",25269667,179,"National Samples"
"Violent Crimes",19196,20586,"-6.7521616632663",2026-03-01,"Agencies of 100K - 250K, Nationwide","Mar 2026","2026-05-18 10:10:31 EDT",25269667,179,"National Samples"
"Aggravated Assaults",29109,29975,"-2.88907422852377",2026-03-01,"Agencies of 1M+, Nationwide","Mar 2026","2026-05-18 10:10:31 EDT",31356426,14,"National Samples"
"Burglaries",18801,23650,"-20.5031712473573",2026-03-01,"Agencies of 1M+, Nationwide","Mar 2026","2026-05-18 10:10:31 EDT",31356426,14,"National Samples"
"Motor Vehicle Thefts",29202,35074,"-16.7417460226949",2026-03-01,"Agencies of 1M+, Nationwide","Mar 2026","2026-05-18 10:10:31 EDT",31356426,14,"National Samples"
"Murders",462,564,"-18.0851063829787",2026-03-01,"Agencies of 1M+, Nationwide","Mar 2026","2026-05-18 10:10:31 EDT",31356426,14,"National Samples"
"Property Crimes",154354,173329,"-10.9473890693421",2026-03-01,"Agencies of 1M+, Nationwide","Mar 2026","2026-05-18 10:10:31 EDT",31356426,14,"National Samples"
"Rapes",2811,2919,"-3.69989722507708",2026-03-01,"Agencies of 1M+, Nationwide","Mar 2026","2026-05-18 10:10:31 EDT",31356426,14,"National Samples"
"Robberies",10285,11796,"-12.8094269243811",2026-03-01,"Agencies of 1M+, Nationwide","Mar 2026","2026-05-18 10:10:31 EDT",31356426,14,"National Samples"
"Thefts",106351,114605,"-7.20212905196108",2026-03-01,"Agencies of 1M+, Nationwide","Mar 2026","2026-05-18 10:10:31 EDT",31356426,14,"National Samples"
"Violent Crimes",42667,45254,"-5.71662173509524",2026-03-01,"Agencies of 1M+, Nationwide","Mar 2026","2026-05-18 10:10:31 EDT",31356426,14,"National Samples"
"Aggravated Assaults",31315,32124,"-2.51836633046943",2026-03-01,"Agencies of 250K - 1M, Nationwide","Mar 2026","2026-05-18 10:10:31 EDT",37714372,79,"National Samples"
"Burglaries",24881,29456,"-15.5316404128191",2026-03-01,"Agencies of 250K - 1M, Nationwide","Mar 2026","2026-05-18 10:10:31 EDT",37714372,79,"National Samples"
"Motor Vehicle Thefts",31069,39650,"-21.6418663303909",2026-03-01,"Agencies of 250K - 1M, Nationwide","Mar 2026","2026-05-18 10:10:31 EDT",37714372,79,"National Samples"
"Murders",563,728,"-22.6648351648352",2026-03-01,"Agencies of 250K - 1M, Nationwide","Mar 2026","2026-05-18 10:10:31 EDT",37714372,79,"National Samples"
"Property Crimes",198279,223676,"-11.3543697133354",2026-03-01,"Agencies of 250K - 1M, Nationwide","Mar 2026","2026-05-18 10:10:31 EDT",37714372,79,"National Samples"
"Rapes",3755,4124,"-8.94762366634336",2026-03-01,"Agencies of 250K - 1M, Nationwide","Mar 2026","2026-05-18 10:10:31 EDT",37714372,79,"National Samples"
"Robberies",7746,9489,"-18.3686373695858",2026-03-01,"Agencies of 250K - 1M, Nationwide","Mar 2026","2026-05-18 10:10:31 EDT",37714372,79,"National Samples"
"Thefts",142329,154570,"-7.91938927346833",2026-03-01,"Agencies of 250K - 1M, Nationwide","Mar 2026","2026-05-18 10:10:31 EDT",37714372,79,"National Samples"
"Violent Crimes",43379,46465,"-6.64155816205746",2026-03-01,"Agencies of 250K - 1M, Nationwide","Mar 2026","2026-05-18 10:10:31 EDT",37714372,79,"National Samples"
"Aggravated Assaults",9096,9241,"-1.56909425386863",2026-03-01,"Agencies of < 100K, Nationwide","Mar 2026","2026-05-18 10:10:31 EDT",19726595,285,"National Samples"
"Burglaries",7398,8648,"-14.4542090656799",2026-03-01,"Agencies of < 100K, Nationwide","Mar 2026","2026-05-18 10:10:31 EDT",19726595,285,"National Samples"
"Motor Vehicle Thefts",6040,7887,"-23.4182832509192",2026-03-01,"Agencies of < 100K, Nationwide","Mar 2026","2026-05-18 10:10:31 EDT",19726595,285,"National Samples"
"Murders",135,141,"-4.25531914893617",2026-03-01,"Agencies of < 100K, Nationwide","Mar 2026","2026-05-18 10:10:31 EDT",19726595,285,"National Samples"
"Property Crimes",70934,80246,"-11.6043167260673",2026-03-01,"Agencies of < 100K, Nationwide","Mar 2026","2026-05-18 10:10:31 EDT",19726595,285,"National Samples"
"Rapes",1738,1950,"-10.8717948717949",2026-03-01,"Agencies of < 100K, Nationwide","Mar 2026","2026-05-18 10:10:31 EDT",19726595,285,"National Samples"
"Robberies",1551,1790,"-13.3519553072626",2026-03-01,"Agencies of < 100K, Nationwide","Mar 2026","2026-05-18 10:10:31 EDT",19726595,285,"National Samples"
"Thefts",57496,63711,"-9.75498736481926",2026-03-01,"Agencies of < 100K, Nationwide","Mar 2026","2026-05-18 10:10:31 EDT",19726595,285,"National Samples"
"Violent Crimes",12520,13122,"-4.58771528730376",2026-03-01,"Agencies of < 100K, Nationwide","Mar 2026","2026-05-18 10:10:31 EDT",19726595,285,"National Samples"
"Aggravated Assaults",58,61,"-4.91803278688525",2026-03-01,"Aiken County, South Carolina","Mar 2026","2026-05-18 10:10:31 EDT",110756,1,"Individual Agencies"
"Burglaries",58,87,"-33.3333333333333",2026-03-01,"Aiken County, South Carolina","Mar 2026","2026-05-18 10:10:31 EDT",110756,1,"Individual Agencies"
"Motor Vehicle Thefts",70,54,"29.6296296296296",2026-03-01,"Aiken County, South Carolina","Mar 2026","2026-05-18 10:10:31 EDT",110756,1,"Individual Agencies"
"Murders",2,4,"-50",2026-03-01,"Aiken County, South Carolina","Mar 2026","2026-05-18 10:10:31 EDT",110756,1,"Individual Agencies"
"Property Crimes",391,367,"6.53950953678474",2026-03-01,"Aiken County, South Carolina","Mar 2026","2026-05-18 10:10:31 EDT",110756,1,"Individual Agencies"
"Rapes",8,11,"-27.2727272727273",2026-03-01,"Aiken County, South Carolina","Mar 2026","2026-05-18 10:10:31 EDT",110756,1,"Individual Agencies"
"Robberies",0,2,"-100",2026-03-01,"Aiken County, South Carolina","Mar 2026","2026-05-18 10:10:31 EDT",110756,1,"Individual Agencies"
"Thefts",263,226,"16.3716814159292",2026-03-01,"Aiken County, South Carolina","Mar 2026","2026-05-18 10:10:31 EDT",110756,1,"Individual Agencies"
"Violent Crimes",68,78,"-12.8205128205128",2026-03-01,"Aiken County, South Carolina","Mar 2026","2026-05-18 10:10:31 EDT",110756,1,"Individual Agencies"
"Aggravated Assaults",86,66,"30.3030303030303",2026-01-01,"Akron, Ohio","Jan 2026","2026-05-18 10:10:31 EDT",187705,1,"Individual Agencies"
"Burglaries",47,57,"-17.5438596491228",2026-01-01,"Akron, Ohio","Jan 2026","2026-05-18 10:10:31 EDT",187705,1,"Individual Agencies"
"Motor Vehicle Thefts",60,57,"5.26315789473684",2026-01-01,"Akron, Ohio","Jan 2026","2026-05-18 10:10:31 EDT",187705,1,"Individual Agencies"
"Murders",2,0,"Undefined",2026-01-01,"Akron, Ohio","Jan 2026","2026-05-18 10:10:31 EDT",187705,1,"Individual Agencies"
"Rapes",18,20,"-10",2026-01-01,"Akron, Ohio","Jan 2026","2026-05-18 10:10:31 EDT",187705,1,"Individual Agencies"
"Robberies",13,8,"62.5",2026-01-01,"Akron, Ohio","Jan 2026","2026-05-18 10:10:31 EDT",187705,1,"Individual Agencies"
"Thefts",304,386,"-21.2435233160622",2026-01-01,"Akron, Ohio","Jan 2026","2026-05-18 10:10:31 EDT",187705,1,"Individual Agencies"
"Aggravated Assaults",111,117,"-5.12820512820513",2026-03-01,"Alameda County, California","Mar 2026","2026-05-18 10:10:31 EDT",148466,1,"Individual Agencies"
"Burglaries",27,50,"-46",2026-03-01,"Alameda County, California","Mar 2026","2026-05-18 10:10:31 EDT",148466,1,"Individual Agencies"
"Motor Vehicle Thefts",97,124,"-21.7741935483871",2026-03-01,"Alameda County, California","Mar 2026","2026-05-18 10:10:31 EDT",148466,1,"Individual Agencies"
"Murders",1,1,"0",2026-03-01,"Alameda County, California","Mar 2026","2026-05-18 10:10:31 EDT",148466,1,"Individual Agencies"
"Property Crimes",464,451,"2.88248337028825",2026-03-01,"Alameda County, California","Mar 2026","2026-05-18 10:10:31 EDT",148466,1,"Individual Agencies"
"Rapes",9,7,"28.5714285714286",2026-03-01,"Alameda County, California","Mar 2026","2026-05-18 10:10:31 EDT",148466,1,"Individual Agencies"
"Robberies",38,38,"0",2026-03-01,"Alameda County, California","Mar 2026","2026-05-18 10:10:31 EDT",148466,1,"Individual Agencies"
"Thefts",340,277,"22.7436823104693",2026-03-01,"Alameda County, California","Mar 2026","2026-05-18 10:10:31 EDT",148466,1,"Individual Agencies"
"Violent Crimes",159,163,"-2.45398773006135",2026-03-01,"Alameda County, California","Mar 2026","2026-05-18 10:10:31 EDT",148466,1,"Individual Agencies"
"Aggravated Assaults",28,31,"-9.67741935483871",2026-03-01,"Alameda, California","Mar 2026","2026-05-18 10:10:31 EDT",75061,1,"Individual Agencies"
"Burglaries",62,68,"-8.82352941176471",2026-03-01,"Alameda, California","Mar 2026","2026-05-18 10:10:31 EDT",75061,1,"Individual Agencies"
"Motor Vehicle Thefts",95,107,"-11.214953271028",2026-03-01,"Alameda, California","Mar 2026","2026-05-18 10:10:31 EDT",75061,1,"Individual Agencies"
"Murders",0,0,"0",2026-03-01,"Alameda, California","Mar 2026","2026-05-18 10:10:31 EDT",75061,1,"Individual Agencies"
"Property Crimes",684,647,"5.71870170015456",2026-03-01,"Alameda, California","Mar 2026","2026-05-18 10:10:31 EDT",75061,1,"Individual Agencies"
"Rapes",6,4,"50",2026-03-01,"Alameda, California","Mar 2026","2026-05-18 10:10:31 EDT",75061,1,"Individual Agencies"
"Robberies",22,32,"-31.25",2026-03-01,"Alameda, California","Mar 2026","2026-05-18 10:10:31 EDT",75061,1,"Individual Agencies"
"Thefts",527,472,"11.6525423728814",2026-03-01,"Alameda, California","Mar 2026","2026-05-18 10:10:31 EDT",75061,1,"Individual Agencies"
"Violent Crimes",56,67,"-16.4179104477612",2026-03-01,"Alameda, California","Mar 2026","2026-05-18 10:10:31 EDT",75061,1,"Individual Agencies"
"Aggravated Assaults",104,128,"-18.75",2026-03-01,"Albany, Georgia","Mar 2026","2026-05-18 10:10:31 EDT",66281,1,"Individual Agencies"
"Burglaries",74,74,"0",2026-03-01,"Albany, Georgia","Mar 2026","2026-05-18 10:10:31 EDT",66281,1,"Individual Agencies"
"Motor Vehicle Thefts",59,61,"-3.27868852459016",2026-03-01,"Albany, Georgia","Mar 2026","2026-05-18 10:10:31 EDT",66281,1,"Individual Agencies"
"Murders",3,4,"-25",2026-03-01,"Albany, Georgia","Mar 2026","2026-05-18 10:10:31 EDT",66281,1,"Individual Agencies"
"Property Crimes",522,557,"-6.28366247755835",2026-03-01,"Albany, Georgia","Mar 2026","2026-05-18 10:10:31 EDT",66281,1,"Individual Agencies"
"Rapes",12,20,"-40",2026-03-01,"Albany, Georgia","Mar 2026","2026-05-18 10:10:31 EDT",66281,1,"Individual Agencies"
"Robberies",13,13,"0",2026-03-01,"Albany, Georgia","Mar 2026","2026-05-18 10:10:31 EDT",66281,1,"Individual Agencies"
"Thefts",389,422,"-7.81990521327014",2026-03-01,"Albany, Georgia","Mar 2026","2026-05-18 10:10:31 EDT",66281,1,"Individual Agencies"
"Violent Crimes",132,165,"-20",2026-03-01,"Albany, Georgia","Mar 2026","2026-05-18 10:10:31 EDT",66281,1,"Individual Agencies"
"Aggravated Assaults",71,71,"0",2026-02-01,"Albany, New York","Feb 2026","2026-05-18 10:10:31 EDT",101930,1,"Individual Agencies"
"Burglaries",42,45,"-6.66666666666667",2026-02-01,"Albany, New York","Feb 2026","2026-05-18 10:10:31 EDT",101930,1,"Individual Agencies"
"Motor Vehicle Thefts",33,33,"0",2026-02-01,"Albany, New York","Feb 2026","2026-05-18 10:10:31 EDT",101930,1,"Individual Agencies"
"Murders",1,2,"-50",2026-02-01,"Albany, New York","Feb 2026","2026-05-18 10:10:31 EDT",101930,1,"Individual Agencies"
"Rapes",7,12,"-41.6666666666667",2026-02-01,"Albany, New York","Feb 2026","2026-05-18 10:10:31 EDT",101930,1,"Individual Agencies"
"Robberies",23,16,"43.75",2026-02-01,"Albany, New York","Feb 2026","2026-05-18 10:10:31 EDT",101930,1,"Individual Agencies"
"Thefts",313,272,"15.0735294117647",2026-02-01,"Albany, New York","Feb 2026","2026-05-18 10:10:31 EDT",101930,1,"Individual Agencies"
"Aggravated Assaults",12,10,"20",2026-03-01,"Albany, Oregon","Mar 2026","2026-05-18 10:10:31 EDT",57002,1,"Individual Agencies"
"Burglaries",10,21,"-52.3809523809524",2026-03-01,"Albany, Oregon","Mar 2026","2026-05-18 10:10:31 EDT",57002,1,"Individual Agencies"
"Motor Vehicle Thefts",11,7,"57.1428571428571",2026-03-01,"Albany, Oregon","Mar 2026","2026-05-18 10:10:31 EDT",57002,1,"Individual Agencies"
"Murders",0,0,"0",2026-03-01,"Albany, Oregon","Mar 2026","2026-05-18 10:10:31 EDT",57002,1,"Individual Agencies"
"Property Crimes",259,153,"69.281045751634",2026-03-01,"Albany, Oregon","Mar 2026","2026-05-18 10:10:31 EDT",57002,1,"Individual Agencies"
"Rapes",5,5,"0",2026-03-01,"Albany, Oregon","Mar 2026","2026-05-18 10:10:31 EDT",57002,1,"Individual Agencies"
"Robberies",1,3,"-66.6666666666667",2026-03-01,"Albany, Oregon","Mar 2026","2026-05-18 10:10:31 EDT",57002,1,"Individual Agencies"
"Thefts",238,125,"90.4",2026-03-01,"Albany, Oregon","Mar 2026","2026-05-18 10:10:31 EDT",57002,1,"Individual Agencies"
"Violent Crimes",18,18,"0",2026-03-01,"Albany, Oregon","Mar 2026","2026-05-18 10:10:31 EDT",57002,1,"Individual Agencies"
"Aggravated Assaults",12,6,"100",2026-03-01,"Albemarle County, Virginia","Mar 2026","2026-05-18 10:10:31 EDT",115659,1,"Individual Agencies"
"Burglaries",1,17,"-94.1176470588235",2026-03-01,"Albemarle County, Virginia","Mar 2026","2026-05-18 10:10:31 EDT",115659,1,"Individual Agencies"
"Motor Vehicle Thefts",9,15,"-40",2026-03-01,"Albemarle County, Virginia","Mar 2026","2026-05-18 10:10:31 EDT",115659,1,"Individual Agencies"
"Murders",0,4,"-100",2026-03-01,"Albemarle County, Virginia","Mar 2026","2026-05-18 10:10:31 EDT",115659,1,"Individual Agencies"
"Property Crimes",200,318,"-37.1069182389937",2026-03-01,"Albemarle County, Virginia","Mar 2026","2026-05-18 10:10:31 EDT",115659,1,"Individual Agencies"
"Rapes",6,5,"20",2026-03-01,"Albemarle County, Virginia","Mar 2026","2026-05-18 10:10:31 EDT",115659,1,"Individual Agencies"
"Robberies",3,3,"0",2026-03-01,"Albemarle County, Virginia","Mar 2026","2026-05-18 10:10:31 EDT",115659,1,"Individual Agencies"
"Thefts",190,286,"-33.5664335664336",2026-03-01,"Albemarle County, Virginia","Mar 2026","2026-05-18 10:10:31 EDT",115659,1,"Individual Agencies"
"Violent Crimes",21,18,"16.6666666666667",2026-03-01,"Albemarle County, Virginia","Mar 2026","2026-05-18 10:10:31 EDT",115659,1,"Individual Agencies"
"Murders",11,11,"0",2026-03-01,"Albuquerque, New Mexico","Mar 2026","2026-05-18 10:10:31 EDT",559094,1,"Individual Agencies"
"Property Crimes",0,0,"0",2026-03-01,"Albuquerque, New Mexico","Mar 2026","2026-05-18 10:10:31 EDT",559094,1,"Individual Agencies"
"Violent Crimes",11,11,"0",2026-03-01,"Albuquerque, New Mexico","Mar 2026","2026-05-18 10:10:31 EDT",559094,1,"Individual Agencies"
"Aggravated Assaults",32,17,"88.2352941176471",2026-03-01,"Alhambra, California","Mar 2026","2026-05-18 10:10:31 EDT",79087,1,"Individual Agencies"
"Burglaries",29,74,"-60.8108108108108",2026-03-01,"Alhambra, California","Mar 2026","2026-05-18 10:10:31 EDT",79087,1,"Individual Agencies"
"Motor Vehicle Thefts",20,61,"-67.2131147540984",2026-03-01,"Alhambra, California","Mar 2026","2026-05-18 10:10:31 EDT",79087,1,"Individual Agencies"
"Murders",0,0,"0",2026-03-01,"Alhambra, California","Mar 2026","2026-05-18 10:10:31 EDT",79087,1,"Individual Agencies"
"Property Crimes",350,466,"-24.8927038626609",2026-03-01,"Alhambra, California","Mar 2026","2026-05-18 10:10:31 EDT",79087,1,"Individual Agencies"
"Rapes",0,1,"-100",2026-03-01,"Alhambra, California","Mar 2026","2026-05-18 10:10:31 EDT",79087,1,"Individual Agencies"
"Robberies",12,15,"-20",2026-03-01,"Alhambra, California","Mar 2026","2026-05-18 10:10:31 EDT",79087,1,"Individual Agencies"
"Thefts",301,331,"-9.06344410876133",2026-03-01,"Alhambra, California","Mar 2026","2026-05-18 10:10:31 EDT",79087,1,"Individual Agencies"
"Violent Crimes",44,33,"33.3333333333333",2026-03-01,"Alhambra, California","Mar 2026","2026-05-18 10:10:31 EDT",79087,1,"Individual Agencies"
"Aggravated Assaults",14,14,"0",2026-03-01,"Aliso Viejo, California","Mar 2026","2026-05-18 10:10:31 EDT",50736,1,"Individual Agencies"
"Burglaries",4,8,"-50",2026-03-01,"Aliso Viejo, California","Mar 2026","2026-05-18 10:10:31 EDT",50736,1,"Individual Agencies"
"Motor Vehicle Thefts",13,2,"550",2026-03-01,"Aliso Viejo, California","Mar 2026","2026-05-18 10:10:31 EDT",50736,1,"Individual Agencies"
"Murders",0,0,"0",2026-03-01,"Aliso Viejo, California","Mar 2026","2026-05-18 10:10:31 EDT",50736,1,"Individual Agencies"
"Property Crimes",65,78,"-16.6666666666667",2026-03-01,"Aliso Viejo, California","Mar 2026","2026-05-18 10:10:31 EDT",50736,1,"Individual Agencies"
"Rapes",0,0,"0",2026-03-01,"Aliso Viejo, California","Mar 2026","2026-05-18 10:10:31 EDT",50736,1,"Individual Agencies"
"Robberies",1,1,"0",2026-03-01,"Aliso Viejo, California","Mar 2026","2026-05-18 10:10:31 EDT",50736,1,"Individual Agencies"
"Thefts",48,68,"-29.4117647058824",2026-03-01,"Aliso Viejo, California","Mar 2026","2026-05-18 10:10:31 EDT",50736,1,"Individual Agencies"
"Violent Crimes",15,15,"0",2026-03-01,"Aliso Viejo, California","Mar 2026","2026-05-18 10:10:31 EDT",50736,1,"Individual Agencies"
"Aggravated Assaults",11,10,"10",2026-03-01,"Allen, Texas","Mar 2026","2026-05-18 10:10:31 EDT",114696,1,"Individual Agencies"
"Burglaries",8,11,"-27.2727272727273",2026-03-01,"Allen, Texas","Mar 2026","2026-05-18 10:10:31 EDT",114696,1,"Individual Agencies"
"Motor Vehicle Thefts",6,17,"-64.7058823529412",2026-03-01,"Allen, Texas","Mar 2026","2026-05-18 10:10:31 EDT",114696,1,"Individual Agencies"
"Murders",0,0,"0",2026-03-01,"Allen, Texas","Mar 2026","2026-05-18 10:10:31 EDT",114696,1,"Individual Agencies"
"Property Crimes",154,204,"-24.5098039215686",2026-03-01,"Allen, Texas","Mar 2026","2026-05-18 10:10:31 EDT",114696,1,"Individual Agencies"
"Rapes",2,2,"0",2026-03-01,"Allen, Texas","Mar 2026","2026-05-18 10:10:31 EDT",114696,1,"Individual Agencies"
"Robberies",2,1,"100",2026-03-01,"Allen, Texas","Mar 2026","2026-05-18 10:10:31 EDT",114696,1,"Individual Agencies"
"Thefts",140,176,"-20.4545454545455",2026-03-01,"Allen, Texas","Mar 2026","2026-05-18 10:10:31 EDT",114696,1,"Individual Agencies"
"Violent Crimes",15,13,"15.3846153846154",2026-03-01,"Allen, Texas","Mar 2026","2026-05-18 10:10:31 EDT",114696,1,"Individual Agencies"
"Aggravated Assaults",53,43,"23.2558139534884",2026-03-01,"Allentown, Pennsylvania","Mar 2026","2026-05-18 10:10:31 EDT",124782,1,"Individual Agencies"
"Burglaries",29,32,"-9.375",2026-03-01,"Allentown, Pennsylvania","Mar 2026","2026-05-18 10:10:31 EDT",124782,1,"Individual Agencies"
"Motor Vehicle Thefts",43,33,"30.3030303030303",2026-03-01,"Allentown, Pennsylvania","Mar 2026","2026-05-18 10:10:31 EDT",124782,1,"Individual Agencies"
"Murders",1,1,"0",2026-03-01,"Allentown, Pennsylvania","Mar 2026","2026-05-18 10:10:31 EDT",124782,1,"Individual Agencies"
"Property Crimes",391,392,"-0.255102040816327",2026-03-01,"Allentown, Pennsylvania","Mar 2026","2026-05-18 10:10:31 EDT",124782,1,"Individual Agencies"
"Rapes",3,17,"-82.3529411764706",2026-03-01,"Allentown, Pennsylvania","Mar 2026","2026-05-18 10:10:31 EDT",124782,1,"Individual Agencies"
"Robberies",11,22,"-50",2026-03-01,"Allentown, Pennsylvania","Mar 2026","2026-05-18 10:10:31 EDT",124782,1,"Individual Agencies"
"Thefts",319,327,"-2.44648318042813",2026-03-01,"Allentown, Pennsylvania","Mar 2026","2026-05-18 10:10:31 EDT",124782,1,"Individual Agencies"
"Violent Crimes",68,83,"-18.0722891566265",2026-03-01,"Allentown, Pennsylvania","Mar 2026","2026-05-18 10:10:31 EDT",124782,1,"Individual Agencies"
"Aggravated Assaults",21,23,"-8.69565217391304",2026-03-01,"Alpharetta, Georgia","Mar 2026","2026-05-18 10:10:31 EDT",68139,1,"Individual Agencies"
"Burglaries",7,12,"-41.6666666666667",2026-03-01,"Alpharetta, Georgia","Mar 2026","2026-05-18 10:10:31 EDT",68139,1,"Individual Agencies"
"Motor Vehicle Thefts",3,7,"-57.1428571428571",2026-03-01,"Alpharetta, Georgia","Mar 2026","2026-05-18 10:10:31 EDT",68139,1,"Individual Agencies"
"Murders",0,0,"0",2026-03-01,"Alpharetta, Georgia","Mar 2026","2026-05-18 10:10:31 EDT",68139,1,"Individual Agencies"
"Property Crimes",110,151,"-27.1523178807947",2026-03-01,"Alpharetta, Georgia","Mar 2026","2026-05-18 10:10:31 EDT",68139,1,"Individual Agencies"
"Rapes",1,1,"0",2026-03-01,"Alpharetta, Georgia","Mar 2026","2026-05-18 10:10:31 EDT",68139,1,"Individual Agencies"
"Robberies",1,1,"0",2026-03-01,"Alpharetta, Georgia","Mar 2026","2026-05-18 10:10:31 EDT",68139,1,"Individual Agencies"
"Thefts",100,132,"-24.2424242424242",2026-03-01,"Alpharetta, Georgia","Mar 2026","2026-05-18 10:10:31 EDT",68139,1,"Individual Agencies"
"Violent Crimes",23,25,"-8",2026-03-01,"Alpharetta, Georgia","Mar 2026","2026-05-18 10:10:31 EDT",68139,1,"Individual Agencies"
"Aggravated Assaults",125,101,"23.7623762376238",2026-02-01,"Amarillo, Texas","Feb 2026","2026-05-18 10:10:31 EDT",201684,1,"Individual Agencies"
"Burglaries",83,85,"-2.35294117647059",2026-02-01,"Amarillo, Texas","Feb 2026","2026-05-18 10:10:31 EDT",201684,1,"Individual Agencies"
"Motor Vehicle Thefts",62,72,"-13.8888888888889",2026-02-01,"Amarillo, Texas","Feb 2026","2026-05-18 10:10:31 EDT",201684,1,"Individual Agencies"
"Murders",1,1,"0",2026-02-01,"Amarillo, Texas","Feb 2026","2026-05-18 10:10:31 EDT",201684,1,"Individual Agencies"
"Rapes",16,14,"14.2857142857143",2026-02-01,"Amarillo, Texas","Feb 2026","2026-05-18 10:10:31 EDT",201684,1,"Individual Agencies"
"Robberies",10,16,"-37.5",2026-02-01,"Amarillo, Texas","Feb 2026","2026-05-18 10:10:31 EDT",201684,1,"Individual Agencies"
"Thefts",496,688,"-27.906976744186",2026-02-01,"Amarillo, Texas","Feb 2026","2026-05-18 10:10:31 EDT",201684,1,"Individual Agencies"
"Aggravated Assaults",7,7,"0",2026-03-01,"Ames, Iowa","Mar 2026","2026-05-18 10:10:31 EDT",67186,1,"Individual Agencies"
"Burglaries",24,31,"-22.5806451612903",2026-03-01,"Ames, Iowa","Mar 2026","2026-05-18 10:10:31 EDT",67186,1,"Individual Agencies"
"Motor Vehicle Thefts",7,19,"-63.1578947368421",2026-03-01,"Ames, Iowa","Mar 2026","2026-05-18 10:10:31 EDT",67186,1,"Individual Agencies"
"Murders",2,1,"100",2026-03-01,"Ames, Iowa","Mar 2026","2026-05-18 10:10:31 EDT",67186,1,"Individual Agencies"
"Rapes",9,15,"-40",2026-03-01,"Ames, Iowa","Mar 2026","2026-05-18 10:10:31 EDT",67186,1,"Individual Agencies"
"Robberies",0,0,"0",2026-03-01,"Ames, Iowa","Mar 2026","2026-05-18 10:10:31 EDT",67186,1,"Individual Agencies"
"Thefts",106,185,"-42.7027027027027",2026-03-01,"Ames, Iowa","Mar 2026","2026-05-18 10:10:31 EDT",67186,1,"Individual Agencies"
"Aggravated Assaults",528,283,"86.5724381625442",2026-03-01,"Anaheim, California","Mar 2026","2026-05-18 10:10:31 EDT",343147,1,"Individual Agencies"
"Burglaries",219,202,"8.41584158415842",2026-03-01,"Anaheim, California","Mar 2026","2026-05-18 10:10:31 EDT",343147,1,"Individual Agencies"
"Motor Vehicle Thefts",190,255,"-25.4901960784314",2026-03-01,"Anaheim, California","Mar 2026","2026-05-18 10:10:31 EDT",343147,1,"Individual Agencies"
"Murders",2,3,"-33.3333333333333",2026-03-01,"Anaheim, California","Mar 2026","2026-05-18 10:10:31 EDT",343147,1,"Individual Agencies"
"Property Crimes",1482,1700,"-12.8235294117647",2026-03-01,"Anaheim, California","Mar 2026","2026-05-18 10:10:31 EDT",343147,1,"Individual Agencies"
"Rapes",29,37,"-21.6216216216216",2026-03-01,"Anaheim, California","Mar 2026","2026-05-18 10:10:31 EDT",343147,1,"Individual Agencies"
"Robberies",62,87,"-28.735632183908",2026-03-01,"Anaheim, California","Mar 2026","2026-05-18 10:10:31 EDT",343147,1,"Individual Agencies"
"Thefts",1073,1243,"-13.6765888978278",2026-03-01,"Anaheim, California","Mar 2026","2026-05-18 10:10:31 EDT",343147,1,"Individual Agencies"
"Violent Crimes",621,410,"51.4634146341463",2026-03-01,"Anaheim, California","Mar 2026","2026-05-18 10:10:31 EDT",343147,1,"Individual Agencies"
"Aggravated Assaults",121,112,"8.03571428571429",2026-03-01,"Anderson County, South Carolina","Mar 2026","2026-05-18 10:10:31 EDT",164574,1,"Individual Agencies"
"Burglaries",107,109,"-1.8348623853211",2026-03-01,"Anderson County, South Carolina","Mar 2026","2026-05-18 10:10:31 EDT",164574,1,"Individual Agencies"
"Motor Vehicle Thefts",48,66,"-27.2727272727273",2026-03-01,"Anderson County, South Carolina","Mar 2026","2026-05-18 10:10:31 EDT",164574,1,"Individual Agencies"
"Murders",2,4,"-50",2026-03-01,"Anderson County, South Carolina","Mar 2026","2026-05-18 10:10:31 EDT",164574,1,"Individual Agencies"
"Property Crimes",657,642,"2.33644859813084",2026-03-01,"Anderson County, South Carolina","Mar 2026","2026-05-18 10:10:31 EDT",164574,1,"Individual Agencies"
"Rapes",7,20,"-65",2026-03-01,"Anderson County, South Carolina","Mar 2026","2026-05-18 10:10:31 EDT",164574,1,"Individual Agencies"
"Robberies",9,9,"0",2026-03-01,"Anderson County, South Carolina","Mar 2026","2026-05-18 10:10:31 EDT",164574,1,"Individual Agencies"
"Thefts",502,467,"7.49464668094218",2026-03-01,"Anderson County, South Carolina","Mar 2026","2026-05-18 10:10:31 EDT",164574,1,"Individual Agencies"
"Violent Crimes",139,145,"-4.13793103448276",2026-03-01,"Anderson County, South Carolina","Mar 2026","2026-05-18 10:10:31 EDT",164574,1,"Individual Agencies"
"Aggravated Assaults",22,16,"37.5",2026-02-01,"Anderson, Indiana","Feb 2026","2026-05-18 10:10:31 EDT",55275,1,"Individual Agencies"
"Burglaries",42,26,"61.5384615384615",2026-02-01,"Anderson, Indiana","Feb 2026","2026-05-18 10:10:31 EDT",55275,1,"Individual Agencies"
"Motor Vehicle Thefts",18,46,"-60.8695652173913",2026-02-01,"Anderson, Indiana","Feb 2026","2026-05-18 10:10:31 EDT",55275,1,"Individual Agencies"
"Murders",0,0,"0",2026-02-01,"Anderson, Indiana","Feb 2026","2026-05-18 10:10:31 EDT",55275,1,"Individual Agencies"
"Rapes",3,5,"-40",2026-02-01,"Anderson, Indiana","Feb 2026","2026-05-18 10:10:31 EDT",55275,1,"Individual Agencies"
"Robberies",1,0,"Undefined",2026-02-01,"Anderson, Indiana","Feb 2026","2026-05-18 10:10:31 EDT",55275,1,"Individual Agencies"
"Thefts",92,112,"-17.8571428571429",2026-02-01,"Anderson, Indiana","Feb 2026","2026-05-18 10:10:31 EDT",55275,1,"Individual Agencies"
"Aggravated Assaults",15,18,"-16.6666666666667",2026-03-01,"Ankeny, Iowa","Mar 2026","2026-05-18 10:10:31 EDT",74233,1,"Individual Agencies"
"Burglaries",11,13,"-15.3846153846154",2026-03-01,"Ankeny, Iowa","Mar 2026","2026-05-18 10:10:31 EDT",74233,1,"Individual Agencies"
"Motor Vehicle Thefts",8,14,"-42.8571428571429",2026-03-01,"Ankeny, Iowa","Mar 2026","2026-05-18 10:10:31 EDT",74233,1,"Individual Agencies"
"Murders",2,0,"Undefined",2026-03-01,"Ankeny, Iowa","Mar 2026","2026-05-18 10:10:31 EDT",74233,1,"Individual Agencies"
"Property Crimes",161,177,"-9.03954802259887",2026-03-01,"Ankeny, Iowa","Mar 2026","2026-05-18 10:10:31 EDT",74233,1,"Individual Agencies"
"Rapes",10,10,"0",2026-03-01,"Ankeny, Iowa","Mar 2026","2026-05-18 10:10:31 EDT",74233,1,"Individual Agencies"
"Robberies",4,0,"Undefined",2026-03-01,"Ankeny, Iowa","Mar 2026","2026-05-18 10:10:31 EDT",74233,1,"Individual Agencies"
"Thefts",142,150,"-5.33333333333333",2026-03-01,"Ankeny, Iowa","Mar 2026","2026-05-18 10:10:31 EDT",74233,1,"Individual Agencies"
"Violent Crimes",31,28,"10.7142857142857",2026-03-01,"Ankeny, Iowa","Mar 2026","2026-05-18 10:10:31 EDT",74233,1,"Individual Agencies"
"Aggravated Assaults",44,46,"-4.34782608695652",2026-03-01,"Ann Arbor, Michigan","Mar 2026","2026-05-18 10:10:31 EDT",118072,1,"Individual Agencies"
"Burglaries",36,31,"16.1290322580645",2026-03-01,"Ann Arbor, Michigan","Mar 2026","2026-05-18 10:10:31 EDT",118072,1,"Individual Agencies"
"Motor Vehicle Thefts",22,26,"-15.3846153846154",2026-03-01,"Ann Arbor, Michigan","Mar 2026","2026-05-18 10:10:31 EDT",118072,1,"Individual Agencies"
"Murders",0,0,"0",2026-03-01,"Ann Arbor, Michigan","Mar 2026","2026-05-18 10:10:31 EDT",118072,1,"Individual Agencies"
"Property Crimes",453,379,"19.5250659630607",2026-03-01,"Ann Arbor, Michigan","Mar 2026","2026-05-18 10:10:31 EDT",118072,1,"Individual Agencies"
"Rapes",11,16,"-31.25",2026-03-01,"Ann Arbor, Michigan","Mar 2026","2026-05-18 10:10:31 EDT",118072,1,"Individual Agencies"
"Robberies",6,8,"-25",2026-03-01,"Ann Arbor, Michigan","Mar 2026","2026-05-18 10:10:31 EDT",118072,1,"Individual Agencies"
"Thefts",395,322,"22.6708074534161",2026-03-01,"Ann Arbor, Michigan","Mar 2026","2026-05-18 10:10:31 EDT",118072,1,"Individual Agencies"
"Violent Crimes",61,70,"-12.8571428571429",2026-03-01,"Ann Arbor, Michigan","Mar 2026","2026-05-18 10:10:31 EDT",118072,1,"Individual Agencies"
"Aggravated Assaults",136,130,"4.61538461538462",2026-03-01,"Antioch, California","Mar 2026","2026-05-18 10:10:31 EDT",115271,1,"Individual Agencies"
"Burglaries",68,95,"-28.4210526315789",2026-03-01,"Antioch, California","Mar 2026","2026-05-18 10:10:31 EDT",115271,1,"Individual Agencies"
"Motor Vehicle Thefts",144,288,"-50",2026-03-01,"Antioch, California","Mar 2026","2026-05-18 10:10:31 EDT",115271,1,"Individual Agencies"
"Murders",1,2,"-50",2026-03-01,"Antioch, California","Mar 2026","2026-05-18 10:10:31 EDT",115271,1,"Individual Agencies"
"Property Crimes",638,698,"-8.59598853868195",2026-03-01,"Antioch, California","Mar 2026","2026-05-18 10:10:31 EDT",115271,1,"Individual Agencies"
"Rapes",20,11,"81.8181818181818",2026-03-01,"Antioch, California","Mar 2026","2026-05-18 10:10:31 EDT",115271,1,"Individual Agencies"
"Robberies",35,39,"-10.2564102564103",2026-03-01,"Antioch, California","Mar 2026","2026-05-18 10:10:31 EDT",115271,1,"Individual Agencies"
"Thefts",426,315,"35.2380952380952",2026-03-01,"Antioch, California","Mar 2026","2026-05-18 10:10:31 EDT",115271,1,"Individual Agencies"
"Violent Crimes",192,182,"5.49450549450549",2026-03-01,"Antioch, California","Mar 2026","2026-05-18 10:10:31 EDT",115271,1,"Individual Agencies"
"Aggravated Assaults",7,2,"250",2026-03-01,"Apex, North Carolina","Mar 2026","2026-05-18 10:10:31 EDT",74105,1,"Individual Agencies"
"Burglaries",13,1,"1200",2026-03-01,"Apex, North Carolina","Mar 2026","2026-05-18 10:10:31 EDT",74105,1,"Individual Agencies"
"Motor Vehicle Thefts",2,5,"-60",2026-03-01,"Apex, North Carolina","Mar 2026","2026-05-18 10:10:31 EDT",74105,1,"Individual Agencies"
"Murders",0,0,"0",2026-03-01,"Apex, North Carolina","Mar 2026","2026-05-18 10:10:31 EDT",74105,1,"Individual Agencies"
"Property Crimes",112,77,"45.4545454545455",2026-03-01,"Apex, North Carolina","Mar 2026","2026-05-18 10:10:31 EDT",74105,1,"Individual Agencies"
"Rapes",4,1,"300",2026-03-01,"Apex, North Carolina","Mar 2026","2026-05-18 10:10:31 EDT",74105,1,"Individual Agencies"
"Robberies",1,1,"0",2026-03-01,"Apex, North Carolina","Mar 2026","2026-05-18 10:10:31 EDT",74105,1,"Individual Agencies"
"Thefts",97,71,"36.6197183098592",2026-03-01,"Apex, North Carolina","Mar 2026","2026-05-18 10:10:31 EDT",74105,1,"Individual Agencies"
"Violent Crimes",12,4,"200",2026-03-01,"Apex, North Carolina","Mar 2026","2026-05-18 10:10:31 EDT",74105,1,"Individual Agencies"
"Aggravated Assaults",18,16,"12.5",2026-03-01,"Apple Valley, Minnesota","Mar 2026","2026-05-18 10:10:31 EDT",54995,1,"Individual Agencies"
"Burglaries",12,11,"9.09090909090909",2026-03-01,"Apple Valley, Minnesota","Mar 2026","2026-05-18 10:10:31 EDT",54995,1,"Individual Agencies"
"Motor Vehicle Thefts",9,5,"80",2026-03-01,"Apple Valley, Minnesota","Mar 2026","2026-05-18 10:10:31 EDT",54995,1,"Individual Agencies"
"Murders",0,0,"0",2026-03-01,"Apple Valley, Minnesota","Mar 2026","2026-05-18 10:10:31 EDT",54995,1,"Individual Agencies"
"Property Crimes",191,182,"4.94505494505495",2026-03-01,"Apple Valley, Minnesota","Mar 2026","2026-05-18 10:10:31 EDT",54995,1,"Individual Agencies"
"Rapes",2,2,"0",2026-03-01,"Apple Valley, Minnesota","Mar 2026","2026-05-18 10:10:31 EDT",54995,1,"Individual Agencies"
"Robberies",1,0,"Undefined",2026-03-01,"Apple Valley, Minnesota","Mar 2026","2026-05-18 10:10:31 EDT",54995,1,"Individual Agencies"
"Thefts",170,166,"2.40963855421687",2026-03-01,"Apple Valley, Minnesota","Mar 2026","2026-05-18 10:10:31 EDT",54995,1,"Individual Agencies"
"Violent Crimes",21,18,"16.6666666666667",2026-03-01,"Apple Valley, Minnesota","Mar 2026","2026-05-18 10:10:31 EDT",54995,1,"Individual Agencies"
"Aggravated Assaults",16,26,"-38.4615384615385",2026-03-01,"Appleton, Wisconsin","Mar 2026","2026-05-18 10:10:31 EDT",73921,1,"Individual Agencies"
"Burglaries",4,11,"-63.6363636363636",2026-03-01,"Appleton, Wisconsin","Mar 2026","2026-05-18 10:10:31 EDT",73921,1,"Individual Agencies"
"Motor Vehicle Thefts",13,10,"30",2026-03-01,"Appleton, Wisconsin","Mar 2026","2026-05-18 10:10:31 EDT",73921,1,"Individual Agencies"
"Murders",0,0,"0",2026-03-01,"Appleton, Wisconsin","Mar 2026","2026-05-18 10:10:31 EDT",73921,1,"Individual Agencies"
"Property Crimes",136,170,"-20",2026-03-01,"Appleton, Wisconsin","Mar 2026","2026-05-18 10:10:31 EDT",73921,1,"Individual Agencies"
"Rapes",3,7,"-57.1428571428571",2026-03-01,"Appleton, Wisconsin","Mar 2026","2026-05-18 10:10:31 EDT",73921,1,"Individual Agencies"
"Robberies",2,2,"0",2026-03-01,"Appleton, Wisconsin","Mar 2026","2026-05-18 10:10:31 EDT",73921,1,"Individual Agencies"
"Thefts",119,149,"-20.1342281879195",2026-03-01,"Appleton, Wisconsin","Mar 2026","2026-05-18 10:10:31 EDT",73921,1,"Individual Agencies"
"Violent Crimes",21,35,"-40",2026-03-01,"Appleton, Wisconsin","Mar 2026","2026-05-18 10:10:31 EDT",73921,1,"Individual Agencies"
"Aggravated Assaults",13,38,"-65.7894736842105",2026-02-01,"Arapahoe County, Colorado","Feb 2026","2026-05-18 10:10:31 EDT",104204,1,"Individual Agencies"
"Burglaries",29,73,"-60.2739726027397",2026-02-01,"Arapahoe County, Colorado","Feb 2026","2026-05-18 10:10:31 EDT",104204,1,"Individual Agencies"
"Motor Vehicle Thefts",29,56,"-48.2142857142857",2026-02-01,"Arapahoe County, Colorado","Feb 2026","2026-05-18 10:10:31 EDT",104204,1,"Individual Agencies"
"Murders",0,0,"0",2026-02-01,"Arapahoe County, Colorado","Feb 2026","2026-05-18 10:10:31 EDT",104204,1,"Individual Agencies"
"Rapes",4,1,"300",2026-02-01,"Arapahoe County, Colorado","Feb 2026","2026-05-18 10:10:31 EDT",104204,1,"Individual Agencies"
"Robberies",4,9,"-55.5555555555556",2026-02-01,"Arapahoe County, Colorado","Feb 2026","2026-05-18 10:10:31 EDT",104204,1,"Individual Agencies"
"Thefts",94,211,"-55.4502369668246",2026-02-01,"Arapahoe County, Colorado","Feb 2026","2026-05-18 10:10:31 EDT",104204,1,"Individual Agencies"
"Aggravated Assaults",15,11,"36.3636363636364",2026-03-01,"Arcadia, California","Mar 2026","2026-05-18 10:10:31 EDT",54071,1,"Individual Agencies"
"Burglaries",48,77,"-37.6623376623377",2026-03-01,"Arcadia, California","Mar 2026","2026-05-18 10:10:31 EDT",54071,1,"Individual Agencies"
"Motor Vehicle Thefts",16,34,"-52.9411764705882",2026-03-01,"Arcadia, California","Mar 2026","2026-05-18 10:10:31 EDT",54071,1,"Individual Agencies"
"Murders",0,1,"-100",2026-03-01,"Arcadia, California","Mar 2026","2026-05-18 10:10:31 EDT",54071,1,"Individual Agencies"
"Property Crimes",264,345,"-23.4782608695652",2026-03-01,"Arcadia, California","Mar 2026","2026-05-18 10:10:31 EDT",54071,1,"Individual Agencies"
"Rapes",2,2,"0",2026-03-01,"Arcadia, California","Mar 2026","2026-05-18 10:10:31 EDT",54071,1,"Individual Agencies"
"Robberies",7,10,"-30",2026-03-01,"Arcadia, California","Mar 2026","2026-05-18 10:10:31 EDT",54071,1,"Individual Agencies"
"Thefts",200,234,"-14.5299145299145",2026-03-01,"Arcadia, California","Mar 2026","2026-05-18 10:10:31 EDT",54071,1,"Individual Agencies"
"Violent Crimes",24,24,"0",2026-03-01,"Arcadia, California","Mar 2026","2026-05-18 10:10:31 EDT",54071,1,"Individual Agencies"
"Aggravated Assaults",70,97,"-27.8350515463918",2026-03-01,"Arlington County, Virginia","Mar 2026","2026-05-18 10:10:31 EDT",231844,1,"Individual Agencies"
"Burglaries",28,62,"-54.8387096774194",2026-03-01,"Arlington County, Virginia","Mar 2026","2026-05-18 10:10:31 EDT",231844,1,"Individual Agencies"
"Motor Vehicle Thefts",51,52,"-1.92307692307692",2026-03-01,"Arlington County, Virginia","Mar 2026","2026-05-18 10:10:31 EDT",231844,1,"Individual Agencies"
"Murders",0,0,"0",2026-03-01,"Arlington County, Virginia","Mar 2026","2026-05-18 10:10:31 EDT",231844,1,"Individual Agencies"
"Property Crimes",825,1035,"-20.2898550724638",2026-03-01,"Arlington County, Virginia","Mar 2026","2026-05-18 10:10:31 EDT",231844,1,"Individual Agencies"
"Rapes",8,16,"-50",2026-03-01,"Arlington County, Virginia","Mar 2026","2026-05-18 10:10:31 EDT",231844,1,"Individual Agencies"
"Robberies",39,57,"-31.5789473684211",2026-03-01,"Arlington County, Virginia","Mar 2026","2026-05-18 10:10:31 EDT",231844,1,"Individual Agencies"
"Thefts",746,921,"-19.0010857763301",2026-03-01,"Arlington County, Virginia","Mar 2026","2026-05-18 10:10:31 EDT",231844,1,"Individual Agencies"
"Violent Crimes",117,170,"-31.1764705882353",2026-03-01,"Arlington County, Virginia","Mar 2026","2026-05-18 10:10:31 EDT",231844,1,"Individual Agencies"
"Aggravated Assaults",8,4,"100",2026-03-01,"Arlington Heights, Illinois","Mar 2026","2026-05-18 10:10:31 EDT",74094,1,"Individual Agencies"
"Burglaries",11,8,"37.5",2026-03-01,"Arlington Heights, Illinois","Mar 2026","2026-05-18 10:10:31 EDT",74094,1,"Individual Agencies"
"Motor Vehicle Thefts",12,8,"50",2026-03-01,"Arlington Heights, Illinois","Mar 2026","2026-05-18 10:10:31 EDT",74094,1,"Individual Agencies"
"Murders",0,0,"0",2026-03-01,"Arlington Heights, Illinois","Mar 2026","2026-05-18 10:10:31 EDT",74094,1,"Individual Agencies"
"Property Crimes",170,123,"38.2113821138211",2026-03-01,"Arlington Heights, Illinois","Mar 2026","2026-05-18 10:10:31 EDT",74094,1,"Individual Agencies"
"Rapes",1,2,"-50",2026-03-01,"Arlington Heights, Illinois","Mar 2026","2026-05-18 10:10:31 EDT",74094,1,"Individual Agencies"
"Robberies",2,0,"Undefined",2026-03-01,"Arlington Heights, Illinois","Mar 2026","2026-05-18 10:10:31 EDT",74094,1,"Individual Agencies"
"Thefts",147,107,"37.3831775700935",2026-03-01,"Arlington Heights, Illinois","Mar 2026","2026-05-18 10:10:31 EDT",74094,1,"Individual Agencies"
"Violent Crimes",11,6,"83.3333333333333",2026-03-01,"Arlington Heights, Illinois","Mar 2026","2026-05-18 10:10:31 EDT",74094,1,"Individual Agencies"
"Aggravated Assaults",206,287,"-28.2229965156794",2026-03-01,"Arlington, Texas","Mar 2026","2026-05-18 10:10:31 EDT",394799,1,"Individual Agencies"
"Burglaries",175,205,"-14.6341463414634",2026-03-01,"Arlington, Texas","Mar 2026","2026-05-18 10:10:31 EDT",394799,1,"Individual Agencies"
"Motor Vehicle Thefts",140,236,"-40.6779661016949",2026-03-01,"Arlington, Texas","Mar 2026","2026-05-18 10:10:31 EDT",394799,1,"Individual Agencies"
"Murders",4,4,"0",2026-03-01,"Arlington, Texas","Mar 2026","2026-05-18 10:10:31 EDT",394799,1,"Individual Agencies"
"Property Crimes",1642,2112,"-22.2537878787879",2026-03-01,"Arlington, Texas","Mar 2026","2026-05-18 10:10:31 EDT",394799,1,"Individual Agencies"
"Rapes",62,66,"-6.06060606060606",2026-03-01,"Arlington, Texas","Mar 2026","2026-05-18 10:10:31 EDT",394799,1,"Individual Agencies"
"Robberies",29,39,"-25.6410256410256",2026-03-01,"Arlington, Texas","Mar 2026","2026-05-18 10:10:31 EDT",394799,1,"Individual Agencies"
"Thefts",1327,1671,"-20.5864751645721",2026-03-01,"Arlington, Texas","Mar 2026","2026-05-18 10:10:31 EDT",394799,1,"Individual Agencies"
"Violent Crimes",301,396,"-23.989898989899",2026-03-01,"Arlington, Texas","Mar 2026","2026-05-18 10:10:31 EDT",394799,1,"Individual Agencies"
"Aggravated Assaults",40,38,"5.26315789473684",2026-02-01,"Arvada, Colorado","Feb 2026","2026-05-18 10:10:31 EDT",120200,1,"Individual Agencies"
"Burglaries",34,57,"-40.3508771929825",2026-02-01,"Arvada, Colorado","Feb 2026","2026-05-18 10:10:31 EDT",120200,1,"Individual Agencies"
"Motor Vehicle Thefts",30,76,"-60.5263157894737",2026-02-01,"Arvada, Colorado","Feb 2026","2026-05-18 10:10:31 EDT",120200,1,"Individual Agencies"
"Murders",0,0,"0",2026-02-01,"Arvada, Colorado","Feb 2026","2026-05-18 10:10:31 EDT",120200,1,"Individual Agencies"
"Rapes",8,4,"100",2026-02-01,"Arvada, Colorado","Feb 2026","2026-05-18 10:10:31 EDT",120200,1,"Individual Agencies"
"Robberies",3,10,"-70",2026-02-01,"Arvada, Colorado","Feb 2026","2026-05-18 10:10:31 EDT",120200,1,"Individual Agencies"
"Thefts",344,293,"17.4061433447099",2026-02-01,"Arvada, Colorado","Feb 2026","2026-05-18 10:10:31 EDT",120200,1,"Individual Agencies"
"Aggravated Assaults",146,119,"22.6890756302521",2026-03-01,"Asheville, North Carolina","Mar 2026","2026-05-18 10:10:31 EDT",93471,1,"Individual Agencies"
"Burglaries",131,122,"7.37704918032787",2026-03-01,"Asheville, North Carolina","Mar 2026","2026-05-18 10:10:31 EDT",93471,1,"Individual Agencies"
"Motor Vehicle Thefts",55,77,"-28.5714285714286",2026-03-01,"Asheville, North Carolina","Mar 2026","2026-05-18 10:10:31 EDT",93471,1,"Individual Agencies"
"Murders",2,1,"100",2026-03-01,"Asheville, North Carolina","Mar 2026","2026-05-18 10:10:31 EDT",93471,1,"Individual Agencies"
"Property Crimes",861,917,"-6.10687022900763",2026-03-01,"Asheville, North Carolina","Mar 2026","2026-05-18 10:10:31 EDT",93471,1,"Individual Agencies"
"Rapes",7,12,"-41.6666666666667",2026-03-01,"Asheville, North Carolina","Mar 2026","2026-05-18 10:10:31 EDT",93471,1,"Individual Agencies"
"Robberies",16,13,"23.0769230769231",2026-03-01,"Asheville, North Carolina","Mar 2026","2026-05-18 10:10:31 EDT",93471,1,"Individual Agencies"
"Thefts",675,718,"-5.98885793871866",2026-03-01,"Asheville, North Carolina","Mar 2026","2026-05-18 10:10:31 EDT",93471,1,"Individual Agencies"
"Violent Crimes",171,145,"17.9310344827586",2026-03-01,"Asheville, North Carolina","Mar 2026","2026-05-18 10:10:31 EDT",93471,1,"Individual Agencies"
"Aggravated Assaults",814,596,"36.5771812080537",2026-03-01,"Atlanta, Georgia","Mar 2026","2026-05-18 10:10:31 EDT",500212,1,"Individual Agencies"
"Burglaries",305,416,"-26.6826923076923",2026-03-01,"Atlanta, Georgia","Mar 2026","2026-05-18 10:10:31 EDT",500212,1,"Individual Agencies"
"Motor Vehicle Thefts",442,566,"-21.9081272084806",2026-03-01,"Atlanta, Georgia","Mar 2026","2026-05-18 10:10:31 EDT",500212,1,"Individual Agencies"
"Murders",16,21,"-23.8095238095238",2026-03-01,"Atlanta, Georgia","Mar 2026","2026-05-18 10:10:31 EDT",500212,1,"Individual Agencies"
"Property Crimes",3122,3890,"-19.7429305912596",2026-03-01,"Atlanta, Georgia","Mar 2026","2026-05-18 10:10:31 EDT",500212,1,"Individual Agencies"
"Robberies",129,155,"-16.7741935483871",2026-03-01,"Atlanta, Georgia","Mar 2026","2026-05-18 10:10:31 EDT",500212,1,"Individual Agencies"
"Thefts",2375,2908,"-18.3287482806052",2026-03-01,"Atlanta, Georgia","Mar 2026","2026-05-18 10:10:31 EDT",500212,1,"Individual Agencies"
"Violent Crimes",959,772,"24.2227979274611",2026-03-01,"Atlanta, Georgia","Mar 2026","2026-05-18 10:10:31 EDT",500212,1,"Individual Agencies"
"Aggravated Assaults",519,555,"-6.48648648648649",2026-03-01,"Aurora, Colorado","Mar 2026","2026-05-18 10:10:31 EDT",396976,1,"Individual Agencies"
"Burglaries",187,272,"-31.25",2026-03-01,"Aurora, Colorado","Mar 2026","2026-05-18 10:10:31 EDT",396976,1,"Individual Agencies"
"Motor Vehicle Thefts",357,657,"-45.662100456621",2026-03-01,"Aurora, Colorado","Mar 2026","2026-05-18 10:10:31 EDT",396976,1,"Individual Agencies"
"Murders",2,7,"-71.4285714285714",2026-03-01,"Aurora, Colorado","Mar 2026","2026-05-18 10:10:31 EDT",396976,1,"Individual Agencies"
"Property Crimes",2250,2724,"-17.4008810572687",2026-03-01,"Aurora, Colorado","Mar 2026","2026-05-18 10:10:31 EDT",396976,1,"Individual Agencies"
"Rapes",57,68,"-16.1764705882353",2026-03-01,"Aurora, Colorado","Mar 2026","2026-05-18 10:10:31 EDT",396976,1,"Individual Agencies"
"Robberies",80,76,"5.26315789473684",2026-03-01,"Aurora, Colorado","Mar 2026","2026-05-18 10:10:31 EDT",396976,1,"Individual Agencies"
"Thefts",1706,1795,"-4.95821727019499",2026-03-01,"Aurora, Colorado","Mar 2026","2026-05-18 10:10:31 EDT",396976,1,"Individual Agencies"
"Violent Crimes",658,706,"-6.79886685552408",2026-03-01,"Aurora, Colorado","Mar 2026","2026-05-18 10:10:31 EDT",396976,1,"Individual Agencies"
"Aggravated Assaults",613,664,"-7.68072289156626",2026-03-01,"Austin, Texas","Mar 2026","2026-05-18 10:10:31 EDT",978816,1,"Individual Agencies"
"Burglaries",1022,953,"7.24029380902413",2026-03-01,"Austin, Texas","Mar 2026","2026-05-18 10:10:31 EDT",978816,1,"Individual Agencies"
"Motor Vehicle Thefts",776,1156,"-32.8719723183391",2026-03-01,"Austin, Texas","Mar 2026","2026-05-18 10:10:31 EDT",978816,1,"Individual Agencies"
"Murders",15,12,"25",2026-03-01,"Austin, Texas","Mar 2026","2026-05-18 10:10:31 EDT",978816,1,"Individual Agencies"
"Property Crimes",6665,7444,"-10.4648038688877",2026-03-01,"Austin, Texas","Mar 2026","2026-05-18 10:10:31 EDT",978816,1,"Individual Agencies"
"Rapes",152,168,"-9.52380952380952",2026-03-01,"Austin, Texas","Mar 2026","2026-05-18 10:10:31 EDT",978816,1,"Individual Agencies"
"Robberies",186,191,"-2.61780104712042",2026-03-01,"Austin, Texas","Mar 2026","2026-05-18 10:10:31 EDT",978816,1,"Individual Agencies"
"Thefts",4867,5335,"-8.77225866916589",2026-03-01,"Austin, Texas","Mar 2026","2026-05-18 10:10:31 EDT",978816,1,"Individual Agencies"
"Violent Crimes",966,1035,"-6.66666666666667",2026-03-01,"Austin, Texas","Mar 2026","2026-05-18 10:10:31 EDT",978816,1,"Individual Agencies"
"Aggravated Assaults",54,74,"-27.027027027027",2026-03-01,"Avondale, Arizona","Mar 2026","2026-05-18 10:10:31 EDT",92661,1,"Individual Agencies"
"Burglaries",44,35,"25.7142857142857",2026-03-01,"Avondale, Arizona","Mar 2026","2026-05-18 10:10:31 EDT",92661,1,"Individual Agencies"
"Motor Vehicle Thefts",40,49,"-18.3673469387755",2026-03-01,"Avondale, Arizona","Mar 2026","2026-05-18 10:10:31 EDT",92661,1,"Individual Agencies"
"Murders",2,0,"Undefined",2026-03-01,"Avondale, Arizona","Mar 2026","2026-05-18 10:10:31 EDT",92661,1,"Individual Agencies"
"Property Crimes",447,516,"-13.3720930232558",2026-03-01,"Avondale, Arizona","Mar 2026","2026-05-18 10:10:31 EDT",92661,1,"Individual Agencies"
"Rapes",17,16,"6.25",2026-03-01,"Avondale, Arizona","Mar 2026","2026-05-18 10:10:31 EDT",92661,1,"Individual Agencies"
"Robberies",24,11,"118.181818181818",2026-03-01,"Avondale, Arizona","Mar 2026","2026-05-18 10:10:31 EDT",92661,1,"Individual Agencies"
"Thefts",363,432,"-15.9722222222222",2026-03-01,"Avondale, Arizona","Mar 2026","2026-05-18 10:10:31 EDT",92661,1,"Individual Agencies"
"Violent Crimes",97,101,"-3.96039603960396",2026-03-01,"Avondale, Arizona","Mar 2026","2026-05-18 10:10:31 EDT",92661,1,"Individual Agencies"
"Aggravated Assaults",349,316,"10.4430379746835",2026-03-01,"Bakersfield, California","Mar 2026","2026-05-18 10:10:31 EDT",413409,1,"Individual Agencies"
"Burglaries",346,464,"-25.4310344827586",2026-03-01,"Bakersfield, California","Mar 2026","2026-05-18 10:10:31 EDT",413409,1,"Individual Agencies"
"Motor Vehicle Thefts",483,462,"4.54545454545455",2026-03-01,"Bakersfield, California","Mar 2026","2026-05-18 10:10:31 EDT",413409,1,"Individual Agencies"
"Murders",4,7,"-42.8571428571429",2026-03-01,"Bakersfield, California","Mar 2026","2026-05-18 10:10:31 EDT",413409,1,"Individual Agencies"
"Property Crimes",2385,2101,"13.5173726796763",2026-03-01,"Bakersfield, California","Mar 2026","2026-05-18 10:10:31 EDT",413409,1,"Individual Agencies"
"Rapes",23,31,"-25.8064516129032",2026-03-01,"Bakersfield, California","Mar 2026","2026-05-18 10:10:31 EDT",413409,1,"Individual Agencies"
"Robberies",122,87,"40.2298850574713",2026-03-01,"Bakersfield, California","Mar 2026","2026-05-18 10:10:31 EDT",413409,1,"Individual Agencies"
"Thefts",1556,1175,"32.4255319148936",2026-03-01,"Bakersfield, California","Mar 2026","2026-05-18 10:10:31 EDT",413409,1,"Individual Agencies"
"Violent Crimes",498,441,"12.9251700680272",2026-03-01,"Bakersfield, California","Mar 2026","2026-05-18 10:10:31 EDT",413409,1,"Individual Agencies"
"Aggravated Assaults",36,37,"-2.7027027027027",2026-03-01,"Baldwin Park, California","Mar 2026","2026-05-18 10:10:31 EDT",68230,1,"Individual Agencies"
"Burglaries",16,33,"-51.5151515151515",2026-03-01,"Baldwin Park, California","Mar 2026","2026-05-18 10:10:31 EDT",68230,1,"Individual Agencies"
"Motor Vehicle Thefts",33,43,"-23.2558139534884",2026-03-01,"Baldwin Park, California","Mar 2026","2026-05-18 10:10:31 EDT",68230,1,"Individual Agencies"
"Murders",0,0,"0",2026-03-01,"Baldwin Park, California","Mar 2026","2026-05-18 10:10:31 EDT",68230,1,"Individual Agencies"
"Property Crimes",206,223,"-7.62331838565022",2026-03-01,"Baldwin Park, California","Mar 2026","2026-05-18 10:10:31 EDT",68230,1,"Individual Agencies"
"Rapes",0,1,"-100",2026-03-01,"Baldwin Park, California","Mar 2026","2026-05-18 10:10:31 EDT",68230,1,"Individual Agencies"
"Robberies",10,7,"42.8571428571429",2026-03-01,"Baldwin Park, California","Mar 2026","2026-05-18 10:10:31 EDT",68230,1,"Individual Agencies"
"Thefts",157,147,"6.80272108843537",2026-03-01,"Baldwin Park, California","Mar 2026","2026-05-18 10:10:31 EDT",68230,1,"Individual Agencies"
"Violent Crimes",46,45,"2.22222222222222",2026-03-01,"Baldwin Park, California","Mar 2026","2026-05-18 10:10:31 EDT",68230,1,"Individual Agencies"
"Aggravated Assaults",572,443,"29.1196388261851",2026-03-01,"Baltimore County, Maryland","Mar 2026","2026-05-18 10:10:31 EDT",845222,1,"Individual Agencies"
"Burglaries",268,340,"-21.1764705882353",2026-03-01,"Baltimore County, Maryland","Mar 2026","2026-05-18 10:10:31 EDT",845222,1,"Individual Agencies"
"Motor Vehicle Thefts",495,625,"-20.8",2026-03-01,"Baltimore County, Maryland","Mar 2026","2026-05-18 10:10:31 EDT",845222,1,"Individual Agencies"
"Murders",2,9,"-77.7777777777778",2026-03-01,"Baltimore County, Maryland","Mar 2026","2026-05-18 10:10:31 EDT",845222,1,"Individual Agencies"
"Property Crimes",4288,4772,"-10.1424979044426",2026-03-01,"Baltimore County, Maryland","Mar 2026","2026-05-18 10:10:31 EDT",845222,1,"Individual Agencies"
"Rapes",37,49,"-24.4897959183673",2026-03-01,"Baltimore County, Maryland","Mar 2026","2026-05-18 10:10:31 EDT",845222,1,"Individual Agencies"
"Robberies",134,178,"-24.7191011235955",2026-03-01,"Baltimore County, Maryland","Mar 2026","2026-05-18 10:10:31 EDT",845222,1,"Individual Agencies"
"Thefts",3525,3807,"-7.40740740740741",2026-03-01,"Baltimore County, Maryland","Mar 2026","2026-05-18 10:10:31 EDT",845222,1,"Individual Agencies"
"Violent Crimes",745,679,"9.72017673048601",2026-03-01,"Baltimore County, Maryland","Mar 2026","2026-05-18 10:10:31 EDT",845222,1,"Individual Agencies"
"Aggravated Assaults",1193,1050,"13.6190476190476",2026-03-01,"Baltimore, Maryland","Mar 2026","2026-05-18 10:10:31 EDT",565192,1,"Individual Agencies"
"Burglaries",629,746,"-15.6836461126005",2026-03-01,"Baltimore, Maryland","Mar 2026","2026-05-18 10:10:31 EDT",565192,1,"Individual Agencies"
"Motor Vehicle Thefts",940,1092,"-13.9194139194139",2026-03-01,"Baltimore, Maryland","Mar 2026","2026-05-18 10:10:31 EDT",565192,1,"Individual Agencies"
"Murders",29,32,"-9.375",2026-03-01,"Baltimore, Maryland","Mar 2026","2026-05-18 10:10:31 EDT",565192,1,"Individual Agencies"
"Property Crimes",5085,5271,"-3.5287421741605",2026-03-01,"Baltimore, Maryland","Mar 2026","2026-05-18 10:10:31 EDT",565192,1,"Individual Agencies"
"Rapes",62,62,"0",2026-03-01,"Baltimore, Maryland","Mar 2026","2026-05-18 10:10:31 EDT",565192,1,"Individual Agencies"
"Robberies",620,787,"-21.2198221092757",2026-03-01,"Baltimore, Maryland","Mar 2026","2026-05-18 10:10:31 EDT",565192,1,"Individual Agencies"
"Thefts",3516,3433,"2.41771045732595",2026-03-01,"Baltimore, Maryland","Mar 2026","2026-05-18 10:10:31 EDT",565192,1,"Individual Agencies"
"Violent Crimes",1904,1931,"-1.3982392542724",2026-03-01,"Baltimore, Maryland","Mar 2026","2026-05-18 10:10:31 EDT",565192,1,"Individual Agencies"
"Aggravated Assaults",12,17,"-29.4117647058824",2026-01-01,"Barnstable, Massachusetts","Jan 2026","2026-05-18 10:10:31 EDT",50034,1,"Individual Agencies"
"Burglaries",6,5,"20",2026-01-01,"Barnstable, Massachusetts","Jan 2026","2026-05-18 10:10:31 EDT",50034,1,"Individual Agencies"
"Motor Vehicle Thefts",3,2,"50",2026-01-01,"Barnstable, Massachusetts","Jan 2026","2026-05-18 10:10:31 EDT",50034,1,"Individual Agencies"
"Murders",0,0,"0",2026-01-01,"Barnstable, Massachusetts","Jan 2026","2026-05-18 10:10:31 EDT",50034,1,"Individual Agencies"
"Rapes",1,4,"-75",2026-01-01,"Barnstable, Massachusetts","Jan 2026","2026-05-18 10:10:31 EDT",50034,1,"Individual Agencies"
"Robberies",0,0,"0",2026-01-01,"Barnstable, Massachusetts","Jan 2026","2026-05-18 10:10:31 EDT",50034,1,"Individual Agencies"
"Thefts",16,24,"-33.3333333333333",2026-01-01,"Barnstable, Massachusetts","Jan 2026","2026-05-18 10:10:31 EDT",50034,1,"Individual Agencies"
"Aggravated Assaults",17,28,"-39.2857142857143",2026-03-01,"Bartlett, Tennessee","Mar 2026","2026-05-18 10:10:31 EDT",56324,1,"Individual Agencies"
"Burglaries",14,13,"7.69230769230769",2026-03-01,"Bartlett, Tennessee","Mar 2026","2026-05-18 10:10:31 EDT",56324,1,"Individual Agencies"
"Motor Vehicle Thefts",6,32,"-81.25",2026-03-01,"Bartlett, Tennessee","Mar 2026","2026-05-18 10:10:31 EDT",56324,1,"Individual Agencies"
"Murders",0,0,"0",2026-03-01,"Bartlett, Tennessee","Mar 2026","2026-05-18 10:10:31 EDT",56324,1,"Individual Agencies"
"Property Crimes",93,166,"-43.9759036144578",2026-03-01,"Bartlett, Tennessee","Mar 2026","2026-05-18 10:10:31 EDT",56324,1,"Individual Agencies"
"Rapes",3,1,"200",2026-03-01,"Bartlett, Tennessee","Mar 2026","2026-05-18 10:10:31 EDT",56324,1,"Individual Agencies"
"Robberies",0,1,"-100",2026-03-01,"Bartlett, Tennessee","Mar 2026","2026-05-18 10:10:31 EDT",56324,1,"Individual Agencies"
"Thefts",73,121,"-39.6694214876033",2026-03-01,"Bartlett, Tennessee","Mar 2026","2026-05-18 10:10:31 EDT",56324,1,"Individual Agencies"
"Violent Crimes",20,30,"-33.3333333333333",2026-03-01,"Bartlett, Tennessee","Mar 2026","2026-05-18 10:10:31 EDT",56324,1,"Individual Agencies"
"Aggravated Assaults",536,616,"-12.987012987013",2026-03-01,"Baton Rouge, Louisiana","Mar 2026","2026-05-18 10:10:31 EDT",219086,1,"Individual Agencies"
"Burglaries",389,469,"-17.0575692963753",2026-03-01,"Baton Rouge, Louisiana","Mar 2026","2026-05-18 10:10:31 EDT",219086,1,"Individual Agencies"
"Motor Vehicle Thefts",312,338,"-7.69230769230769",2026-03-01,"Baton Rouge, Louisiana","Mar 2026","2026-05-18 10:10:31 EDT",219086,1,"Individual Agencies"
"Murders",19,19,"0",2026-03-01,"Baton Rouge, Louisiana","Mar 2026","2026-05-18 10:10:31 EDT",219086,1,"Individual Agencies"
"Property Crimes",2222,2643,"-15.9288687097995",2026-03-01,"Baton Rouge, Louisiana","Mar 2026","2026-05-18 10:10:31 EDT",219086,1,"Individual Agencies"
"Rapes",32,29,"10.3448275862069",2026-03-01,"Baton Rouge, Louisiana","Mar 2026","2026-05-18 10:10:31 EDT",219086,1,"Individual Agencies"
"Robberies",109,137,"-20.4379562043796",2026-03-01,"Baton Rouge, Louisiana","Mar 2026","2026-05-18 10:10:31 EDT",219086,1,"Individual Agencies"
"Thefts",1521,1836,"-17.156862745098",2026-03-01,"Baton Rouge, Louisiana","Mar 2026","2026-05-18 10:10:31 EDT",219086,1,"Individual Agencies"
"Violent Crimes",696,801,"-13.1086142322097",2026-03-01,"Baton Rouge, Louisiana","Mar 2026","2026-05-18 10:10:31 EDT",219086,1,"Individual Agencies"
"Aggravated Assaults",110,148,"-25.6756756756757",2026-03-01,"Battle Creek, Michigan","Mar 2026","2026-05-18 10:10:31 EDT",60969,1,"Individual Agencies"
"Burglaries",24,44,"-45.4545454545455",2026-03-01,"Battle Creek, Michigan","Mar 2026","2026-05-18 10:10:31 EDT",60969,1,"Individual Agencies"
"Motor Vehicle Thefts",14,30,"-53.3333333333333",2026-03-01,"Battle Creek, Michigan","Mar 2026","2026-05-18 10:10:31 EDT",60969,1,"Individual Agencies"
"Murders",0,0,"0",2026-03-01,"Battle Creek, Michigan","Mar 2026","2026-05-18 10:10:31 EDT",60969,1,"Individual Agencies"
"Property Crimes",281,279,"0.716845878136201",2026-03-01,"Battle Creek, Michigan","Mar 2026","2026-05-18 10:10:31 EDT",60969,1,"Individual Agencies"
"Rapes",12,17,"-29.4117647058824",2026-03-01,"Battle Creek, Michigan","Mar 2026","2026-05-18 10:10:31 EDT",60969,1,"Individual Agencies"
"Robberies",6,3,"100",2026-03-01,"Battle Creek, Michigan","Mar 2026","2026-05-18 10:10:31 EDT",60969,1,"Individual Agencies"
"Thefts",243,205,"18.5365853658537",2026-03-01,"Battle Creek, Michigan","Mar 2026","2026-05-18 10:10:31 EDT",60969,1,"Individual Agencies"
"Violent Crimes",128,168,"-23.8095238095238",2026-03-01,"Battle Creek, Michigan","Mar 2026","2026-05-18 10:10:31 EDT",60969,1,"Individual Agencies"
"Aggravated Assaults",66,44,"50",2026-03-01,"Baytown, Texas","Mar 2026","2026-05-18 10:10:31 EDT",83809,1,"Individual Agencies"
"Burglaries",64,81,"-20.9876543209877",2026-03-01,"Baytown, Texas","Mar 2026","2026-05-18 10:10:31 EDT",83809,1,"Individual Agencies"
"Motor Vehicle Thefts",51,84,"-39.2857142857143",2026-03-01,"Baytown, Texas","Mar 2026","2026-05-18 10:10:31 EDT",83809,1,"Individual Agencies"
"Murders",1,1,"0",2026-03-01,"Baytown, Texas","Mar 2026","2026-05-18 10:10:31 EDT",83809,1,"Individual Agencies"
"Property Crimes",444,536,"-17.1641791044776",2026-03-01,"Baytown, Texas","Mar 2026","2026-05-18 10:10:31 EDT",83809,1,"Individual Agencies"
"Rapes",13,11,"18.1818181818182",2026-03-01,"Baytown, Texas","Mar 2026","2026-05-18 10:10:31 EDT",83809,1,"Individual Agencies"
"Robberies",9,7,"28.5714285714286",2026-03-01,"Baytown, Texas","Mar 2026","2026-05-18 10:10:31 EDT",83809,1,"Individual Agencies"
"Thefts",329,371,"-11.3207547169811",2026-03-01,"Baytown, Texas","Mar 2026","2026-05-18 10:10:31 EDT",83809,1,"Individual Agencies"
"Violent Crimes",89,63,"41.2698412698413",2026-03-01,"Baytown, Texas","Mar 2026","2026-05-18 10:10:31 EDT",83809,1,"Individual Agencies"
"Aggravated Assaults",50,71,"-29.5774647887324",2026-03-01,"Beaufort County, South Carolina","Mar 2026","2026-05-18 10:10:31 EDT",132948,1,"Individual Agencies"
"Burglaries",53,34,"55.8823529411765",2026-03-01,"Beaufort County, South Carolina","Mar 2026","2026-05-18 10:10:31 EDT",132948,1,"Individual Agencies"
"Motor Vehicle Thefts",22,29,"-24.1379310344828",2026-03-01,"Beaufort County, South Carolina","Mar 2026","2026-05-18 10:10:31 EDT",132948,1,"Individual Agencies"
"Murders",2,1,"100",2026-03-01,"Beaufort County, South Carolina","Mar 2026","2026-05-18 10:10:31 EDT",132948,1,"Individual Agencies"
"Property Crimes",261,341,"-23.4604105571848",2026-03-01,"Beaufort County, South Carolina","Mar 2026","2026-05-18 10:10:31 EDT",132948,1,"Individual Agencies"
"Rapes",2,12,"-83.3333333333333",2026-03-01,"Beaufort County, South Carolina","Mar 2026","2026-05-18 10:10:31 EDT",132948,1,"Individual Agencies"
"Robberies",1,4,"-75",2026-03-01,"Beaufort County, South Carolina","Mar 2026","2026-05-18 10:10:31 EDT",132948,1,"Individual Agencies"
"Thefts",186,278,"-33.0935251798561",2026-03-01,"Beaufort County, South Carolina","Mar 2026","2026-05-18 10:10:31 EDT",132948,1,"Individual Agencies"
"Violent Crimes",55,88,"-37.5",2026-03-01,"Beaufort County, South Carolina","Mar 2026","2026-05-18 10:10:31 EDT",132948,1,"Individual Agencies"
"Aggravated Assaults",15,26,"-42.3076923076923",2026-03-01,"Beaumont, California","Mar 2026","2026-05-18 10:10:31 EDT",57819,1,"Individual Agencies"
"Burglaries",12,8,"50",2026-03-01,"Beaumont, California","Mar 2026","2026-05-18 10:10:31 EDT",57819,1,"Individual Agencies"
"Motor Vehicle Thefts",15,13,"15.3846153846154",2026-03-01,"Beaumont, California","Mar 2026","2026-05-18 10:10:31 EDT",57819,1,"Individual Agencies"
"Murders",0,1,"-100",2026-03-01,"Beaumont, California","Mar 2026","2026-05-18 10:10:31 EDT",57819,1,"Individual Agencies"
"Property Crimes",113,125,"-9.6",2026-03-01,"Beaumont, California","Mar 2026","2026-05-18 10:10:31 EDT",57819,1,"Individual Agencies"
"Rapes",0,2,"-100",2026-03-01,"Beaumont, California","Mar 2026","2026-05-18 10:10:31 EDT",57819,1,"Individual Agencies"
"Robberies",1,5,"-80",2026-03-01,"Beaumont, California","Mar 2026","2026-05-18 10:10:31 EDT",57819,1,"Individual Agencies"
"Thefts",86,104,"-17.3076923076923",2026-03-01,"Beaumont, California","Mar 2026","2026-05-18 10:10:31 EDT",57819,1,"Individual Agencies"
"Violent Crimes",16,34,"-52.9411764705882",2026-03-01,"Beaumont, California","Mar 2026","2026-05-18 10:10:31 EDT",57819,1,"Individual Agencies"
"Aggravated Assaults",185,191,"-3.1413612565445",2026-03-01,"Beaumont, Texas","Mar 2026","2026-05-18 10:10:31 EDT",110671,1,"Individual Agencies"
"Burglaries",120,177,"-32.2033898305085",2026-03-01,"Beaumont, Texas","Mar 2026","2026-05-18 10:10:31 EDT",110671,1,"Individual Agencies"
"Motor Vehicle Thefts",40,69,"-42.0289855072464",2026-03-01,"Beaumont, Texas","Mar 2026","2026-05-18 10:10:31 EDT",110671,1,"Individual Agencies"
"Murders",5,2,"150",2026-03-01,"Beaumont, Texas","Mar 2026","2026-05-18 10:10:31 EDT",110671,1,"Individual Agencies"
"Property Crimes",670,765,"-12.4183006535948",2026-03-01,"Beaumont, Texas","Mar 2026","2026-05-18 10:10:31 EDT",110671,1,"Individual Agencies"
"Rapes",18,18,"0",2026-03-01,"Beaumont, Texas","Mar 2026","2026-05-18 10:10:31 EDT",110671,1,"Individual Agencies"
"Robberies",43,40,"7.5",2026-03-01,"Beaumont, Texas","Mar 2026","2026-05-18 10:10:31 EDT",110671,1,"Individual Agencies"
"Thefts",510,519,"-1.73410404624277",2026-03-01,"Beaumont, Texas","Mar 2026","2026-05-18 10:10:31 EDT",110671,1,"Individual Agencies"
"Violent Crimes",251,251,"0",2026-03-01,"Beaumont, Texas","Mar 2026","2026-05-18 10:10:31 EDT",110671,1,"Individual Agencies"
"Aggravated Assaults",27,15,"80",2026-02-01,"Beaverton, Oregon","Feb 2026","2026-05-18 10:10:31 EDT",96840,1,"Individual Agencies"
"Burglaries",41,38,"7.89473684210526",2026-02-01,"Beaverton, Oregon","Feb 2026","2026-05-18 10:10:31 EDT",96840,1,"Individual Agencies"
"Motor Vehicle Thefts",22,31,"-29.0322580645161",2026-02-01,"Beaverton, Oregon","Feb 2026","2026-05-18 10:10:31 EDT",96840,1,"Individual Agencies"
"Murders",0,1,"-100",2026-02-01,"Beaverton, Oregon","Feb 2026","2026-05-18 10:10:31 EDT",96840,1,"Individual Agencies"
"Rapes",10,4,"150",2026-02-01,"Beaverton, Oregon","Feb 2026","2026-05-18 10:10:31 EDT",96840,1,"Individual Agencies"
"Robberies",9,12,"-25",2026-02-01,"Beaverton, Oregon","Feb 2026","2026-05-18 10:10:31 EDT",96840,1,"Individual Agencies"
"Thefts",325,363,"-10.4683195592287",2026-02-01,"Beaverton, Oregon","Feb 2026","2026-05-18 10:10:31 EDT",96840,1,"Individual Agencies"
"Aggravated Assaults",4,1,"300",2026-03-01,"Bellevue, Nebraska","Mar 2026","2026-05-18 10:10:31 EDT",62372,1,"Individual Agencies"
"Burglaries",8,18,"-55.5555555555556",2026-03-01,"Bellevue, Nebraska","Mar 2026","2026-05-18 10:10:31 EDT",62372,1,"Individual Agencies"
"Motor Vehicle Thefts",24,23,"4.34782608695652",2026-03-01,"Bellevue, Nebraska","Mar 2026","2026-05-18 10:10:31 EDT",62372,1,"Individual Agencies"
"Murders",0,2,"-100",2026-03-01,"Bellevue, Nebraska","Mar 2026","2026-05-18 10:10:31 EDT",62372,1,"Individual Agencies"
"Property Crimes",181,209,"-13.3971291866029",2026-03-01,"Bellevue, Nebraska","Mar 2026","2026-05-18 10:10:31 EDT",62372,1,"Individual Agencies"
"Rapes",12,11,"9.09090909090909",2026-03-01,"Bellevue, Nebraska","Mar 2026","2026-05-18 10:10:31 EDT",62372,1,"Individual Agencies"
"Robberies",0,2,"-100",2026-03-01,"Bellevue, Nebraska","Mar 2026","2026-05-18 10:10:31 EDT",62372,1,"Individual Agencies"
"Thefts",149,168,"-11.3095238095238",2026-03-01,"Bellevue, Nebraska","Mar 2026","2026-05-18 10:10:31 EDT",62372,1,"Individual Agencies"
"Violent Crimes",16,16,"0",2026-03-01,"Bellevue, Nebraska","Mar 2026","2026-05-18 10:10:31 EDT",62372,1,"Individual Agencies"
"Motor Vehicle Thefts",13,28,"-53.5714285714286",2026-03-01,"Bellingham, Washington","Mar 2026","2026-05-18 10:10:31 EDT",94968,1,"Individual Agencies"
"Murders",0,0,"0",2026-03-01,"Bellingham, Washington","Mar 2026","2026-05-18 10:10:31 EDT",94968,1,"Individual Agencies"
"Property Crimes",530,600,"-11.6666666666667",2026-03-01,"Bellingham, Washington","Mar 2026","2026-05-18 10:10:31 EDT",94968,1,"Individual Agencies"
"Robberies",9,13,"-30.7692307692308",2026-03-01,"Bellingham, Washington","Mar 2026","2026-05-18 10:10:31 EDT",94968,1,"Individual Agencies"
"Thefts",517,572,"-9.61538461538462",2026-03-01,"Bellingham, Washington","Mar 2026","2026-05-18 10:10:31 EDT",94968,1,"Individual Agencies"
"Violent Crimes",9,13,"-30.7692307692308",2026-03-01,"Bellingham, Washington","Mar 2026","2026-05-18 10:10:31 EDT",94968,1,"Individual Agencies"
"Aggravated Assaults",30,32,"-6.25",2026-03-01,"Bend, Oregon","Mar 2026","2026-05-18 10:10:31 EDT",105099,1,"Individual Agencies"
"Burglaries",15,18,"-16.6666666666667",2026-03-01,"Bend, Oregon","Mar 2026","2026-05-18 10:10:31 EDT",105099,1,"Individual Agencies"
"Motor Vehicle Thefts",24,16,"50",2026-03-01,"Bend, Oregon","Mar 2026","2026-05-18 10:10:31 EDT",105099,1,"Individual Agencies"
"Murders",0,1,"-100",2026-03-01,"Bend, Oregon","Mar 2026","2026-05-18 10:10:31 EDT",105099,1,"Individual Agencies"
"Property Crimes",329,331,"-0.604229607250755",2026-03-01,"Bend, Oregon","Mar 2026","2026-05-18 10:10:31 EDT",105099,1,"Individual Agencies"
"Rapes",3,6,"-50",2026-03-01,"Bend, Oregon","Mar 2026","2026-05-18 10:10:31 EDT",105099,1,"Individual Agencies"
"Robberies",1,7,"-85.7142857142857",2026-03-01,"Bend, Oregon","Mar 2026","2026-05-18 10:10:31 EDT",105099,1,"Individual Agencies"
"Thefts",290,297,"-2.35690235690236",2026-03-01,"Bend, Oregon","Mar 2026","2026-05-18 10:10:31 EDT",105099,1,"Individual Agencies"
"Violent Crimes",34,46,"-26.0869565217391",2026-03-01,"Bend, Oregon","Mar 2026","2026-05-18 10:10:31 EDT",105099,1,"Individual Agencies"
"Aggravated Assaults",1,9,"-88.8888888888889",2026-03-01,"Bensalem, Pennsylvania","Mar 2026","2026-05-18 10:10:31 EDT",62595,1,"Individual Agencies"
"Burglaries",8,7,"14.2857142857143",2026-03-01,"Bensalem, Pennsylvania","Mar 2026","2026-05-18 10:10:31 EDT",62595,1,"Individual Agencies"
"Motor Vehicle Thefts",29,40,"-27.5",2026-03-01,"Bensalem, Pennsylvania","Mar 2026","2026-05-18 10:10:31 EDT",62595,1,"Individual Agencies"
"Murders",1,1,"0",2026-03-01,"Bensalem, Pennsylvania","Mar 2026","2026-05-18 10:10:31 EDT",62595,1,"Individual Agencies"
"Property Crimes",279,353,"-20.9631728045326",2026-03-01,"Bensalem, Pennsylvania","Mar 2026","2026-05-18 10:10:31 EDT",62595,1,"Individual Agencies"
"Rapes",2,2,"0",2026-03-01,"Bensalem, Pennsylvania","Mar 2026","2026-05-18 10:10:31 EDT",62595,1,"Individual Agencies"
"Robberies",3,2,"50",2026-03-01,"Bensalem, Pennsylvania","Mar 2026","2026-05-18 10:10:31 EDT",62595,1,"Individual Agencies"
"Thefts",242,306,"-20.9150326797386",2026-03-01,"Bensalem, Pennsylvania","Mar 2026","2026-05-18 10:10:31 EDT",62595,1,"Individual Agencies"
"Violent Crimes",7,14,"-50",2026-03-01,"Bensalem, Pennsylvania","Mar 2026","2026-05-18 10:10:31 EDT",62595,1,"Individual Agencies"
"Aggravated Assaults",22,28,"-21.4285714285714",2026-03-01,"Bentonville, Arkansas","Mar 2026","2026-05-18 10:10:31 EDT",59465,1,"Individual Agencies"
"Burglaries",13,8,"62.5",2026-03-01,"Bentonville, Arkansas","Mar 2026","2026-05-18 10:10:31 EDT",59465,1,"Individual Agencies"
"Motor Vehicle Thefts",4,8,"-50",2026-03-01,"Bentonville, Arkansas","Mar 2026","2026-05-18 10:10:31 EDT",59465,1,"Individual Agencies"
"Murders",0,0,"0",2026-03-01,"Bentonville, Arkansas","Mar 2026","2026-05-18 10:10:31 EDT",59465,1,"Individual Agencies"
"Property Crimes",92,117,"-21.3675213675214",2026-03-01,"Bentonville, Arkansas","Mar 2026","2026-05-18 10:10:31 EDT",59465,1,"Individual Agencies"
"Rapes",1,2,"-50",2026-03-01,"Bentonville, Arkansas","Mar 2026","2026-05-18 10:10:31 EDT",59465,1,"Individual Agencies"
"Robberies",5,0,"Undefined",2026-03-01,"Bentonville, Arkansas","Mar 2026","2026-05-18 10:10:31 EDT",59465,1,"Individual Agencies"
"Thefts",75,101,"-25.7425742574257",2026-03-01,"Bentonville, Arkansas","Mar 2026","2026-05-18 10:10:31 EDT",59465,1,"Individual Agencies"
"Violent Crimes",28,30,"-6.66666666666667",2026-03-01,"Bentonville, Arkansas","Mar 2026","2026-05-18 10:10:31 EDT",59465,1,"Individual Agencies"
"Aggravated Assaults",64,75,"-14.6666666666667",2026-03-01,"Berkeley County, South Carolina","Mar 2026","2026-05-18 10:10:31 EDT",142756,1,"Individual Agencies"
"Burglaries",57,63,"-9.52380952380952",2026-03-01,"Berkeley County, South Carolina","Mar 2026","2026-05-18 10:10:31 EDT",142756,1,"Individual Agencies"
"Motor Vehicle Thefts",61,51,"19.6078431372549",2026-03-01,"Berkeley County, South Carolina","Mar 2026","2026-05-18 10:10:31 EDT",142756,1,"Individual Agencies"
"Murders",0,6,"-100",2026-03-01,"Berkeley County, South Carolina","Mar 2026","2026-05-18 10:10:31 EDT",142756,1,"Individual Agencies"
"Property Crimes",405,423,"-4.25531914893617",2026-03-01,"Berkeley County, South Carolina","Mar 2026","2026-05-18 10:10:31 EDT",142756,1,"Individual Agencies"
"Rapes",9,6,"50",2026-03-01,"Berkeley County, South Carolina","Mar 2026","2026-05-18 10:10:31 EDT",142756,1,"Individual Agencies"
"Robberies",5,8,"-37.5",2026-03-01,"Berkeley County, South Carolina","Mar 2026","2026-05-18 10:10:31 EDT",142756,1,"Individual Agencies"
"Thefts",287,309,"-7.11974110032362",2026-03-01,"Berkeley County, South Carolina","Mar 2026","2026-05-18 10:10:31 EDT",142756,1,"Individual Agencies"
"Violent Crimes",78,95,"-17.8947368421053",2026-03-01,"Berkeley County, South Carolina","Mar 2026","2026-05-18 10:10:31 EDT",142756,1,"Individual Agencies"
"Aggravated Assaults",90,88,"2.27272727272727",2026-02-01,"Berkeley, California","Feb 2026","2026-05-18 10:10:31 EDT",116595,1,"Individual Agencies"
"Burglaries",90,119,"-24.3697478991597",2026-02-01,"Berkeley, California","Feb 2026","2026-05-18 10:10:31 EDT",116595,1,"Individual Agencies"
"Motor Vehicle Thefts",89,96,"-7.29166666666667",2026-02-01,"Berkeley, California","Feb 2026","2026-05-18 10:10:31 EDT",116595,1,"Individual Agencies"
"Murders",0,1,"-100",2026-02-01,"Berkeley, California","Feb 2026","2026-05-18 10:10:31 EDT",116595,1,"Individual Agencies"
"Rapes",2,15,"-86.6666666666667",2026-02-01,"Berkeley, California","Feb 2026","2026-05-18 10:10:31 EDT",116595,1,"Individual Agencies"
"Robberies",16,24,"-33.3333333333333",2026-02-01,"Berkeley, California","Feb 2026","2026-05-18 10:10:31 EDT",116595,1,"Individual Agencies"
"Thefts",594,578,"2.7681660899654",2026-02-01,"Berkeley, California","Feb 2026","2026-05-18 10:10:31 EDT",116595,1,"Individual Agencies"
"Aggravated Assaults",10,22,"-54.5454545454545",2026-03-01,"Bethlehem, Pennsylvania","Mar 2026","2026-05-18 10:10:31 EDT",78606,1,"Individual Agencies"
"Burglaries",12,13,"-7.69230769230769",2026-03-01,"Bethlehem, Pennsylvania","Mar 2026","2026-05-18 10:10:31 EDT",78606,1,"Individual Agencies"
"Motor Vehicle Thefts",8,19,"-57.8947368421053",2026-03-01,"Bethlehem, Pennsylvania","Mar 2026","2026-05-18 10:10:31 EDT",78606,1,"Individual Agencies"
"Murders",1,0,"Undefined",2026-03-01,"Bethlehem, Pennsylvania","Mar 2026","2026-05-18 10:10:31 EDT",78606,1,"Individual Agencies"
"Property Crimes",192,233,"-17.5965665236052",2026-03-01,"Bethlehem, Pennsylvania","Mar 2026","2026-05-18 10:10:31 EDT",78606,1,"Individual Agencies"
"Rapes",4,6,"-33.3333333333333",2026-03-01,"Bethlehem, Pennsylvania","Mar 2026","2026-05-18 10:10:31 EDT",78606,1,"Individual Agencies"
"Robberies",0,5,"-100",2026-03-01,"Bethlehem, Pennsylvania","Mar 2026","2026-05-18 10:10:31 EDT",78606,1,"Individual Agencies"
"Thefts",172,201,"-14.4278606965174",2026-03-01,"Bethlehem, Pennsylvania","Mar 2026","2026-05-18 10:10:31 EDT",78606,1,"Individual Agencies"
"Violent Crimes",15,33,"-54.5454545454545",2026-03-01,"Bethlehem, Pennsylvania","Mar 2026","2026-05-18 10:10:31 EDT",78606,1,"Individual Agencies"
"Aggravated Assaults",41,41,"0",2026-01-01,"Bexar County, Texas","Jan 2026","2026-05-18 10:10:31 EDT",438152,1,"Individual Agencies"
"Burglaries",123,78,"57.6923076923077",2026-01-01,"Bexar County, Texas","Jan 2026","2026-05-18 10:10:31 EDT",438152,1,"Individual Agencies"
"Motor Vehicle Thefts",59,108,"-45.3703703703704",2026-01-01,"Bexar County, Texas","Jan 2026","2026-05-18 10:10:31 EDT",438152,1,"Individual Agencies"
"Murders",1,1,"0",2026-01-01,"Bexar County, Texas","Jan 2026","2026-05-18 10:10:31 EDT",438152,1,"Individual Agencies"
"Rapes",10,7,"42.8571428571429",2026-01-01,"Bexar County, Texas","Jan 2026","2026-05-18 10:10:31 EDT",438152,1,"Individual Agencies"
"Robberies",8,10,"-20",2026-01-01,"Bexar County, Texas","Jan 2026","2026-05-18 10:10:31 EDT",438152,1,"Individual Agencies"
"Thefts",162,274,"-40.8759124087591",2026-01-01,"Bexar County, Texas","Jan 2026","2026-05-18 10:10:31 EDT",438152,1,"Individual Agencies"
"Aggravated Assaults",147,187,"-21.3903743315508",2026-03-01,"Billings, Montana","Mar 2026","2026-05-18 10:10:31 EDT",121365,1,"Individual Agencies"
"Burglaries",45,55,"-18.1818181818182",2026-03-01,"Billings, Montana","Mar 2026","2026-05-18 10:10:31 EDT",121365,1,"Individual Agencies"
"Motor Vehicle Thefts",61,84,"-27.3809523809524",2026-03-01,"Billings, Montana","Mar 2026","2026-05-18 10:10:31 EDT",121365,1,"Individual Agencies"
"Murders",0,0,"0",2026-03-01,"Billings, Montana","Mar 2026","2026-05-18 10:10:31 EDT",121365,1,"Individual Agencies"
"Property Crimes",621,699,"-11.1587982832618",2026-03-01,"Billings, Montana","Mar 2026","2026-05-18 10:10:31 EDT",121365,1,"Individual Agencies"
"Rapes",17,31,"-45.1612903225806",2026-03-01,"Billings, Montana","Mar 2026","2026-05-18 10:10:31 EDT",121365,1,"Individual Agencies"
"Robberies",9,21,"-57.1428571428571",2026-03-01,"Billings, Montana","Mar 2026","2026-05-18 10:10:31 EDT",121365,1,"Individual Agencies"
"Thefts",515,560,"-8.03571428571429",2026-03-01,"Billings, Montana","Mar 2026","2026-05-18 10:10:31 EDT",121365,1,"Individual Agencies"
"Violent Crimes",173,239,"-27.6150627615063",2026-03-01,"Billings, Montana","Mar 2026","2026-05-18 10:10:31 EDT",121365,1,"Individual Agencies"
"Murders",12,16,"-25",2026-03-01,"Birmingham, Alabama","Mar 2026","2026-05-18 10:10:31 EDT",195224,1,"Individual Agencies"
"Property Crimes",0,0,"0",2026-03-01,"Birmingham, Alabama","Mar 2026","2026-05-18 10:10:31 EDT",195224,1,"Individual Agencies"
"Violent Crimes",12,16,"-25",2026-03-01,"Birmingham, Alabama","Mar 2026","2026-05-18 10:10:31 EDT",195224,1,"Individual Agencies"
"Aggravated Assaults",28,24,"16.6666666666667",2026-03-01,"Bismarck, North Dakota","Mar 2026","2026-05-18 10:10:31 EDT",74802,1,"Individual Agencies"
"Burglaries",37,59,"-37.2881355932203",2026-03-01,"Bismarck, North Dakota","Mar 2026","2026-05-18 10:10:31 EDT",74802,1,"Individual Agencies"
"Motor Vehicle Thefts",28,34,"-17.6470588235294",2026-03-01,"Bismarck, North Dakota","Mar 2026","2026-05-18 10:10:31 EDT",74802,1,"Individual Agencies"
"Murders",1,0,"Undefined",2026-03-01,"Bismarck, North Dakota","Mar 2026","2026-05-18 10:10:31 EDT",74802,1,"Individual Agencies"
"Property Crimes",304,400,"-24",2026-03-01,"Bismarck, North Dakota","Mar 2026","2026-05-18 10:10:31 EDT",74802,1,"Individual Agencies"
"Rapes",7,11,"-36.3636363636364",2026-03-01,"Bismarck, North Dakota","Mar 2026","2026-05-18 10:10:31 EDT",74802,1,"Individual Agencies"
"Robberies",12,5,"140",2026-03-01,"Bismarck, North Dakota","Mar 2026","2026-05-18 10:10:31 EDT",74802,1,"Individual Agencies"
"Thefts",239,307,"-22.1498371335505",2026-03-01,"Bismarck, North Dakota","Mar 2026","2026-05-18 10:10:31 EDT",74802,1,"Individual Agencies"
"Violent Crimes",48,40,"20",2026-03-01,"Bismarck, North Dakota","Mar 2026","2026-05-18 10:10:31 EDT",74802,1,"Individual Agencies"
"Aggravated Assaults",4,7,"-42.8571428571429",2026-03-01,"Blaine, Minnesota","Mar 2026","2026-05-18 10:10:31 EDT",72384,1,"Individual Agencies"
"Burglaries",9,11,"-18.1818181818182",2026-03-01,"Blaine, Minnesota","Mar 2026","2026-05-18 10:10:31 EDT",72384,1,"Individual Agencies"
"Motor Vehicle Thefts",11,8,"37.5",2026-03-01,"Blaine, Minnesota","Mar 2026","2026-05-18 10:10:31 EDT",72384,1,"Individual Agencies"
"Murders",0,0,"0",2026-03-01,"Blaine, Minnesota","Mar 2026","2026-05-18 10:10:31 EDT",72384,1,"Individual Agencies"
"Property Crimes",142,174,"-18.3908045977011",2026-03-01,"Blaine, Minnesota","Mar 2026","2026-05-18 10:10:31 EDT",72384,1,"Individual Agencies"
"Rapes",5,4,"25",2026-03-01,"Blaine, Minnesota","Mar 2026","2026-05-18 10:10:31 EDT",72384,1,"Individual Agencies"
"Robberies",4,4,"0",2026-03-01,"Blaine, Minnesota","Mar 2026","2026-05-18 10:10:31 EDT",72384,1,"Individual Agencies"
"Thefts",122,155,"-21.2903225806452",2026-03-01,"Blaine, Minnesota","Mar 2026","2026-05-18 10:10:31 EDT",72384,1,"Individual Agencies"
"Violent Crimes",13,15,"-13.3333333333333",2026-03-01,"Blaine, Minnesota","Mar 2026","2026-05-18 10:10:31 EDT",72384,1,"Individual Agencies"
"Aggravated Assaults",11,12,"-8.33333333333333",2026-03-01,"Bloomfield, New Jersey","Mar 2026","2026-05-18 10:10:31 EDT",53181,1,"Individual Agencies"
"Burglaries",7,10,"-30",2026-03-01,"Bloomfield, New Jersey","Mar 2026","2026-05-18 10:10:31 EDT",53181,1,"Individual Agencies"
"Motor Vehicle Thefts",4,24,"-83.3333333333333",2026-03-01,"Bloomfield, New Jersey","Mar 2026","2026-05-18 10:10:31 EDT",53181,1,"Individual Agencies"
"Murders",1,0,"Undefined",2026-03-01,"Bloomfield, New Jersey","Mar 2026","2026-05-18 10:10:31 EDT",53181,1,"Individual Agencies"
"Property Crimes",147,163,"-9.8159509202454",2026-03-01,"Bloomfield, New Jersey","Mar 2026","2026-05-18 10:10:31 EDT",53181,1,"Individual Agencies"
"Rapes",0,0,"0",2026-03-01,"Bloomfield, New Jersey","Mar 2026","2026-05-18 10:10:31 EDT",53181,1,"Individual Agencies"
"Robberies",0,2,"-100",2026-03-01,"Bloomfield, New Jersey","Mar 2026","2026-05-18 10:10:31 EDT",53181,1,"Individual Agencies"
"Thefts",136,129,"5.42635658914729",2026-03-01,"Bloomfield, New Jersey","Mar 2026","2026-05-18 10:10:31 EDT",53181,1,"Individual Agencies"
"Violent Crimes",12,14,"-14.2857142857143",2026-03-01,"Bloomfield, New Jersey","Mar 2026","2026-05-18 10:10:31 EDT",53181,1,"Individual Agencies"
"Aggravated Assaults",22,34,"-35.2941176470588",2026-03-01,"Bloomington, Minnesota","Mar 2026","2026-05-18 10:10:31 EDT",86793,1,"Individual Agencies"
"Burglaries",47,37,"27.027027027027",2026-03-01,"Bloomington, Minnesota","Mar 2026","2026-05-18 10:10:31 EDT",86793,1,"Individual Agencies"
"Motor Vehicle Thefts",14,23,"-39.1304347826087",2026-03-01,"Bloomington, Minnesota","Mar 2026","2026-05-18 10:10:31 EDT",86793,1,"Individual Agencies"
"Murders",0,1,"-100",2026-03-01,"Bloomington, Minnesota","Mar 2026","2026-05-18 10:10:31 EDT",86793,1,"Individual Agencies"
"Property Crimes",547,514,"6.42023346303502",2026-03-01,"Bloomington, Minnesota","Mar 2026","2026-05-18 10:10:31 EDT",86793,1,"Individual Agencies"
"Rapes",11,16,"-31.25",2026-03-01,"Bloomington, Minnesota","Mar 2026","2026-05-18 10:10:31 EDT",86793,1,"Individual Agencies"
"Robberies",0,6,"-100",2026-03-01,"Bloomington, Minnesota","Mar 2026","2026-05-18 10:10:31 EDT",86793,1,"Individual Agencies"
"Thefts",486,454,"7.04845814977974",2026-03-01,"Bloomington, Minnesota","Mar 2026","2026-05-18 10:10:31 EDT",86793,1,"Individual Agencies"
"Violent Crimes",33,57,"-42.1052631578947",2026-03-01,"Bloomington, Minnesota","Mar 2026","2026-05-18 10:10:31 EDT",86793,1,"Individual Agencies"
"Aggravated Assaults",17,17,"0",2026-03-01,"Blue Springs, Missouri","Mar 2026","2026-05-18 10:10:31 EDT",59896,1,"Individual Agencies"
"Burglaries",22,22,"0",2026-03-01,"Blue Springs, Missouri","Mar 2026","2026-05-18 10:10:31 EDT",59896,1,"Individual Agencies"
"Motor Vehicle Thefts",35,35,"0",2026-03-01,"Blue Springs, Missouri","Mar 2026","2026-05-18 10:10:31 EDT",59896,1,"Individual Agencies"
"Murders",0,0,"0",2026-03-01,"Blue Springs, Missouri","Mar 2026","2026-05-18 10:10:31 EDT",59896,1,"Individual Agencies"
"Property Crimes",313,313,"0",2026-03-01,"Blue Springs, Missouri","Mar 2026","2026-05-18 10:10:31 EDT",59896,1,"Individual Agencies"
"Rapes",4,4,"0",2026-03-01,"Blue Springs, Missouri","Mar 2026","2026-05-18 10:10:31 EDT",59896,1,"Individual Agencies"
"Robberies",1,1,"0",2026-03-01,"Blue Springs, Missouri","Mar 2026","2026-05-18 10:10:31 EDT",59896,1,"Individual Agencies"
"Thefts",256,256,"0",2026-03-01,"Blue Springs, Missouri","Mar 2026","2026-05-18 10:10:31 EDT",59896,1,"Individual Agencies"
"Violent Crimes",22,22,"0",2026-03-01,"Blue Springs, Missouri","Mar 2026","2026-05-18 10:10:31 EDT",59896,1,"Individual Agencies"
"Aggravated Assaults",75,54,"38.8888888888889",2026-02-01,"Boise, Idaho","Feb 2026","2026-05-18 10:10:31 EDT",236949,1,"Individual Agencies"
"Burglaries",20,32,"-37.5",2026-02-01,"Boise, Idaho","Feb 2026","2026-05-18 10:10:31 EDT",236949,1,"Individual Agencies"
"Motor Vehicle Thefts",22,28,"-21.4285714285714",2026-02-01,"Boise, Idaho","Feb 2026","2026-05-18 10:10:31 EDT",236949,1,"Individual Agencies"
"Murders",0,1,"-100",2026-02-01,"Boise, Idaho","Feb 2026","2026-05-18 10:10:31 EDT",236949,1,"Individual Agencies"
"Rapes",23,33,"-30.3030303030303",2026-02-01,"Boise, Idaho","Feb 2026","2026-05-18 10:10:31 EDT",236949,1,"Individual Agencies"
"Robberies",6,7,"-14.2857142857143",2026-02-01,"Boise, Idaho","Feb 2026","2026-05-18 10:10:31 EDT",236949,1,"Individual Agencies"
"Thefts",209,258,"-18.9922480620155",2026-02-01,"Boise, Idaho","Feb 2026","2026-05-18 10:10:31 EDT",236949,1,"Individual Agencies"
"Aggravated Assaults",11,20,"-45",2026-03-01,"Bolingbrook, Illinois","Mar 2026","2026-05-18 10:10:31 EDT",74138,1,"Individual Agencies"
"Burglaries",9,10,"-10",2026-03-01,"Bolingbrook, Illinois","Mar 2026","2026-05-18 10:10:31 EDT",74138,1,"Individual Agencies"
"Motor Vehicle Thefts",4,19,"-78.9473684210526",2026-03-01,"Bolingbrook, Illinois","Mar 2026","2026-05-18 10:10:31 EDT",74138,1,"Individual Agencies"
"Murders",0,0,"0",2026-03-01,"Bolingbrook, Illinois","Mar 2026","2026-05-18 10:10:31 EDT",74138,1,"Individual Agencies"
"Property Crimes",94,103,"-8.7378640776699",2026-03-01,"Bolingbrook, Illinois","Mar 2026","2026-05-18 10:10:31 EDT",74138,1,"Individual Agencies"
"Rapes",3,7,"-57.1428571428571",2026-03-01,"Bolingbrook, Illinois","Mar 2026","2026-05-18 10:10:31 EDT",74138,1,"Individual Agencies"
"Robberies",4,6,"-33.3333333333333",2026-03-01,"Bolingbrook, Illinois","Mar 2026","2026-05-18 10:10:31 EDT",74138,1,"Individual Agencies"
"Thefts",81,74,"9.45945945945946",2026-03-01,"Bolingbrook, Illinois","Mar 2026","2026-05-18 10:10:31 EDT",74138,1,"Individual Agencies"
"Violent Crimes",18,33,"-45.4545454545455",2026-03-01,"Bolingbrook, Illinois","Mar 2026","2026-05-18 10:10:31 EDT",74138,1,"Individual Agencies"
"Aggravated Assaults",10,10,"0",2026-03-01,"Boone County, Kentucky","Mar 2026","2026-05-18 10:10:31 EDT",107867,1,"Individual Agencies"
"Burglaries",13,15,"-13.3333333333333",2026-03-01,"Boone County, Kentucky","Mar 2026","2026-05-18 10:10:31 EDT",107867,1,"Individual Agencies"
"Motor Vehicle Thefts",8,11,"-27.2727272727273",2026-03-01,"Boone County, Kentucky","Mar 2026","2026-05-18 10:10:31 EDT",107867,1,"Individual Agencies"
"Murders",0,0,"0",2026-03-01,"Boone County, Kentucky","Mar 2026","2026-05-18 10:10:31 EDT",107867,1,"Individual Agencies"
"Property Crimes",105,115,"-8.69565217391304",2026-03-01,"Boone County, Kentucky","Mar 2026","2026-05-18 10:10:31 EDT",107867,1,"Individual Agencies"
"Rapes",3,5,"-40",2026-03-01,"Boone County, Kentucky","Mar 2026","2026-05-18 10:10:31 EDT",107867,1,"Individual Agencies"
"Robberies",1,1,"0",2026-03-01,"Boone County, Kentucky","Mar 2026","2026-05-18 10:10:31 EDT",107867,1,"Individual Agencies"
"Thefts",84,89,"-5.61797752808989",2026-03-01,"Boone County, Kentucky","Mar 2026","2026-05-18 10:10:31 EDT",107867,1,"Individual Agencies"
"Violent Crimes",14,16,"-12.5",2026-03-01,"Boone County, Kentucky","Mar 2026","2026-05-18 10:10:31 EDT",107867,1,"Individual Agencies"
"Aggravated Assaults",108,101,"6.93069306930693",2026-03-01,"Bossier City, Louisiana","Mar 2026","2026-05-18 10:10:31 EDT",62602,1,"Individual Agencies"
"Burglaries",51,58,"-12.0689655172414",2026-03-01,"Bossier City, Louisiana","Mar 2026","2026-05-18 10:10:31 EDT",62602,1,"Individual Agencies"
"Motor Vehicle Thefts",26,47,"-44.6808510638298",2026-03-01,"Bossier City, Louisiana","Mar 2026","2026-05-18 10:10:31 EDT",62602,1,"Individual Agencies"
"Murders",0,1,"-100",2026-03-01,"Bossier City, Louisiana","Mar 2026","2026-05-18 10:10:31 EDT",62602,1,"Individual Agencies"
"Property Crimes",494,522,"-5.3639846743295",2026-03-01,"Bossier City, Louisiana","Mar 2026","2026-05-18 10:10:31 EDT",62602,1,"Individual Agencies"
"Rapes",12,14,"-14.2857142857143",2026-03-01,"Bossier City, Louisiana","Mar 2026","2026-05-18 10:10:31 EDT",62602,1,"Individual Agencies"
"Robberies",10,11,"-9.09090909090909",2026-03-01,"Bossier City, Louisiana","Mar 2026","2026-05-18 10:10:31 EDT",62602,1,"Individual Agencies"
"Thefts",417,417,"0",2026-03-01,"Bossier City, Louisiana","Mar 2026","2026-05-18 10:10:31 EDT",62602,1,"Individual Agencies"
"Violent Crimes",130,127,"2.36220472440945",2026-03-01,"Bossier City, Louisiana","Mar 2026","2026-05-18 10:10:31 EDT",62602,1,"Individual Agencies"
"Aggravated Assaults",571,636,"-10.2201257861635",2026-03-01,"Boston, Massachusetts","Mar 2026","2026-05-18 10:10:31 EDT",642823,1,"Individual Agencies"
"Burglaries",244,244,"0",2026-03-01,"Boston, Massachusetts","Mar 2026","2026-05-18 10:10:31 EDT",642823,1,"Individual Agencies"
"Motor Vehicle Thefts",113,188,"-39.8936170212766",2026-03-01,"Boston, Massachusetts","Mar 2026","2026-05-18 10:10:31 EDT",642823,1,"Individual Agencies"
"Murders",3,8,"-62.5",2026-03-01,"Boston, Massachusetts","Mar 2026","2026-05-18 10:10:31 EDT",642823,1,"Individual Agencies"
"Property Crimes",2735,2838,"-3.62931642001409",2026-03-01,"Boston, Massachusetts","Mar 2026","2026-05-18 10:10:31 EDT",642823,1,"Individual Agencies"
"Rapes",36,42,"-14.2857142857143",2026-03-01,"Boston, Massachusetts","Mar 2026","2026-05-18 10:10:31 EDT",642823,1,"Individual Agencies"
"Robberies",127,158,"-19.620253164557",2026-03-01,"Boston, Massachusetts","Mar 2026","2026-05-18 10:10:31 EDT",642823,1,"Individual Agencies"
"Thefts",2378,2406,"-1.16375727348296",2026-03-01,"Boston, Massachusetts","Mar 2026","2026-05-18 10:10:31 EDT",642823,1,"Individual Agencies"
"Violent Crimes",737,844,"-12.6777251184834",2026-03-01,"Boston, Massachusetts","Mar 2026","2026-05-18 10:10:31 EDT",642823,1,"Individual Agencies"
"Aggravated Assaults",49,52,"-5.76923076923077",2026-03-01,"Boulder, Colorado","Mar 2026","2026-05-18 10:10:31 EDT",104232,1,"Individual Agencies"
"Burglaries",88,88,"0",2026-03-01,"Boulder, Colorado","Mar 2026","2026-05-18 10:10:31 EDT",104232,1,"Individual Agencies"
"Motor Vehicle Thefts",13,59,"-77.9661016949153",2026-03-01,"Boulder, Colorado","Mar 2026","2026-05-18 10:10:31 EDT",104232,1,"Individual Agencies"
"Murders",0,0,"0",2026-03-01,"Boulder, Colorado","Mar 2026","2026-05-18 10:10:31 EDT",104232,1,"Individual Agencies"
"Property Crimes",609,764,"-20.2879581151832",2026-03-01,"Boulder, Colorado","Mar 2026","2026-05-18 10:10:31 EDT",104232,1,"Individual Agencies"
"Rapes",19,14,"35.7142857142857",2026-03-01,"Boulder, Colorado","Mar 2026","2026-05-18 10:10:31 EDT",104232,1,"Individual Agencies"
"Robberies",15,17,"-11.7647058823529",2026-03-01,"Boulder, Colorado","Mar 2026","2026-05-18 10:10:31 EDT",104232,1,"Individual Agencies"
"Thefts",508,617,"-17.6661264181524",2026-03-01,"Boulder, Colorado","Mar 2026","2026-05-18 10:10:31 EDT",104232,1,"Individual Agencies"
"Violent Crimes",83,83,"0",2026-03-01,"Boulder, Colorado","Mar 2026","2026-05-18 10:10:31 EDT",104232,1,"Individual Agencies"
"Aggravated Assaults",10,18,"-44.4444444444444",2026-03-01,"Bowie, Maryland","Mar 2026","2026-05-18 10:10:31 EDT",56678,1,"Individual Agencies"
"Burglaries",7,14,"-50",2026-03-01,"Bowie, Maryland","Mar 2026","2026-05-18 10:10:31 EDT",56678,1,"Individual Agencies"
"Motor Vehicle Thefts",33,34,"-2.94117647058824",2026-03-01,"Bowie, Maryland","Mar 2026","2026-05-18 10:10:31 EDT",56678,1,"Individual Agencies"
"Murders",0,0,"0",2026-03-01,"Bowie, Maryland","Mar 2026","2026-05-18 10:10:31 EDT",56678,1,"Individual Agencies"
"Rapes",1,4,"-75",2026-03-01,"Bowie, Maryland","Mar 2026","2026-05-18 10:10:31 EDT",56678,1,"Individual Agencies"
"Robberies",2,8,"-75",2026-03-01,"Bowie, Maryland","Mar 2026","2026-05-18 10:10:31 EDT",56678,1,"Individual Agencies"
"Thefts",169,244,"-30.7377049180328",2026-03-01,"Bowie, Maryland","Mar 2026","2026-05-18 10:10:31 EDT",56678,1,"Individual Agencies"
"Aggravated Assaults",19,12,"58.3333333333333",2026-03-01,"Bowling Green, Kentucky","Mar 2026","2026-05-18 10:10:31 EDT",76194,1,"Individual Agencies"
"Burglaries",34,64,"-46.875",2026-03-01,"Bowling Green, Kentucky","Mar 2026","2026-05-18 10:10:31 EDT",76194,1,"Individual Agencies"
"Motor Vehicle Thefts",29,45,"-35.5555555555556",2026-03-01,"Bowling Green, Kentucky","Mar 2026","2026-05-18 10:10:31 EDT",76194,1,"Individual Agencies"
"Murders",1,1,"0",2026-03-01,"Bowling Green, Kentucky","Mar 2026","2026-05-18 10:10:31 EDT",76194,1,"Individual Agencies"
"Property Crimes",402,490,"-17.9591836734694",2026-03-01,"Bowling Green, Kentucky","Mar 2026","2026-05-18 10:10:31 EDT",76194,1,"Individual Agencies"
"Rapes",10,12,"-16.6666666666667",2026-03-01,"Bowling Green, Kentucky","Mar 2026","2026-05-18 10:10:31 EDT",76194,1,"Individual Agencies"
"Robberies",6,5,"20",2026-03-01,"Bowling Green, Kentucky","Mar 2026","2026-05-18 10:10:31 EDT",76194,1,"Individual Agencies"
"Thefts",339,381,"-11.0236220472441",2026-03-01,"Bowling Green, Kentucky","Mar 2026","2026-05-18 10:10:31 EDT",76194,1,"Individual Agencies"
"Violent Crimes",36,30,"20",2026-03-01,"Bowling Green, Kentucky","Mar 2026","2026-05-18 10:10:31 EDT",76194,1,"Individual Agencies"
"Aggravated Assaults",46,34,"35.2941176470588",2026-03-01,"Bozeman, Montana","Mar 2026","2026-05-18 10:10:31 EDT",57424,1,"Individual Agencies"
"Burglaries",4,11,"-63.6363636363636",2026-03-01,"Bozeman, Montana","Mar 2026","2026-05-18 10:10:31 EDT",57424,1,"Individual Agencies"
"Motor Vehicle Thefts",10,12,"-16.6666666666667",2026-03-01,"Bozeman, Montana","Mar 2026","2026-05-18 10:10:31 EDT",57424,1,"Individual Agencies"
"Murders",2,1,"100",2026-03-01,"Bozeman, Montana","Mar 2026","2026-05-18 10:10:31 EDT",57424,1,"Individual Agencies"
"Property Crimes",186,207,"-10.1449275362319",2026-03-01,"Bozeman, Montana","Mar 2026","2026-05-18 10:10:31 EDT",57424,1,"Individual Agencies"
"Rapes",14,16,"-12.5",2026-03-01,"Bozeman, Montana","Mar 2026","2026-05-18 10:10:31 EDT",57424,1,"Individual Agencies"
"Robberies",0,2,"-100",2026-03-01,"Bozeman, Montana","Mar 2026","2026-05-18 10:10:31 EDT",57424,1,"Individual Agencies"
"Thefts",172,184,"-6.52173913043478",2026-03-01,"Bozeman, Montana","Mar 2026","2026-05-18 10:10:31 EDT",57424,1,"Individual Agencies"
"Violent Crimes",62,53,"16.9811320754717",2026-03-01,"Bozeman, Montana","Mar 2026","2026-05-18 10:10:31 EDT",57424,1,"Individual Agencies"
"Aggravated Assaults",36,16,"125",2026-03-01,"Brazoria County, Texas","Mar 2026","2026-05-18 10:10:31 EDT",132229,1,"Individual Agencies"
"Burglaries",35,57,"-38.5964912280702",2026-03-01,"Brazoria County, Texas","Mar 2026","2026-05-18 10:10:31 EDT",132229,1,"Individual Agencies"
"Motor Vehicle Thefts",29,27,"7.40740740740741",2026-03-01,"Brazoria County, Texas","Mar 2026","2026-05-18 10:10:31 EDT",132229,1,"Individual Agencies"
"Murders",3,0,"Undefined",2026-03-01,"Brazoria County, Texas","Mar 2026","2026-05-18 10:10:31 EDT",132229,1,"Individual Agencies"
"Property Crimes",236,268,"-11.9402985074627",2026-03-01,"Brazoria County, Texas","Mar 2026","2026-05-18 10:10:31 EDT",132229,1,"Individual Agencies"
"Rapes",9,8,"12.5",2026-03-01,"Brazoria County, Texas","Mar 2026","2026-05-18 10:10:31 EDT",132229,1,"Individual Agencies"
"Robberies",5,2,"150",2026-03-01,"Brazoria County, Texas","Mar 2026","2026-05-18 10:10:31 EDT",132229,1,"Individual Agencies"
"Thefts",172,184,"-6.52173913043478",2026-03-01,"Brazoria County, Texas","Mar 2026","2026-05-18 10:10:31 EDT",132229,1,"Individual Agencies"
"Violent Crimes",53,26,"103.846153846154",2026-03-01,"Brazoria County, Texas","Mar 2026","2026-05-18 10:10:31 EDT",132229,1,"Individual Agencies"
"Aggravated Assaults",14,18,"-22.2222222222222",2026-03-01,"Brentwood, California","Mar 2026","2026-05-18 10:10:31 EDT",66976,1,"Individual Agencies"
"Burglaries",18,13,"38.4615384615385",2026-03-01,"Brentwood, California","Mar 2026","2026-05-18 10:10:31 EDT",66976,1,"Individual Agencies"
"Motor Vehicle Thefts",23,31,"-25.8064516129032",2026-03-01,"Brentwood, California","Mar 2026","2026-05-18 10:10:31 EDT",66976,1,"Individual Agencies"
"Murders",0,0,"0",2026-03-01,"Brentwood, California","Mar 2026","2026-05-18 10:10:31 EDT",66976,1,"Individual Agencies"
"Property Crimes",206,247,"-16.5991902834008",2026-03-01,"Brentwood, California","Mar 2026","2026-05-18 10:10:31 EDT",66976,1,"Individual Agencies"
"Rapes",2,4,"-50",2026-03-01,"Brentwood, California","Mar 2026","2026-05-18 10:10:31 EDT",66976,1,"Individual Agencies"
"Robberies",7,10,"-30",2026-03-01,"Brentwood, California","Mar 2026","2026-05-18 10:10:31 EDT",66976,1,"Individual Agencies"
"Thefts",165,203,"-18.7192118226601",2026-03-01,"Brentwood, California","Mar 2026","2026-05-18 10:10:31 EDT",66976,1,"Individual Agencies"
"Violent Crimes",23,32,"-28.125",2026-03-01,"Brentwood, California","Mar 2026","2026-05-18 10:10:31 EDT",66976,1,"Individual Agencies"
"Aggravated Assaults",40,49,"-18.3673469387755",2026-03-01,"Bridgeport, Connecticut","Mar 2026","2026-05-18 10:10:31 EDT",148483,1,"Individual Agencies"
"Burglaries",66,58,"13.7931034482759",2026-03-01,"Bridgeport, Connecticut","Mar 2026","2026-05-18 10:10:31 EDT",148483,1,"Individual Agencies"
"Motor Vehicle Thefts",125,124,"0.806451612903226",2026-03-01,"Bridgeport, Connecticut","Mar 2026","2026-05-18 10:10:31 EDT",148483,1,"Individual Agencies"
"Murders",1,2,"-50",2026-03-01,"Bridgeport, Connecticut","Mar 2026","2026-05-18 10:10:31 EDT",148483,1,"Individual Agencies"
"Property Crimes",440,528,"-16.6666666666667",2026-03-01,"Bridgeport, Connecticut","Mar 2026","2026-05-18 10:10:31 EDT",148483,1,"Individual Agencies"
"Rapes",11,16,"-31.25",2026-03-01,"Bridgeport, Connecticut","Mar 2026","2026-05-18 10:10:31 EDT",148483,1,"Individual Agencies"
"Robberies",28,32,"-12.5",2026-03-01,"Bridgeport, Connecticut","Mar 2026","2026-05-18 10:10:31 EDT",148483,1,"Individual Agencies"
"Thefts",249,346,"-28.0346820809249",2026-03-01,"Bridgeport, Connecticut","Mar 2026","2026-05-18 10:10:31 EDT",148483,1,"Individual Agencies"
"Violent Crimes",80,99,"-19.1919191919192",2026-03-01,"Bridgeport, Connecticut","Mar 2026","2026-05-18 10:10:31 EDT",148483,1,"Individual Agencies"
"Aggravated Assaults",2,1,"100",2026-03-01,"Bristol, Connecticut","Mar 2026","2026-05-18 10:10:31 EDT",61609,1,"Individual Agencies"
"Burglaries",11,19,"-42.1052631578947",2026-03-01,"Bristol, Connecticut","Mar 2026","2026-05-18 10:10:31 EDT",61609,1,"Individual Agencies"
"Motor Vehicle Thefts",10,22,"-54.5454545454545",2026-03-01,"Bristol, Connecticut","Mar 2026","2026-05-18 10:10:31 EDT",61609,1,"Individual Agencies"
"Murders",0,0,"0",2026-03-01,"Bristol, Connecticut","Mar 2026","2026-05-18 10:10:31 EDT",61609,1,"Individual Agencies"
"Property Crimes",70,95,"-26.3157894736842",2026-03-01,"Bristol, Connecticut","Mar 2026","2026-05-18 10:10:31 EDT",61609,1,"Individual Agencies"
"Rapes",1,0,"Undefined",2026-03-01,"Bristol, Connecticut","Mar 2026","2026-05-18 10:10:31 EDT",61609,1,"Individual Agencies"
"Robberies",3,3,"0",2026-03-01,"Bristol, Connecticut","Mar 2026","2026-05-18 10:10:31 EDT",61609,1,"Individual Agencies"
"Thefts",49,54,"-9.25925925925926",2026-03-01,"Bristol, Connecticut","Mar 2026","2026-05-18 10:10:31 EDT",61609,1,"Individual Agencies"
"Violent Crimes",6,4,"50",2026-03-01,"Bristol, Connecticut","Mar 2026","2026-05-18 10:10:31 EDT",61609,1,"Individual Agencies"
"Aggravated Assaults",72,97,"-25.7731958762887",2026-03-01,"Brockton, Massachusetts","Mar 2026","2026-05-18 10:10:31 EDT",108938,1,"Individual Agencies"
"Burglaries",47,51,"-7.84313725490196",2026-03-01,"Brockton, Massachusetts","Mar 2026","2026-05-18 10:10:31 EDT",108938,1,"Individual Agencies"
"Motor Vehicle Thefts",65,63,"3.17460317460317",2026-03-01,"Brockton, Massachusetts","Mar 2026","2026-05-18 10:10:31 EDT",108938,1,"Individual Agencies"
"Murders",2,4,"-50",2026-03-01,"Brockton, Massachusetts","Mar 2026","2026-05-18 10:10:31 EDT",108938,1,"Individual Agencies"
"Property Crimes",279,271,"2.9520295202952",2026-03-01,"Brockton, Massachusetts","Mar 2026","2026-05-18 10:10:31 EDT",108938,1,"Individual Agencies"
"Rapes",18,15,"20",2026-03-01,"Brockton, Massachusetts","Mar 2026","2026-05-18 10:10:31 EDT",108938,1,"Individual Agencies"
"Robberies",12,12,"0",2026-03-01,"Brockton, Massachusetts","Mar 2026","2026-05-18 10:10:31 EDT",108938,1,"Individual Agencies"
"Thefts",167,157,"6.36942675159236",2026-03-01,"Brockton, Massachusetts","Mar 2026","2026-05-18 10:10:31 EDT",108938,1,"Individual Agencies"
"Violent Crimes",104,128,"-18.75",2026-03-01,"Brockton, Massachusetts","Mar 2026","2026-05-18 10:10:31 EDT",108938,1,"Individual Agencies"
"Aggravated Assaults",44,45,"-2.22222222222222",2026-03-01,"Broken Arrow, Oklahoma","Mar 2026","2026-05-18 10:10:31 EDT",119959,1,"Individual Agencies"
"Burglaries",28,40,"-30",2026-03-01,"Broken Arrow, Oklahoma","Mar 2026","2026-05-18 10:10:31 EDT",119959,1,"Individual Agencies"
"Motor Vehicle Thefts",17,21,"-19.047619047619",2026-03-01,"Broken Arrow, Oklahoma","Mar 2026","2026-05-18 10:10:31 EDT",119959,1,"Individual Agencies"
"Murders",0,0,"0",2026-03-01,"Broken Arrow, Oklahoma","Mar 2026","2026-05-18 10:10:31 EDT",119959,1,"Individual Agencies"
"Property Crimes",250,313,"-20.1277955271566",2026-03-01,"Broken Arrow, Oklahoma","Mar 2026","2026-05-18 10:10:31 EDT",119959,1,"Individual Agencies"
"Rapes",7,14,"-50",2026-03-01,"Broken Arrow, Oklahoma","Mar 2026","2026-05-18 10:10:31 EDT",119959,1,"Individual Agencies"
"Robberies",5,6,"-16.6666666666667",2026-03-01,"Broken Arrow, Oklahoma","Mar 2026","2026-05-18 10:10:31 EDT",119959,1,"Individual Agencies"
"Thefts",205,252,"-18.6507936507937",2026-03-01,"Broken Arrow, Oklahoma","Mar 2026","2026-05-18 10:10:31 EDT",119959,1,"Individual Agencies"
"Violent Crimes",56,65,"-13.8461538461538",2026-03-01,"Broken Arrow, Oklahoma","Mar 2026","2026-05-18 10:10:31 EDT",119959,1,"Individual Agencies"
"Aggravated Assaults",17,27,"-37.037037037037",2026-03-01,"Brookhaven, Georgia","Mar 2026","2026-05-18 10:10:31 EDT",58507,1,"Individual Agencies"
"Burglaries",16,21,"-23.8095238095238",2026-03-01,"Brookhaven, Georgia","Mar 2026","2026-05-18 10:10:31 EDT",58507,1,"Individual Agencies"
"Motor Vehicle Thefts",15,20,"-25",2026-03-01,"Brookhaven, Georgia","Mar 2026","2026-05-18 10:10:31 EDT",58507,1,"Individual Agencies"
"Murders",2,0,"Undefined",2026-03-01,"Brookhaven, Georgia","Mar 2026","2026-05-18 10:10:31 EDT",58507,1,"Individual Agencies"
"Property Crimes",192,314,"-38.8535031847134",2026-03-01,"Brookhaven, Georgia","Mar 2026","2026-05-18 10:10:31 EDT",58507,1,"Individual Agencies"
"Rapes",2,4,"-50",2026-03-01,"Brookhaven, Georgia","Mar 2026","2026-05-18 10:10:31 EDT",58507,1,"Individual Agencies"
"Robberies",14,16,"-12.5",2026-03-01,"Brookhaven, Georgia","Mar 2026","2026-05-18 10:10:31 EDT",58507,1,"Individual Agencies"
"Thefts",161,273,"-41.025641025641",2026-03-01,"Brookhaven, Georgia","Mar 2026","2026-05-18 10:10:31 EDT",58507,1,"Individual Agencies"
"Violent Crimes",35,47,"-25.531914893617",2026-03-01,"Brookhaven, Georgia","Mar 2026","2026-05-18 10:10:31 EDT",58507,1,"Individual Agencies"
"Aggravated Assaults",3,3,"0",2026-01-01,"Brookline, Massachusetts","Jan 2026","2026-05-18 10:10:31 EDT",62639,1,"Individual Agencies"
"Burglaries",2,2,"0",2026-01-01,"Brookline, Massachusetts","Jan 2026","2026-05-18 10:10:31 EDT",62639,1,"Individual Agencies"
"Motor Vehicle Thefts",0,0,"0",2026-01-01,"Brookline, Massachusetts","Jan 2026","2026-05-18 10:10:31 EDT",62639,1,"Individual Agencies"
"Murders",1,0,"Undefined",2026-01-01,"Brookline, Massachusetts","Jan 2026","2026-05-18 10:10:31 EDT",62639,1,"Individual Agencies"
"Rapes",0,1,"-100",2026-01-01,"Brookline, Massachusetts","Jan 2026","2026-05-18 10:10:31 EDT",62639,1,"Individual Agencies"
"Robberies",0,1,"-100",2026-01-01,"Brookline, Massachusetts","Jan 2026","2026-05-18 10:10:31 EDT",62639,1,"Individual Agencies"
"Thefts",14,36,"-61.1111111111111",2026-01-01,"Brookline, Massachusetts","Jan 2026","2026-05-18 10:10:31 EDT",62639,1,"Individual Agencies"
"Aggravated Assaults",30,41,"-26.8292682926829",2026-03-01,"Brooklyn Park, Minnesota","Mar 2026","2026-05-18 10:10:31 EDT",81920,1,"Individual Agencies"
"Burglaries",42,30,"40",2026-03-01,"Brooklyn Park, Minnesota","Mar 2026","2026-05-18 10:10:31 EDT",81920,1,"Individual Agencies"
"Motor Vehicle Thefts",28,46,"-39.1304347826087",2026-03-01,"Brooklyn Park, Minnesota","Mar 2026","2026-05-18 10:10:31 EDT",81920,1,"Individual Agencies"
"Murders",1,0,"Undefined",2026-03-01,"Brooklyn Park, Minnesota","Mar 2026","2026-05-18 10:10:31 EDT",81920,1,"Individual Agencies"
"Property Crimes",313,402,"-22.1393034825871",2026-03-01,"Brooklyn Park, Minnesota","Mar 2026","2026-05-18 10:10:31 EDT",81920,1,"Individual Agencies"
"Rapes",6,16,"-62.5",2026-03-01,"Brooklyn Park, Minnesota","Mar 2026","2026-05-18 10:10:31 EDT",81920,1,"Individual Agencies"
"Robberies",12,13,"-7.69230769230769",2026-03-01,"Brooklyn Park, Minnesota","Mar 2026","2026-05-18 10:10:31 EDT",81920,1,"Individual Agencies"
"Thefts",243,326,"-25.4601226993865",2026-03-01,"Brooklyn Park, Minnesota","Mar 2026","2026-05-18 10:10:31 EDT",81920,1,"Individual Agencies"
"Violent Crimes",49,70,"-30",2026-03-01,"Brooklyn Park, Minnesota","Mar 2026","2026-05-18 10:10:31 EDT",81920,1,"Individual Agencies"
"Aggravated Assaults",21,23,"-8.69565217391304",2026-03-01,"Broomfield, Colorado","Mar 2026","2026-05-18 10:10:31 EDT",77072,1,"Individual Agencies"
"Burglaries",41,33,"24.2424242424242",2026-03-01,"Broomfield, Colorado","Mar 2026","2026-05-18 10:10:31 EDT",77072,1,"Individual Agencies"
"Motor Vehicle Thefts",24,37,"-35.1351351351351",2026-03-01,"Broomfield, Colorado","Mar 2026","2026-05-18 10:10:31 EDT",77072,1,"Individual Agencies"
"Murders",0,0,"0",2026-03-01,"Broomfield, Colorado","Mar 2026","2026-05-18 10:10:31 EDT",77072,1,"Individual Agencies"
"Property Crimes",338,271,"24.7232472324723",2026-03-01,"Broomfield, Colorado","Mar 2026","2026-05-18 10:10:31 EDT",77072,1,"Individual Agencies"
"Rapes",8,9,"-11.1111111111111",2026-03-01,"Broomfield, Colorado","Mar 2026","2026-05-18 10:10:31 EDT",77072,1,"Individual Agencies"
"Robberies",0,2,"-100",2026-03-01,"Broomfield, Colorado","Mar 2026","2026-05-18 10:10:31 EDT",77072,1,"Individual Agencies"
"Thefts",273,201,"35.8208955223881",2026-03-01,"Broomfield, Colorado","Mar 2026","2026-05-18 10:10:31 EDT",77072,1,"Individual Agencies"
"Violent Crimes",29,34,"-14.7058823529412",2026-03-01,"Broomfield, Colorado","Mar 2026","2026-05-18 10:10:31 EDT",77072,1,"Individual Agencies"
"Aggravated Assaults",114,125,"-8.8",2026-03-01,"Brownsville, Texas","Mar 2026","2026-05-18 10:10:31 EDT",190590,1,"Individual Agencies"
"Burglaries",52,72,"-27.7777777777778",2026-03-01,"Brownsville, Texas","Mar 2026","2026-05-18 10:10:31 EDT",190590,1,"Individual Agencies"
"Motor Vehicle Thefts",82,129,"-36.4341085271318",2026-03-01,"Brownsville, Texas","Mar 2026","2026-05-18 10:10:31 EDT",190590,1,"Individual Agencies"
"Murders",0,1,"-100",2026-03-01,"Brownsville, Texas","Mar 2026","2026-05-18 10:10:31 EDT",190590,1,"Individual Agencies"
"Property Crimes",627,794,"-21.0327455919395",2026-03-01,"Brownsville, Texas","Mar 2026","2026-05-18 10:10:31 EDT",190590,1,"Individual Agencies"
"Rapes",18,25,"-28",2026-03-01,"Brownsville, Texas","Mar 2026","2026-05-18 10:10:31 EDT",190590,1,"Individual Agencies"
"Robberies",24,31,"-22.5806451612903",2026-03-01,"Brownsville, Texas","Mar 2026","2026-05-18 10:10:31 EDT",190590,1,"Individual Agencies"
"Thefts",493,593,"-16.8634064080944",2026-03-01,"Brownsville, Texas","Mar 2026","2026-05-18 10:10:31 EDT",190590,1,"Individual Agencies"
"Violent Crimes",156,182,"-14.2857142857143",2026-03-01,"Brownsville, Texas","Mar 2026","2026-05-18 10:10:31 EDT",190590,1,"Individual Agencies"
"Aggravated Assaults",36,22,"63.6363636363636",2026-03-01,"Buckeye, Arizona","Mar 2026","2026-05-18 10:10:31 EDT",112048,1,"Individual Agencies"
"Burglaries",28,17,"64.7058823529412",2026-03-01,"Buckeye, Arizona","Mar 2026","2026-05-18 10:10:31 EDT",112048,1,"Individual Agencies"
"Motor Vehicle Thefts",14,30,"-53.3333333333333",2026-03-01,"Buckeye, Arizona","Mar 2026","2026-05-18 10:10:31 EDT",112048,1,"Individual Agencies"
"Murders",1,0,"Undefined",2026-03-01,"Buckeye, Arizona","Mar 2026","2026-05-18 10:10:31 EDT",112048,1,"Individual Agencies"
"Property Crimes",190,194,"-2.06185567010309",2026-03-01,"Buckeye, Arizona","Mar 2026","2026-05-18 10:10:31 EDT",112048,1,"Individual Agencies"
"Rapes",6,16,"-62.5",2026-03-01,"Buckeye, Arizona","Mar 2026","2026-05-18 10:10:31 EDT",112048,1,"Individual Agencies"
"Robberies",3,6,"-50",2026-03-01,"Buckeye, Arizona","Mar 2026","2026-05-18 10:10:31 EDT",112048,1,"Individual Agencies"
"Thefts",148,147,"0.680272108843537",2026-03-01,"Buckeye, Arizona","Mar 2026","2026-05-18 10:10:31 EDT",112048,1,"Individual Agencies"
"Violent Crimes",46,44,"4.54545454545455",2026-03-01,"Buckeye, Arizona","Mar 2026","2026-05-18 10:10:31 EDT",112048,1,"Individual Agencies"
"Aggravated Assaults",16,39,"-58.974358974359",2026-03-01,"Buena Park, California","Mar 2026","2026-05-18 10:10:31 EDT",81753,1,"Individual Agencies"
"Burglaries",21,52,"-59.6153846153846",2026-03-01,"Buena Park, California","Mar 2026","2026-05-18 10:10:31 EDT",81753,1,"Individual Agencies"
"Motor Vehicle Thefts",54,71,"-23.943661971831",2026-03-01,"Buena Park, California","Mar 2026","2026-05-18 10:10:31 EDT",81753,1,"Individual Agencies"
"Murders",0,0,"0",2026-03-01,"Buena Park, California","Mar 2026","2026-05-18 10:10:31 EDT",81753,1,"Individual Agencies"
"Property Crimes",374,452,"-17.2566371681416",2026-03-01,"Buena Park, California","Mar 2026","2026-05-18 10:10:31 EDT",81753,1,"Individual Agencies"
"Rapes",3,4,"-25",2026-03-01,"Buena Park, California","Mar 2026","2026-05-18 10:10:31 EDT",81753,1,"Individual Agencies"
"Robberies",13,12,"8.33333333333333",2026-03-01,"Buena Park, California","Mar 2026","2026-05-18 10:10:31 EDT",81753,1,"Individual Agencies"
"Thefts",299,329,"-9.11854103343465",2026-03-01,"Buena Park, California","Mar 2026","2026-05-18 10:10:31 EDT",81753,1,"Individual Agencies"
"Violent Crimes",32,55,"-41.8181818181818",2026-03-01,"Buena Park, California","Mar 2026","2026-05-18 10:10:31 EDT",81753,1,"Individual Agencies"
"Aggravated Assaults",270,274,"-1.45985401459854",2026-03-01,"Buffalo, New York","Mar 2026","2026-05-18 10:10:31 EDT",275922,1,"Individual Agencies"
"Burglaries",245,307,"-20.1954397394137",2026-03-01,"Buffalo, New York","Mar 2026","2026-05-18 10:10:31 EDT",275922,1,"Individual Agencies"
"Motor Vehicle Thefts",222,296,"-25",2026-03-01,"Buffalo, New York","Mar 2026","2026-05-18 10:10:31 EDT",275922,1,"Individual Agencies"
"Murders",3,13,"-76.9230769230769",2026-03-01,"Buffalo, New York","Mar 2026","2026-05-18 10:10:31 EDT",275922,1,"Individual Agencies"
"Property Crimes",2020,1963,"2.90371879775853",2026-03-01,"Buffalo, New York","Mar 2026","2026-05-18 10:10:31 EDT",275922,1,"Individual Agencies"
"Rapes",17,22,"-22.7272727272727",2026-03-01,"Buffalo, New York","Mar 2026","2026-05-18 10:10:31 EDT",275922,1,"Individual Agencies"
"Robberies",88,94,"-6.38297872340426",2026-03-01,"Buffalo, New York","Mar 2026","2026-05-18 10:10:31 EDT",275922,1,"Individual Agencies"
"Thefts",1553,1360,"14.1911764705882",2026-03-01,"Buffalo, New York","Mar 2026","2026-05-18 10:10:31 EDT",275922,1,"Individual Agencies"
"Violent Crimes",378,403,"-6.20347394540943",2026-03-01,"Buffalo, New York","Mar 2026","2026-05-18 10:10:31 EDT",275922,1,"Individual Agencies"
"Aggravated Assaults",41,49,"-16.3265306122449",2026-03-01,"Buncombe County, North Carolina","Mar 2026","2026-05-18 10:10:31 EDT",158547,1,"Individual Agencies"
"Burglaries",55,66,"-16.6666666666667",2026-03-01,"Buncombe County, North Carolina","Mar 2026","2026-05-18 10:10:31 EDT",158547,1,"Individual Agencies"
"Motor Vehicle Thefts",26,34,"-23.5294117647059",2026-03-01,"Buncombe County, North Carolina","Mar 2026","2026-05-18 10:10:31 EDT",158547,1,"Individual Agencies"
"Murders",0,1,"-100",2026-03-01,"Buncombe County, North Carolina","Mar 2026","2026-05-18 10:10:31 EDT",158547,1,"Individual Agencies"
"Property Crimes",230,281,"-18.1494661921708",2026-03-01,"Buncombe County, North Carolina","Mar 2026","2026-05-18 10:10:31 EDT",158547,1,"Individual Agencies"
"Rapes",5,3,"66.6666666666667",2026-03-01,"Buncombe County, North Carolina","Mar 2026","2026-05-18 10:10:31 EDT",158547,1,"Individual Agencies"
"Robberies",2,2,"0",2026-03-01,"Buncombe County, North Carolina","Mar 2026","2026-05-18 10:10:31 EDT",158547,1,"Individual Agencies"
"Thefts",149,181,"-17.6795580110497",2026-03-01,"Buncombe County, North Carolina","Mar 2026","2026-05-18 10:10:31 EDT",158547,1,"Individual Agencies"
"Violent Crimes",48,55,"-12.7272727272727",2026-03-01,"Buncombe County, North Carolina","Mar 2026","2026-05-18 10:10:31 EDT",158547,1,"Individual Agencies"
"Aggravated Assaults",76,75,"1.33333333333333",2026-03-01,"Burbank, California","Mar 2026","2026-05-18 10:10:31 EDT",102345,1,"Individual Agencies"
"Burglaries",72,88,"-18.1818181818182",2026-03-01,"Burbank, California","Mar 2026","2026-05-18 10:10:31 EDT",102345,1,"Individual Agencies"
"Motor Vehicle Thefts",46,76,"-39.4736842105263",2026-03-01,"Burbank, California","Mar 2026","2026-05-18 10:10:31 EDT",102345,1,"Individual Agencies"
"Murders",0,0,"0",2026-03-01,"Burbank, California","Mar 2026","2026-05-18 10:10:31 EDT",102345,1,"Individual Agencies"
"Property Crimes",612,691,"-11.4327062228654",2026-03-01,"Burbank, California","Mar 2026","2026-05-18 10:10:31 EDT",102345,1,"Individual Agencies"
"Rapes",1,3,"-66.6666666666667",2026-03-01,"Burbank, California","Mar 2026","2026-05-18 10:10:31 EDT",102345,1,"Individual Agencies"
"Robberies",9,24,"-62.5",2026-03-01,"Burbank, California","Mar 2026","2026-05-18 10:10:31 EDT",102345,1,"Individual Agencies"
"Thefts",494,527,"-6.26185958254269",2026-03-01,"Burbank, California","Mar 2026","2026-05-18 10:10:31 EDT",102345,1,"Individual Agencies"
"Violent Crimes",86,102,"-15.6862745098039",2026-03-01,"Burbank, California","Mar 2026","2026-05-18 10:10:31 EDT",102345,1,"Individual Agencies"
"Aggravated Assaults",19,20,"-5",2026-03-01,"Burleson, Texas","Mar 2026","2026-05-18 10:10:31 EDT",56307,1,"Individual Agencies"
"Burglaries",9,8,"12.5",2026-03-01,"Burleson, Texas","Mar 2026","2026-05-18 10:10:31 EDT",56307,1,"Individual Agencies"
"Motor Vehicle Thefts",10,13,"-23.0769230769231",2026-03-01,"Burleson, Texas","Mar 2026","2026-05-18 10:10:31 EDT",56307,1,"Individual Agencies"
"Murders",0,0,"0",2026-03-01,"Burleson, Texas","Mar 2026","2026-05-18 10:10:31 EDT",56307,1,"Individual Agencies"
"Property Crimes",90,127,"-29.1338582677165",2026-03-01,"Burleson, Texas","Mar 2026","2026-05-18 10:10:31 EDT",56307,1,"Individual Agencies"
"Rapes",4,5,"-20",2026-03-01,"Burleson, Texas","Mar 2026","2026-05-18 10:10:31 EDT",56307,1,"Individual Agencies"
"Robberies",4,0,"Undefined",2026-03-01,"Burleson, Texas","Mar 2026","2026-05-18 10:10:31 EDT",56307,1,"Individual Agencies"
"Thefts",71,106,"-33.0188679245283",2026-03-01,"Burleson, Texas","Mar 2026","2026-05-18 10:10:31 EDT",56307,1,"Individual Agencies"
"Violent Crimes",27,25,"8",2026-03-01,"Burleson, Texas","Mar 2026","2026-05-18 10:10:31 EDT",56307,1,"Individual Agencies"
"Aggravated Assaults",45,66,"-31.8181818181818",2026-03-01,"Burlington, North Carolina","Mar 2026","2026-05-18 10:10:31 EDT",60156,1,"Individual Agencies"
"Burglaries",53,56,"-5.35714285714286",2026-03-01,"Burlington, North Carolina","Mar 2026","2026-05-18 10:10:31 EDT",60156,1,"Individual Agencies"
"Motor Vehicle Thefts",29,39,"-25.6410256410256",2026-03-01,"Burlington, North Carolina","Mar 2026","2026-05-18 10:10:31 EDT",60156,1,"Individual Agencies"
"Murders",0,3,"-100",2026-03-01,"Burlington, North Carolina","Mar 2026","2026-05-18 10:10:31 EDT",60156,1,"Individual Agencies"
"Property Crimes",425,369,"15.1761517615176",2026-03-01,"Burlington, North Carolina","Mar 2026","2026-05-18 10:10:31 EDT",60156,1,"Individual Agencies"
"Rapes",12,13,"-7.69230769230769",2026-03-01,"Burlington, North Carolina","Mar 2026","2026-05-18 10:10:31 EDT",60156,1,"Individual Agencies"
"Robberies",11,7,"57.1428571428571",2026-03-01,"Burlington, North Carolina","Mar 2026","2026-05-18 10:10:31 EDT",60156,1,"Individual Agencies"
"Thefts",343,274,"25.1824817518248",2026-03-01,"Burlington, North Carolina","Mar 2026","2026-05-18 10:10:31 EDT",60156,1,"Individual Agencies"
"Violent Crimes",68,89,"-23.5955056179775",2026-03-01,"Burlington, North Carolina","Mar 2026","2026-05-18 10:10:31 EDT",60156,1,"Individual Agencies"
"Aggravated Assaults",13,23,"-43.4782608695652",2026-02-01,"Burlington, Vermont","Feb 2026","2026-05-18 10:10:31 EDT",44522,1,"Individual Agencies"
"Burglaries",19,24,"-20.8333333333333",2026-02-01,"Burlington, Vermont","Feb 2026","2026-05-18 10:10:31 EDT",44522,1,"Individual Agencies"
"Motor Vehicle Thefts",10,13,"-23.0769230769231",2026-02-01,"Burlington, Vermont","Feb 2026","2026-05-18 10:10:31 EDT",44522,1,"Individual Agencies"
"Murders",0,0,"0",2026-02-01,"Burlington, Vermont","Feb 2026","2026-05-18 10:10:31 EDT",44522,1,"Individual Agencies"
"Rapes",5,0,"Undefined",2026-02-01,"Burlington, Vermont","Feb 2026","2026-05-18 10:10:31 EDT",44522,1,"Individual Agencies"
"Robberies",0,5,"-100",2026-02-01,"Burlington, Vermont","Feb 2026","2026-05-18 10:10:31 EDT",44522,1,"Individual Agencies"
"Thefts",157,240,"-34.5833333333333",2026-02-01,"Burlington, Vermont","Feb 2026","2026-05-18 10:10:31 EDT",44522,1,"Individual Agencies"
"Aggravated Assaults",18,20,"-10",2026-03-01,"Burnsville, Minnesota","Mar 2026","2026-05-18 10:10:31 EDT",63650,1,"Individual Agencies"
"Burglaries",10,11,"-9.09090909090909",2026-03-01,"Burnsville, Minnesota","Mar 2026","2026-05-18 10:10:31 EDT",63650,1,"Individual Agencies"
"Motor Vehicle Thefts",22,14,"57.1428571428571",2026-03-01,"Burnsville, Minnesota","Mar 2026","2026-05-18 10:10:31 EDT",63650,1,"Individual Agencies"
"Murders",2,0,"Undefined",2026-03-01,"Burnsville, Minnesota","Mar 2026","2026-05-18 10:10:31 EDT",63650,1,"Individual Agencies"
"Property Crimes",212,232,"-8.62068965517241",2026-03-01,"Burnsville, Minnesota","Mar 2026","2026-05-18 10:10:31 EDT",63650,1,"Individual Agencies"
"Rapes",2,9,"-77.7777777777778",2026-03-01,"Burnsville, Minnesota","Mar 2026","2026-05-18 10:10:31 EDT",63650,1,"Individual Agencies"
"Robberies",2,2,"0",2026-03-01,"Burnsville, Minnesota","Mar 2026","2026-05-18 10:10:31 EDT",63650,1,"Individual Agencies"
"Thefts",180,207,"-13.0434782608696",2026-03-01,"Burnsville, Minnesota","Mar 2026","2026-05-18 10:10:31 EDT",63650,1,"Individual Agencies"
"Violent Crimes",24,31,"-22.5806451612903",2026-03-01,"Burnsville, Minnesota","Mar 2026","2026-05-18 10:10:31 EDT",63650,1,"Individual Agencies"
"Aggravated Assaults",60,66,"-9.09090909090909",2026-03-01,"Caldwell, Idaho","Mar 2026","2026-05-18 10:10:31 EDT",68731,1,"Individual Agencies"
"Burglaries",22,18,"22.2222222222222",2026-03-01,"Caldwell, Idaho","Mar 2026","2026-05-18 10:10:31 EDT",68731,1,"Individual Agencies"
"Motor Vehicle Thefts",5,29,"-82.7586206896552",2026-03-01,"Caldwell, Idaho","Mar 2026","2026-05-18 10:10:31 EDT",68731,1,"Individual Agencies"
"Murders",0,0,"0",2026-03-01,"Caldwell, Idaho","Mar 2026","2026-05-18 10:10:31 EDT",68731,1,"Individual Agencies"
"Property Crimes",111,146,"-23.972602739726",2026-03-01,"Caldwell, Idaho","Mar 2026","2026-05-18 10:10:31 EDT",68731,1,"Individual Agencies"
"Rapes",6,26,"-76.9230769230769",2026-03-01,"Caldwell, Idaho","Mar 2026","2026-05-18 10:10:31 EDT",68731,1,"Individual Agencies"
"Robberies",1,0,"Undefined",2026-03-01,"Caldwell, Idaho","Mar 2026","2026-05-18 10:10:31 EDT",68731,1,"Individual Agencies"
"Thefts",84,99,"-15.1515151515152",2026-03-01,"Caldwell, Idaho","Mar 2026","2026-05-18 10:10:31 EDT",68731,1,"Individual Agencies"
"Violent Crimes",67,92,"-27.1739130434783",2026-03-01,"Caldwell, Idaho","Mar 2026","2026-05-18 10:10:31 EDT",68731,1,"Individual Agencies"
"Aggravated Assaults",9,15,"-40",2026-03-01,"Camarillo, California","Mar 2026","2026-05-18 10:10:31 EDT",70010,1,"Individual Agencies"
"Burglaries",8,19,"-57.8947368421053",2026-03-01,"Camarillo, California","Mar 2026","2026-05-18 10:10:31 EDT",70010,1,"Individual Agencies"
"Motor Vehicle Thefts",9,18,"-50",2026-03-01,"Camarillo, California","Mar 2026","2026-05-18 10:10:31 EDT",70010,1,"Individual Agencies"
"Murders",0,1,"-100",2026-03-01,"Camarillo, California","Mar 2026","2026-05-18 10:10:31 EDT",70010,1,"Individual Agencies"
"Property Crimes",146,216,"-32.4074074074074",2026-03-01,"Camarillo, California","Mar 2026","2026-05-18 10:10:31 EDT",70010,1,"Individual Agencies"
"Rapes",1,4,"-75",2026-03-01,"Camarillo, California","Mar 2026","2026-05-18 10:10:31 EDT",70010,1,"Individual Agencies"
"Robberies",1,3,"-66.6666666666667",2026-03-01,"Camarillo, California","Mar 2026","2026-05-18 10:10:31 EDT",70010,1,"Individual Agencies"
"Thefts",129,179,"-27.9329608938547",2026-03-01,"Camarillo, California","Mar 2026","2026-05-18 10:10:31 EDT",70010,1,"Individual Agencies"
"Violent Crimes",11,23,"-52.1739130434783",2026-03-01,"Camarillo, California","Mar 2026","2026-05-18 10:10:31 EDT",70010,1,"Individual Agencies"
"Aggravated Assaults",97,88,"10.2272727272727",2026-03-01,"Cambridge, Massachusetts","Mar 2026","2026-05-18 10:10:31 EDT",118960,1,"Individual Agencies"
"Burglaries",44,64,"-31.25",2026-03-01,"Cambridge, Massachusetts","Mar 2026","2026-05-18 10:10:31 EDT",118960,1,"Individual Agencies"
"Motor Vehicle Thefts",12,20,"-40",2026-03-01,"Cambridge, Massachusetts","Mar 2026","2026-05-18 10:10:31 EDT",118960,1,"Individual Agencies"
"Murders",0,1,"-100",2026-03-01,"Cambridge, Massachusetts","Mar 2026","2026-05-18 10:10:31 EDT",118960,1,"Individual Agencies"
"Property Crimes",540,753,"-28.2868525896414",2026-03-01,"Cambridge, Massachusetts","Mar 2026","2026-05-18 10:10:31 EDT",118960,1,"Individual Agencies"
"Rapes",6,9,"-33.3333333333333",2026-03-01,"Cambridge, Massachusetts","Mar 2026","2026-05-18 10:10:31 EDT",118960,1,"Individual Agencies"
"Robberies",16,15,"6.66666666666667",2026-03-01,"Cambridge, Massachusetts","Mar 2026","2026-05-18 10:10:31 EDT",118960,1,"Individual Agencies"
"Thefts",484,669,"-27.6532137518685",2026-03-01,"Cambridge, Massachusetts","Mar 2026","2026-05-18 10:10:31 EDT",118960,1,"Individual Agencies"
"Violent Crimes",119,113,"5.30973451327434",2026-03-01,"Cambridge, Massachusetts","Mar 2026","2026-05-18 10:10:31 EDT",118960,1,"Individual Agencies"
"Aggravated Assaults",50,49,"2.04081632653061",2026-03-01,"Cameron County, Texas","Mar 2026","2026-05-18 10:10:31 EDT",95894,1,"Individual Agencies"
"Burglaries",16,32,"-50",2026-03-01,"Cameron County, Texas","Mar 2026","2026-05-18 10:10:31 EDT",95894,1,"Individual Agencies"
"Motor Vehicle Thefts",17,71,"-76.056338028169",2026-03-01,"Cameron County, Texas","Mar 2026","2026-05-18 10:10:31 EDT",95894,1,"Individual Agencies"
"Murders",0,0,"0",2026-03-01,"Cameron County, Texas","Mar 2026","2026-05-18 10:10:31 EDT",95894,1,"Individual Agencies"
"Property Crimes",131,211,"-37.914691943128",2026-03-01,"Cameron County, Texas","Mar 2026","2026-05-18 10:10:31 EDT",95894,1,"Individual Agencies"
"Rapes",7,9,"-22.2222222222222",2026-03-01,"Cameron County, Texas","Mar 2026","2026-05-18 10:10:31 EDT",95894,1,"Individual Agencies"
"Robberies",2,5,"-60",2026-03-01,"Cameron County, Texas","Mar 2026","2026-05-18 10:10:31 EDT",95894,1,"Individual Agencies"
"Thefts",98,108,"-9.25925925925926",2026-03-01,"Cameron County, Texas","Mar 2026","2026-05-18 10:10:31 EDT",95894,1,"Individual Agencies"
"Violent Crimes",59,63,"-6.34920634920635",2026-03-01,"Cameron County, Texas","Mar 2026","2026-05-18 10:10:31 EDT",95894,1,"Individual Agencies"
"Aggravated Assaults",18,28,"-35.7142857142857",2026-03-01,"Canton Township, Michigan","Mar 2026","2026-05-18 10:10:31 EDT",98915,1,"Individual Agencies"
"Burglaries",13,7,"85.7142857142857",2026-03-01,"Canton Township, Michigan","Mar 2026","2026-05-18 10:10:31 EDT",98915,1,"Individual Agencies"
"Motor Vehicle Thefts",16,16,"0",2026-03-01,"Canton Township, Michigan","Mar 2026","2026-05-18 10:10:31 EDT",98915,1,"Individual Agencies"
"Murders",0,1,"-100",2026-03-01,"Canton Township, Michigan","Mar 2026","2026-05-18 10:10:31 EDT",98915,1,"Individual Agencies"
"Property Crimes",199,229,"-13.1004366812227",2026-03-01,"Canton Township, Michigan","Mar 2026","2026-05-18 10:10:31 EDT",98915,1,"Individual Agencies"
"Rapes",3,9,"-66.6666666666667",2026-03-01,"Canton Township, Michigan","Mar 2026","2026-05-18 10:10:31 EDT",98915,1,"Individual Agencies"
"Robberies",1,5,"-80",2026-03-01,"Canton Township, Michigan","Mar 2026","2026-05-18 10:10:31 EDT",98915,1,"Individual Agencies"
"Thefts",170,206,"-17.4757281553398",2026-03-01,"Canton Township, Michigan","Mar 2026","2026-05-18 10:10:31 EDT",98915,1,"Individual Agencies"
"Violent Crimes",22,43,"-48.8372093023256",2026-03-01,"Canton Township, Michigan","Mar 2026","2026-05-18 10:10:31 EDT",98915,1,"Individual Agencies"
"Aggravated Assaults",157,120,"30.8333333333333",2026-03-01,"Canton, Ohio","Mar 2026","2026-05-18 10:10:31 EDT",69164,1,"Individual Agencies"
"Burglaries",123,105,"17.1428571428571",2026-03-01,"Canton, Ohio","Mar 2026","2026-05-18 10:10:31 EDT",69164,1,"Individual Agencies"
"Motor Vehicle Thefts",60,61,"-1.63934426229508",2026-03-01,"Canton, Ohio","Mar 2026","2026-05-18 10:10:31 EDT",69164,1,"Individual Agencies"
"Murders",2,0,"Undefined",2026-03-01,"Canton, Ohio","Mar 2026","2026-05-18 10:10:31 EDT",69164,1,"Individual Agencies"
"Property Crimes",603,560,"7.67857142857143",2026-03-01,"Canton, Ohio","Mar 2026","2026-05-18 10:10:31 EDT",69164,1,"Individual Agencies"
"Rapes",5,42,"-88.0952380952381",2026-03-01,"Canton, Ohio","Mar 2026","2026-05-18 10:10:31 EDT",69164,1,"Individual Agencies"
"Robberies",22,21,"4.76190476190476",2026-03-01,"Canton, Ohio","Mar 2026","2026-05-18 10:10:31 EDT",69164,1,"Individual Agencies"
"Thefts",420,394,"6.5989847715736",2026-03-01,"Canton, Ohio","Mar 2026","2026-05-18 10:10:31 EDT",69164,1,"Individual Agencies"
"Violent Crimes",186,183,"1.63934426229508",2026-03-01,"Canton, Ohio","Mar 2026","2026-05-18 10:10:31 EDT",69164,1,"Individual Agencies"
"Aggravated Assaults",39,28,"39.2857142857143",2026-02-01,"Carlsbad, California","Feb 2026","2026-05-18 10:10:31 EDT",113796,1,"Individual Agencies"
"Burglaries",14,23,"-39.1304347826087",2026-02-01,"Carlsbad, California","Feb 2026","2026-05-18 10:10:31 EDT",113796,1,"Individual Agencies"
"Motor Vehicle Thefts",10,12,"-16.6666666666667",2026-02-01,"Carlsbad, California","Feb 2026","2026-05-18 10:10:31 EDT",113796,1,"Individual Agencies"
"Murders",0,0,"0",2026-02-01,"Carlsbad, California","Feb 2026","2026-05-18 10:10:31 EDT",113796,1,"Individual Agencies"
"Rapes",6,3,"100",2026-02-01,"Carlsbad, California","Feb 2026","2026-05-18 10:10:31 EDT",113796,1,"Individual Agencies"
"Robberies",5,9,"-44.4444444444444",2026-02-01,"Carlsbad, California","Feb 2026","2026-05-18 10:10:31 EDT",113796,1,"Individual Agencies"
"Thefts",147,199,"-26.1306532663317",2026-02-01,"Carlsbad, California","Feb 2026","2026-05-18 10:10:31 EDT",113796,1,"Individual Agencies"
"Aggravated Assaults",7,5,"40",2026-03-01,"Carmel, Indiana","Mar 2026","2026-05-18 10:10:31 EDT",103013,1,"Individual Agencies"
"Burglaries",3,4,"-25",2026-03-01,"Carmel, Indiana","Mar 2026","2026-05-18 10:10:31 EDT",103013,1,"Individual Agencies"
"Motor Vehicle Thefts",15,16,"-6.25",2026-03-01,"Carmel, Indiana","Mar 2026","2026-05-18 10:10:31 EDT",103013,1,"Individual Agencies"
"Murders",0,0,"0",2026-03-01,"Carmel, Indiana","Mar 2026","2026-05-18 10:10:31 EDT",103013,1,"Individual Agencies"
"Rapes",3,2,"50",2026-03-01,"Carmel, Indiana","Mar 2026","2026-05-18 10:10:31 EDT",103013,1,"Individual Agencies"
"Robberies",0,2,"-100",2026-03-01,"Carmel, Indiana","Mar 2026","2026-05-18 10:10:31 EDT",103013,1,"Individual Agencies"
"Thefts",117,128,"-8.59375",2026-03-01,"Carmel, Indiana","Mar 2026","2026-05-18 10:10:31 EDT",103013,1,"Individual Agencies"
"Aggravated Assaults",20,33,"-39.3939393939394",2026-03-01,"Cary, North Carolina","Mar 2026","2026-05-18 10:10:31 EDT",182878,1,"Individual Agencies"
"Burglaries",28,30,"-6.66666666666667",2026-03-01,"Cary, North Carolina","Mar 2026","2026-05-18 10:10:31 EDT",182878,1,"Individual Agencies"
"Motor Vehicle Thefts",19,38,"-50",2026-03-01,"Cary, North Carolina","Mar 2026","2026-05-18 10:10:31 EDT",182878,1,"Individual Agencies"
"Murders",0,1,"-100",2026-03-01,"Cary, North Carolina","Mar 2026","2026-05-18 10:10:31 EDT",182878,1,"Individual Agencies"
"Property Crimes",307,450,"-31.7777777777778",2026-03-01,"Cary, North Carolina","Mar 2026","2026-05-18 10:10:31 EDT",182878,1,"Individual Agencies"
"Rapes",3,6,"-50",2026-03-01,"Cary, North Carolina","Mar 2026","2026-05-18 10:10:31 EDT",182878,1,"Individual Agencies"
"Robberies",5,6,"-16.6666666666667",2026-03-01,"Cary, North Carolina","Mar 2026","2026-05-18 10:10:31 EDT",182878,1,"Individual Agencies"
"Thefts",260,382,"-31.9371727748691",2026-03-01,"Cary, North Carolina","Mar 2026","2026-05-18 10:10:31 EDT",182878,1,"Individual Agencies"
"Violent Crimes",28,46,"-39.1304347826087",2026-03-01,"Cary, North Carolina","Mar 2026","2026-05-18 10:10:31 EDT",182878,1,"Individual Agencies"
"Aggravated Assaults",59,54,"9.25925925925926",2026-03-01,"Casa Grande, Arizona","Mar 2026","2026-05-18 10:10:31 EDT",63228,1,"Individual Agencies"
"Burglaries",15,18,"-16.6666666666667",2026-03-01,"Casa Grande, Arizona","Mar 2026","2026-05-18 10:10:31 EDT",63228,1,"Individual Agencies"
"Motor Vehicle Thefts",16,27,"-40.7407407407407",2026-03-01,"Casa Grande, Arizona","Mar 2026","2026-05-18 10:10:31 EDT",63228,1,"Individual Agencies"
"Murders",0,0,"0",2026-03-01,"Casa Grande, Arizona","Mar 2026","2026-05-18 10:10:31 EDT",63228,1,"Individual Agencies"
"Property Crimes",160,229,"-30.1310043668122",2026-03-01,"Casa Grande, Arizona","Mar 2026","2026-05-18 10:10:31 EDT",63228,1,"Individual Agencies"
"Rapes",7,4,"75",2026-03-01,"Casa Grande, Arizona","Mar 2026","2026-05-18 10:10:31 EDT",63228,1,"Individual Agencies"
"Robberies",5,10,"-50",2026-03-01,"Casa Grande, Arizona","Mar 2026","2026-05-18 10:10:31 EDT",63228,1,"Individual Agencies"
"Thefts",129,184,"-29.8913043478261",2026-03-01,"Casa Grande, Arizona","Mar 2026","2026-05-18 10:10:31 EDT",63228,1,"Individual Agencies"
"Violent Crimes",71,68,"4.41176470588235",2026-03-01,"Casa Grande, Arizona","Mar 2026","2026-05-18 10:10:31 EDT",63228,1,"Individual Agencies"
"Aggravated Assaults",1,5,"-80",2026-02-01,"Castle Rock, Colorado","Feb 2026","2026-05-18 10:10:31 EDT",83546,1,"Individual Agencies"
"Burglaries",4,8,"-50",2026-02-01,"Castle Rock, Colorado","Feb 2026","2026-05-18 10:10:31 EDT",83546,1,"Individual Agencies"
"Motor Vehicle Thefts",3,12,"-75",2026-02-01,"Castle Rock, Colorado","Feb 2026","2026-05-18 10:10:31 EDT",83546,1,"Individual Agencies"
"Murders",0,0,"0",2026-02-01,"Castle Rock, Colorado","Feb 2026","2026-05-18 10:10:31 EDT",83546,1,"Individual Agencies"
"Rapes",2,2,"0",2026-02-01,"Castle Rock, Colorado","Feb 2026","2026-05-18 10:10:31 EDT",83546,1,"Individual Agencies"
"Robberies",1,0,"Undefined",2026-02-01,"Castle Rock, Colorado","Feb 2026","2026-05-18 10:10:31 EDT",83546,1,"Individual Agencies"
"Thefts",116,88,"31.8181818181818",2026-02-01,"Castle Rock, Colorado","Feb 2026","2026-05-18 10:10:31 EDT",83546,1,"Individual Agencies"
"Aggravated Assaults",11,5,"120",2026-03-01,"Cedar Park, Texas","Mar 2026","2026-05-18 10:10:31 EDT",77464,1,"Individual Agencies"
"Burglaries",10,13,"-23.0769230769231",2026-03-01,"Cedar Park, Texas","Mar 2026","2026-05-18 10:10:31 EDT",77464,1,"Individual Agencies"
"Motor Vehicle Thefts",13,15,"-13.3333333333333",2026-03-01,"Cedar Park, Texas","Mar 2026","2026-05-18 10:10:31 EDT",77464,1,"Individual Agencies"
"Murders",0,1,"-100",2026-03-01,"Cedar Park, Texas","Mar 2026","2026-05-18 10:10:31 EDT",77464,1,"Individual Agencies"
"Property Crimes",225,192,"17.1875",2026-03-01,"Cedar Park, Texas","Mar 2026","2026-05-18 10:10:31 EDT",77464,1,"Individual Agencies"
"Rapes",6,6,"0",2026-03-01,"Cedar Park, Texas","Mar 2026","2026-05-18 10:10:31 EDT",77464,1,"Individual Agencies"
"Robberies",1,4,"-75",2026-03-01,"Cedar Park, Texas","Mar 2026","2026-05-18 10:10:31 EDT",77464,1,"Individual Agencies"
"Thefts",202,164,"23.1707317073171",2026-03-01,"Cedar Park, Texas","Mar 2026","2026-05-18 10:10:31 EDT",77464,1,"Individual Agencies"
"Violent Crimes",18,16,"12.5",2026-03-01,"Cedar Park, Texas","Mar 2026","2026-05-18 10:10:31 EDT",77464,1,"Individual Agencies"
"Aggravated Assaults",59,74,"-20.2702702702703",2026-03-01,"Cedar Rapids, Iowa","Mar 2026","2026-05-18 10:10:31 EDT",135777,1,"Individual Agencies"
"Burglaries",69,67,"2.98507462686567",2026-03-01,"Cedar Rapids, Iowa","Mar 2026","2026-05-18 10:10:31 EDT",135777,1,"Individual Agencies"
"Motor Vehicle Thefts",42,54,"-22.2222222222222",2026-03-01,"Cedar Rapids, Iowa","Mar 2026","2026-05-18 10:10:31 EDT",135777,1,"Individual Agencies"
"Murders",0,3,"-100",2026-03-01,"Cedar Rapids, Iowa","Mar 2026","2026-05-18 10:10:31 EDT",135777,1,"Individual Agencies"
"Property Crimes",546,642,"-14.9532710280374",2026-03-01,"Cedar Rapids, Iowa","Mar 2026","2026-05-18 10:10:31 EDT",135777,1,"Individual Agencies"
"Rapes",0,0,"0",2026-03-01,"Cedar Rapids, Iowa","Mar 2026","2026-05-18 10:10:31 EDT",135777,1,"Individual Agencies"
"Robberies",7,6,"16.6666666666667",2026-03-01,"Cedar Rapids, Iowa","Mar 2026","2026-05-18 10:10:31 EDT",135777,1,"Individual Agencies"
"Thefts",435,521,"-16.5067178502879",2026-03-01,"Cedar Rapids, Iowa","Mar 2026","2026-05-18 10:10:31 EDT",135777,1,"Individual Agencies"
"Violent Crimes",66,83,"-20.4819277108434",2026-03-01,"Cedar Rapids, Iowa","Mar 2026","2026-05-18 10:10:31 EDT",135777,1,"Individual Agencies"
"Aggravated Assaults",13,20,"-35",2026-02-01,"Centennial, Colorado","Feb 2026","2026-05-18 10:10:31 EDT",104724,1,"Individual Agencies"
"Burglaries",13,40,"-67.5",2026-02-01,"Centennial, Colorado","Feb 2026","2026-05-18 10:10:31 EDT",104724,1,"Individual Agencies"
"Motor Vehicle Thefts",11,27,"-59.2592592592593",2026-02-01,"Centennial, Colorado","Feb 2026","2026-05-18 10:10:31 EDT",104724,1,"Individual Agencies"
"Murders",0,0,"0",2026-02-01,"Centennial, Colorado","Feb 2026","2026-05-18 10:10:31 EDT",104724,1,"Individual Agencies"
"Rapes",1,2,"-50",2026-02-01,"Centennial, Colorado","Feb 2026","2026-05-18 10:10:31 EDT",104724,1,"Individual Agencies"
"Robberies",1,4,"-75",2026-02-01,"Centennial, Colorado","Feb 2026","2026-05-18 10:10:31 EDT",104724,1,"Individual Agencies"
"Thefts",79,240,"-67.0833333333333",2026-02-01,"Centennial, Colorado","Feb 2026","2026-05-18 10:10:31 EDT",104724,1,"Individual Agencies"
"Aggravated Assaults",61,55,"10.9090909090909",2026-03-01,"Champaign, Illinois","Mar 2026","2026-05-18 10:10:31 EDT",89687,1,"Individual Agencies"
"Burglaries",47,40,"17.5",2026-03-01,"Champaign, Illinois","Mar 2026","2026-05-18 10:10:31 EDT",89687,1,"Individual Agencies"
"Motor Vehicle Thefts",37,46,"-19.5652173913043",2026-03-01,"Champaign, Illinois","Mar 2026","2026-05-18 10:10:31 EDT",89687,1,"Individual Agencies"
"Murders",0,2,"-100",2026-03-01,"Champaign, Illinois","Mar 2026","2026-05-18 10:10:31 EDT",89687,1,"Individual Agencies"
"Property Crimes",391,385,"1.55844155844156",2026-03-01,"Champaign, Illinois","Mar 2026","2026-05-18 10:10:31 EDT",89687,1,"Individual Agencies"
"Rapes",13,18,"-27.7777777777778",2026-03-01,"Champaign, Illinois","Mar 2026","2026-05-18 10:10:31 EDT",89687,1,"Individual Agencies"
"Robberies",9,11,"-18.1818181818182",2026-03-01,"Champaign, Illinois","Mar 2026","2026-05-18 10:10:31 EDT",89687,1,"Individual Agencies"
"Thefts",307,299,"2.67558528428094",2026-03-01,"Champaign, Illinois","Mar 2026","2026-05-18 10:10:31 EDT",89687,1,"Individual Agencies"
"Violent Crimes",83,86,"-3.48837209302326",2026-03-01,"Champaign, Illinois","Mar 2026","2026-05-18 10:10:31 EDT",89687,1,"Individual Agencies"
"Aggravated Assaults",48,50,"-4",2026-03-01,"Chandler, Arizona","Mar 2026","2026-05-18 10:10:31 EDT",282419,1,"Individual Agencies"
"Burglaries",66,58,"13.7931034482759",2026-03-01,"Chandler, Arizona","Mar 2026","2026-05-18 10:10:31 EDT",282419,1,"Individual Agencies"
"Motor Vehicle Thefts",61,82,"-25.609756097561",2026-03-01,"Chandler, Arizona","Mar 2026","2026-05-18 10:10:31 EDT",282419,1,"Individual Agencies"
"Murders",1,1,"0",2026-03-01,"Chandler, Arizona","Mar 2026","2026-05-18 10:10:31 EDT",282419,1,"Individual Agencies"
"Property Crimes",812,905,"-10.2762430939227",2026-03-01,"Chandler, Arizona","Mar 2026","2026-05-18 10:10:31 EDT",282419,1,"Individual Agencies"
"Rapes",9,15,"-40",2026-03-01,"Chandler, Arizona","Mar 2026","2026-05-18 10:10:31 EDT",282419,1,"Individual Agencies"
"Robberies",6,9,"-33.3333333333333",2026-03-01,"Chandler, Arizona","Mar 2026","2026-05-18 10:10:31 EDT",282419,1,"Individual Agencies"
"Thefts",685,765,"-10.4575163398693",2026-03-01,"Chandler, Arizona","Mar 2026","2026-05-18 10:10:31 EDT",282419,1,"Individual Agencies"
"Violent Crimes",64,75,"-14.6666666666667",2026-03-01,"Chandler, Arizona","Mar 2026","2026-05-18 10:10:31 EDT",282419,1,"Individual Agencies"
"Aggravated Assaults",13,7,"85.7142857142857",2026-03-01,"Chapel Hill, North Carolina","Mar 2026","2026-05-18 10:10:31 EDT",65066,1,"Individual Agencies"
"Burglaries",24,25,"-4",2026-03-01,"Chapel Hill, North Carolina","Mar 2026","2026-05-18 10:10:31 EDT",65066,1,"Individual Agencies"
"Motor Vehicle Thefts",12,28,"-57.1428571428571",2026-03-01,"Chapel Hill, North Carolina","Mar 2026","2026-05-18 10:10:31 EDT",65066,1,"Individual Agencies"
"Murders",0,0,"0",2026-03-01,"Chapel Hill, North Carolina","Mar 2026","2026-05-18 10:10:31 EDT",65066,1,"Individual Agencies"
"Property Crimes",239,303,"-21.1221122112211",2026-03-01,"Chapel Hill, North Carolina","Mar 2026","2026-05-18 10:10:31 EDT",65066,1,"Individual Agencies"
"Rapes",3,1,"200",2026-03-01,"Chapel Hill, North Carolina","Mar 2026","2026-05-18 10:10:31 EDT",65066,1,"Individual Agencies"
"Robberies",3,3,"0",2026-03-01,"Chapel Hill, North Carolina","Mar 2026","2026-05-18 10:10:31 EDT",65066,1,"Individual Agencies"
"Thefts",203,250,"-18.8",2026-03-01,"Chapel Hill, North Carolina","Mar 2026","2026-05-18 10:10:31 EDT",65066,1,"Individual Agencies"
"Violent Crimes",19,11,"72.7272727272727",2026-03-01,"Chapel Hill, North Carolina","Mar 2026","2026-05-18 10:10:31 EDT",65066,1,"Individual Agencies"
"Aggravated Assaults",78,83,"-6.02409638554217",2026-03-01,"Charleston, South Carolina","Mar 2026","2026-05-18 10:10:31 EDT",155159,1,"Individual Agencies"
"Burglaries",40,46,"-13.0434782608696",2026-03-01,"Charleston, South Carolina","Mar 2026","2026-05-18 10:10:31 EDT",155159,1,"Individual Agencies"
"Motor Vehicle Thefts",35,51,"-31.3725490196078",2026-03-01,"Charleston, South Carolina","Mar 2026","2026-05-18 10:10:31 EDT",155159,1,"Individual Agencies"
"Murders",3,2,"50",2026-03-01,"Charleston, South Carolina","Mar 2026","2026-05-18 10:10:31 EDT",155159,1,"Individual Agencies"
"Property Crimes",470,597,"-21.2730318257956",2026-03-01,"Charleston, South Carolina","Mar 2026","2026-05-18 10:10:31 EDT",155159,1,"Individual Agencies"
"Rapes",3,8,"-62.5",2026-03-01,"Charleston, South Carolina","Mar 2026","2026-05-18 10:10:31 EDT",155159,1,"Individual Agencies"
"Robberies",6,13,"-53.8461538461538",2026-03-01,"Charleston, South Carolina","Mar 2026","2026-05-18 10:10:31 EDT",155159,1,"Individual Agencies"
"Thefts",395,500,"-21",2026-03-01,"Charleston, South Carolina","Mar 2026","2026-05-18 10:10:31 EDT",155159,1,"Individual Agencies"
"Violent Crimes",90,106,"-15.0943396226415",2026-03-01,"Charleston, South Carolina","Mar 2026","2026-05-18 10:10:31 EDT",155159,1,"Individual Agencies"
"Aggravated Assaults",866,1046,"-17.208413001912",2026-03-01,"Charlotte, North Carolina","Mar 2026","2026-05-18 10:10:31 EDT",979304,1,"Individual Agencies"
"Burglaries",700,975,"-28.2051282051282",2026-03-01,"Charlotte, North Carolina","Mar 2026","2026-05-18 10:10:31 EDT",979304,1,"Individual Agencies"
"Motor Vehicle Thefts",1033,1550,"-33.3548387096774",2026-03-01,"Charlotte, North Carolina","Mar 2026","2026-05-18 10:10:31 EDT",979304,1,"Individual Agencies"
"Murders",22,16,"37.5",2026-03-01,"Charlotte, North Carolina","Mar 2026","2026-05-18 10:10:31 EDT",979304,1,"Individual Agencies"
"Property Crimes",7213,8740,"-17.4713958810069",2026-03-01,"Charlotte, North Carolina","Mar 2026","2026-05-18 10:10:31 EDT",979304,1,"Individual Agencies"
"Rapes",51,46,"10.8695652173913",2026-03-01,"Charlotte, North Carolina","Mar 2026","2026-05-18 10:10:31 EDT",979304,1,"Individual Agencies"
"Robberies",189,247,"-23.4817813765182",2026-03-01,"Charlotte, North Carolina","Mar 2026","2026-05-18 10:10:31 EDT",979304,1,"Individual Agencies"
"Thefts",5480,6215,"-11.8262268704747",2026-03-01,"Charlotte, North Carolina","Mar 2026","2026-05-18 10:10:31 EDT",979304,1,"Individual Agencies"
"Violent Crimes",1128,1355,"-16.7527675276753",2026-03-01,"Charlotte, North Carolina","Mar 2026","2026-05-18 10:10:31 EDT",979304,1,"Individual Agencies"
"Aggravated Assaults",223,246,"-9.34959349593496",2026-03-01,"Chattanooga, Tennessee","Mar 2026","2026-05-18 10:10:31 EDT",185370,1,"Individual Agencies"
"Burglaries",161,178,"-9.55056179775281",2026-03-01,"Chattanooga, Tennessee","Mar 2026","2026-05-18 10:10:31 EDT",185370,1,"Individual Agencies"
"Motor Vehicle Thefts",149,245,"-39.1836734693878",2026-03-01,"Chattanooga, Tennessee","Mar 2026","2026-05-18 10:10:31 EDT",185370,1,"Individual Agencies"
"Murders",3,4,"-25",2026-03-01,"Chattanooga, Tennessee","Mar 2026","2026-05-18 10:10:31 EDT",185370,1,"Individual Agencies"
"Property Crimes",1381,1665,"-17.0570570570571",2026-03-01,"Chattanooga, Tennessee","Mar 2026","2026-05-18 10:10:31 EDT",185370,1,"Individual Agencies"
"Rapes",26,28,"-7.14285714285714",2026-03-01,"Chattanooga, Tennessee","Mar 2026","2026-05-18 10:10:31 EDT",185370,1,"Individual Agencies"
"Robberies",30,40,"-25",2026-03-01,"Chattanooga, Tennessee","Mar 2026","2026-05-18 10:10:31 EDT",185370,1,"Individual Agencies"
"Thefts",1071,1242,"-13.768115942029",2026-03-01,"Chattanooga, Tennessee","Mar 2026","2026-05-18 10:10:31 EDT",185370,1,"Individual Agencies"
"Violent Crimes",282,318,"-11.3207547169811",2026-03-01,"Chattanooga, Tennessee","Mar 2026","2026-05-18 10:10:31 EDT",185370,1,"Individual Agencies"
"Aggravated Assaults",9,18,"-50",2026-03-01,"Cherry Hill Township, New Jersey","Mar 2026","2026-05-18 10:10:31 EDT",78082,1,"Individual Agencies"
"Burglaries",12,13,"-7.69230769230769",2026-03-01,"Cherry Hill Township, New Jersey","Mar 2026","2026-05-18 10:10:31 EDT",78082,1,"Individual Agencies"
"Motor Vehicle Thefts",21,41,"-48.780487804878",2026-03-01,"Cherry Hill Township, New Jersey","Mar 2026","2026-05-18 10:10:31 EDT",78082,1,"Individual Agencies"
"Murders",0,0,"0",2026-03-01,"Cherry Hill Township, New Jersey","Mar 2026","2026-05-18 10:10:31 EDT",78082,1,"Individual Agencies"
"Property Crimes",404,553,"-26.9439421338156",2026-03-01,"Cherry Hill Township, New Jersey","Mar 2026","2026-05-18 10:10:31 EDT",78082,1,"Individual Agencies"
"Rapes",1,3,"-66.6666666666667",2026-03-01,"Cherry Hill Township, New Jersey","Mar 2026","2026-05-18 10:10:31 EDT",78082,1,"Individual Agencies"
"Robberies",4,9,"-55.5555555555556",2026-03-01,"Cherry Hill Township, New Jersey","Mar 2026","2026-05-18 10:10:31 EDT",78082,1,"Individual Agencies"
"Thefts",371,499,"-25.6513026052104",2026-03-01,"Cherry Hill Township, New Jersey","Mar 2026","2026-05-18 10:10:31 EDT",78082,1,"Individual Agencies"
"Violent Crimes",14,30,"-53.3333333333333",2026-03-01,"Cherry Hill Township, New Jersey","Mar 2026","2026-05-18 10:10:31 EDT",78082,1,"Individual Agencies"
"Aggravated Assaults",145,143,"1.3986013986014",2026-03-01,"Chesapeake, Virginia","Mar 2026","2026-05-18 10:10:31 EDT",254051,1,"Individual Agencies"
"Burglaries",46,69,"-33.3333333333333",2026-03-01,"Chesapeake, Virginia","Mar 2026","2026-05-18 10:10:31 EDT",254051,1,"Individual Agencies"
"Motor Vehicle Thefts",46,54,"-14.8148148148148",2026-03-01,"Chesapeake, Virginia","Mar 2026","2026-05-18 10:10:31 EDT",254051,1,"Individual Agencies"
"Murders",0,2,"-100",2026-03-01,"Chesapeake, Virginia","Mar 2026","2026-05-18 10:10:31 EDT",254051,1,"Individual Agencies"
"Property Crimes",930,910,"2.1978021978022",2026-03-01,"Chesapeake, Virginia","Mar 2026","2026-05-18 10:10:31 EDT",254051,1,"Individual Agencies"
"Rapes",14,16,"-12.5",2026-03-01,"Chesapeake, Virginia","Mar 2026","2026-05-18 10:10:31 EDT",254051,1,"Individual Agencies"
"Robberies",15,17,"-11.7647058823529",2026-03-01,"Chesapeake, Virginia","Mar 2026","2026-05-18 10:10:31 EDT",254051,1,"Individual Agencies"
"Thefts",838,787,"6.48030495552732",2026-03-01,"Chesapeake, Virginia","Mar 2026","2026-05-18 10:10:31 EDT",254051,1,"Individual Agencies"
"Violent Crimes",174,178,"-2.24719101123596",2026-03-01,"Chesapeake, Virginia","Mar 2026","2026-05-18 10:10:31 EDT",254051,1,"Individual Agencies"
"Aggravated Assaults",13,22,"-40.9090909090909",2026-02-01,"Cheyenne, Wyoming","Feb 2026","2026-05-18 10:10:31 EDT",64307,1,"Individual Agencies"
"Burglaries",26,37,"-29.7297297297297",2026-02-01,"Cheyenne, Wyoming","Feb 2026","2026-05-18 10:10:31 EDT",64307,1,"Individual Agencies"
"Motor Vehicle Thefts",17,19,"-10.5263157894737",2026-02-01,"Cheyenne, Wyoming","Feb 2026","2026-05-18 10:10:31 EDT",64307,1,"Individual Agencies"
"Murders",0,0,"0",2026-02-01,"Cheyenne, Wyoming","Feb 2026","2026-05-18 10:10:31 EDT",64307,1,"Individual Agencies"
"Rapes",5,5,"0",2026-02-01,"Cheyenne, Wyoming","Feb 2026","2026-05-18 10:10:31 EDT",64307,1,"Individual Agencies"
"Robberies",4,1,"300",2026-02-01,"Cheyenne, Wyoming","Feb 2026","2026-05-18 10:10:31 EDT",64307,1,"Individual Agencies"
"Thefts",174,223,"-21.9730941704036",2026-02-01,"Cheyenne, Wyoming","Feb 2026","2026-05-18 10:10:31 EDT",64307,1,"Individual Agencies"
"Aggravated Assaults",2829,2865,"-1.2565445026178",2026-03-01,"Chicago, Illinois","Mar 2026","2026-05-18 10:10:31 EDT",2628298,1,"Individual Agencies"
"Burglaries",1146,1415,"-19.0106007067138",2026-03-01,"Chicago, Illinois","Mar 2026","2026-05-18 10:10:31 EDT",2628298,1,"Individual Agencies"
"Motor Vehicle Thefts",4183,3779,"10.6906589044721",2026-03-01,"Chicago, Illinois","Mar 2026","2026-05-18 10:10:31 EDT",2628298,1,"Individual Agencies"
"Murders",99,99,"0",2026-03-01,"Chicago, Illinois","Mar 2026","2026-05-18 10:10:31 EDT",2628298,1,"Individual Agencies"
"Property Crimes",15440,16713,"-7.61682522587208",2026-03-01,"Chicago, Illinois","Mar 2026","2026-05-18 10:10:31 EDT",2628298,1,"Individual Agencies"
"Rapes",386,389,"-0.77120822622108",2026-03-01,"Chicago, Illinois","Mar 2026","2026-05-18 10:10:31 EDT",2628298,1,"Individual Agencies"
"Robberies",1025,1384,"-25.9393063583815",2026-03-01,"Chicago, Illinois","Mar 2026","2026-05-18 10:10:31 EDT",2628298,1,"Individual Agencies"
"Thefts",10111,11519,"-12.2232832711173",2026-03-01,"Chicago, Illinois","Mar 2026","2026-05-18 10:10:31 EDT",2628298,1,"Individual Agencies"
"Violent Crimes",4339,4737,"-8.40194215748364",2026-03-01,"Chicago, Illinois","Mar 2026","2026-05-18 10:10:31 EDT",2628298,1,"Individual Agencies"
"Aggravated Assaults",86,108,"-20.3703703703704",2026-03-01,"Chico, California","Mar 2026","2026-05-18 10:10:31 EDT",100896,1,"Individual Agencies"
"Burglaries",42,34,"23.5294117647059",2026-03-01,"Chico, California","Mar 2026","2026-05-18 10:10:31 EDT",100896,1,"Individual Agencies"
"Motor Vehicle Thefts",72,44,"63.6363636363636",2026-03-01,"Chico, California","Mar 2026","2026-05-18 10:10:31 EDT",100896,1,"Individual Agencies"
"Murders",1,0,"Undefined",2026-03-01,"Chico, California","Mar 2026","2026-05-18 10:10:31 EDT",100896,1,"Individual Agencies"
"Property Crimes",487,384,"26.8229166666667",2026-03-01,"Chico, California","Mar 2026","2026-05-18 10:10:31 EDT",100896,1,"Individual Agencies"
"Rapes",31,27,"14.8148148148148",2026-03-01,"Chico, California","Mar 2026","2026-05-18 10:10:31 EDT",100896,1,"Individual Agencies"
"Robberies",18,12,"50",2026-03-01,"Chico, California","Mar 2026","2026-05-18 10:10:31 EDT",100896,1,"Individual Agencies"
"Thefts",373,306,"21.8954248366013",2026-03-01,"Chico, California","Mar 2026","2026-05-18 10:10:31 EDT",100896,1,"Individual Agencies"
"Violent Crimes",136,147,"-7.48299319727891",2026-03-01,"Chico, California","Mar 2026","2026-05-18 10:10:31 EDT",100896,1,"Individual Agencies"
"Aggravated Assaults",53,36,"47.2222222222222",2026-03-01,"Chicopee, Massachusetts","Mar 2026","2026-05-18 10:10:31 EDT",55043,1,"Individual Agencies"
"Burglaries",14,15,"-6.66666666666667",2026-03-01,"Chicopee, Massachusetts","Mar 2026","2026-05-18 10:10:31 EDT",55043,1,"Individual Agencies"
"Motor Vehicle Thefts",15,18,"-16.6666666666667",2026-03-01,"Chicopee, Massachusetts","Mar 2026","2026-05-18 10:10:31 EDT",55043,1,"Individual Agencies"
"Murders",0,0,"0",2026-03-01,"Chicopee, Massachusetts","Mar 2026","2026-05-18 10:10:31 EDT",55043,1,"Individual Agencies"
"Property Crimes",193,156,"23.7179487179487",2026-03-01,"Chicopee, Massachusetts","Mar 2026","2026-05-18 10:10:31 EDT",55043,1,"Individual Agencies"
"Rapes",4,5,"-20",2026-03-01,"Chicopee, Massachusetts","Mar 2026","2026-05-18 10:10:31 EDT",55043,1,"Individual Agencies"
"Robberies",2,6,"-66.6666666666667",2026-03-01,"Chicopee, Massachusetts","Mar 2026","2026-05-18 10:10:31 EDT",55043,1,"Individual Agencies"
"Thefts",164,123,"33.3333333333333",2026-03-01,"Chicopee, Massachusetts","Mar 2026","2026-05-18 10:10:31 EDT",55043,1,"Individual Agencies"
"Violent Crimes",59,47,"25.531914893617",2026-03-01,"Chicopee, Massachusetts","Mar 2026","2026-05-18 10:10:31 EDT",55043,1,"Individual Agencies"
"Aggravated Assaults",41,46,"-10.8695652173913",2026-03-01,"Chino, California","Mar 2026","2026-05-18 10:10:31 EDT",94162,1,"Individual Agencies"
"Burglaries",48,52,"-7.69230769230769",2026-03-01,"Chino, California","Mar 2026","2026-05-18 10:10:31 EDT",94162,1,"Individual Agencies"
"Motor Vehicle Thefts",30,48,"-37.5",2026-03-01,"Chino, California","Mar 2026","2026-05-18 10:10:31 EDT",94162,1,"Individual Agencies"
"Murders",0,0,"0",2026-03-01,"Chino, California","Mar 2026","2026-05-18 10:10:31 EDT",94162,1,"Individual Agencies"
"Property Crimes",539,503,"7.15705765407555",2026-03-01,"Chino, California","Mar 2026","2026-05-18 10:10:31 EDT",94162,1,"Individual Agencies"
"Rapes",9,13,"-30.7692307692308",2026-03-01,"Chino, California","Mar 2026","2026-05-18 10:10:31 EDT",94162,1,"Individual Agencies"
"Robberies",13,20,"-35",2026-03-01,"Chino, California","Mar 2026","2026-05-18 10:10:31 EDT",94162,1,"Individual Agencies"
"Thefts",461,403,"14.3920595533499",2026-03-01,"Chino, California","Mar 2026","2026-05-18 10:10:31 EDT",94162,1,"Individual Agencies"
"Violent Crimes",63,79,"-20.253164556962",2026-03-01,"Chino, California","Mar 2026","2026-05-18 10:10:31 EDT",94162,1,"Individual Agencies"
"Aggravated Assaults",147,176,"-16.4772727272727",2026-03-01,"Chula Vista, California","Mar 2026","2026-05-18 10:10:31 EDT",280748,1,"Individual Agencies"
"Burglaries",76,84,"-9.52380952380952",2026-03-01,"Chula Vista, California","Mar 2026","2026-05-18 10:10:31 EDT",280748,1,"Individual Agencies"
"Motor Vehicle Thefts",133,153,"-13.0718954248366",2026-03-01,"Chula Vista, California","Mar 2026","2026-05-18 10:10:31 EDT",280748,1,"Individual Agencies"
"Murders",1,3,"-66.6666666666667",2026-03-01,"Chula Vista, California","Mar 2026","2026-05-18 10:10:31 EDT",280748,1,"Individual Agencies"
"Property Crimes",760,663,"14.630467571644",2026-03-01,"Chula Vista, California","Mar 2026","2026-05-18 10:10:31 EDT",280748,1,"Individual Agencies"
"Rapes",12,10,"20",2026-03-01,"Chula Vista, California","Mar 2026","2026-05-18 10:10:31 EDT",280748,1,"Individual Agencies"
"Robberies",54,43,"25.5813953488372",2026-03-01,"Chula Vista, California","Mar 2026","2026-05-18 10:10:31 EDT",280748,1,"Individual Agencies"
"Thefts",551,426,"29.3427230046948",2026-03-01,"Chula Vista, California","Mar 2026","2026-05-18 10:10:31 EDT",280748,1,"Individual Agencies"
"Violent Crimes",214,232,"-7.75862068965517",2026-03-01,"Chula Vista, California","Mar 2026","2026-05-18 10:10:31 EDT",280748,1,"Individual Agencies"
"Aggravated Assaults",10,4,"150",2026-01-01,"Cicero, Illinois","Jan 2026","2026-05-18 10:10:31 EDT",80455,1,"Individual Agencies"
"Burglaries",2,7,"-71.4285714285714",2026-01-01,"Cicero, Illinois","Jan 2026","2026-05-18 10:10:31 EDT",80455,1,"Individual Agencies"
"Motor Vehicle Thefts",15,15,"0",2026-01-01,"Cicero, Illinois","Jan 2026","2026-05-18 10:10:31 EDT",80455,1,"Individual Agencies"
"Murders",0,0,"0",2026-01-01,"Cicero, Illinois","Jan 2026","2026-05-18 10:10:31 EDT",80455,1,"Individual Agencies"
"Rapes",0,1,"-100",2026-01-01,"Cicero, Illinois","Jan 2026","2026-05-18 10:10:31 EDT",80455,1,"Individual Agencies"
"Robberies",1,4,"-75",2026-01-01,"Cicero, Illinois","Jan 2026","2026-05-18 10:10:31 EDT",80455,1,"Individual Agencies"
"Thefts",35,37,"-5.40540540540541",2026-01-01,"Cicero, Illinois","Jan 2026","2026-05-18 10:10:31 EDT",80455,1,"Individual Agencies"
"Aggravated Assaults",392,296,"32.4324324324324",2026-03-01,"Cincinnati, Ohio","Mar 2026","2026-05-18 10:10:31 EDT",309484,1,"Individual Agencies"
"Burglaries",339,435,"-22.0689655172414",2026-03-01,"Cincinnati, Ohio","Mar 2026","2026-05-18 10:10:31 EDT",309484,1,"Individual Agencies"
"Motor Vehicle Thefts",400,558,"-28.3154121863799",2026-03-01,"Cincinnati, Ohio","Mar 2026","2026-05-18 10:10:31 EDT",309484,1,"Individual Agencies"
"Murders",12,16,"-25",2026-03-01,"Cincinnati, Ohio","Mar 2026","2026-05-18 10:10:31 EDT",309484,1,"Individual Agencies"
"Property Crimes",2439,2619,"-6.87285223367698",2026-03-01,"Cincinnati, Ohio","Mar 2026","2026-05-18 10:10:31 EDT",309484,1,"Individual Agencies"
"Rapes",22,33,"-33.3333333333333",2026-03-01,"Cincinnati, Ohio","Mar 2026","2026-05-18 10:10:31 EDT",309484,1,"Individual Agencies"
"Robberies",105,145,"-27.5862068965517",2026-03-01,"Cincinnati, Ohio","Mar 2026","2026-05-18 10:10:31 EDT",309484,1,"Individual Agencies"
"Thefts",1700,1626,"4.55104551045511",2026-03-01,"Cincinnati, Ohio","Mar 2026","2026-05-18 10:10:31 EDT",309484,1,"Individual Agencies"
"Violent Crimes",531,490,"8.36734693877551",2026-03-01,"Cincinnati, Ohio","Mar 2026","2026-05-18 10:10:31 EDT",309484,1,"Individual Agencies"
"Aggravated Assaults",42,38,"10.5263157894737",2026-03-01,"Citrus Heights, California","Mar 2026","2026-05-18 10:10:31 EDT",85894,1,"Individual Agencies"
"Burglaries",47,47,"0",2026-03-01,"Citrus Heights, California","Mar 2026","2026-05-18 10:10:31 EDT",85894,1,"Individual Agencies"
"Motor Vehicle Thefts",33,37,"-10.8108108108108",2026-03-01,"Citrus Heights, California","Mar 2026","2026-05-18 10:10:31 EDT",85894,1,"Individual Agencies"
"Murders",0,0,"0",2026-03-01,"Citrus Heights, California","Mar 2026","2026-05-18 10:10:31 EDT",85894,1,"Individual Agencies"
"Property Crimes",362,404,"-10.3960396039604",2026-03-01,"Citrus Heights, California","Mar 2026","2026-05-18 10:10:31 EDT",85894,1,"Individual Agencies"
"Rapes",7,3,"133.333333333333",2026-03-01,"Citrus Heights, California","Mar 2026","2026-05-18 10:10:31 EDT",85894,1,"Individual Agencies"
"Robberies",14,14,"0",2026-03-01,"Citrus Heights, California","Mar 2026","2026-05-18 10:10:31 EDT",85894,1,"Individual Agencies"
"Thefts",282,320,"-11.875",2026-03-01,"Citrus Heights, California","Mar 2026","2026-05-18 10:10:31 EDT",85894,1,"Individual Agencies"
"Violent Crimes",63,55,"14.5454545454545",2026-03-01,"Citrus Heights, California","Mar 2026","2026-05-18 10:10:31 EDT",85894,1,"Individual Agencies"
"Aggravated Assaults",39,57,"-31.5789473684211",2026-02-01,"Clackamas County, Oregon","Feb 2026","2026-05-18 10:10:31 EDT",243311,1,"Individual Agencies"
"Burglaries",47,74,"-36.4864864864865",2026-02-01,"Clackamas County, Oregon","Feb 2026","2026-05-18 10:10:31 EDT",243311,1,"Individual Agencies"
"Motor Vehicle Thefts",38,55,"-30.9090909090909",2026-02-01,"Clackamas County, Oregon","Feb 2026","2026-05-18 10:10:31 EDT",243311,1,"Individual Agencies"
"Murders",0,0,"0",2026-02-01,"Clackamas County, Oregon","Feb 2026","2026-05-18 10:10:31 EDT",243311,1,"Individual Agencies"
"Rapes",8,6,"33.3333333333333",2026-02-01,"Clackamas County, Oregon","Feb 2026","2026-05-18 10:10:31 EDT",243311,1,"Individual Agencies"
"Robberies",3,18,"-83.3333333333333",2026-02-01,"Clackamas County, Oregon","Feb 2026","2026-05-18 10:10:31 EDT",243311,1,"Individual Agencies"
"Thefts",521,603,"-13.5986733001658",2026-02-01,"Clackamas County, Oregon","Feb 2026","2026-05-18 10:10:31 EDT",243311,1,"Individual Agencies"
"Aggravated Assaults",121,116,"4.31034482758621",2026-03-01,"Clarksville, Tennessee","Mar 2026","2026-05-18 10:10:31 EDT",181916,1,"Individual Agencies"
"Burglaries",16,75,"-78.6666666666667",2026-03-01,"Clarksville, Tennessee","Mar 2026","2026-05-18 10:10:31 EDT",181916,1,"Individual Agencies"
"Motor Vehicle Thefts",43,115,"-62.6086956521739",2026-03-01,"Clarksville, Tennessee","Mar 2026","2026-05-18 10:10:31 EDT",181916,1,"Individual Agencies"
"Murders",0,5,"-100",2026-03-01,"Clarksville, Tennessee","Mar 2026","2026-05-18 10:10:31 EDT",181916,1,"Individual Agencies"
"Property Crimes",365,680,"-46.3235294117647",2026-03-01,"Clarksville, Tennessee","Mar 2026","2026-05-18 10:10:31 EDT",181916,1,"Individual Agencies"
"Rapes",19,25,"-24",2026-03-01,"Clarksville, Tennessee","Mar 2026","2026-05-18 10:10:31 EDT",181916,1,"Individual Agencies"
"Robberies",11,4,"175",2026-03-01,"Clarksville, Tennessee","Mar 2026","2026-05-18 10:10:31 EDT",181916,1,"Individual Agencies"
"Thefts",306,490,"-37.5510204081633",2026-03-01,"Clarksville, Tennessee","Mar 2026","2026-05-18 10:10:31 EDT",181916,1,"Individual Agencies"
"Violent Crimes",151,150,"0.666666666666667",2026-03-01,"Clarksville, Tennessee","Mar 2026","2026-05-18 10:10:31 EDT",181916,1,"Individual Agencies"
"Aggravated Assaults",397,528,"-24.8106060606061",2026-02-01,"Cleveland, Ohio","Feb 2026","2026-05-18 10:10:31 EDT",358146,1,"Individual Agencies"
"Burglaries",447,448,"-0.223214285714286",2026-02-01,"Cleveland, Ohio","Feb 2026","2026-05-18 10:10:31 EDT",358146,1,"Individual Agencies"
"Motor Vehicle Thefts",426,481,"-11.4345114345114",2026-02-01,"Cleveland, Ohio","Feb 2026","2026-05-18 10:10:31 EDT",358146,1,"Individual Agencies"
"Murders",11,13,"-15.3846153846154",2026-02-01,"Cleveland, Ohio","Feb 2026","2026-05-18 10:10:31 EDT",358146,1,"Individual Agencies"
"Rapes",69,60,"15",2026-02-01,"Cleveland, Ohio","Feb 2026","2026-05-18 10:10:31 EDT",358146,1,"Individual Agencies"
"Robberies",137,162,"-15.4320987654321",2026-02-01,"Cleveland, Ohio","Feb 2026","2026-05-18 10:10:31 EDT",358146,1,"Individual Agencies"
"Thefts",1151,1447,"-20.4561161022806",2026-02-01,"Cleveland, Ohio","Feb 2026","2026-05-18 10:10:31 EDT",358146,1,"Individual Agencies"
"Aggravated Assaults",15,31,"-51.6129032258064",2026-03-01,"Clifton, New Jersey","Mar 2026","2026-05-18 10:10:31 EDT",88361,1,"Individual Agencies"
"Burglaries",28,20,"40",2026-03-01,"Clifton, New Jersey","Mar 2026","2026-05-18 10:10:31 EDT",88361,1,"Individual Agencies"
"Motor Vehicle Thefts",29,65,"-55.3846153846154",2026-03-01,"Clifton, New Jersey","Mar 2026","2026-05-18 10:10:31 EDT",88361,1,"Individual Agencies"
"Murders",0,0,"0",2026-03-01,"Clifton, New Jersey","Mar 2026","2026-05-18 10:10:31 EDT",88361,1,"Individual Agencies"
"Property Crimes",336,462,"-27.2727272727273",2026-03-01,"Clifton, New Jersey","Mar 2026","2026-05-18 10:10:31 EDT",88361,1,"Individual Agencies"
"Rapes",1,3,"-66.6666666666667",2026-03-01,"Clifton, New Jersey","Mar 2026","2026-05-18 10:10:31 EDT",88361,1,"Individual Agencies"
"Robberies",7,12,"-41.6666666666667",2026-03-01,"Clifton, New Jersey","Mar 2026","2026-05-18 10:10:31 EDT",88361,1,"Individual Agencies"
"Thefts",279,377,"-25.9946949602122",2026-03-01,"Clifton, New Jersey","Mar 2026","2026-05-18 10:10:31 EDT",88361,1,"Individual Agencies"
"Violent Crimes",23,46,"-50",2026-03-01,"Clifton, New Jersey","Mar 2026","2026-05-18 10:10:31 EDT",88361,1,"Individual Agencies"
"Aggravated Assaults",52,57,"-8.7719298245614",2026-03-01,"Clinton Township, Michigan","Mar 2026","2026-05-18 10:10:31 EDT",99012,1,"Individual Agencies"
"Burglaries",17,23,"-26.0869565217391",2026-03-01,"Clinton Township, Michigan","Mar 2026","2026-05-18 10:10:31 EDT",99012,1,"Individual Agencies"
"Motor Vehicle Thefts",26,50,"-48",2026-03-01,"Clinton Township, Michigan","Mar 2026","2026-05-18 10:10:31 EDT",99012,1,"Individual Agencies"
"Murders",1,1,"0",2026-03-01,"Clinton Township, Michigan","Mar 2026","2026-05-18 10:10:31 EDT",99012,1,"Individual Agencies"
"Property Crimes",240,282,"-14.8936170212766",2026-03-01,"Clinton Township, Michigan","Mar 2026","2026-05-18 10:10:31 EDT",99012,1,"Individual Agencies"
"Rapes",16,11,"45.4545454545455",2026-03-01,"Clinton Township, Michigan","Mar 2026","2026-05-18 10:10:31 EDT",99012,1,"Individual Agencies"
"Robberies",4,10,"-60",2026-03-01,"Clinton Township, Michigan","Mar 2026","2026-05-18 10:10:31 EDT",99012,1,"Individual Agencies"
"Thefts",197,209,"-5.74162679425837",2026-03-01,"Clinton Township, Michigan","Mar 2026","2026-05-18 10:10:31 EDT",99012,1,"Individual Agencies"
"Violent Crimes",73,79,"-7.59493670886076",2026-03-01,"Clinton Township, Michigan","Mar 2026","2026-05-18 10:10:31 EDT",99012,1,"Individual Agencies"
"Aggravated Assaults",32,49,"-34.6938775510204",2026-02-01,"Clovis, California","Feb 2026","2026-05-18 10:10:31 EDT",126552,1,"Individual Agencies"
"Burglaries",16,30,"-46.6666666666667",2026-02-01,"Clovis, California","Feb 2026","2026-05-18 10:10:31 EDT",126552,1,"Individual Agencies"
"Motor Vehicle Thefts",32,25,"28",2026-02-01,"Clovis, California","Feb 2026","2026-05-18 10:10:31 EDT",126552,1,"Individual Agencies"
"Murders",0,0,"0",2026-02-01,"Clovis, California","Feb 2026","2026-05-18 10:10:31 EDT",126552,1,"Individual Agencies"
"Rapes",7,3,"133.333333333333",2026-02-01,"Clovis, California","Feb 2026","2026-05-18 10:10:31 EDT",126552,1,"Individual Agencies"
"Robberies",6,10,"-40",2026-02-01,"Clovis, California","Feb 2026","2026-05-18 10:10:31 EDT",126552,1,"Individual Agencies"
"Thefts",206,239,"-13.8075313807531",2026-02-01,"Clovis, California","Feb 2026","2026-05-18 10:10:31 EDT",126552,1,"Individual Agencies"
"Aggravated Assaults",24,25,"-4",2026-03-01,"Coeur D Alene, Idaho","Mar 2026","2026-05-18 10:10:31 EDT",57653,1,"Individual Agencies"
"Burglaries",6,12,"-50",2026-03-01,"Coeur D Alene, Idaho","Mar 2026","2026-05-18 10:10:31 EDT",57653,1,"Individual Agencies"
"Motor Vehicle Thefts",5,3,"66.6666666666667",2026-03-01,"Coeur D Alene, Idaho","Mar 2026","2026-05-18 10:10:31 EDT",57653,1,"Individual Agencies"
"Murders",2,1,"100",2026-03-01,"Coeur D Alene, Idaho","Mar 2026","2026-05-18 10:10:31 EDT",57653,1,"Individual Agencies"
"Property Crimes",93,89,"4.49438202247191",2026-03-01,"Coeur D Alene, Idaho","Mar 2026","2026-05-18 10:10:31 EDT",57653,1,"Individual Agencies"
"Rapes",7,9,"-22.2222222222222",2026-03-01,"Coeur D Alene, Idaho","Mar 2026","2026-05-18 10:10:31 EDT",57653,1,"Individual Agencies"
"Robberies",1,0,"Undefined",2026-03-01,"Coeur D Alene, Idaho","Mar 2026","2026-05-18 10:10:31 EDT",57653,1,"Individual Agencies"
"Thefts",82,74,"10.8108108108108",2026-03-01,"Coeur D Alene, Idaho","Mar 2026","2026-05-18 10:10:31 EDT",57653,1,"Individual Agencies"
"Violent Crimes",34,35,"-2.85714285714286",2026-03-01,"Coeur D Alene, Idaho","Mar 2026","2026-05-18 10:10:31 EDT",57653,1,"Individual Agencies"
"Aggravated Assaults",35,21,"66.6666666666667",2026-03-01,"Colerain Township, Ohio","Mar 2026","2026-05-18 10:10:31 EDT",58268,1,"Individual Agencies"
"Burglaries",17,18,"-5.55555555555556",2026-03-01,"Colerain Township, Ohio","Mar 2026","2026-05-18 10:10:31 EDT",58268,1,"Individual Agencies"
"Motor Vehicle Thefts",7,24,"-70.8333333333333",2026-03-01,"Colerain Township, Ohio","Mar 2026","2026-05-18 10:10:31 EDT",58268,1,"Individual Agencies"
"Murders",1,3,"-66.6666666666667",2026-03-01,"Colerain Township, Ohio","Mar 2026","2026-05-18 10:10:31 EDT",58268,1,"Individual Agencies"
"Property Crimes",211,232,"-9.05172413793103",2026-03-01,"Colerain Township, Ohio","Mar 2026","2026-05-18 10:10:31 EDT",58268,1,"Individual Agencies"
"Rapes",5,3,"66.6666666666667",2026-03-01,"Colerain Township, Ohio","Mar 2026","2026-05-18 10:10:31 EDT",58268,1,"Individual Agencies"
"Robberies",4,3,"33.3333333333333",2026-03-01,"Colerain Township, Ohio","Mar 2026","2026-05-18 10:10:31 EDT",58268,1,"Individual Agencies"
"Thefts",187,190,"-1.57894736842105",2026-03-01,"Colerain Township, Ohio","Mar 2026","2026-05-18 10:10:31 EDT",58268,1,"Individual Agencies"
"Violent Crimes",45,30,"50",2026-03-01,"Colerain Township, Ohio","Mar 2026","2026-05-18 10:10:31 EDT",58268,1,"Individual Agencies"
"Aggravated Assaults",25,26,"-3.84615384615385",2026-03-01,"College Station, Texas","Mar 2026","2026-05-18 10:10:31 EDT",126136,1,"Individual Agencies"
"Burglaries",12,47,"-74.468085106383",2026-03-01,"College Station, Texas","Mar 2026","2026-05-18 10:10:31 EDT",126136,1,"Individual Agencies"
"Motor Vehicle Thefts",12,20,"-40",2026-03-01,"College Station, Texas","Mar 2026","2026-05-18 10:10:31 EDT",126136,1,"Individual Agencies"
"Murders",0,0,"0",2026-03-01,"College Station, Texas","Mar 2026","2026-05-18 10:10:31 EDT",126136,1,"Individual Agencies"
"Property Crimes",238,301,"-20.9302325581395",2026-03-01,"College Station, Texas","Mar 2026","2026-05-18 10:10:31 EDT",126136,1,"Individual Agencies"
"Rapes",7,14,"-50",2026-03-01,"College Station, Texas","Mar 2026","2026-05-18 10:10:31 EDT",126136,1,"Individual Agencies"
"Robberies",8,2,"300",2026-03-01,"College Station, Texas","Mar 2026","2026-05-18 10:10:31 EDT",126136,1,"Individual Agencies"
"Thefts",214,234,"-8.54700854700855",2026-03-01,"College Station, Texas","Mar 2026","2026-05-18 10:10:31 EDT",126136,1,"Individual Agencies"
"Violent Crimes",40,42,"-4.76190476190476",2026-03-01,"College Station, Texas","Mar 2026","2026-05-18 10:10:31 EDT",126136,1,"Individual Agencies"
"Aggravated Assaults",17,12,"41.6666666666667",2026-03-01,"Collierville, Tennessee","Mar 2026","2026-05-18 10:10:31 EDT",51686,1,"Individual Agencies"
"Burglaries",4,6,"-33.3333333333333",2026-03-01,"Collierville, Tennessee","Mar 2026","2026-05-18 10:10:31 EDT",51686,1,"Individual Agencies"
"Motor Vehicle Thefts",7,8,"-12.5",2026-03-01,"Collierville, Tennessee","Mar 2026","2026-05-18 10:10:31 EDT",51686,1,"Individual Agencies"
"Murders",0,0,"0",2026-03-01,"Collierville, Tennessee","Mar 2026","2026-05-18 10:10:31 EDT",51686,1,"Individual Agencies"
"Property Crimes",95,107,"-11.214953271028",2026-03-01,"Collierville, Tennessee","Mar 2026","2026-05-18 10:10:31 EDT",51686,1,"Individual Agencies"
"Rapes",2,2,"0",2026-03-01,"Collierville, Tennessee","Mar 2026","2026-05-18 10:10:31 EDT",51686,1,"Individual Agencies"
"Robberies",1,1,"0",2026-03-01,"Collierville, Tennessee","Mar 2026","2026-05-18 10:10:31 EDT",51686,1,"Individual Agencies"
"Thefts",84,93,"-9.67741935483871",2026-03-01,"Collierville, Tennessee","Mar 2026","2026-05-18 10:10:31 EDT",51686,1,"Individual Agencies"
"Violent Crimes",20,15,"33.3333333333333",2026-03-01,"Collierville, Tennessee","Mar 2026","2026-05-18 10:10:31 EDT",51686,1,"Individual Agencies"
"Aggravated Assaults",3,12,"-75",2026-03-01,"Collin County, Texas","Mar 2026","2026-05-18 10:10:31 EDT",95286,1,"Individual Agencies"
"Burglaries",9,14,"-35.7142857142857",2026-03-01,"Collin County, Texas","Mar 2026","2026-05-18 10:10:31 EDT",95286,1,"Individual Agencies"
"Motor Vehicle Thefts",13,15,"-13.3333333333333",2026-03-01,"Collin County, Texas","Mar 2026","2026-05-18 10:10:31 EDT",95286,1,"Individual Agencies"
"Murders",0,1,"-100",2026-03-01,"Collin County, Texas","Mar 2026","2026-05-18 10:10:31 EDT",95286,1,"Individual Agencies"
"Property Crimes",80,106,"-24.5283018867925",2026-03-01,"Collin County, Texas","Mar 2026","2026-05-18 10:10:31 EDT",95286,1,"Individual Agencies"
"Rapes",5,2,"150",2026-03-01,"Collin County, Texas","Mar 2026","2026-05-18 10:10:31 EDT",95286,1,"Individual Agencies"
"Robberies",1,1,"0",2026-03-01,"Collin County, Texas","Mar 2026","2026-05-18 10:10:31 EDT",95286,1,"Individual Agencies"
"Thefts",58,77,"-24.6753246753247",2026-03-01,"Collin County, Texas","Mar 2026","2026-05-18 10:10:31 EDT",95286,1,"Individual Agencies"
"Violent Crimes",9,16,"-43.75",2026-03-01,"Collin County, Texas","Mar 2026","2026-05-18 10:10:31 EDT",95286,1,"Individual Agencies"
"Aggravated Assaults",18,27,"-33.3333333333333",2026-03-01,"Colonie Town, New York","Mar 2026","2026-05-18 10:10:31 EDT",80724,1,"Individual Agencies"
"Burglaries",23,35,"-34.2857142857143",2026-03-01,"Colonie Town, New York","Mar 2026","2026-05-18 10:10:31 EDT",80724,1,"Individual Agencies"
"Motor Vehicle Thefts",4,18,"-77.7777777777778",2026-03-01,"Colonie Town, New York","Mar 2026","2026-05-18 10:10:31 EDT",80724,1,"Individual Agencies"
"Murders",0,0,"0",2026-03-01,"Colonie Town, New York","Mar 2026","2026-05-18 10:10:31 EDT",80724,1,"Individual Agencies"
"Property Crimes",445,588,"-24.3197278911565",2026-03-01,"Colonie Town, New York","Mar 2026","2026-05-18 10:10:31 EDT",80724,1,"Individual Agencies"
"Rapes",4,5,"-20",2026-03-01,"Colonie Town, New York","Mar 2026","2026-05-18 10:10:31 EDT",80724,1,"Individual Agencies"
"Robberies",5,9,"-44.4444444444444",2026-03-01,"Colonie Town, New York","Mar 2026","2026-05-18 10:10:31 EDT",80724,1,"Individual Agencies"
"Thefts",418,535,"-21.8691588785047",2026-03-01,"Colonie Town, New York","Mar 2026","2026-05-18 10:10:31 EDT",80724,1,"Individual Agencies"
"Violent Crimes",27,41,"-34.1463414634146",2026-03-01,"Colonie Town, New York","Mar 2026","2026-05-18 10:10:31 EDT",80724,1,"Individual Agencies"
"Aggravated Assaults",610,625,"-2.4",2026-03-01,"Colorado Springs, Colorado","Mar 2026","2026-05-18 10:10:31 EDT",489254,1,"Individual Agencies"
"Burglaries",465,606,"-23.2673267326733",2026-03-01,"Colorado Springs, Colorado","Mar 2026","2026-05-18 10:10:31 EDT",489254,1,"Individual Agencies"
"Motor Vehicle Thefts",313,682,"-54.1055718475073",2026-03-01,"Colorado Springs, Colorado","Mar 2026","2026-05-18 10:10:31 EDT",489254,1,"Individual Agencies"
"Murders",1,11,"-90.9090909090909",2026-03-01,"Colorado Springs, Colorado","Mar 2026","2026-05-18 10:10:31 EDT",489254,1,"Individual Agencies"
"Property Crimes",3404,4025,"-15.4285714285714",2026-03-01,"Colorado Springs, Colorado","Mar 2026","2026-05-18 10:10:31 EDT",489254,1,"Individual Agencies"
"Rapes",106,155,"-31.6129032258064",2026-03-01,"Colorado Springs, Colorado","Mar 2026","2026-05-18 10:10:31 EDT",489254,1,"Individual Agencies"
"Robberies",56,95,"-41.0526315789474",2026-03-01,"Colorado Springs, Colorado","Mar 2026","2026-05-18 10:10:31 EDT",489254,1,"Individual Agencies"
"Thefts",2626,2737,"-4.05553525758129",2026-03-01,"Colorado Springs, Colorado","Mar 2026","2026-05-18 10:10:31 EDT",489254,1,"Individual Agencies"
"Violent Crimes",773,886,"-12.7539503386005",2026-03-01,"Colorado Springs, Colorado","Mar 2026","2026-05-18 10:10:31 EDT",489254,1,"Individual Agencies"
"Aggravated Assaults",59,59,"0",2026-03-01,"Columbia, Missouri","Mar 2026","2026-05-18 10:10:31 EDT",129602,1,"Individual Agencies"
"Burglaries",71,71,"0",2026-03-01,"Columbia, Missouri","Mar 2026","2026-05-18 10:10:31 EDT",129602,1,"Individual Agencies"
"Motor Vehicle Thefts",60,60,"0",2026-03-01,"Columbia, Missouri","Mar 2026","2026-05-18 10:10:31 EDT",129602,1,"Individual Agencies"
"Murders",1,1,"0",2026-03-01,"Columbia, Missouri","Mar 2026","2026-05-18 10:10:31 EDT",129602,1,"Individual Agencies"
"Property Crimes",576,575,"0.173913043478261",2026-03-01,"Columbia, Missouri","Mar 2026","2026-05-18 10:10:31 EDT",129602,1,"Individual Agencies"
"Rapes",10,10,"0",2026-03-01,"Columbia, Missouri","Mar 2026","2026-05-18 10:10:31 EDT",129602,1,"Individual Agencies"
"Robberies",8,7,"14.2857142857143",2026-03-01,"Columbia, Missouri","Mar 2026","2026-05-18 10:10:31 EDT",129602,1,"Individual Agencies"
"Thefts",445,444,"0.225225225225225",2026-03-01,"Columbia, Missouri","Mar 2026","2026-05-18 10:10:31 EDT",129602,1,"Individual Agencies"
"Violent Crimes",78,77,"1.2987012987013",2026-03-01,"Columbia, Missouri","Mar 2026","2026-05-18 10:10:31 EDT",129602,1,"Individual Agencies"
"Aggravated Assaults",325,291,"11.6838487972509",2026-03-01,"Columbus, Ohio","Mar 2026","2026-05-18 10:10:31 EDT",908834,1,"Individual Agencies"
"Burglaries",694,775,"-10.4516129032258",2026-03-01,"Columbus, Ohio","Mar 2026","2026-05-18 10:10:31 EDT",908834,1,"Individual Agencies"
"Motor Vehicle Thefts",1194,1153,"3.55594102341717",2026-03-01,"Columbus, Ohio","Mar 2026","2026-05-18 10:10:31 EDT",908834,1,"Individual Agencies"
"Murders",6,10,"-40",2026-03-01,"Columbus, Ohio","Mar 2026","2026-05-18 10:10:31 EDT",908834,1,"Individual Agencies"
"Property Crimes",4932,5949,"-17.0953101361573",2026-03-01,"Columbus, Ohio","Mar 2026","2026-05-18 10:10:31 EDT",908834,1,"Individual Agencies"
"Rapes",176,234,"-24.7863247863248",2026-03-01,"Columbus, Ohio","Mar 2026","2026-05-18 10:10:31 EDT",908834,1,"Individual Agencies"
"Robberies",143,180,"-20.5555555555556",2026-03-01,"Columbus, Ohio","Mar 2026","2026-05-18 10:10:31 EDT",908834,1,"Individual Agencies"
"Thefts",3044,4021,"-24.2974384481472",2026-03-01,"Columbus, Ohio","Mar 2026","2026-05-18 10:10:31 EDT",908834,1,"Individual Agencies"
"Violent Crimes",650,715,"-9.09090909090909",2026-03-01,"Columbus, Ohio","Mar 2026","2026-05-18 10:10:31 EDT",908834,1,"Individual Agencies"
"Aggravated Assaults",28,12,"133.333333333333",2026-03-01,"Comal County, Texas","Mar 2026","2026-05-18 10:10:31 EDT",94653,1,"Individual Agencies"
"Burglaries",68,33,"106.060606060606",2026-03-01,"Comal County, Texas","Mar 2026","2026-05-18 10:10:31 EDT",94653,1,"Individual Agencies"
"Motor Vehicle Thefts",7,19,"-63.1578947368421",2026-03-01,"Comal County, Texas","Mar 2026","2026-05-18 10:10:31 EDT",94653,1,"Individual Agencies"
"Murders",0,0,"0",2026-03-01,"Comal County, Texas","Mar 2026","2026-05-18 10:10:31 EDT",94653,1,"Individual Agencies"
"Property Crimes",176,149,"18.1208053691275",2026-03-01,"Comal County, Texas","Mar 2026","2026-05-18 10:10:31 EDT",94653,1,"Individual Agencies"
"Rapes",4,2,"100",2026-03-01,"Comal County, Texas","Mar 2026","2026-05-18 10:10:31 EDT",94653,1,"Individual Agencies"
"Robberies",1,2,"-50",2026-03-01,"Comal County, Texas","Mar 2026","2026-05-18 10:10:31 EDT",94653,1,"Individual Agencies"
"Thefts",101,97,"4.12371134020619",2026-03-01,"Comal County, Texas","Mar 2026","2026-05-18 10:10:31 EDT",94653,1,"Individual Agencies"
"Violent Crimes",33,16,"106.25",2026-03-01,"Comal County, Texas","Mar 2026","2026-05-18 10:10:31 EDT",94653,1,"Individual Agencies"
"Aggravated Assaults",54,48,"12.5",2026-02-01,"Commerce City, Colorado","Feb 2026","2026-05-18 10:10:31 EDT",67851,1,"Individual Agencies"
"Burglaries",53,39,"35.8974358974359",2026-02-01,"Commerce City, Colorado","Feb 2026","2026-05-18 10:10:31 EDT",67851,1,"Individual Agencies"
"Motor Vehicle Thefts",39,78,"-50",2026-02-01,"Commerce City, Colorado","Feb 2026","2026-05-18 10:10:31 EDT",67851,1,"Individual Agencies"
"Murders",0,1,"-100",2026-02-01,"Commerce City, Colorado","Feb 2026","2026-05-18 10:10:31 EDT",67851,1,"Individual Agencies"
"Rapes",11,9,"22.2222222222222",2026-02-01,"Commerce City, Colorado","Feb 2026","2026-05-18 10:10:31 EDT",67851,1,"Individual Agencies"
"Robberies",7,8,"-12.5",2026-02-01,"Commerce City, Colorado","Feb 2026","2026-05-18 10:10:31 EDT",67851,1,"Individual Agencies"
"Thefts",220,203,"8.3743842364532",2026-02-01,"Commerce City, Colorado","Feb 2026","2026-05-18 10:10:31 EDT",67851,1,"Individual Agencies"
"Aggravated Assaults",54,44,"22.7272727272727",2026-02-01,"Concord, California","Feb 2026","2026-05-18 10:10:31 EDT",121331,1,"Individual Agencies"
"Burglaries",48,97,"-50.5154639175258",2026-02-01,"Concord, California","Feb 2026","2026-05-18 10:10:31 EDT",121331,1,"Individual Agencies"
"Motor Vehicle Thefts",67,96,"-30.2083333333333",2026-02-01,"Concord, California","Feb 2026","2026-05-18 10:10:31 EDT",121331,1,"Individual Agencies"
"Murders",0,0,"0",2026-02-01,"Concord, California","Feb 2026","2026-05-18 10:10:31 EDT",121331,1,"Individual Agencies"
"Rapes",3,4,"-25",2026-02-01,"Concord, California","Feb 2026","2026-05-18 10:10:31 EDT",121331,1,"Individual Agencies"
"Robberies",23,31,"-25.8064516129032",2026-02-01,"Concord, California","Feb 2026","2026-05-18 10:10:31 EDT",121331,1,"Individual Agencies"
"Thefts",345,392,"-11.9897959183673",2026-02-01,"Concord, California","Feb 2026","2026-05-18 10:10:31 EDT",121331,1,"Individual Agencies"
"Aggravated Assaults",21,26,"-19.2307692307692",2026-03-01,"Concord, North Carolina","Mar 2026","2026-05-18 10:10:31 EDT",111915,1,"Individual Agencies"
"Burglaries",24,30,"-20",2026-03-01,"Concord, North Carolina","Mar 2026","2026-05-18 10:10:31 EDT",111915,1,"Individual Agencies"
"Motor Vehicle Thefts",37,36,"2.77777777777778",2026-03-01,"Concord, North Carolina","Mar 2026","2026-05-18 10:10:31 EDT",111915,1,"Individual Agencies"
"Murders",3,0,"Undefined",2026-03-01,"Concord, North Carolina","Mar 2026","2026-05-18 10:10:31 EDT",111915,1,"Individual Agencies"
"Property Crimes",274,248,"10.4838709677419",2026-03-01,"Concord, North Carolina","Mar 2026","2026-05-18 10:10:31 EDT",111915,1,"Individual Agencies"
"Rapes",7,5,"40",2026-03-01,"Concord, North Carolina","Mar 2026","2026-05-18 10:10:31 EDT",111915,1,"Individual Agencies"
"Robberies",3,7,"-57.1428571428571",2026-03-01,"Concord, North Carolina","Mar 2026","2026-05-18 10:10:31 EDT",111915,1,"Individual Agencies"
"Thefts",213,182,"17.032967032967",2026-03-01,"Concord, North Carolina","Mar 2026","2026-05-18 10:10:31 EDT",111915,1,"Individual Agencies"
"Violent Crimes",34,38,"-10.5263157894737",2026-03-01,"Concord, North Carolina","Mar 2026","2026-05-18 10:10:31 EDT",111915,1,"Individual Agencies"
"Aggravated Assaults",45,44,"2.27272727272727",2026-03-01,"Conroe, Texas","Mar 2026","2026-05-18 10:10:31 EDT",106904,1,"Individual Agencies"
"Burglaries",50,39,"28.2051282051282",2026-03-01,"Conroe, Texas","Mar 2026","2026-05-18 10:10:31 EDT",106904,1,"Individual Agencies"
"Motor Vehicle Thefts",37,36,"2.77777777777778",2026-03-01,"Conroe, Texas","Mar 2026","2026-05-18 10:10:31 EDT",106904,1,"Individual Agencies"
"Murders",0,0,"0",2026-03-01,"Conroe, Texas","Mar 2026","2026-05-18 10:10:31 EDT",106904,1,"Individual Agencies"
"Property Crimes",406,464,"-12.5",2026-03-01,"Conroe, Texas","Mar 2026","2026-05-18 10:10:31 EDT",106904,1,"Individual Agencies"
"Rapes",16,18,"-11.1111111111111",2026-03-01,"Conroe, Texas","Mar 2026","2026-05-18 10:10:31 EDT",106904,1,"Individual Agencies"
"Robberies",7,5,"40",2026-03-01,"Conroe, Texas","Mar 2026","2026-05-18 10:10:31 EDT",106904,1,"Individual Agencies"
"Thefts",319,389,"-17.9948586118252",2026-03-01,"Conroe, Texas","Mar 2026","2026-05-18 10:10:31 EDT",106904,1,"Individual Agencies"
"Violent Crimes",68,67,"1.49253731343284",2026-03-01,"Conroe, Texas","Mar 2026","2026-05-18 10:10:31 EDT",106904,1,"Individual Agencies"
"Aggravated Assaults",73,65,"12.3076923076923",2026-03-01,"Conway, Arkansas","Mar 2026","2026-05-18 10:10:31 EDT",69315,1,"Individual Agencies"
"Burglaries",15,36,"-58.3333333333333",2026-03-01,"Conway, Arkansas","Mar 2026","2026-05-18 10:10:31 EDT",69315,1,"Individual Agencies"
"Motor Vehicle Thefts",18,17,"5.88235294117647",2026-03-01,"Conway, Arkansas","Mar 2026","2026-05-18 10:10:31 EDT",69315,1,"Individual Agencies"
"Murders",2,0,"Undefined",2026-03-01,"Conway, Arkansas","Mar 2026","2026-05-18 10:10:31 EDT",69315,1,"Individual Agencies"
"Property Crimes",233,332,"-29.8192771084337",2026-03-01,"Conway, Arkansas","Mar 2026","2026-05-18 10:10:31 EDT",69315,1,"Individual Agencies"
"Rapes",12,12,"0",2026-03-01,"Conway, Arkansas","Mar 2026","2026-05-18 10:10:31 EDT",69315,1,"Individual Agencies"
"Robberies",2,6,"-66.6666666666667",2026-03-01,"Conway, Arkansas","Mar 2026","2026-05-18 10:10:31 EDT",69315,1,"Individual Agencies"
"Thefts",200,279,"-28.3154121863799",2026-03-01,"Conway, Arkansas","Mar 2026","2026-05-18 10:10:31 EDT",69315,1,"Individual Agencies"
"Violent Crimes",89,83,"7.2289156626506",2026-03-01,"Conway, Arkansas","Mar 2026","2026-05-18 10:10:31 EDT",69315,1,"Individual Agencies"
"Aggravated Assaults",14,12,"16.6666666666667",2026-03-01,"Coon Rapids, Minnesota","Mar 2026","2026-05-18 10:10:31 EDT",62391,1,"Individual Agencies"
"Burglaries",14,10,"40",2026-03-01,"Coon Rapids, Minnesota","Mar 2026","2026-05-18 10:10:31 EDT",62391,1,"Individual Agencies"
"Motor Vehicle Thefts",17,15,"13.3333333333333",2026-03-01,"Coon Rapids, Minnesota","Mar 2026","2026-05-18 10:10:31 EDT",62391,1,"Individual Agencies"
"Murders",0,0,"0",2026-03-01,"Coon Rapids, Minnesota","Mar 2026","2026-05-18 10:10:31 EDT",62391,1,"Individual Agencies"
"Property Crimes",155,213,"-27.2300469483568",2026-03-01,"Coon Rapids, Minnesota","Mar 2026","2026-05-18 10:10:31 EDT",62391,1,"Individual Agencies"
"Rapes",0,6,"-100",2026-03-01,"Coon Rapids, Minnesota","Mar 2026","2026-05-18 10:10:31 EDT",62391,1,"Individual Agencies"
"Robberies",4,5,"-20",2026-03-01,"Coon Rapids, Minnesota","Mar 2026","2026-05-18 10:10:31 EDT",62391,1,"Individual Agencies"
"Thefts",124,188,"-34.0425531914894",2026-03-01,"Coon Rapids, Minnesota","Mar 2026","2026-05-18 10:10:31 EDT",62391,1,"Individual Agencies"
"Violent Crimes",18,23,"-21.7391304347826",2026-03-01,"Coon Rapids, Minnesota","Mar 2026","2026-05-18 10:10:31 EDT",62391,1,"Individual Agencies"
"Aggravated Assaults",72,71,"1.40845070422535",2026-03-01,"Corona, California","Mar 2026","2026-05-18 10:10:31 EDT",160590,1,"Individual Agencies"
"Burglaries",34,90,"-62.2222222222222",2026-03-01,"Corona, California","Mar 2026","2026-05-18 10:10:31 EDT",160590,1,"Individual Agencies"
"Motor Vehicle Thefts",38,102,"-62.7450980392157",2026-03-01,"Corona, California","Mar 2026","2026-05-18 10:10:31 EDT",160590,1,"Individual Agencies"
"Murders",1,0,"Undefined",2026-03-01,"Corona, California","Mar 2026","2026-05-18 10:10:31 EDT",160590,1,"Individual Agencies"
"Property Crimes",587,689,"-14.8040638606676",2026-03-01,"Corona, California","Mar 2026","2026-05-18 10:10:31 EDT",160590,1,"Individual Agencies"
"Rapes",6,8,"-25",2026-03-01,"Corona, California","Mar 2026","2026-05-18 10:10:31 EDT",160590,1,"Individual Agencies"
"Robberies",13,28,"-53.5714285714286",2026-03-01,"Corona, California","Mar 2026","2026-05-18 10:10:31 EDT",160590,1,"Individual Agencies"
"Thefts",515,497,"3.62173038229376",2026-03-01,"Corona, California","Mar 2026","2026-05-18 10:10:31 EDT",160590,1,"Individual Agencies"
"Violent Crimes",92,107,"-14.018691588785",2026-03-01,"Corona, California","Mar 2026","2026-05-18 10:10:31 EDT",160590,1,"Individual Agencies"
"Aggravated Assaults",7,6,"16.6666666666667",2026-02-01,"Corvallis, Oregon","Feb 2026","2026-05-18 10:10:31 EDT",61474,1,"Individual Agencies"
"Burglaries",13,20,"-35",2026-02-01,"Corvallis, Oregon","Feb 2026","2026-05-18 10:10:31 EDT",61474,1,"Individual Agencies"
"Motor Vehicle Thefts",6,11,"-45.4545454545455",2026-02-01,"Corvallis, Oregon","Feb 2026","2026-05-18 10:10:31 EDT",61474,1,"Individual Agencies"
"Murders",0,0,"0",2026-02-01,"Corvallis, Oregon","Feb 2026","2026-05-18 10:10:31 EDT",61474,1,"Individual Agencies"
"Rapes",3,1,"200",2026-02-01,"Corvallis, Oregon","Feb 2026","2026-05-18 10:10:31 EDT",61474,1,"Individual Agencies"
"Robberies",4,2,"100",2026-02-01,"Corvallis, Oregon","Feb 2026","2026-05-18 10:10:31 EDT",61474,1,"Individual Agencies"
"Thefts",124,204,"-39.2156862745098",2026-02-01,"Corvallis, Oregon","Feb 2026","2026-05-18 10:10:31 EDT",61474,1,"Individual Agencies"
"Aggravated Assaults",51,56,"-8.92857142857143",2026-03-01,"Council Bluffs, Iowa","Mar 2026","2026-05-18 10:10:31 EDT",62214,1,"Individual Agencies"
"Burglaries",44,53,"-16.9811320754717",2026-03-01,"Council Bluffs, Iowa","Mar 2026","2026-05-18 10:10:31 EDT",62214,1,"Individual Agencies"
"Motor Vehicle Thefts",37,49,"-24.4897959183673",2026-03-01,"Council Bluffs, Iowa","Mar 2026","2026-05-18 10:10:31 EDT",62214,1,"Individual Agencies"
"Murders",0,0,"0",2026-03-01,"Council Bluffs, Iowa","Mar 2026","2026-05-18 10:10:31 EDT",62214,1,"Individual Agencies"
"Property Crimes",325,292,"11.3013698630137",2026-03-01,"Council Bluffs, Iowa","Mar 2026","2026-05-18 10:10:31 EDT",62214,1,"Individual Agencies"
"Rapes",14,15,"-6.66666666666667",2026-03-01,"Council Bluffs, Iowa","Mar 2026","2026-05-18 10:10:31 EDT",62214,1,"Individual Agencies"
"Robberies",7,10,"-30",2026-03-01,"Council Bluffs, Iowa","Mar 2026","2026-05-18 10:10:31 EDT",62214,1,"Individual Agencies"
"Thefts",244,190,"28.4210526315789",2026-03-01,"Council Bluffs, Iowa","Mar 2026","2026-05-18 10:10:31 EDT",62214,1,"Individual Agencies"
"Violent Crimes",72,81,"-11.1111111111111",2026-03-01,"Council Bluffs, Iowa","Mar 2026","2026-05-18 10:10:31 EDT",62214,1,"Individual Agencies"
"Aggravated Assaults",10,8,"25",2026-03-01,"Cranston, Rhode Island","Mar 2026","2026-05-18 10:10:31 EDT",82484,1,"Individual Agencies"
"Burglaries",12,15,"-20",2026-03-01,"Cranston, Rhode Island","Mar 2026","2026-05-18 10:10:31 EDT",82484,1,"Individual Agencies"
"Motor Vehicle Thefts",13,18,"-27.7777777777778",2026-03-01,"Cranston, Rhode Island","Mar 2026","2026-05-18 10:10:31 EDT",82484,1,"Individual Agencies"
"Murders",1,0,"Undefined",2026-03-01,"Cranston, Rhode Island","Mar 2026","2026-05-18 10:10:31 EDT",82484,1,"Individual Agencies"
"Property Crimes",158,207,"-23.6714975845411",2026-03-01,"Cranston, Rhode Island","Mar 2026","2026-05-18 10:10:31 EDT",82484,1,"Individual Agencies"
"Rapes",5,6,"-16.6666666666667",2026-03-01,"Cranston, Rhode Island","Mar 2026","2026-05-18 10:10:31 EDT",82484,1,"Individual Agencies"
"Robberies",4,3,"33.3333333333333",2026-03-01,"Cranston, Rhode Island","Mar 2026","2026-05-18 10:10:31 EDT",82484,1,"Individual Agencies"
"Thefts",133,174,"-23.5632183908046",2026-03-01,"Cranston, Rhode Island","Mar 2026","2026-05-18 10:10:31 EDT",82484,1,"Individual Agencies"
"Violent Crimes",20,17,"17.6470588235294",2026-03-01,"Cranston, Rhode Island","Mar 2026","2026-05-18 10:10:31 EDT",82484,1,"Individual Agencies"
"Aggravated Assaults",18,15,"20",2026-03-01,"Cuyahoga Falls, Ohio","Mar 2026","2026-05-18 10:10:31 EDT",50459,1,"Individual Agencies"
"Burglaries",9,15,"-40",2026-03-01,"Cuyahoga Falls, Ohio","Mar 2026","2026-05-18 10:10:31 EDT",50459,1,"Individual Agencies"
"Motor Vehicle Thefts",10,12,"-16.6666666666667",2026-03-01,"Cuyahoga Falls, Ohio","Mar 2026","2026-05-18 10:10:31 EDT",50459,1,"Individual Agencies"
"Murders",0,1,"-100",2026-03-01,"Cuyahoga Falls, Ohio","Mar 2026","2026-05-18 10:10:31 EDT",50459,1,"Individual Agencies"
"Rapes",2,5,"-60",2026-03-01,"Cuyahoga Falls, Ohio","Mar 2026","2026-05-18 10:10:31 EDT",50459,1,"Individual Agencies"
"Robberies",2,0,"Undefined",2026-03-01,"Cuyahoga Falls, Ohio","Mar 2026","2026-05-18 10:10:31 EDT",50459,1,"Individual Agencies"
"Thefts",150,193,"-22.279792746114",2026-03-01,"Cuyahoga Falls, Ohio","Mar 2026","2026-05-18 10:10:31 EDT",50459,1,"Individual Agencies"
"Aggravated Assaults",1087,1165,"-6.69527896995708",2026-03-01,"Dallas, Texas","Mar 2026","2026-05-18 10:10:31 EDT",1304989,1,"Individual Agencies"
"Burglaries",1379,1334,"3.37331334332834",2026-03-01,"Dallas, Texas","Mar 2026","2026-05-18 10:10:31 EDT",1304989,1,"Individual Agencies"
"Motor Vehicle Thefts",2275,3083,"-26.2082387285112",2026-03-01,"Dallas, Texas","Mar 2026","2026-05-18 10:10:31 EDT",1304989,1,"Individual Agencies"
"Murders",36,31,"16.1290322580645",2026-03-01,"Dallas, Texas","Mar 2026","2026-05-18 10:10:31 EDT",1304989,1,"Individual Agencies"
"Property Crimes",9693,9987,"-2.94382697506759",2026-03-01,"Dallas, Texas","Mar 2026","2026-05-18 10:10:31 EDT",1304989,1,"Individual Agencies"
"Rapes",85,92,"-7.60869565217391",2026-03-01,"Dallas, Texas","Mar 2026","2026-05-18 10:10:31 EDT",1304989,1,"Individual Agencies"
"Robberies",397,476,"-16.5966386554622",2026-03-01,"Dallas, Texas","Mar 2026","2026-05-18 10:10:31 EDT",1304989,1,"Individual Agencies"
"Thefts",6039,5570,"8.42010771992819",2026-03-01,"Dallas, Texas","Mar 2026","2026-05-18 10:10:31 EDT",1304989,1,"Individual Agencies"
"Violent Crimes",1605,1764,"-9.01360544217687",2026-03-01,"Dallas, Texas","Mar 2026","2026-05-18 10:10:31 EDT",1304989,1,"Individual Agencies"
"Aggravated Assaults",18,19,"-5.26315789473684",2026-02-01,"Daly City, California","Feb 2026","2026-05-18 10:10:31 EDT",97774,1,"Individual Agencies"
"Burglaries",5,6,"-16.6666666666667",2026-02-01,"Daly City, California","Feb 2026","2026-05-18 10:10:31 EDT",97774,1,"Individual Agencies"
"Motor Vehicle Thefts",10,28,"-64.2857142857143",2026-02-01,"Daly City, California","Feb 2026","2026-05-18 10:10:31 EDT",97774,1,"Individual Agencies"
"Murders",0,0,"0",2026-02-01,"Daly City, California","Feb 2026","2026-05-18 10:10:31 EDT",97774,1,"Individual Agencies"
"Rapes",4,1,"300",2026-02-01,"Daly City, California","Feb 2026","2026-05-18 10:10:31 EDT",97774,1,"Individual Agencies"
"Robberies",13,15,"-13.3333333333333",2026-02-01,"Daly City, California","Feb 2026","2026-05-18 10:10:31 EDT",97774,1,"Individual Agencies"
"Thefts",200,169,"18.3431952662722",2026-02-01,"Daly City, California","Feb 2026","2026-05-18 10:10:31 EDT",97774,1,"Individual Agencies"
"Aggravated Assaults",7,19,"-63.1578947368421",2026-02-01,"Danbury, Connecticut","Feb 2026","2026-05-18 10:10:31 EDT",87327,1,"Individual Agencies"
"Burglaries",9,16,"-43.75",2026-02-01,"Danbury, Connecticut","Feb 2026","2026-05-18 10:10:31 EDT",87327,1,"Individual Agencies"
"Motor Vehicle Thefts",12,1,"1100",2026-02-01,"Danbury, Connecticut","Feb 2026","2026-05-18 10:10:31 EDT",87327,1,"Individual Agencies"
"Murders",0,0,"0",2026-02-01,"Danbury, Connecticut","Feb 2026","2026-05-18 10:10:31 EDT",87327,1,"Individual Agencies"
"Rapes",0,4,"-100",2026-02-01,"Danbury, Connecticut","Feb 2026","2026-05-18 10:10:31 EDT",87327,1,"Individual Agencies"
"Robberies",3,5,"-40",2026-02-01,"Danbury, Connecticut","Feb 2026","2026-05-18 10:10:31 EDT",87327,1,"Individual Agencies"
"Thefts",79,134,"-41.044776119403",2026-02-01,"Danbury, Connecticut","Feb 2026","2026-05-18 10:10:31 EDT",87327,1,"Individual Agencies"
"Aggravated Assaults",81,100,"-19",2026-03-01,"Davenport, Iowa","Mar 2026","2026-05-18 10:10:31 EDT",99911,1,"Individual Agencies"
"Burglaries",96,129,"-25.5813953488372",2026-03-01,"Davenport, Iowa","Mar 2026","2026-05-18 10:10:31 EDT",99911,1,"Individual Agencies"
"Motor Vehicle Thefts",62,60,"3.33333333333333",2026-03-01,"Davenport, Iowa","Mar 2026","2026-05-18 10:10:31 EDT",99911,1,"Individual Agencies"
"Murders",0,0,"0",2026-03-01,"Davenport, Iowa","Mar 2026","2026-05-18 10:10:31 EDT",99911,1,"Individual Agencies"
"Property Crimes",597,731,"-18.3310533515732",2026-03-01,"Davenport, Iowa","Mar 2026","2026-05-18 10:10:31 EDT",99911,1,"Individual Agencies"
"Rapes",25,27,"-7.40740740740741",2026-03-01,"Davenport, Iowa","Mar 2026","2026-05-18 10:10:31 EDT",99911,1,"Individual Agencies"
"Robberies",12,18,"-33.3333333333333",2026-03-01,"Davenport, Iowa","Mar 2026","2026-05-18 10:10:31 EDT",99911,1,"Individual Agencies"
"Thefts",439,542,"-19.0036900369004",2026-03-01,"Davenport, Iowa","Mar 2026","2026-05-18 10:10:31 EDT",99911,1,"Individual Agencies"
"Violent Crimes",118,145,"-18.6206896551724",2026-03-01,"Davenport, Iowa","Mar 2026","2026-05-18 10:10:31 EDT",99911,1,"Individual Agencies"
"Aggravated Assaults",27,34,"-20.5882352941176",2026-03-01,"Davidson County, North Carolina","Mar 2026","2026-05-18 10:10:31 EDT",120877,1,"Individual Agencies"
"Burglaries",25,45,"-44.4444444444444",2026-03-01,"Davidson County, North Carolina","Mar 2026","2026-05-18 10:10:31 EDT",120877,1,"Individual Agencies"
"Motor Vehicle Thefts",24,25,"-4",2026-03-01,"Davidson County, North Carolina","Mar 2026","2026-05-18 10:10:31 EDT",120877,1,"Individual Agencies"
"Murders",0,1,"-100",2026-03-01,"Davidson County, North Carolina","Mar 2026","2026-05-18 10:10:31 EDT",120877,1,"Individual Agencies"
"Rapes",1,4,"-75",2026-03-01,"Davidson County, North Carolina","Mar 2026","2026-05-18 10:10:31 EDT",120877,1,"Individual Agencies"
"Robberies",1,4,"-75",2026-03-01,"Davidson County, North Carolina","Mar 2026","2026-05-18 10:10:31 EDT",120877,1,"Individual Agencies"
"Thefts",128,174,"-26.4367816091954",2026-03-01,"Davidson County, North Carolina","Mar 2026","2026-05-18 10:10:31 EDT",120877,1,"Individual Agencies"
"Aggravated Assaults",23,20,"15",2026-03-01,"Davis, California","Mar 2026","2026-05-18 10:10:31 EDT",67193,1,"Individual Agencies"
"Burglaries",14,22,"-36.3636363636364",2026-03-01,"Davis, California","Mar 2026","2026-05-18 10:10:31 EDT",67193,1,"Individual Agencies"
"Motor Vehicle Thefts",17,16,"6.25",2026-03-01,"Davis, California","Mar 2026","2026-05-18 10:10:31 EDT",67193,1,"Individual Agencies"
"Murders",0,0,"0",2026-03-01,"Davis, California","Mar 2026","2026-05-18 10:10:31 EDT",67193,1,"Individual Agencies"
"Property Crimes",293,330,"-11.2121212121212",2026-03-01,"Davis, California","Mar 2026","2026-05-18 10:10:31 EDT",67193,1,"Individual Agencies"
"Rapes",2,12,"-83.3333333333333",2026-03-01,"Davis, California","Mar 2026","2026-05-18 10:10:31 EDT",67193,1,"Individual Agencies"
"Robberies",1,3,"-66.6666666666667",2026-03-01,"Davis, California","Mar 2026","2026-05-18 10:10:31 EDT",67193,1,"Individual Agencies"
"Thefts",262,292,"-10.2739726027397",2026-03-01,"Davis, California","Mar 2026","2026-05-18 10:10:31 EDT",67193,1,"Individual Agencies"
"Violent Crimes",26,35,"-25.7142857142857",2026-03-01,"Davis, California","Mar 2026","2026-05-18 10:10:31 EDT",67193,1,"Individual Agencies"
"Aggravated Assaults",322,275,"17.0909090909091",2026-03-01,"Dayton, Ohio","Mar 2026","2026-05-18 10:10:31 EDT",135181,1,"Individual Agencies"
"Burglaries",226,239,"-5.43933054393306",2026-03-01,"Dayton, Ohio","Mar 2026","2026-05-18 10:10:31 EDT",135181,1,"Individual Agencies"
"Motor Vehicle Thefts",265,373,"-28.9544235924933",2026-03-01,"Dayton, Ohio","Mar 2026","2026-05-18 10:10:31 EDT",135181,1,"Individual Agencies"
"Murders",8,6,"33.3333333333333",2026-03-01,"Dayton, Ohio","Mar 2026","2026-05-18 10:10:31 EDT",135181,1,"Individual Agencies"
"Property Crimes",1059,1155,"-8.31168831168831",2026-03-01,"Dayton, Ohio","Mar 2026","2026-05-18 10:10:31 EDT",135181,1,"Individual Agencies"
"Rapes",28,39,"-28.2051282051282",2026-03-01,"Dayton, Ohio","Mar 2026","2026-05-18 10:10:31 EDT",135181,1,"Individual Agencies"
"Robberies",52,52,"0",2026-03-01,"Dayton, Ohio","Mar 2026","2026-05-18 10:10:31 EDT",135181,1,"Individual Agencies"
"Thefts",568,543,"4.60405156537753",2026-03-01,"Dayton, Ohio","Mar 2026","2026-05-18 10:10:31 EDT",135181,1,"Individual Agencies"
"Violent Crimes",410,372,"10.2150537634409",2026-03-01,"Dayton, Ohio","Mar 2026","2026-05-18 10:10:31 EDT",135181,1,"Individual Agencies"
"Aggravated Assaults",48,45,"6.66666666666667",2026-03-01,"Dearborn Heights, Michigan","Mar 2026","2026-05-18 10:10:31 EDT",61420,1,"Individual Agencies"
"Burglaries",17,24,"-29.1666666666667",2026-03-01,"Dearborn Heights, Michigan","Mar 2026","2026-05-18 10:10:31 EDT",61420,1,"Individual Agencies"
"Motor Vehicle Thefts",26,41,"-36.5853658536585",2026-03-01,"Dearborn Heights, Michigan","Mar 2026","2026-05-18 10:10:31 EDT",61420,1,"Individual Agencies"
"Murders",0,0,"0",2026-03-01,"Dearborn Heights, Michigan","Mar 2026","2026-05-18 10:10:31 EDT",61420,1,"Individual Agencies"
"Property Crimes",122,145,"-15.8620689655172",2026-03-01,"Dearborn Heights, Michigan","Mar 2026","2026-05-18 10:10:31 EDT",61420,1,"Individual Agencies"
"Rapes",1,6,"-83.3333333333333",2026-03-01,"Dearborn Heights, Michigan","Mar 2026","2026-05-18 10:10:31 EDT",61420,1,"Individual Agencies"
"Robberies",3,2,"50",2026-03-01,"Dearborn Heights, Michigan","Mar 2026","2026-05-18 10:10:31 EDT",61420,1,"Individual Agencies"
"Thefts",79,80,"-1.25",2026-03-01,"Dearborn Heights, Michigan","Mar 2026","2026-05-18 10:10:31 EDT",61420,1,"Individual Agencies"
"Violent Crimes",52,53,"-1.88679245283019",2026-03-01,"Dearborn Heights, Michigan","Mar 2026","2026-05-18 10:10:31 EDT",61420,1,"Individual Agencies"
"Aggravated Assaults",62,54,"14.8148148148148",2026-03-01,"Dearborn, Michigan","Mar 2026","2026-05-18 10:10:31 EDT",106747,1,"Individual Agencies"
"Burglaries",15,14,"7.14285714285714",2026-03-01,"Dearborn, Michigan","Mar 2026","2026-05-18 10:10:31 EDT",106747,1,"Individual Agencies"
"Motor Vehicle Thefts",42,75,"-44",2026-03-01,"Dearborn, Michigan","Mar 2026","2026-05-18 10:10:31 EDT",106747,1,"Individual Agencies"
"Murders",0,1,"-100",2026-03-01,"Dearborn, Michigan","Mar 2026","2026-05-18 10:10:31 EDT",106747,1,"Individual Agencies"
"Property Crimes",398,395,"0.759493670886076",2026-03-01,"Dearborn, Michigan","Mar 2026","2026-05-18 10:10:31 EDT",106747,1,"Individual Agencies"
"Rapes",7,6,"16.6666666666667",2026-03-01,"Dearborn, Michigan","Mar 2026","2026-05-18 10:10:31 EDT",106747,1,"Individual Agencies"
"Robberies",7,6,"16.6666666666667",2026-03-01,"Dearborn, Michigan","Mar 2026","2026-05-18 10:10:31 EDT",106747,1,"Individual Agencies"
"Thefts",341,306,"11.437908496732",2026-03-01,"Dearborn, Michigan","Mar 2026","2026-05-18 10:10:31 EDT",106747,1,"Individual Agencies"
"Violent Crimes",76,67,"13.4328358208955",2026-03-01,"Dearborn, Michigan","Mar 2026","2026-05-18 10:10:31 EDT",106747,1,"Individual Agencies"
"Aggravated Assaults",87,64,"35.9375",2026-03-01,"Decatur, Illinois","Mar 2026","2026-05-18 10:10:31 EDT",68301,1,"Individual Agencies"
"Burglaries",84,93,"-9.67741935483871",2026-03-01,"Decatur, Illinois","Mar 2026","2026-05-18 10:10:31 EDT",68301,1,"Individual Agencies"
"Motor Vehicle Thefts",33,49,"-32.6530612244898",2026-03-01,"Decatur, Illinois","Mar 2026","2026-05-18 10:10:31 EDT",68301,1,"Individual Agencies"
"Murders",3,2,"50",2026-03-01,"Decatur, Illinois","Mar 2026","2026-05-18 10:10:31 EDT",68301,1,"Individual Agencies"
"Property Crimes",364,333,"9.30930930930931",2026-03-01,"Decatur, Illinois","Mar 2026","2026-05-18 10:10:31 EDT",68301,1,"Individual Agencies"
"Rapes",17,10,"70",2026-03-01,"Decatur, Illinois","Mar 2026","2026-05-18 10:10:31 EDT",68301,1,"Individual Agencies"
"Robberies",14,14,"0",2026-03-01,"Decatur, Illinois","Mar 2026","2026-05-18 10:10:31 EDT",68301,1,"Individual Agencies"
"Thefts",247,191,"29.3193717277487",2026-03-01,"Decatur, Illinois","Mar 2026","2026-05-18 10:10:31 EDT",68301,1,"Individual Agencies"
"Violent Crimes",121,90,"34.4444444444444",2026-03-01,"Decatur, Illinois","Mar 2026","2026-05-18 10:10:31 EDT",68301,1,"Individual Agencies"
"Aggravated Assaults",26,26,"0",2026-03-01,"Delaware County, Ohio","Mar 2026","2026-05-18 10:10:31 EDT",104939,1,"Individual Agencies"
"Burglaries",9,13,"-30.7692307692308",2026-03-01,"Delaware County, Ohio","Mar 2026","2026-05-18 10:10:31 EDT",104939,1,"Individual Agencies"
"Motor Vehicle Thefts",10,5,"100",2026-03-01,"Delaware County, Ohio","Mar 2026","2026-05-18 10:10:31 EDT",104939,1,"Individual Agencies"
"Murders",0,0,"0",2026-03-01,"Delaware County, Ohio","Mar 2026","2026-05-18 10:10:31 EDT",104939,1,"Individual Agencies"
"Rapes",5,2,"150",2026-03-01,"Delaware County, Ohio","Mar 2026","2026-05-18 10:10:31 EDT",104939,1,"Individual Agencies"
"Robberies",0,3,"-100",2026-03-01,"Delaware County, Ohio","Mar 2026","2026-05-18 10:10:31 EDT",104939,1,"Individual Agencies"
"Thefts",149,150,"-0.666666666666667",2026-03-01,"Delaware County, Ohio","Mar 2026","2026-05-18 10:10:31 EDT",104939,1,"Individual Agencies"
"Aggravated Assaults",5,6,"-16.6666666666667",2026-03-01,"Denton County, Texas","Mar 2026","2026-05-18 10:10:31 EDT",160587,1,"Individual Agencies"
"Burglaries",14,10,"40",2026-03-01,"Denton County, Texas","Mar 2026","2026-05-18 10:10:31 EDT",160587,1,"Individual Agencies"
"Motor Vehicle Thefts",11,9,"22.2222222222222",2026-03-01,"Denton County, Texas","Mar 2026","2026-05-18 10:10:31 EDT",160587,1,"Individual Agencies"
"Murders",0,2,"-100",2026-03-01,"Denton County, Texas","Mar 2026","2026-05-18 10:10:31 EDT",160587,1,"Individual Agencies"
"Property Crimes",72,93,"-22.5806451612903",2026-03-01,"Denton County, Texas","Mar 2026","2026-05-18 10:10:31 EDT",160587,1,"Individual Agencies"
"Rapes",5,11,"-54.5454545454545",2026-03-01,"Denton County, Texas","Mar 2026","2026-05-18 10:10:31 EDT",160587,1,"Individual Agencies"
"Robberies",0,1,"-100",2026-03-01,"Denton County, Texas","Mar 2026","2026-05-18 10:10:31 EDT",160587,1,"Individual Agencies"
"Thefts",47,74,"-36.4864864864865",2026-03-01,"Denton County, Texas","Mar 2026","2026-05-18 10:10:31 EDT",160587,1,"Individual Agencies"
"Violent Crimes",10,20,"-50",2026-03-01,"Denton County, Texas","Mar 2026","2026-05-18 10:10:31 EDT",160587,1,"Individual Agencies"
"Aggravated Assaults",47,39,"20.5128205128205",2026-03-01,"Denton, Texas","Mar 2026","2026-05-18 10:10:31 EDT",155215,1,"Individual Agencies"
"Burglaries",67,45,"48.8888888888889",2026-03-01,"Denton, Texas","Mar 2026","2026-05-18 10:10:31 EDT",155215,1,"Individual Agencies"
"Motor Vehicle Thefts",75,65,"15.3846153846154",2026-03-01,"Denton, Texas","Mar 2026","2026-05-18 10:10:31 EDT",155215,1,"Individual Agencies"
"Murders",1,0,"Undefined",2026-03-01,"Denton, Texas","Mar 2026","2026-05-18 10:10:31 EDT",155215,1,"Individual Agencies"
"Property Crimes",694,614,"13.0293159609121",2026-03-01,"Denton, Texas","Mar 2026","2026-05-18 10:10:31 EDT",155215,1,"Individual Agencies"
"Rapes",15,10,"50",2026-03-01,"Denton, Texas","Mar 2026","2026-05-18 10:10:31 EDT",155215,1,"Individual Agencies"
"Robberies",7,8,"-12.5",2026-03-01,"Denton, Texas","Mar 2026","2026-05-18 10:10:31 EDT",155215,1,"Individual Agencies"
"Thefts",552,504,"9.52380952380952",2026-03-01,"Denton, Texas","Mar 2026","2026-05-18 10:10:31 EDT",155215,1,"Individual Agencies"
"Violent Crimes",70,57,"22.8070175438596",2026-03-01,"Denton, Texas","Mar 2026","2026-05-18 10:10:31 EDT",155215,1,"Individual Agencies"
"Aggravated Assaults",956,1117,"-14.4136078782453",2026-03-01,"Denver, Colorado","Mar 2026","2026-05-18 10:10:31 EDT",712222,1,"Individual Agencies"
"Burglaries",873,1031,"-15.3249272550921",2026-03-01,"Denver, Colorado","Mar 2026","2026-05-18 10:10:31 EDT",712222,1,"Individual Agencies"
"Motor Vehicle Thefts",1135,1616,"-29.7648514851485",2026-03-01,"Denver, Colorado","Mar 2026","2026-05-18 10:10:31 EDT",712222,1,"Individual Agencies"
"Murders",10,10,"0",2026-03-01,"Denver, Colorado","Mar 2026","2026-05-18 10:10:31 EDT",712222,1,"Individual Agencies"
"Property Crimes",6798,7388,"-7.98592311857066",2026-03-01,"Denver, Colorado","Mar 2026","2026-05-18 10:10:31 EDT",712222,1,"Individual Agencies"
"Rapes",165,185,"-10.8108108108108",2026-03-01,"Denver, Colorado","Mar 2026","2026-05-18 10:10:31 EDT",712222,1,"Individual Agencies"
"Robberies",218,262,"-16.793893129771",2026-03-01,"Denver, Colorado","Mar 2026","2026-05-18 10:10:31 EDT",712222,1,"Individual Agencies"
"Thefts",4790,4741,"1.03353722843282",2026-03-01,"Denver, Colorado","Mar 2026","2026-05-18 10:10:31 EDT",712222,1,"Individual Agencies"
"Violent Crimes",1349,1574,"-14.294790343075",2026-03-01,"Denver, Colorado","Mar 2026","2026-05-18 10:10:31 EDT",712222,1,"Individual Agencies"
"Aggravated Assaults",239,272,"-12.1323529411765",2026-03-01,"Des Moines, Iowa","Mar 2026","2026-05-18 10:10:31 EDT",209658,1,"Individual Agencies"
"Burglaries",138,214,"-35.5140186915888",2026-03-01,"Des Moines, Iowa","Mar 2026","2026-05-18 10:10:31 EDT",209658,1,"Individual Agencies"
"Motor Vehicle Thefts",161,243,"-33.7448559670782",2026-03-01,"Des Moines, Iowa","Mar 2026","2026-05-18 10:10:31 EDT",209658,1,"Individual Agencies"
"Murders",5,0,"Undefined",2026-03-01,"Des Moines, Iowa","Mar 2026","2026-05-18 10:10:31 EDT",209658,1,"Individual Agencies"
"Property Crimes",1053,1473,"-28.5132382892057",2026-03-01,"Des Moines, Iowa","Mar 2026","2026-05-18 10:10:31 EDT",209658,1,"Individual Agencies"
"Rapes",34,24,"41.6666666666667",2026-03-01,"Des Moines, Iowa","Mar 2026","2026-05-18 10:10:31 EDT",209658,1,"Individual Agencies"
"Robberies",33,36,"-8.33333333333333",2026-03-01,"Des Moines, Iowa","Mar 2026","2026-05-18 10:10:31 EDT",209658,1,"Individual Agencies"
"Thefts",754,1016,"-25.7874015748031",2026-03-01,"Des Moines, Iowa","Mar 2026","2026-05-18 10:10:31 EDT",209658,1,"Individual Agencies"
"Violent Crimes",311,332,"-6.32530120481928",2026-03-01,"Des Moines, Iowa","Mar 2026","2026-05-18 10:10:31 EDT",209658,1,"Individual Agencies"
"Aggravated Assaults",0,5,"-100",2026-01-01,"Des Plaines, Illinois","Jan 2026","2026-05-18 10:10:31 EDT",57672,1,"Individual Agencies"
"Burglaries",2,7,"-71.4285714285714",2026-01-01,"Des Plaines, Illinois","Jan 2026","2026-05-18 10:10:31 EDT",57672,1,"Individual Agencies"
"Motor Vehicle Thefts",4,5,"-20",2026-01-01,"Des Plaines, Illinois","Jan 2026","2026-05-18 10:10:31 EDT",57672,1,"Individual Agencies"
"Murders",0,0,"0",2026-01-01,"Des Plaines, Illinois","Jan 2026","2026-05-18 10:10:31 EDT",57672,1,"Individual Agencies"
"Rapes",1,1,"0",2026-01-01,"Des Plaines, Illinois","Jan 2026","2026-05-18 10:10:31 EDT",57672,1,"Individual Agencies"
"Robberies",1,0,"Undefined",2026-01-01,"Des Plaines, Illinois","Jan 2026","2026-05-18 10:10:31 EDT",57672,1,"Individual Agencies"
"Thefts",20,31,"-35.4838709677419",2026-01-01,"Des Plaines, Illinois","Jan 2026","2026-05-18 10:10:31 EDT",57672,1,"Individual Agencies"
"Aggravated Assaults",18,17,"5.88235294117647",2026-03-01,"Desoto, Texas","Mar 2026","2026-05-18 10:10:31 EDT",56257,1,"Individual Agencies"
"Burglaries",9,41,"-78.0487804878049",2026-03-01,"Desoto, Texas","Mar 2026","2026-05-18 10:10:31 EDT",56257,1,"Individual Agencies"
"Motor Vehicle Thefts",41,44,"-6.81818181818182",2026-03-01,"Desoto, Texas","Mar 2026","2026-05-18 10:10:31 EDT",56257,1,"Individual Agencies"
"Murders",0,1,"-100",2026-03-01,"Desoto, Texas","Mar 2026","2026-05-18 10:10:31 EDT",56257,1,"Individual Agencies"
"Property Crimes",151,231,"-34.6320346320346",2026-03-01,"Desoto, Texas","Mar 2026","2026-05-18 10:10:31 EDT",56257,1,"Individual Agencies"
"Rapes",2,7,"-71.4285714285714",2026-03-01,"Desoto, Texas","Mar 2026","2026-05-18 10:10:31 EDT",56257,1,"Individual Agencies"
"Robberies",0,2,"-100",2026-03-01,"Desoto, Texas","Mar 2026","2026-05-18 10:10:31 EDT",56257,1,"Individual Agencies"
"Thefts",101,146,"-30.8219178082192",2026-03-01,"Desoto, Texas","Mar 2026","2026-05-18 10:10:31 EDT",56257,1,"Individual Agencies"
"Violent Crimes",20,27,"-25.9259259259259",2026-03-01,"Desoto, Texas","Mar 2026","2026-05-18 10:10:31 EDT",56257,1,"Individual Agencies"
"Aggravated Assaults",1851,1839,"0.65252854812398",2026-03-01,"Detroit, Michigan","Mar 2026","2026-05-18 10:10:31 EDT",615501,1,"Individual Agencies"
"Burglaries",788,963,"-18.1723779854621",2026-03-01,"Detroit, Michigan","Mar 2026","2026-05-18 10:10:31 EDT",615501,1,"Individual Agencies"
"Motor Vehicle Thefts",1221,1367,"-10.680321872714",2026-03-01,"Detroit, Michigan","Mar 2026","2026-05-18 10:10:31 EDT",615501,1,"Individual Agencies"
"Murders",33,34,"-2.94117647058824",2026-03-01,"Detroit, Michigan","Mar 2026","2026-05-18 10:10:31 EDT",615501,1,"Individual Agencies"
"Property Crimes",4863,5432,"-10.4749631811487",2026-03-01,"Detroit, Michigan","Mar 2026","2026-05-18 10:10:31 EDT",615501,1,"Individual Agencies"
"Rapes",128,122,"4.91803278688525",2026-03-01,"Detroit, Michigan","Mar 2026","2026-05-18 10:10:31 EDT",615501,1,"Individual Agencies"
"Robberies",179,196,"-8.6734693877551",2026-03-01,"Detroit, Michigan","Mar 2026","2026-05-18 10:10:31 EDT",615501,1,"Individual Agencies"
"Thefts",2854,3102,"-7.99484203739523",2026-03-01,"Detroit, Michigan","Mar 2026","2026-05-18 10:10:31 EDT",615501,1,"Individual Agencies"
"Violent Crimes",2191,2191,"0",2026-03-01,"Detroit, Michigan","Mar 2026","2026-05-18 10:10:31 EDT",615501,1,"Individual Agencies"
"Aggravated Assaults",73,94,"-22.3404255319149",2026-03-01,"Douglas County, Colorado","Mar 2026","2026-05-18 10:10:31 EDT",219477,1,"Individual Agencies"
"Burglaries",62,74,"-16.2162162162162",2026-03-01,"Douglas County, Colorado","Mar 2026","2026-05-18 10:10:31 EDT",219477,1,"Individual Agencies"
"Motor Vehicle Thefts",13,46,"-71.7391304347826",2026-03-01,"Douglas County, Colorado","Mar 2026","2026-05-18 10:10:31 EDT",219477,1,"Individual Agencies"
"Murders",1,0,"Undefined",2026-03-01,"Douglas County, Colorado","Mar 2026","2026-05-18 10:10:31 EDT",219477,1,"Individual Agencies"
"Property Crimes",423,490,"-13.6734693877551",2026-03-01,"Douglas County, Colorado","Mar 2026","2026-05-18 10:10:31 EDT",219477,1,"Individual Agencies"
"Rapes",12,18,"-33.3333333333333",2026-03-01,"Douglas County, Colorado","Mar 2026","2026-05-18 10:10:31 EDT",219477,1,"Individual Agencies"
"Robberies",3,6,"-50",2026-03-01,"Douglas County, Colorado","Mar 2026","2026-05-18 10:10:31 EDT",219477,1,"Individual Agencies"
"Thefts",348,370,"-5.94594594594595",2026-03-01,"Douglas County, Colorado","Mar 2026","2026-05-18 10:10:31 EDT",219477,1,"Individual Agencies"
"Violent Crimes",89,118,"-24.5762711864407",2026-03-01,"Douglas County, Colorado","Mar 2026","2026-05-18 10:10:31 EDT",219477,1,"Individual Agencies"
"Aggravated Assaults",15,9,"66.6666666666667",2026-03-01,"Douglas County, Nebraska","Mar 2026","2026-05-18 10:10:31 EDT",94490,1,"Individual Agencies"
"Burglaries",21,33,"-36.3636363636364",2026-03-01,"Douglas County, Nebraska","Mar 2026","2026-05-18 10:10:31 EDT",94490,1,"Individual Agencies"
"Motor Vehicle Thefts",6,13,"-53.8461538461538",2026-03-01,"Douglas County, Nebraska","Mar 2026","2026-05-18 10:10:31 EDT",94490,1,"Individual Agencies"
"Murders",0,0,"0",2026-03-01,"Douglas County, Nebraska","Mar 2026","2026-05-18 10:10:31 EDT",94490,1,"Individual Agencies"
"Property Crimes",101,106,"-4.71698113207547",2026-03-01,"Douglas County, Nebraska","Mar 2026","2026-05-18 10:10:31 EDT",94490,1,"Individual Agencies"
"Rapes",2,4,"-50",2026-03-01,"Douglas County, Nebraska","Mar 2026","2026-05-18 10:10:31 EDT",94490,1,"Individual Agencies"
"Robberies",1,2,"-50",2026-03-01,"Douglas County, Nebraska","Mar 2026","2026-05-18 10:10:31 EDT",94490,1,"Individual Agencies"
"Thefts",74,60,"23.3333333333333",2026-03-01,"Douglas County, Nebraska","Mar 2026","2026-05-18 10:10:31 EDT",94490,1,"Individual Agencies"
"Violent Crimes",18,15,"20",2026-03-01,"Douglas County, Nebraska","Mar 2026","2026-05-18 10:10:31 EDT",94490,1,"Individual Agencies"
"Aggravated Assaults",11,11,"0",2026-03-01,"Draper, Utah","Mar 2026","2026-05-18 10:10:31 EDT",50588,1,"Individual Agencies"
"Burglaries",10,19,"-47.3684210526316",2026-03-01,"Draper, Utah","Mar 2026","2026-05-18 10:10:31 EDT",50588,1,"Individual Agencies"
"Motor Vehicle Thefts",7,11,"-36.3636363636364",2026-03-01,"Draper, Utah","Mar 2026","2026-05-18 10:10:31 EDT",50588,1,"Individual Agencies"
"Murders",0,0,"0",2026-03-01,"Draper, Utah","Mar 2026","2026-05-18 10:10:31 EDT",50588,1,"Individual Agencies"
"Property Crimes",129,131,"-1.52671755725191",2026-03-01,"Draper, Utah","Mar 2026","2026-05-18 10:10:31 EDT",50588,1,"Individual Agencies"
"Rapes",12,10,"20",2026-03-01,"Draper, Utah","Mar 2026","2026-05-18 10:10:31 EDT",50588,1,"Individual Agencies"
"Robberies",0,0,"0",2026-03-01,"Draper, Utah","Mar 2026","2026-05-18 10:10:31 EDT",50588,1,"Individual Agencies"
"Thefts",112,101,"10.8910891089109",2026-03-01,"Draper, Utah","Mar 2026","2026-05-18 10:10:31 EDT",50588,1,"Individual Agencies"
"Violent Crimes",23,21,"9.52380952380952",2026-03-01,"Draper, Utah","Mar 2026","2026-05-18 10:10:31 EDT",50588,1,"Individual Agencies"
"Aggravated Assaults",3,8,"-62.5",2026-03-01,"Dublin, Ohio","Mar 2026","2026-05-18 10:10:31 EDT",48827,1,"Individual Agencies"
"Burglaries",14,10,"40",2026-03-01,"Dublin, Ohio","Mar 2026","2026-05-18 10:10:31 EDT",48827,1,"Individual Agencies"
"Motor Vehicle Thefts",14,20,"-30",2026-03-01,"Dublin, Ohio","Mar 2026","2026-05-18 10:10:31 EDT",48827,1,"Individual Agencies"
"Murders",0,0,"0",2026-03-01,"Dublin, Ohio","Mar 2026","2026-05-18 10:10:31 EDT",48827,1,"Individual Agencies"
"Property Crimes",79,92,"-14.1304347826087",2026-03-01,"Dublin, Ohio","Mar 2026","2026-05-18 10:10:31 EDT",48827,1,"Individual Agencies"
"Rapes",1,0,"Undefined",2026-03-01,"Dublin, Ohio","Mar 2026","2026-05-18 10:10:31 EDT",48827,1,"Individual Agencies"
"Robberies",3,2,"50",2026-03-01,"Dublin, Ohio","Mar 2026","2026-05-18 10:10:31 EDT",48827,1,"Individual Agencies"
"Thefts",51,62,"-17.741935483871",2026-03-01,"Dublin, Ohio","Mar 2026","2026-05-18 10:10:31 EDT",48827,1,"Individual Agencies"
"Violent Crimes",7,10,"-30",2026-03-01,"Dublin, Ohio","Mar 2026","2026-05-18 10:10:31 EDT",48827,1,"Individual Agencies"
"Aggravated Assaults",10,19,"-47.3684210526316",2026-01-01,"Dubuque, Iowa","Jan 2026","2026-05-18 10:10:31 EDT",58492,1,"Individual Agencies"
"Burglaries",10,9,"11.1111111111111",2026-01-01,"Dubuque, Iowa","Jan 2026","2026-05-18 10:10:31 EDT",58492,1,"Individual Agencies"
"Motor Vehicle Thefts",2,3,"-33.3333333333333",2026-01-01,"Dubuque, Iowa","Jan 2026","2026-05-18 10:10:31 EDT",58492,1,"Individual Agencies"
"Murders",1,0,"Undefined",2026-01-01,"Dubuque, Iowa","Jan 2026","2026-05-18 10:10:31 EDT",58492,1,"Individual Agencies"
"Rapes",0,8,"-100",2026-01-01,"Dubuque, Iowa","Jan 2026","2026-05-18 10:10:31 EDT",58492,1,"Individual Agencies"
"Robberies",1,1,"0",2026-01-01,"Dubuque, Iowa","Jan 2026","2026-05-18 10:10:31 EDT",58492,1,"Individual Agencies"
"Thefts",49,55,"-10.9090909090909",2026-01-01,"Dubuque, Iowa","Jan 2026","2026-05-18 10:10:31 EDT",58492,1,"Individual Agencies"
"Aggravated Assaults",29,30,"-3.33333333333333",2026-03-01,"Duluth, Minnesota","Mar 2026","2026-05-18 10:10:31 EDT",86570,1,"Individual Agencies"
"Burglaries",38,35,"8.57142857142857",2026-03-01,"Duluth, Minnesota","Mar 2026","2026-05-18 10:10:31 EDT",86570,1,"Individual Agencies"
"Motor Vehicle Thefts",11,29,"-62.0689655172414",2026-03-01,"Duluth, Minnesota","Mar 2026","2026-05-18 10:10:31 EDT",86570,1,"Individual Agencies"
"Murders",1,0,"Undefined",2026-03-01,"Duluth, Minnesota","Mar 2026","2026-05-18 10:10:31 EDT",86570,1,"Individual Agencies"
"Property Crimes",444,547,"-18.8299817184643",2026-03-01,"Duluth, Minnesota","Mar 2026","2026-05-18 10:10:31 EDT",86570,1,"Individual Agencies"
"Rapes",17,6,"183.333333333333",2026-03-01,"Duluth, Minnesota","Mar 2026","2026-05-18 10:10:31 EDT",86570,1,"Individual Agencies"
"Robberies",9,5,"80",2026-03-01,"Duluth, Minnesota","Mar 2026","2026-05-18 10:10:31 EDT",86570,1,"Individual Agencies"
"Thefts",395,483,"-18.2194616977226",2026-03-01,"Duluth, Minnesota","Mar 2026","2026-05-18 10:10:31 EDT",86570,1,"Individual Agencies"
"Violent Crimes",56,41,"36.5853658536585",2026-03-01,"Duluth, Minnesota","Mar 2026","2026-05-18 10:10:31 EDT",86570,1,"Individual Agencies"
"Aggravated Assaults",13,12,"8.33333333333333",2026-03-01,"Dunwoody, Georgia","Mar 2026","2026-05-18 10:10:31 EDT",52505,1,"Individual Agencies"
"Burglaries",14,23,"-39.1304347826087",2026-03-01,"Dunwoody, Georgia","Mar 2026","2026-05-18 10:10:31 EDT",52505,1,"Individual Agencies"
"Motor Vehicle Thefts",10,15,"-33.3333333333333",2026-03-01,"Dunwoody, Georgia","Mar 2026","2026-05-18 10:10:31 EDT",52505,1,"Individual Agencies"
"Murders",0,0,"0",2026-03-01,"Dunwoody, Georgia","Mar 2026","2026-05-18 10:10:31 EDT",52505,1,"Individual Agencies"
"Property Crimes",326,351,"-7.12250712250712",2026-03-01,"Dunwoody, Georgia","Mar 2026","2026-05-18 10:10:31 EDT",52505,1,"Individual Agencies"
"Rapes",2,0,"Undefined",2026-03-01,"Dunwoody, Georgia","Mar 2026","2026-05-18 10:10:31 EDT",52505,1,"Individual Agencies"
"Robberies",0,5,"-100",2026-03-01,"Dunwoody, Georgia","Mar 2026","2026-05-18 10:10:31 EDT",52505,1,"Individual Agencies"
"Thefts",302,313,"-3.51437699680511",2026-03-01,"Dunwoody, Georgia","Mar 2026","2026-05-18 10:10:31 EDT",52505,1,"Individual Agencies"
"Violent Crimes",15,17,"-11.7647058823529",2026-03-01,"Dunwoody, Georgia","Mar 2026","2026-05-18 10:10:31 EDT",52505,1,"Individual Agencies"
"Aggravated Assaults",244,213,"14.5539906103286",2026-03-01,"Durham, North Carolina","Mar 2026","2026-05-18 10:10:31 EDT",295788,1,"Individual Agencies"
"Burglaries",229,289,"-20.7612456747405",2026-03-01,"Durham, North Carolina","Mar 2026","2026-05-18 10:10:31 EDT",295788,1,"Individual Agencies"
"Motor Vehicle Thefts",339,422,"-19.6682464454976",2026-03-01,"Durham, North Carolina","Mar 2026","2026-05-18 10:10:31 EDT",295788,1,"Individual Agencies"
"Murders",12,8,"50",2026-03-01,"Durham, North Carolina","Mar 2026","2026-05-18 10:10:31 EDT",295788,1,"Individual Agencies"
"Property Crimes",2408,2567,"-6.19400077911959",2026-03-01,"Durham, North Carolina","Mar 2026","2026-05-18 10:10:31 EDT",295788,1,"Individual Agencies"
"Rapes",44,44,"0",2026-03-01,"Durham, North Carolina","Mar 2026","2026-05-18 10:10:31 EDT",295788,1,"Individual Agencies"
"Robberies",76,105,"-27.6190476190476",2026-03-01,"Durham, North Carolina","Mar 2026","2026-05-18 10:10:31 EDT",295788,1,"Individual Agencies"
"Thefts",1840,1856,"-0.862068965517241",2026-03-01,"Durham, North Carolina","Mar 2026","2026-05-18 10:10:31 EDT",295788,1,"Individual Agencies"
"Violent Crimes",376,370,"1.62162162162162",2026-03-01,"Durham, North Carolina","Mar 2026","2026-05-18 10:10:31 EDT",295788,1,"Individual Agencies"
"Aggravated Assaults",6,16,"-62.5",2026-02-01,"Eagan, Minnesota","Feb 2026","2026-05-18 10:10:31 EDT",66943,1,"Individual Agencies"
"Burglaries",9,12,"-25",2026-02-01,"Eagan, Minnesota","Feb 2026","2026-05-18 10:10:31 EDT",66943,1,"Individual Agencies"
"Motor Vehicle Thefts",0,11,"-100",2026-02-01,"Eagan, Minnesota","Feb 2026","2026-05-18 10:10:31 EDT",66943,1,"Individual Agencies"
"Murders",0,0,"0",2026-02-01,"Eagan, Minnesota","Feb 2026","2026-05-18 10:10:31 EDT",66943,1,"Individual Agencies"
"Rapes",0,0,"0",2026-02-01,"Eagan, Minnesota","Feb 2026","2026-05-18 10:10:31 EDT",66943,1,"Individual Agencies"
"Robberies",0,3,"-100",2026-02-01,"Eagan, Minnesota","Feb 2026","2026-05-18 10:10:31 EDT",66943,1,"Individual Agencies"
"Thefts",105,125,"-16",2026-02-01,"Eagan, Minnesota","Feb 2026","2026-05-18 10:10:31 EDT",66943,1,"Individual Agencies"
"Aggravated Assaults",54,76,"-28.9473684210526",2026-02-01,"East Baton Rouge Parish, Louisiana","Feb 2026","2026-05-18 10:10:31 EDT",197853,1,"Individual Agencies"
"Burglaries",73,135,"-45.9259259259259",2026-02-01,"East Baton Rouge Parish, Louisiana","Feb 2026","2026-05-18 10:10:31 EDT",197853,1,"Individual Agencies"
"Motor Vehicle Thefts",57,92,"-38.0434782608696",2026-02-01,"East Baton Rouge Parish, Louisiana","Feb 2026","2026-05-18 10:10:31 EDT",197853,1,"Individual Agencies"
"Murders",1,3,"-66.6666666666667",2026-02-01,"East Baton Rouge Parish, Louisiana","Feb 2026","2026-05-18 10:10:31 EDT",197853,1,"Individual Agencies"
"Rapes",2,11,"-81.8181818181818",2026-02-01,"East Baton Rouge Parish, Louisiana","Feb 2026","2026-05-18 10:10:31 EDT",197853,1,"Individual Agencies"
"Robberies",7,11,"-36.3636363636364",2026-02-01,"East Baton Rouge Parish, Louisiana","Feb 2026","2026-05-18 10:10:31 EDT",197853,1,"Individual Agencies"
"Thefts",453,618,"-26.6990291262136",2026-02-01,"East Baton Rouge Parish, Louisiana","Feb 2026","2026-05-18 10:10:31 EDT",197853,1,"Individual Agencies"
"Aggravated Assaults",4,1,"300",2026-03-01,"East Hartford, Connecticut","Mar 2026","2026-05-18 10:10:31 EDT",50625,1,"Individual Agencies"
"Burglaries",7,17,"-58.8235294117647",2026-03-01,"East Hartford, Connecticut","Mar 2026","2026-05-18 10:10:31 EDT",50625,1,"Individual Agencies"
"Motor Vehicle Thefts",28,38,"-26.3157894736842",2026-03-01,"East Hartford, Connecticut","Mar 2026","2026-05-18 10:10:31 EDT",50625,1,"Individual Agencies"
"Murders",0,0,"0",2026-03-01,"East Hartford, Connecticut","Mar 2026","2026-05-18 10:10:31 EDT",50625,1,"Individual Agencies"
"Property Crimes",164,179,"-8.37988826815642",2026-03-01,"East Hartford, Connecticut","Mar 2026","2026-05-18 10:10:31 EDT",50625,1,"Individual Agencies"
"Rapes",1,3,"-66.6666666666667",2026-03-01,"East Hartford, Connecticut","Mar 2026","2026-05-18 10:10:31 EDT",50625,1,"Individual Agencies"
"Robberies",5,7,"-28.5714285714286",2026-03-01,"East Hartford, Connecticut","Mar 2026","2026-05-18 10:10:31 EDT",50625,1,"Individual Agencies"
"Thefts",129,124,"4.03225806451613",2026-03-01,"East Hartford, Connecticut","Mar 2026","2026-05-18 10:10:31 EDT",50625,1,"Individual Agencies"
"Violent Crimes",10,11,"-9.09090909090909",2026-03-01,"East Hartford, Connecticut","Mar 2026","2026-05-18 10:10:31 EDT",50625,1,"Individual Agencies"
"Aggravated Assaults",12,5,"140",2026-03-01,"Eau Claire, Wisconsin","Mar 2026","2026-05-18 10:10:31 EDT",69859,1,"Individual Agencies"
"Burglaries",16,23,"-30.4347826086957",2026-03-01,"Eau Claire, Wisconsin","Mar 2026","2026-05-18 10:10:31 EDT",69859,1,"Individual Agencies"
"Motor Vehicle Thefts",13,8,"62.5",2026-03-01,"Eau Claire, Wisconsin","Mar 2026","2026-05-18 10:10:31 EDT",69859,1,"Individual Agencies"
"Murders",0,1,"-100",2026-03-01,"Eau Claire, Wisconsin","Mar 2026","2026-05-18 10:10:31 EDT",69859,1,"Individual Agencies"
"Property Crimes",247,257,"-3.89105058365759",2026-03-01,"Eau Claire, Wisconsin","Mar 2026","2026-05-18 10:10:31 EDT",69859,1,"Individual Agencies"
"Rapes",11,3,"266.666666666667",2026-03-01,"Eau Claire, Wisconsin","Mar 2026","2026-05-18 10:10:31 EDT",69859,1,"Individual Agencies"
"Robberies",4,2,"100",2026-03-01,"Eau Claire, Wisconsin","Mar 2026","2026-05-18 10:10:31 EDT",69859,1,"Individual Agencies"
"Thefts",218,226,"-3.53982300884956",2026-03-01,"Eau Claire, Wisconsin","Mar 2026","2026-05-18 10:10:31 EDT",69859,1,"Individual Agencies"
"Violent Crimes",27,11,"145.454545454545",2026-03-01,"Eau Claire, Wisconsin","Mar 2026","2026-05-18 10:10:31 EDT",69859,1,"Individual Agencies"
"Aggravated Assaults",9,8,"12.5",2026-03-01,"Eden Prairie, Minnesota","Mar 2026","2026-05-18 10:10:31 EDT",61645,1,"Individual Agencies"
"Burglaries",9,13,"-30.7692307692308",2026-03-01,"Eden Prairie, Minnesota","Mar 2026","2026-05-18 10:10:31 EDT",61645,1,"Individual Agencies"
"Motor Vehicle Thefts",5,5,"0",2026-03-01,"Eden Prairie, Minnesota","Mar 2026","2026-05-18 10:10:31 EDT",61645,1,"Individual Agencies"
"Murders",0,0,"0",2026-03-01,"Eden Prairie, Minnesota","Mar 2026","2026-05-18 10:10:31 EDT",61645,1,"Individual Agencies"
"Property Crimes",153,138,"10.8695652173913",2026-03-01,"Eden Prairie, Minnesota","Mar 2026","2026-05-18 10:10:31 EDT",61645,1,"Individual Agencies"
"Rapes",2,2,"0",2026-03-01,"Eden Prairie, Minnesota","Mar 2026","2026-05-18 10:10:31 EDT",61645,1,"Individual Agencies"
"Robberies",0,1,"-100",2026-03-01,"Eden Prairie, Minnesota","Mar 2026","2026-05-18 10:10:31 EDT",61645,1,"Individual Agencies"
"Thefts",139,120,"15.8333333333333",2026-03-01,"Eden Prairie, Minnesota","Mar 2026","2026-05-18 10:10:31 EDT",61645,1,"Individual Agencies"
"Violent Crimes",11,11,"0",2026-03-01,"Eden Prairie, Minnesota","Mar 2026","2026-05-18 10:10:31 EDT",61645,1,"Individual Agencies"
"Aggravated Assaults",3,0,"Undefined",2026-03-01,"Edina, Minnesota","Mar 2026","2026-05-18 10:10:31 EDT",51980,1,"Individual Agencies"
"Burglaries",18,23,"-21.7391304347826",2026-03-01,"Edina, Minnesota","Mar 2026","2026-05-18 10:10:31 EDT",51980,1,"Individual Agencies"
"Motor Vehicle Thefts",13,13,"0",2026-03-01,"Edina, Minnesota","Mar 2026","2026-05-18 10:10:31 EDT",51980,1,"Individual Agencies"
"Murders",0,0,"0",2026-03-01,"Edina, Minnesota","Mar 2026","2026-05-18 10:10:31 EDT",51980,1,"Individual Agencies"
"Property Crimes",164,165,"-0.606060606060606",2026-03-01,"Edina, Minnesota","Mar 2026","2026-05-18 10:10:31 EDT",51980,1,"Individual Agencies"
"Rapes",1,0,"Undefined",2026-03-01,"Edina, Minnesota","Mar 2026","2026-05-18 10:10:31 EDT",51980,1,"Individual Agencies"
"Robberies",1,1,"0",2026-03-01,"Edina, Minnesota","Mar 2026","2026-05-18 10:10:31 EDT",51980,1,"Individual Agencies"
"Thefts",133,129,"3.10077519379845",2026-03-01,"Edina, Minnesota","Mar 2026","2026-05-18 10:10:31 EDT",51980,1,"Individual Agencies"
"Violent Crimes",5,1,"400",2026-03-01,"Edina, Minnesota","Mar 2026","2026-05-18 10:10:31 EDT",51980,1,"Individual Agencies"
"Aggravated Assaults",22,35,"-37.1428571428571",2026-03-01,"Edinburg, Texas","Mar 2026","2026-05-18 10:10:31 EDT",106137,1,"Individual Agencies"
"Burglaries",34,29,"17.2413793103448",2026-03-01,"Edinburg, Texas","Mar 2026","2026-05-18 10:10:31 EDT",106137,1,"Individual Agencies"
"Motor Vehicle Thefts",37,46,"-19.5652173913043",2026-03-01,"Edinburg, Texas","Mar 2026","2026-05-18 10:10:31 EDT",106137,1,"Individual Agencies"
"Murders",0,0,"0",2026-03-01,"Edinburg, Texas","Mar 2026","2026-05-18 10:10:31 EDT",106137,1,"Individual Agencies"
"Property Crimes",359,439,"-18.2232346241458",2026-03-01,"Edinburg, Texas","Mar 2026","2026-05-18 10:10:31 EDT",106137,1,"Individual Agencies"
"Rapes",16,18,"-11.1111111111111",2026-03-01,"Edinburg, Texas","Mar 2026","2026-05-18 10:10:31 EDT",106137,1,"Individual Agencies"
"Robberies",6,4,"50",2026-03-01,"Edinburg, Texas","Mar 2026","2026-05-18 10:10:31 EDT",106137,1,"Individual Agencies"
"Thefts",288,364,"-20.8791208791209",2026-03-01,"Edinburg, Texas","Mar 2026","2026-05-18 10:10:31 EDT",106137,1,"Individual Agencies"
"Violent Crimes",44,57,"-22.8070175438596",2026-03-01,"Edinburg, Texas","Mar 2026","2026-05-18 10:10:31 EDT",106137,1,"Individual Agencies"
"Aggravated Assaults",13,20,"-35",2026-03-01,"Edmond, Oklahoma","Mar 2026","2026-05-18 10:10:31 EDT",97063,1,"Individual Agencies"
"Burglaries",70,25,"180",2026-03-01,"Edmond, Oklahoma","Mar 2026","2026-05-18 10:10:31 EDT",97063,1,"Individual Agencies"
"Motor Vehicle Thefts",12,9,"33.3333333333333",2026-03-01,"Edmond, Oklahoma","Mar 2026","2026-05-18 10:10:31 EDT",97063,1,"Individual Agencies"
"Murders",0,1,"-100",2026-03-01,"Edmond, Oklahoma","Mar 2026","2026-05-18 10:10:31 EDT",97063,1,"Individual Agencies"
"Property Crimes",305,258,"18.2170542635659",2026-03-01,"Edmond, Oklahoma","Mar 2026","2026-05-18 10:10:31 EDT",97063,1,"Individual Agencies"
"Rapes",5,4,"25",2026-03-01,"Edmond, Oklahoma","Mar 2026","2026-05-18 10:10:31 EDT",97063,1,"Individual Agencies"
"Robberies",1,3,"-66.6666666666667",2026-03-01,"Edmond, Oklahoma","Mar 2026","2026-05-18 10:10:31 EDT",97063,1,"Individual Agencies"
"Thefts",223,224,"-0.446428571428571",2026-03-01,"Edmond, Oklahoma","Mar 2026","2026-05-18 10:10:31 EDT",97063,1,"Individual Agencies"
"Violent Crimes",19,28,"-32.1428571428571",2026-03-01,"Edmond, Oklahoma","Mar 2026","2026-05-18 10:10:31 EDT",97063,1,"Individual Agencies"
"Aggravated Assaults",105,106,"-0.943396226415094",2026-03-01,"El Cajon, California","Mar 2026","2026-05-18 10:10:31 EDT",103569,1,"Individual Agencies"
"Burglaries",40,28,"42.8571428571429",2026-03-01,"El Cajon, California","Mar 2026","2026-05-18 10:10:31 EDT",103569,1,"Individual Agencies"
"Motor Vehicle Thefts",63,60,"5",2026-03-01,"El Cajon, California","Mar 2026","2026-05-18 10:10:31 EDT",103569,1,"Individual Agencies"
"Murders",0,1,"-100",2026-03-01,"El Cajon, California","Mar 2026","2026-05-18 10:10:31 EDT",103569,1,"Individual Agencies"
"Property Crimes",416,299,"39.1304347826087",2026-03-01,"El Cajon, California","Mar 2026","2026-05-18 10:10:31 EDT",103569,1,"Individual Agencies"
"Rapes",8,8,"0",2026-03-01,"El Cajon, California","Mar 2026","2026-05-18 10:10:31 EDT",103569,1,"Individual Agencies"
"Robberies",22,21,"4.76190476190476",2026-03-01,"El Cajon, California","Mar 2026","2026-05-18 10:10:31 EDT",103569,1,"Individual Agencies"
"Thefts",313,211,"48.3412322274881",2026-03-01,"El Cajon, California","Mar 2026","2026-05-18 10:10:31 EDT",103569,1,"Individual Agencies"
"Violent Crimes",135,136,"-0.735294117647059",2026-03-01,"El Cajon, California","Mar 2026","2026-05-18 10:10:31 EDT",103569,1,"Individual Agencies"
"Aggravated Assaults",38,55,"-30.9090909090909",2026-03-01,"El Dorado County, California","Mar 2026","2026-05-18 10:10:31 EDT",162436,1,"Individual Agencies"
"Burglaries",29,31,"-6.45161290322581",2026-03-01,"El Dorado County, California","Mar 2026","2026-05-18 10:10:31 EDT",162436,1,"Individual Agencies"
"Motor Vehicle Thefts",6,8,"-25",2026-03-01,"El Dorado County, California","Mar 2026","2026-05-18 10:10:31 EDT",162436,1,"Individual Agencies"
"Murders",2,0,"Undefined",2026-03-01,"El Dorado County, California","Mar 2026","2026-05-18 10:10:31 EDT",162436,1,"Individual Agencies"
"Property Crimes",163,156,"4.48717948717949",2026-03-01,"El Dorado County, California","Mar 2026","2026-05-18 10:10:31 EDT",162436,1,"Individual Agencies"
"Rapes",7,15,"-53.3333333333333",2026-03-01,"El Dorado County, California","Mar 2026","2026-05-18 10:10:31 EDT",162436,1,"Individual Agencies"
"Robberies",5,6,"-16.6666666666667",2026-03-01,"El Dorado County, California","Mar 2026","2026-05-18 10:10:31 EDT",162436,1,"Individual Agencies"
"Thefts",128,117,"9.4017094017094",2026-03-01,"El Dorado County, California","Mar 2026","2026-05-18 10:10:31 EDT",162436,1,"Individual Agencies"
"Violent Crimes",52,76,"-31.5789473684211",2026-03-01,"El Dorado County, California","Mar 2026","2026-05-18 10:10:31 EDT",162436,1,"Individual Agencies"
"Aggravated Assaults",61,64,"-4.6875",2026-03-01,"El Monte, California","Mar 2026","2026-05-18 10:10:31 EDT",103463,1,"Individual Agencies"
"Burglaries",61,94,"-35.1063829787234",2026-03-01,"El Monte, California","Mar 2026","2026-05-18 10:10:31 EDT",103463,1,"Individual Agencies"
"Motor Vehicle Thefts",79,99,"-20.2020202020202",2026-03-01,"El Monte, California","Mar 2026","2026-05-18 10:10:31 EDT",103463,1,"Individual Agencies"
"Murders",0,0,"0",2026-03-01,"El Monte, California","Mar 2026","2026-05-18 10:10:31 EDT",103463,1,"Individual Agencies"
"Property Crimes",481,466,"3.21888412017167",2026-03-01,"El Monte, California","Mar 2026","2026-05-18 10:10:31 EDT",103463,1,"Individual Agencies"
"Rapes",5,7,"-28.5714285714286",2026-03-01,"El Monte, California","Mar 2026","2026-05-18 10:10:31 EDT",103463,1,"Individual Agencies"
"Robberies",31,32,"-3.125",2026-03-01,"El Monte, California","Mar 2026","2026-05-18 10:10:31 EDT",103463,1,"Individual Agencies"
"Thefts",341,273,"24.9084249084249",2026-03-01,"El Monte, California","Mar 2026","2026-05-18 10:10:31 EDT",103463,1,"Individual Agencies"
"Violent Crimes",97,103,"-5.8252427184466",2026-03-01,"El Monte, California","Mar 2026","2026-05-18 10:10:31 EDT",103463,1,"Individual Agencies"
"Aggravated Assaults",117,136,"-13.9705882352941",2026-03-01,"El Paso County, Colorado","Mar 2026","2026-05-18 10:10:31 EDT",207095,1,"Individual Agencies"
"Burglaries",46,98,"-53.0612244897959",2026-03-01,"El Paso County, Colorado","Mar 2026","2026-05-18 10:10:31 EDT",207095,1,"Individual Agencies"
"Motor Vehicle Thefts",35,75,"-53.3333333333333",2026-03-01,"El Paso County, Colorado","Mar 2026","2026-05-18 10:10:31 EDT",207095,1,"Individual Agencies"
"Murders",0,6,"-100",2026-03-01,"El Paso County, Colorado","Mar 2026","2026-05-18 10:10:31 EDT",207095,1,"Individual Agencies"
"Property Crimes",319,550,"-42",2026-03-01,"El Paso County, Colorado","Mar 2026","2026-05-18 10:10:31 EDT",207095,1,"Individual Agencies"
"Rapes",33,38,"-13.1578947368421",2026-03-01,"El Paso County, Colorado","Mar 2026","2026-05-18 10:10:31 EDT",207095,1,"Individual Agencies"
"Robberies",2,6,"-66.6666666666667",2026-03-01,"El Paso County, Colorado","Mar 2026","2026-05-18 10:10:31 EDT",207095,1,"Individual Agencies"
"Thefts",238,377,"-36.8700265251989",2026-03-01,"El Paso County, Colorado","Mar 2026","2026-05-18 10:10:31 EDT",207095,1,"Individual Agencies"
"Violent Crimes",152,186,"-18.2795698924731",2026-03-01,"El Paso County, Colorado","Mar 2026","2026-05-18 10:10:31 EDT",207095,1,"Individual Agencies"
"Aggravated Assaults",52,53,"-1.88679245283019",2026-03-01,"El Paso County, Texas","Mar 2026","2026-05-18 10:10:31 EDT",116599,1,"Individual Agencies"
"Burglaries",36,34,"5.88235294117647",2026-03-01,"El Paso County, Texas","Mar 2026","2026-05-18 10:10:31 EDT",116599,1,"Individual Agencies"
"Motor Vehicle Thefts",54,53,"1.88679245283019",2026-03-01,"El Paso County, Texas","Mar 2026","2026-05-18 10:10:31 EDT",116599,1,"Individual Agencies"
"Murders",2,3,"-33.3333333333333",2026-03-01,"El Paso County, Texas","Mar 2026","2026-05-18 10:10:31 EDT",116599,1,"Individual Agencies"
"Property Crimes",202,260,"-22.3076923076923",2026-03-01,"El Paso County, Texas","Mar 2026","2026-05-18 10:10:31 EDT",116599,1,"Individual Agencies"
"Rapes",18,10,"80",2026-03-01,"El Paso County, Texas","Mar 2026","2026-05-18 10:10:31 EDT",116599,1,"Individual Agencies"
"Robberies",6,5,"20",2026-03-01,"El Paso County, Texas","Mar 2026","2026-05-18 10:10:31 EDT",116599,1,"Individual Agencies"
"Thefts",112,173,"-35.2601156069364",2026-03-01,"El Paso County, Texas","Mar 2026","2026-05-18 10:10:31 EDT",116599,1,"Individual Agencies"
"Violent Crimes",78,71,"9.85915492957746",2026-03-01,"El Paso County, Texas","Mar 2026","2026-05-18 10:10:31 EDT",116599,1,"Individual Agencies"
"Aggravated Assaults",316,367,"-13.8964577656676",2026-03-01,"El Paso, Texas","Mar 2026","2026-05-18 10:10:31 EDT",676665,1,"Individual Agencies"
"Burglaries",163,196,"-16.8367346938775",2026-03-01,"El Paso, Texas","Mar 2026","2026-05-18 10:10:31 EDT",676665,1,"Individual Agencies"
"Motor Vehicle Thefts",268,570,"-52.9824561403509",2026-03-01,"El Paso, Texas","Mar 2026","2026-05-18 10:10:31 EDT",676665,1,"Individual Agencies"
"Murders",3,7,"-57.1428571428571",2026-03-01,"El Paso, Texas","Mar 2026","2026-05-18 10:10:31 EDT",676665,1,"Individual Agencies"
"Property Crimes",1969,2430,"-18.9711934156379",2026-03-01,"El Paso, Texas","Mar 2026","2026-05-18 10:10:31 EDT",676665,1,"Individual Agencies"
"Rapes",76,58,"31.0344827586207",2026-03-01,"El Paso, Texas","Mar 2026","2026-05-18 10:10:31 EDT",676665,1,"Individual Agencies"
"Robberies",42,68,"-38.2352941176471",2026-03-01,"El Paso, Texas","Mar 2026","2026-05-18 10:10:31 EDT",676665,1,"Individual Agencies"
"Thefts",1538,1664,"-7.57211538461538",2026-03-01,"El Paso, Texas","Mar 2026","2026-05-18 10:10:31 EDT",676665,1,"Individual Agencies"
"Violent Crimes",437,500,"-12.6",2026-03-01,"El Paso, Texas","Mar 2026","2026-05-18 10:10:31 EDT",676665,1,"Individual Agencies"
"Aggravated Assaults",97,65,"49.2307692307692",2026-03-01,"Elizabeth, New Jersey","Mar 2026","2026-05-18 10:10:31 EDT",133578,1,"Individual Agencies"
"Burglaries",28,33,"-15.1515151515152",2026-03-01,"Elizabeth, New Jersey","Mar 2026","2026-05-18 10:10:31 EDT",133578,1,"Individual Agencies"
"Motor Vehicle Thefts",110,194,"-43.298969072165",2026-03-01,"Elizabeth, New Jersey","Mar 2026","2026-05-18 10:10:31 EDT",133578,1,"Individual Agencies"
"Murders",1,1,"0",2026-03-01,"Elizabeth, New Jersey","Mar 2026","2026-05-18 10:10:31 EDT",133578,1,"Individual Agencies"
"Property Crimes",649,820,"-20.8536585365854",2026-03-01,"Elizabeth, New Jersey","Mar 2026","2026-05-18 10:10:31 EDT",133578,1,"Individual Agencies"
"Rapes",4,8,"-50",2026-03-01,"Elizabeth, New Jersey","Mar 2026","2026-05-18 10:10:31 EDT",133578,1,"Individual Agencies"
"Robberies",19,26,"-26.9230769230769",2026-03-01,"Elizabeth, New Jersey","Mar 2026","2026-05-18 10:10:31 EDT",133578,1,"Individual Agencies"
"Thefts",511,593,"-13.8279932546374",2026-03-01,"Elizabeth, New Jersey","Mar 2026","2026-05-18 10:10:31 EDT",133578,1,"Individual Agencies"
"Violent Crimes",121,100,"21",2026-03-01,"Elizabeth, New Jersey","Mar 2026","2026-05-18 10:10:31 EDT",133578,1,"Individual Agencies"
"Aggravated Assaults",42,28,"50",2026-03-01,"Elk Grove, California","Mar 2026","2026-05-18 10:10:31 EDT",177976,1,"Individual Agencies"
"Burglaries",55,54,"1.85185185185185",2026-03-01,"Elk Grove, California","Mar 2026","2026-05-18 10:10:31 EDT",177976,1,"Individual Agencies"
"Motor Vehicle Thefts",36,40,"-10",2026-03-01,"Elk Grove, California","Mar 2026","2026-05-18 10:10:31 EDT",177976,1,"Individual Agencies"
"Murders",0,1,"-100",2026-03-01,"Elk Grove, California","Mar 2026","2026-05-18 10:10:31 EDT",177976,1,"Individual Agencies"
"Property Crimes",526,503,"4.57256461232604",2026-03-01,"Elk Grove, California","Mar 2026","2026-05-18 10:10:31 EDT",177976,1,"Individual Agencies"
"Rapes",7,8,"-12.5",2026-03-01,"Elk Grove, California","Mar 2026","2026-05-18 10:10:31 EDT",177976,1,"Individual Agencies"
"Robberies",22,16,"37.5",2026-03-01,"Elk Grove, California","Mar 2026","2026-05-18 10:10:31 EDT",177976,1,"Individual Agencies"
"Thefts",435,409,"6.35696821515892",2026-03-01,"Elk Grove, California","Mar 2026","2026-05-18 10:10:31 EDT",177976,1,"Individual Agencies"
"Violent Crimes",71,53,"33.9622641509434",2026-03-01,"Elk Grove, California","Mar 2026","2026-05-18 10:10:31 EDT",177976,1,"Individual Agencies"
"Aggravated Assaults",14,19,"-26.3157894736842",2026-03-01,"Elyria, Ohio","Mar 2026","2026-05-18 10:10:31 EDT",53024,1,"Individual Agencies"
"Burglaries",14,23,"-39.1304347826087",2026-03-01,"Elyria, Ohio","Mar 2026","2026-05-18 10:10:31 EDT",53024,1,"Individual Agencies"
"Motor Vehicle Thefts",8,17,"-52.9411764705882",2026-03-01,"Elyria, Ohio","Mar 2026","2026-05-18 10:10:31 EDT",53024,1,"Individual Agencies"
"Murders",1,1,"0",2026-03-01,"Elyria, Ohio","Mar 2026","2026-05-18 10:10:31 EDT",53024,1,"Individual Agencies"
"Property Crimes",130,191,"-31.9371727748691",2026-03-01,"Elyria, Ohio","Mar 2026","2026-05-18 10:10:31 EDT",53024,1,"Individual Agencies"
"Rapes",8,7,"14.2857142857143",2026-03-01,"Elyria, Ohio","Mar 2026","2026-05-18 10:10:31 EDT",53024,1,"Individual Agencies"
"Robberies",5,2,"150",2026-03-01,"Elyria, Ohio","Mar 2026","2026-05-18 10:10:31 EDT",53024,1,"Individual Agencies"
"Thefts",108,151,"-28.476821192053",2026-03-01,"Elyria, Ohio","Mar 2026","2026-05-18 10:10:31 EDT",53024,1,"Individual Agencies"
"Violent Crimes",28,29,"-3.44827586206897",2026-03-01,"Elyria, Ohio","Mar 2026","2026-05-18 10:10:31 EDT",53024,1,"Individual Agencies"
"Aggravated Assaults",32,36,"-11.1111111111111",2026-03-01,"Enid, Oklahoma","Mar 2026","2026-05-18 10:10:31 EDT",50168,1,"Individual Agencies"
"Burglaries",70,72,"-2.77777777777778",2026-03-01,"Enid, Oklahoma","Mar 2026","2026-05-18 10:10:31 EDT",50168,1,"Individual Agencies"
"Motor Vehicle Thefts",13,18,"-27.7777777777778",2026-03-01,"Enid, Oklahoma","Mar 2026","2026-05-18 10:10:31 EDT",50168,1,"Individual Agencies"
"Murders",1,0,"Undefined",2026-03-01,"Enid, Oklahoma","Mar 2026","2026-05-18 10:10:31 EDT",50168,1,"Individual Agencies"
"Property Crimes",278,250,"11.2",2026-03-01,"Enid, Oklahoma","Mar 2026","2026-05-18 10:10:31 EDT",50168,1,"Individual Agencies"
"Rapes",7,15,"-53.3333333333333",2026-03-01,"Enid, Oklahoma","Mar 2026","2026-05-18 10:10:31 EDT",50168,1,"Individual Agencies"
"Robberies",1,7,"-85.7142857142857",2026-03-01,"Enid, Oklahoma","Mar 2026","2026-05-18 10:10:31 EDT",50168,1,"Individual Agencies"
"Thefts",195,160,"21.875",2026-03-01,"Enid, Oklahoma","Mar 2026","2026-05-18 10:10:31 EDT",50168,1,"Individual Agencies"
"Violent Crimes",41,58,"-29.3103448275862",2026-03-01,"Enid, Oklahoma","Mar 2026","2026-05-18 10:10:31 EDT",50168,1,"Individual Agencies"
"Aggravated Assaults",59,41,"43.9024390243902",2026-03-01,"Erie, Pennsylvania","Mar 2026","2026-05-18 10:10:31 EDT",92920,1,"Individual Agencies"
"Burglaries",33,28,"17.8571428571429",2026-03-01,"Erie, Pennsylvania","Mar 2026","2026-05-18 10:10:31 EDT",92920,1,"Individual Agencies"
"Motor Vehicle Thefts",7,25,"-72",2026-03-01,"Erie, Pennsylvania","Mar 2026","2026-05-18 10:10:31 EDT",92920,1,"Individual Agencies"
"Murders",0,2,"-100",2026-03-01,"Erie, Pennsylvania","Mar 2026","2026-05-18 10:10:31 EDT",92920,1,"Individual Agencies"
"Property Crimes",269,374,"-28.0748663101604",2026-03-01,"Erie, Pennsylvania","Mar 2026","2026-05-18 10:10:31 EDT",92920,1,"Individual Agencies"
"Rapes",10,11,"-9.09090909090909",2026-03-01,"Erie, Pennsylvania","Mar 2026","2026-05-18 10:10:31 EDT",92920,1,"Individual Agencies"
"Robberies",11,13,"-15.3846153846154",2026-03-01,"Erie, Pennsylvania","Mar 2026","2026-05-18 10:10:31 EDT",92920,1,"Individual Agencies"
"Thefts",229,321,"-28.6604361370716",2026-03-01,"Erie, Pennsylvania","Mar 2026","2026-05-18 10:10:31 EDT",92920,1,"Individual Agencies"
"Violent Crimes",80,67,"19.4029850746269",2026-03-01,"Erie, Pennsylvania","Mar 2026","2026-05-18 10:10:31 EDT",92920,1,"Individual Agencies"
"Aggravated Assaults",71,100,"-29",2026-03-01,"Escondido, California","Mar 2026","2026-05-18 10:10:31 EDT",149837,1,"Individual Agencies"
"Burglaries",34,69,"-50.7246376811594",2026-03-01,"Escondido, California","Mar 2026","2026-05-18 10:10:31 EDT",149837,1,"Individual Agencies"
"Motor Vehicle Thefts",42,87,"-51.7241379310345",2026-03-01,"Escondido, California","Mar 2026","2026-05-18 10:10:31 EDT",149837,1,"Individual Agencies"
"Murders",0,1,"-100",2026-03-01,"Escondido, California","Mar 2026","2026-05-18 10:10:31 EDT",149837,1,"Individual Agencies"
"Property Crimes",461,546,"-15.5677655677656",2026-03-01,"Escondido, California","Mar 2026","2026-05-18 10:10:31 EDT",149837,1,"Individual Agencies"
"Rapes",13,11,"18.1818181818182",2026-03-01,"Escondido, California","Mar 2026","2026-05-18 10:10:31 EDT",149837,1,"Individual Agencies"
"Robberies",23,29,"-20.6896551724138",2026-03-01,"Escondido, California","Mar 2026","2026-05-18 10:10:31 EDT",149837,1,"Individual Agencies"
"Thefts",385,390,"-1.28205128205128",2026-03-01,"Escondido, California","Mar 2026","2026-05-18 10:10:31 EDT",149837,1,"Individual Agencies"
"Violent Crimes",107,141,"-24.113475177305",2026-03-01,"Escondido, California","Mar 2026","2026-05-18 10:10:31 EDT",149837,1,"Individual Agencies"
"Aggravated Assaults",5,2,"150",2026-02-01,"Euclid, Ohio","Feb 2026","2026-05-18 10:10:31 EDT",48170,1,"Individual Agencies"
"Burglaries",7,6,"16.6666666666667",2026-02-01,"Euclid, Ohio","Feb 2026","2026-05-18 10:10:31 EDT",48170,1,"Individual Agencies"
"Motor Vehicle Thefts",22,21,"4.76190476190476",2026-02-01,"Euclid, Ohio","Feb 2026","2026-05-18 10:10:31 EDT",48170,1,"Individual Agencies"
"Murders",0,0,"0",2026-02-01,"Euclid, Ohio","Feb 2026","2026-05-18 10:10:31 EDT",48170,1,"Individual Agencies"
"Rapes",3,1,"200",2026-02-01,"Euclid, Ohio","Feb 2026","2026-05-18 10:10:31 EDT",48170,1,"Individual Agencies"
"Robberies",4,4,"0",2026-02-01,"Euclid, Ohio","Feb 2026","2026-05-18 10:10:31 EDT",48170,1,"Individual Agencies"
"Thefts",60,61,"-1.63934426229508",2026-02-01,"Euclid, Ohio","Feb 2026","2026-05-18 10:10:31 EDT",48170,1,"Individual Agencies"
"Aggravated Assaults",84,78,"7.69230769230769",2026-03-01,"Eugene, Oregon","Mar 2026","2026-05-18 10:10:31 EDT",178191,1,"Individual Agencies"
"Burglaries",147,169,"-13.0177514792899",2026-03-01,"Eugene, Oregon","Mar 2026","2026-05-18 10:10:31 EDT",178191,1,"Individual Agencies"
"Motor Vehicle Thefts",55,127,"-56.6929133858268",2026-03-01,"Eugene, Oregon","Mar 2026","2026-05-18 10:10:31 EDT",178191,1,"Individual Agencies"
"Murders",0,2,"-100",2026-03-01,"Eugene, Oregon","Mar 2026","2026-05-18 10:10:31 EDT",178191,1,"Individual Agencies"
"Property Crimes",909,1384,"-34.3208092485549",2026-03-01,"Eugene, Oregon","Mar 2026","2026-05-18 10:10:31 EDT",178191,1,"Individual Agencies"
"Rapes",15,34,"-55.8823529411765",2026-03-01,"Eugene, Oregon","Mar 2026","2026-05-18 10:10:31 EDT",178191,1,"Individual Agencies"
"Robberies",26,27,"-3.7037037037037",2026-03-01,"Eugene, Oregon","Mar 2026","2026-05-18 10:10:31 EDT",178191,1,"Individual Agencies"
"Thefts",707,1088,"-35.0183823529412",2026-03-01,"Eugene, Oregon","Mar 2026","2026-05-18 10:10:31 EDT",178191,1,"Individual Agencies"
"Violent Crimes",125,141,"-11.3475177304965",2026-03-01,"Eugene, Oregon","Mar 2026","2026-05-18 10:10:31 EDT",178191,1,"Individual Agencies"
"Aggravated Assaults",10,13,"-23.0769230769231",2026-03-01,"Euless, Texas","Mar 2026","2026-05-18 10:10:31 EDT",59722,1,"Individual Agencies"
"Burglaries",10,17,"-41.1764705882353",2026-03-01,"Euless, Texas","Mar 2026","2026-05-18 10:10:31 EDT",59722,1,"Individual Agencies"
"Motor Vehicle Thefts",11,21,"-47.6190476190476",2026-03-01,"Euless, Texas","Mar 2026","2026-05-18 10:10:31 EDT",59722,1,"Individual Agencies"
"Murders",0,0,"0",2026-03-01,"Euless, Texas","Mar 2026","2026-05-18 10:10:31 EDT",59722,1,"Individual Agencies"
"Property Crimes",223,238,"-6.30252100840336",2026-03-01,"Euless, Texas","Mar 2026","2026-05-18 10:10:31 EDT",59722,1,"Individual Agencies"
"Rapes",7,3,"133.333333333333",2026-03-01,"Euless, Texas","Mar 2026","2026-05-18 10:10:31 EDT",59722,1,"Individual Agencies"
"Robberies",2,2,"0",2026-03-01,"Euless, Texas","Mar 2026","2026-05-18 10:10:31 EDT",59722,1,"Individual Agencies"
"Thefts",202,200,"1",2026-03-01,"Euless, Texas","Mar 2026","2026-05-18 10:10:31 EDT",59722,1,"Individual Agencies"
"Violent Crimes",19,18,"5.55555555555556",2026-03-01,"Euless, Texas","Mar 2026","2026-05-18 10:10:31 EDT",59722,1,"Individual Agencies"
"Aggravated Assaults",12,4,"200",2026-03-01,"Evanston, Illinois","Mar 2026","2026-05-18 10:10:31 EDT",74413,1,"Individual Agencies"
"Burglaries",46,38,"21.0526315789474",2026-03-01,"Evanston, Illinois","Mar 2026","2026-05-18 10:10:31 EDT",74413,1,"Individual Agencies"
"Motor Vehicle Thefts",23,30,"-23.3333333333333",2026-03-01,"Evanston, Illinois","Mar 2026","2026-05-18 10:10:31 EDT",74413,1,"Individual Agencies"
"Murders",0,0,"0",2026-03-01,"Evanston, Illinois","Mar 2026","2026-05-18 10:10:31 EDT",74413,1,"Individual Agencies"
"Property Crimes",289,453,"-36.2030905077263",2026-03-01,"Evanston, Illinois","Mar 2026","2026-05-18 10:10:31 EDT",74413,1,"Individual Agencies"
"Rapes",5,8,"-37.5",2026-03-01,"Evanston, Illinois","Mar 2026","2026-05-18 10:10:31 EDT",74413,1,"Individual Agencies"
"Robberies",4,3,"33.3333333333333",2026-03-01,"Evanston, Illinois","Mar 2026","2026-05-18 10:10:31 EDT",74413,1,"Individual Agencies"
"Thefts",220,385,"-42.8571428571429",2026-03-01,"Evanston, Illinois","Mar 2026","2026-05-18 10:10:31 EDT",74413,1,"Individual Agencies"
"Violent Crimes",21,15,"40",2026-03-01,"Evanston, Illinois","Mar 2026","2026-05-18 10:10:31 EDT",74413,1,"Individual Agencies"
"Aggravated Assaults",140,147,"-4.76190476190476",2026-02-01,"Evansville, Indiana","Feb 2026","2026-05-18 10:10:31 EDT",114950,1,"Individual Agencies"
"Burglaries",52,73,"-28.7671232876712",2026-02-01,"Evansville, Indiana","Feb 2026","2026-05-18 10:10:31 EDT",114950,1,"Individual Agencies"
"Motor Vehicle Thefts",35,34,"2.94117647058824",2026-02-01,"Evansville, Indiana","Feb 2026","2026-05-18 10:10:31 EDT",114950,1,"Individual Agencies"
"Murders",0,1,"-100",2026-02-01,"Evansville, Indiana","Feb 2026","2026-05-18 10:10:31 EDT",114950,1,"Individual Agencies"
"Rapes",13,21,"-38.0952380952381",2026-02-01,"Evansville, Indiana","Feb 2026","2026-05-18 10:10:31 EDT",114950,1,"Individual Agencies"
"Robberies",4,9,"-55.5555555555556",2026-02-01,"Evansville, Indiana","Feb 2026","2026-05-18 10:10:31 EDT",114950,1,"Individual Agencies"
"Thefts",357,428,"-16.588785046729",2026-02-01,"Evansville, Indiana","Feb 2026","2026-05-18 10:10:31 EDT",114950,1,"Individual Agencies"
"Aggravated Assaults",9,21,"-57.1428571428571",2026-02-01,"Everett, Massachusetts","Feb 2026","2026-05-18 10:10:31 EDT",49740,1,"Individual Agencies"
"Burglaries",9,8,"12.5",2026-02-01,"Everett, Massachusetts","Feb 2026","2026-05-18 10:10:31 EDT",49740,1,"Individual Agencies"
"Motor Vehicle Thefts",11,11,"0",2026-02-01,"Everett, Massachusetts","Feb 2026","2026-05-18 10:10:31 EDT",49740,1,"Individual Agencies"
"Murders",0,0,"0",2026-02-01,"Everett, Massachusetts","Feb 2026","2026-05-18 10:10:31 EDT",49740,1,"Individual Agencies"
"Rapes",1,6,"-83.3333333333333",2026-02-01,"Everett, Massachusetts","Feb 2026","2026-05-18 10:10:31 EDT",49740,1,"Individual Agencies"
"Robberies",2,3,"-33.3333333333333",2026-02-01,"Everett, Massachusetts","Feb 2026","2026-05-18 10:10:31 EDT",49740,1,"Individual Agencies"
"Thefts",109,82,"32.9268292682927",2026-02-01,"Everett, Massachusetts","Feb 2026","2026-05-18 10:10:31 EDT",49740,1,"Individual Agencies"
"Aggravated Assaults",28,15,"86.6666666666667",2026-02-01,"Everett, Washington","Feb 2026","2026-05-18 10:10:31 EDT",111566,1,"Individual Agencies"
"Burglaries",54,73,"-26.027397260274",2026-02-01,"Everett, Washington","Feb 2026","2026-05-18 10:10:31 EDT",111566,1,"Individual Agencies"
"Motor Vehicle Thefts",24,52,"-53.8461538461538",2026-02-01,"Everett, Washington","Feb 2026","2026-05-18 10:10:31 EDT",111566,1,"Individual Agencies"
"Murders",0,1,"-100",2026-02-01,"Everett, Washington","Feb 2026","2026-05-18 10:10:31 EDT",111566,1,"Individual Agencies"
"Rapes",1,3,"-66.6666666666667",2026-02-01,"Everett, Washington","Feb 2026","2026-05-18 10:10:31 EDT",111566,1,"Individual Agencies"
"Robberies",9,12,"-25",2026-02-01,"Everett, Washington","Feb 2026","2026-05-18 10:10:31 EDT",111566,1,"Individual Agencies"
"Thefts",293,359,"-18.3844011142061",2026-02-01,"Everett, Washington","Feb 2026","2026-05-18 10:10:31 EDT",111566,1,"Individual Agencies"
"Aggravated Assaults",90,67,"34.3283582089552",2026-03-01,"Fairfield, California","Mar 2026","2026-05-18 10:10:31 EDT",119071,1,"Individual Agencies"
"Burglaries",47,59,"-20.3389830508475",2026-03-01,"Fairfield, California","Mar 2026","2026-05-18 10:10:31 EDT",119071,1,"Individual Agencies"
"Motor Vehicle Thefts",64,86,"-25.5813953488372",2026-03-01,"Fairfield, California","Mar 2026","2026-05-18 10:10:31 EDT",119071,1,"Individual Agencies"
"Murders",0,1,"-100",2026-03-01,"Fairfield, California","Mar 2026","2026-05-18 10:10:31 EDT",119071,1,"Individual Agencies"
"Property Crimes",455,476,"-4.41176470588235",2026-03-01,"Fairfield, California","Mar 2026","2026-05-18 10:10:31 EDT",119071,1,"Individual Agencies"
"Rapes",11,13,"-15.3846153846154",2026-03-01,"Fairfield, California","Mar 2026","2026-05-18 10:10:31 EDT",119071,1,"Individual Agencies"
"Robberies",34,27,"25.9259259259259",2026-03-01,"Fairfield, California","Mar 2026","2026-05-18 10:10:31 EDT",119071,1,"Individual Agencies"
"Thefts",344,331,"3.92749244712991",2026-03-01,"Fairfield, California","Mar 2026","2026-05-18 10:10:31 EDT",119071,1,"Individual Agencies"
"Violent Crimes",135,108,"25",2026-03-01,"Fairfield, California","Mar 2026","2026-05-18 10:10:31 EDT",119071,1,"Individual Agencies"
"Aggravated Assaults",0,0,"0",2026-03-01,"Fairfield, Connecticut","Mar 2026","2026-05-18 10:10:31 EDT",63588,1,"Individual Agencies"
"Burglaries",2,9,"-77.7777777777778",2026-03-01,"Fairfield, Connecticut","Mar 2026","2026-05-18 10:10:31 EDT",63588,1,"Individual Agencies"
"Motor Vehicle Thefts",17,12,"41.6666666666667",2026-03-01,"Fairfield, Connecticut","Mar 2026","2026-05-18 10:10:31 EDT",63588,1,"Individual Agencies"
"Murders",0,0,"0",2026-03-01,"Fairfield, Connecticut","Mar 2026","2026-05-18 10:10:31 EDT",63588,1,"Individual Agencies"
"Property Crimes",165,127,"29.9212598425197",2026-03-01,"Fairfield, Connecticut","Mar 2026","2026-05-18 10:10:31 EDT",63588,1,"Individual Agencies"
"Rapes",0,0,"0",2026-03-01,"Fairfield, Connecticut","Mar 2026","2026-05-18 10:10:31 EDT",63588,1,"Individual Agencies"
"Robberies",1,0,"Undefined",2026-03-01,"Fairfield, Connecticut","Mar 2026","2026-05-18 10:10:31 EDT",63588,1,"Individual Agencies"
"Thefts",146,106,"37.7358490566038",2026-03-01,"Fairfield, Connecticut","Mar 2026","2026-05-18 10:10:31 EDT",63588,1,"Individual Agencies"
"Violent Crimes",1,0,"Undefined",2026-03-01,"Fairfield, Connecticut","Mar 2026","2026-05-18 10:10:31 EDT",63588,1,"Individual Agencies"
"Aggravated Assaults",128,109,"17.4311926605505",2026-03-01,"Fall River, Massachusetts","Mar 2026","2026-05-18 10:10:31 EDT",93879,1,"Individual Agencies"
"Burglaries",41,45,"-8.88888888888889",2026-03-01,"Fall River, Massachusetts","Mar 2026","2026-05-18 10:10:31 EDT",93879,1,"Individual Agencies"
"Motor Vehicle Thefts",18,25,"-28",2026-03-01,"Fall River, Massachusetts","Mar 2026","2026-05-18 10:10:31 EDT",93879,1,"Individual Agencies"
"Murders",0,2,"-100",2026-03-01,"Fall River, Massachusetts","Mar 2026","2026-05-18 10:10:31 EDT",93879,1,"Individual Agencies"
"Property Crimes",296,310,"-4.51612903225806",2026-03-01,"Fall River, Massachusetts","Mar 2026","2026-05-18 10:10:31 EDT",93879,1,"Individual Agencies"
"Rapes",13,18,"-27.7777777777778",2026-03-01,"Fall River, Massachusetts","Mar 2026","2026-05-18 10:10:31 EDT",93879,1,"Individual Agencies"
"Robberies",11,23,"-52.1739130434783",2026-03-01,"Fall River, Massachusetts","Mar 2026","2026-05-18 10:10:31 EDT",93879,1,"Individual Agencies"
"Thefts",237,240,"-1.25",2026-03-01,"Fall River, Massachusetts","Mar 2026","2026-05-18 10:10:31 EDT",93879,1,"Individual Agencies"
"Violent Crimes",152,152,"0",2026-03-01,"Fall River, Massachusetts","Mar 2026","2026-05-18 10:10:31 EDT",93879,1,"Individual Agencies"
"Aggravated Assaults",77,75,"2.66666666666667",2026-03-01,"Fargo, North Dakota","Mar 2026","2026-05-18 10:10:31 EDT",134268,1,"Individual Agencies"
"Burglaries",125,132,"-5.3030303030303",2026-03-01,"Fargo, North Dakota","Mar 2026","2026-05-18 10:10:31 EDT",134268,1,"Individual Agencies"
"Motor Vehicle Thefts",75,112,"-33.0357142857143",2026-03-01,"Fargo, North Dakota","Mar 2026","2026-05-18 10:10:31 EDT",134268,1,"Individual Agencies"
"Murders",1,0,"Undefined",2026-03-01,"Fargo, North Dakota","Mar 2026","2026-05-18 10:10:31 EDT",134268,1,"Individual Agencies"
"Property Crimes",771,939,"-17.8913738019169",2026-03-01,"Fargo, North Dakota","Mar 2026","2026-05-18 10:10:31 EDT",134268,1,"Individual Agencies"
"Rapes",17,23,"-26.0869565217391",2026-03-01,"Fargo, North Dakota","Mar 2026","2026-05-18 10:10:31 EDT",134268,1,"Individual Agencies"
"Robberies",10,12,"-16.6666666666667",2026-03-01,"Fargo, North Dakota","Mar 2026","2026-05-18 10:10:31 EDT",134268,1,"Individual Agencies"
"Thefts",571,695,"-17.841726618705",2026-03-01,"Fargo, North Dakota","Mar 2026","2026-05-18 10:10:31 EDT",134268,1,"Individual Agencies"
"Violent Crimes",105,110,"-4.54545454545455",2026-03-01,"Fargo, North Dakota","Mar 2026","2026-05-18 10:10:31 EDT",134268,1,"Individual Agencies"
"Aggravated Assaults",25,22,"13.6363636363636",2026-03-01,"Farmington Hills, Michigan","Mar 2026","2026-05-18 10:10:31 EDT",82223,1,"Individual Agencies"
"Burglaries",11,13,"-15.3846153846154",2026-03-01,"Farmington Hills, Michigan","Mar 2026","2026-05-18 10:10:31 EDT",82223,1,"Individual Agencies"
"Motor Vehicle Thefts",9,28,"-67.8571428571429",2026-03-01,"Farmington Hills, Michigan","Mar 2026","2026-05-18 10:10:31 EDT",82223,1,"Individual Agencies"
"Murders",0,0,"0",2026-03-01,"Farmington Hills, Michigan","Mar 2026","2026-05-18 10:10:31 EDT",82223,1,"Individual Agencies"
"Property Crimes",96,158,"-39.2405063291139",2026-03-01,"Farmington Hills, Michigan","Mar 2026","2026-05-18 10:10:31 EDT",82223,1,"Individual Agencies"
"Rapes",2,3,"-33.3333333333333",2026-03-01,"Farmington Hills, Michigan","Mar 2026","2026-05-18 10:10:31 EDT",82223,1,"Individual Agencies"
"Robberies",0,1,"-100",2026-03-01,"Farmington Hills, Michigan","Mar 2026","2026-05-18 10:10:31 EDT",82223,1,"Individual Agencies"
"Thefts",76,117,"-35.042735042735",2026-03-01,"Farmington Hills, Michigan","Mar 2026","2026-05-18 10:10:31 EDT",82223,1,"Individual Agencies"
"Violent Crimes",27,26,"3.84615384615385",2026-03-01,"Farmington Hills, Michigan","Mar 2026","2026-05-18 10:10:31 EDT",82223,1,"Individual Agencies"
"Aggravated Assaults",86,78,"10.2564102564103",2026-03-01,"Fayetteville, Arkansas","Mar 2026","2026-05-18 10:10:31 EDT",101624,1,"Individual Agencies"
"Burglaries",37,50,"-26",2026-03-01,"Fayetteville, Arkansas","Mar 2026","2026-05-18 10:10:31 EDT",101624,1,"Individual Agencies"
"Motor Vehicle Thefts",37,46,"-19.5652173913043",2026-03-01,"Fayetteville, Arkansas","Mar 2026","2026-05-18 10:10:31 EDT",101624,1,"Individual Agencies"
"Murders",0,0,"0",2026-03-01,"Fayetteville, Arkansas","Mar 2026","2026-05-18 10:10:31 EDT",101624,1,"Individual Agencies"
"Property Crimes",466,484,"-3.71900826446281",2026-03-01,"Fayetteville, Arkansas","Mar 2026","2026-05-18 10:10:31 EDT",101624,1,"Individual Agencies"
"Rapes",14,15,"-6.66666666666667",2026-03-01,"Fayetteville, Arkansas","Mar 2026","2026-05-18 10:10:31 EDT",101624,1,"Individual Agencies"
"Robberies",2,9,"-77.7777777777778",2026-03-01,"Fayetteville, Arkansas","Mar 2026","2026-05-18 10:10:31 EDT",101624,1,"Individual Agencies"
"Thefts",392,388,"1.03092783505155",2026-03-01,"Fayetteville, Arkansas","Mar 2026","2026-05-18 10:10:31 EDT",101624,1,"Individual Agencies"
"Violent Crimes",102,102,"0",2026-03-01,"Fayetteville, Arkansas","Mar 2026","2026-05-18 10:10:31 EDT",101624,1,"Individual Agencies"
"Aggravated Assaults",16,15,"6.66666666666667",2026-03-01,"Fishers, Indiana","Mar 2026","2026-05-18 10:10:31 EDT",103247,1,"Individual Agencies"
"Burglaries",3,6,"-50",2026-03-01,"Fishers, Indiana","Mar 2026","2026-05-18 10:10:31 EDT",103247,1,"Individual Agencies"
"Motor Vehicle Thefts",2,7,"-71.4285714285714",2026-03-01,"Fishers, Indiana","Mar 2026","2026-05-18 10:10:31 EDT",103247,1,"Individual Agencies"
"Murders",0,0,"0",2026-03-01,"Fishers, Indiana","Mar 2026","2026-05-18 10:10:31 EDT",103247,1,"Individual Agencies"
"Property Crimes",79,121,"-34.7107438016529",2026-03-01,"Fishers, Indiana","Mar 2026","2026-05-18 10:10:31 EDT",103247,1,"Individual Agencies"
"Rapes",2,4,"-50",2026-03-01,"Fishers, Indiana","Mar 2026","2026-05-18 10:10:31 EDT",103247,1,"Individual Agencies"
"Robberies",1,2,"-50",2026-03-01,"Fishers, Indiana","Mar 2026","2026-05-18 10:10:31 EDT",103247,1,"Individual Agencies"
"Thefts",74,108,"-31.4814814814815",2026-03-01,"Fishers, Indiana","Mar 2026","2026-05-18 10:10:31 EDT",103247,1,"Individual Agencies"
"Violent Crimes",19,21,"-9.52380952380952",2026-03-01,"Fishers, Indiana","Mar 2026","2026-05-18 10:10:31 EDT",103247,1,"Individual Agencies"
"Aggravated Assaults",31,31,"0",2026-03-01,"Florissant, Missouri","Mar 2026","2026-05-18 10:10:31 EDT",51045,1,"Individual Agencies"
"Burglaries",13,13,"0",2026-03-01,"Florissant, Missouri","Mar 2026","2026-05-18 10:10:31 EDT",51045,1,"Individual Agencies"
"Motor Vehicle Thefts",51,51,"0",2026-03-01,"Florissant, Missouri","Mar 2026","2026-05-18 10:10:31 EDT",51045,1,"Individual Agencies"
"Murders",1,1,"0",2026-03-01,"Florissant, Missouri","Mar 2026","2026-05-18 10:10:31 EDT",51045,1,"Individual Agencies"
"Rapes",4,4,"0",2026-03-01,"Florissant, Missouri","Mar 2026","2026-05-18 10:10:31 EDT",51045,1,"Individual Agencies"
"Robberies",3,3,"0",2026-03-01,"Florissant, Missouri","Mar 2026","2026-05-18 10:10:31 EDT",51045,1,"Individual Agencies"
"Thefts",124,124,"0",2026-03-01,"Florissant, Missouri","Mar 2026","2026-05-18 10:10:31 EDT",51045,1,"Individual Agencies"
"Aggravated Assaults",4,8,"-50",2026-03-01,"Flower Mound, Texas","Mar 2026","2026-05-18 10:10:31 EDT",79513,1,"Individual Agencies"
"Burglaries",4,6,"-33.3333333333333",2026-03-01,"Flower Mound, Texas","Mar 2026","2026-05-18 10:10:31 EDT",79513,1,"Individual Agencies"
"Motor Vehicle Thefts",7,8,"-12.5",2026-03-01,"Flower Mound, Texas","Mar 2026","2026-05-18 10:10:31 EDT",79513,1,"Individual Agencies"
"Murders",0,0,"0",2026-03-01,"Flower Mound, Texas","Mar 2026","2026-05-18 10:10:31 EDT",79513,1,"Individual Agencies"
"Property Crimes",97,133,"-27.0676691729323",2026-03-01,"Flower Mound, Texas","Mar 2026","2026-05-18 10:10:31 EDT",79513,1,"Individual Agencies"
"Rapes",4,4,"0",2026-03-01,"Flower Mound, Texas","Mar 2026","2026-05-18 10:10:31 EDT",79513,1,"Individual Agencies"
"Robberies",1,1,"0",2026-03-01,"Flower Mound, Texas","Mar 2026","2026-05-18 10:10:31 EDT",79513,1,"Individual Agencies"
"Thefts",86,119,"-27.7310924369748",2026-03-01,"Flower Mound, Texas","Mar 2026","2026-05-18 10:10:31 EDT",79513,1,"Individual Agencies"
"Violent Crimes",9,13,"-30.7692307692308",2026-03-01,"Flower Mound, Texas","Mar 2026","2026-05-18 10:10:31 EDT",79513,1,"Individual Agencies"
"Aggravated Assaults",21,26,"-19.2307692307692",2026-03-01,"Folsom, California","Mar 2026","2026-05-18 10:10:31 EDT",84559,1,"Individual Agencies"
"Burglaries",15,25,"-40",2026-03-01,"Folsom, California","Mar 2026","2026-05-18 10:10:31 EDT",84559,1,"Individual Agencies"
"Motor Vehicle Thefts",9,11,"-18.1818181818182",2026-03-01,"Folsom, California","Mar 2026","2026-05-18 10:10:31 EDT",84559,1,"Individual Agencies"
"Murders",0,0,"0",2026-03-01,"Folsom, California","Mar 2026","2026-05-18 10:10:31 EDT",84559,1,"Individual Agencies"
"Property Crimes",224,349,"-35.8166189111748",2026-03-01,"Folsom, California","Mar 2026","2026-05-18 10:10:31 EDT",84559,1,"Individual Agencies"
"Rapes",3,5,"-40",2026-03-01,"Folsom, California","Mar 2026","2026-05-18 10:10:31 EDT",84559,1,"Individual Agencies"
"Robberies",8,12,"-33.3333333333333",2026-03-01,"Folsom, California","Mar 2026","2026-05-18 10:10:31 EDT",84559,1,"Individual Agencies"
"Thefts",200,313,"-36.1022364217252",2026-03-01,"Folsom, California","Mar 2026","2026-05-18 10:10:31 EDT",84559,1,"Individual Agencies"
"Violent Crimes",32,43,"-25.5813953488372",2026-03-01,"Folsom, California","Mar 2026","2026-05-18 10:10:31 EDT",84559,1,"Individual Agencies"
"Burglaries",64,64,"0",2026-03-01,"Fontana, California","Mar 2026","2026-05-18 10:10:31 EDT",214429,1,"Individual Agencies"
"Motor Vehicle Thefts",105,113,"-7.07964601769912",2026-03-01,"Fontana, California","Mar 2026","2026-05-18 10:10:31 EDT",214429,1,"Individual Agencies"
"Murders",3,4,"-25",2026-03-01,"Fontana, California","Mar 2026","2026-05-18 10:10:31 EDT",214429,1,"Individual Agencies"
"Property Crimes",545,589,"-7.47028862478778",2026-03-01,"Fontana, California","Mar 2026","2026-05-18 10:10:31 EDT",214429,1,"Individual Agencies"
"Robberies",28,29,"-3.44827586206897",2026-03-01,"Fontana, California","Mar 2026","2026-05-18 10:10:31 EDT",214429,1,"Individual Agencies"
"Thefts",376,412,"-8.7378640776699",2026-03-01,"Fontana, California","Mar 2026","2026-05-18 10:10:31 EDT",214429,1,"Individual Agencies"
"Violent Crimes",31,33,"-6.06060606060606",2026-03-01,"Fontana, California","Mar 2026","2026-05-18 10:10:31 EDT",214429,1,"Individual Agencies"
"Aggravated Assaults",25,19,"31.5789473684211",2026-03-01,"Forsyth County, Georgia","Mar 2026","2026-05-18 10:10:31 EDT",267417,1,"Individual Agencies"
"Burglaries",8,10,"-20",2026-03-01,"Forsyth County, Georgia","Mar 2026","2026-05-18 10:10:31 EDT",267417,1,"Individual Agencies"
"Motor Vehicle Thefts",4,5,"-20",2026-03-01,"Forsyth County, Georgia","Mar 2026","2026-05-18 10:10:31 EDT",267417,1,"Individual Agencies"
"Murders",0,1,"-100",2026-03-01,"Forsyth County, Georgia","Mar 2026","2026-05-18 10:10:31 EDT",267417,1,"Individual Agencies"
"Property Crimes",150,188,"-20.2127659574468",2026-03-01,"Forsyth County, Georgia","Mar 2026","2026-05-18 10:10:31 EDT",267417,1,"Individual Agencies"
"Rapes",7,5,"40",2026-03-01,"Forsyth County, Georgia","Mar 2026","2026-05-18 10:10:31 EDT",267417,1,"Individual Agencies"
"Robberies",2,1,"100",2026-03-01,"Forsyth County, Georgia","Mar 2026","2026-05-18 10:10:31 EDT",267417,1,"Individual Agencies"
"Thefts",138,173,"-20.2312138728324",2026-03-01,"Forsyth County, Georgia","Mar 2026","2026-05-18 10:10:31 EDT",267417,1,"Individual Agencies"
"Violent Crimes",34,26,"30.7692307692308",2026-03-01,"Forsyth County, Georgia","Mar 2026","2026-05-18 10:10:31 EDT",267417,1,"Individual Agencies"
"Aggravated Assaults",39,64,"-39.0625",2026-03-01,"Forsyth County, North Carolina","Mar 2026","2026-05-18 10:10:31 EDT",111773,1,"Individual Agencies"
"Burglaries",42,42,"0",2026-03-01,"Forsyth County, North Carolina","Mar 2026","2026-05-18 10:10:31 EDT",111773,1,"Individual Agencies"
"Motor Vehicle Thefts",20,22,"-9.09090909090909",2026-03-01,"Forsyth County, North Carolina","Mar 2026","2026-05-18 10:10:31 EDT",111773,1,"Individual Agencies"
"Murders",3,2,"50",2026-03-01,"Forsyth County, North Carolina","Mar 2026","2026-05-18 10:10:31 EDT",111773,1,"Individual Agencies"
"Property Crimes",331,311,"6.43086816720257",2026-03-01,"Forsyth County, North Carolina","Mar 2026","2026-05-18 10:10:31 EDT",111773,1,"Individual Agencies"
"Rapes",3,9,"-66.6666666666667",2026-03-01,"Forsyth County, North Carolina","Mar 2026","2026-05-18 10:10:31 EDT",111773,1,"Individual Agencies"
"Robberies",5,2,"150",2026-03-01,"Forsyth County, North Carolina","Mar 2026","2026-05-18 10:10:31 EDT",111773,1,"Individual Agencies"
"Thefts",269,247,"8.90688259109312",2026-03-01,"Forsyth County, North Carolina","Mar 2026","2026-05-18 10:10:31 EDT",111773,1,"Individual Agencies"
"Violent Crimes",50,77,"-35.0649350649351",2026-03-01,"Forsyth County, North Carolina","Mar 2026","2026-05-18 10:10:31 EDT",111773,1,"Individual Agencies"
"Aggravated Assaults",115,149,"-22.8187919463087",2026-03-01,"Fort Bend County, Texas","Mar 2026","2026-05-18 10:10:31 EDT",578695,1,"Individual Agencies"
"Burglaries",125,233,"-46.3519313304721",2026-03-01,"Fort Bend County, Texas","Mar 2026","2026-05-18 10:10:31 EDT",578695,1,"Individual Agencies"
"Motor Vehicle Thefts",94,115,"-18.2608695652174",2026-03-01,"Fort Bend County, Texas","Mar 2026","2026-05-18 10:10:31 EDT",578695,1,"Individual Agencies"
"Murders",1,3,"-66.6666666666667",2026-03-01,"Fort Bend County, Texas","Mar 2026","2026-05-18 10:10:31 EDT",578695,1,"Individual Agencies"
"Property Crimes",1030,1387,"-25.7390050468637",2026-03-01,"Fort Bend County, Texas","Mar 2026","2026-05-18 10:10:31 EDT",578695,1,"Individual Agencies"
"Rapes",54,28,"92.8571428571429",2026-03-01,"Fort Bend County, Texas","Mar 2026","2026-05-18 10:10:31 EDT",578695,1,"Individual Agencies"
"Robberies",22,35,"-37.1428571428571",2026-03-01,"Fort Bend County, Texas","Mar 2026","2026-05-18 10:10:31 EDT",578695,1,"Individual Agencies"
"Thefts",811,1039,"-21.944177093359",2026-03-01,"Fort Bend County, Texas","Mar 2026","2026-05-18 10:10:31 EDT",578695,1,"Individual Agencies"
"Violent Crimes",192,215,"-10.6976744186047",2026-03-01,"Fort Bend County, Texas","Mar 2026","2026-05-18 10:10:31 EDT",578695,1,"Individual Agencies"
"Aggravated Assaults",77,109,"-29.3577981651376",2026-03-01,"Fort Collins, Colorado","Mar 2026","2026-05-18 10:10:31 EDT",168886,1,"Individual Agencies"
"Burglaries",64,79,"-18.9873417721519",2026-03-01,"Fort Collins, Colorado","Mar 2026","2026-05-18 10:10:31 EDT",168886,1,"Individual Agencies"
"Motor Vehicle Thefts",29,56,"-48.2142857142857",2026-03-01,"Fort Collins, Colorado","Mar 2026","2026-05-18 10:10:31 EDT",168886,1,"Individual Agencies"
"Murders",1,0,"Undefined",2026-03-01,"Fort Collins, Colorado","Mar 2026","2026-05-18 10:10:31 EDT",168886,1,"Individual Agencies"
"Property Crimes",559,692,"-19.2196531791908",2026-03-01,"Fort Collins, Colorado","Mar 2026","2026-05-18 10:10:31 EDT",168886,1,"Individual Agencies"
"Rapes",8,8,"0",2026-03-01,"Fort Collins, Colorado","Mar 2026","2026-05-18 10:10:31 EDT",168886,1,"Individual Agencies"
"Robberies",6,11,"-45.4545454545455",2026-03-01,"Fort Collins, Colorado","Mar 2026","2026-05-18 10:10:31 EDT",168886,1,"Individual Agencies"
"Thefts",466,557,"-16.3375224416517",2026-03-01,"Fort Collins, Colorado","Mar 2026","2026-05-18 10:10:31 EDT",168886,1,"Individual Agencies"
"Violent Crimes",92,128,"-28.125",2026-03-01,"Fort Collins, Colorado","Mar 2026","2026-05-18 10:10:31 EDT",168886,1,"Individual Agencies"
"Aggravated Assaults",151,114,"32.4561403508772",2026-03-01,"Fort Smith, Arkansas","Mar 2026","2026-05-18 10:10:31 EDT",90417,1,"Individual Agencies"
"Burglaries",75,84,"-10.7142857142857",2026-03-01,"Fort Smith, Arkansas","Mar 2026","2026-05-18 10:10:31 EDT",90417,1,"Individual Agencies"
"Motor Vehicle Thefts",60,45,"33.3333333333333",2026-03-01,"Fort Smith, Arkansas","Mar 2026","2026-05-18 10:10:31 EDT",90417,1,"Individual Agencies"
"Murders",1,1,"0",2026-03-01,"Fort Smith, Arkansas","Mar 2026","2026-05-18 10:10:31 EDT",90417,1,"Individual Agencies"
"Property Crimes",597,740,"-19.3243243243243",2026-03-01,"Fort Smith, Arkansas","Mar 2026","2026-05-18 10:10:31 EDT",90417,1,"Individual Agencies"
"Rapes",28,13,"115.384615384615",2026-03-01,"Fort Smith, Arkansas","Mar 2026","2026-05-18 10:10:31 EDT",90417,1,"Individual Agencies"
"Robberies",8,13,"-38.4615384615385",2026-03-01,"Fort Smith, Arkansas","Mar 2026","2026-05-18 10:10:31 EDT",90417,1,"Individual Agencies"
"Thefts",462,611,"-24.3862520458265",2026-03-01,"Fort Smith, Arkansas","Mar 2026","2026-05-18 10:10:31 EDT",90417,1,"Individual Agencies"
"Violent Crimes",188,141,"33.3333333333333",2026-03-01,"Fort Smith, Arkansas","Mar 2026","2026-05-18 10:10:31 EDT",90417,1,"Individual Agencies"
"Aggravated Assaults",43,31,"38.7096774193548",2026-01-01,"Fort Wayne, Indiana","Jan 2026","2026-05-18 10:10:31 EDT",269728,1,"Individual Agencies"
"Burglaries",20,31,"-35.4838709677419",2026-01-01,"Fort Wayne, Indiana","Jan 2026","2026-05-18 10:10:31 EDT",269728,1,"Individual Agencies"
"Motor Vehicle Thefts",26,48,"-45.8333333333333",2026-01-01,"Fort Wayne, Indiana","Jan 2026","2026-05-18 10:10:31 EDT",269728,1,"Individual Agencies"
"Murders",2,4,"-50",2026-01-01,"Fort Wayne, Indiana","Jan 2026","2026-05-18 10:10:31 EDT",269728,1,"Individual Agencies"
"Rapes",9,6,"50",2026-01-01,"Fort Wayne, Indiana","Jan 2026","2026-05-18 10:10:31 EDT",269728,1,"Individual Agencies"
"Robberies",10,12,"-16.6666666666667",2026-01-01,"Fort Wayne, Indiana","Jan 2026","2026-05-18 10:10:31 EDT",269728,1,"Individual Agencies"
"Thefts",259,351,"-26.2108262108262",2026-01-01,"Fort Wayne, Indiana","Jan 2026","2026-05-18 10:10:31 EDT",269728,1,"Individual Agencies"
"Aggravated Assaults",563,643,"-12.4416796267496",2026-03-01,"Fort Worth, Texas","Mar 2026","2026-05-18 10:10:31 EDT",973722,1,"Individual Agencies"
"Burglaries",552,763,"-27.653997378768",2026-03-01,"Fort Worth, Texas","Mar 2026","2026-05-18 10:10:31 EDT",973722,1,"Individual Agencies"
"Motor Vehicle Thefts",638,973,"-34.4295991778006",2026-03-01,"Fort Worth, Texas","Mar 2026","2026-05-18 10:10:31 EDT",973722,1,"Individual Agencies"
"Murders",11,20,"-45",2026-03-01,"Fort Worth, Texas","Mar 2026","2026-05-18 10:10:31 EDT",973722,1,"Individual Agencies"
"Property Crimes",4681,5663,"-17.3406321737595",2026-03-01,"Fort Worth, Texas","Mar 2026","2026-05-18 10:10:31 EDT",973722,1,"Individual Agencies"
"Rapes",122,127,"-3.93700787401575",2026-03-01,"Fort Worth, Texas","Mar 2026","2026-05-18 10:10:31 EDT",973722,1,"Individual Agencies"
"Robberies",100,150,"-33.3333333333333",2026-03-01,"Fort Worth, Texas","Mar 2026","2026-05-18 10:10:31 EDT",973722,1,"Individual Agencies"
"Thefts",3491,3927,"-11.1026228673287",2026-03-01,"Fort Worth, Texas","Mar 2026","2026-05-18 10:10:31 EDT",973722,1,"Individual Agencies"
"Violent Crimes",796,940,"-15.3191489361702",2026-03-01,"Fort Worth, Texas","Mar 2026","2026-05-18 10:10:31 EDT",973722,1,"Individual Agencies"
"Aggravated Assaults",13,12,"8.33333333333333",2026-03-01,"Fountain Valley, California","Mar 2026","2026-05-18 10:10:31 EDT",55419,1,"Individual Agencies"
"Burglaries",62,42,"47.6190476190476",2026-03-01,"Fountain Valley, California","Mar 2026","2026-05-18 10:10:31 EDT",55419,1,"Individual Agencies"
"Motor Vehicle Thefts",15,16,"-6.25",2026-03-01,"Fountain Valley, California","Mar 2026","2026-05-18 10:10:31 EDT",55419,1,"Individual Agencies"
"Murders",0,0,"0",2026-03-01,"Fountain Valley, California","Mar 2026","2026-05-18 10:10:31 EDT",55419,1,"Individual Agencies"
"Property Crimes",237,233,"1.71673819742489",2026-03-01,"Fountain Valley, California","Mar 2026","2026-05-18 10:10:31 EDT",55419,1,"Individual Agencies"
"Rapes",2,1,"100",2026-03-01,"Fountain Valley, California","Mar 2026","2026-05-18 10:10:31 EDT",55419,1,"Individual Agencies"
"Robberies",10,12,"-16.6666666666667",2026-03-01,"Fountain Valley, California","Mar 2026","2026-05-18 10:10:31 EDT",55419,1,"Individual Agencies"
"Thefts",160,175,"-8.57142857142857",2026-03-01,"Fountain Valley, California","Mar 2026","2026-05-18 10:10:31 EDT",55419,1,"Individual Agencies"
"Violent Crimes",25,25,"0",2026-03-01,"Fountain Valley, California","Mar 2026","2026-05-18 10:10:31 EDT",55419,1,"Individual Agencies"
"Aggravated Assaults",40,25,"60",2026-03-01,"Franklin, Tennessee","Mar 2026","2026-05-18 10:10:31 EDT",88315,1,"Individual Agencies"
"Burglaries",7,11,"-36.3636363636364",2026-03-01,"Franklin, Tennessee","Mar 2026","2026-05-18 10:10:31 EDT",88315,1,"Individual Agencies"
"Motor Vehicle Thefts",10,8,"25",2026-03-01,"Franklin, Tennessee","Mar 2026","2026-05-18 10:10:31 EDT",88315,1,"Individual Agencies"
"Murders",0,1,"-100",2026-03-01,"Franklin, Tennessee","Mar 2026","2026-05-18 10:10:31 EDT",88315,1,"Individual Agencies"
"Property Crimes",152,157,"-3.18471337579618",2026-03-01,"Franklin, Tennessee","Mar 2026","2026-05-18 10:10:31 EDT",88315,1,"Individual Agencies"
"Rapes",5,3,"66.6666666666667",2026-03-01,"Franklin, Tennessee","Mar 2026","2026-05-18 10:10:31 EDT",88315,1,"Individual Agencies"
"Robberies",1,1,"0",2026-03-01,"Franklin, Tennessee","Mar 2026","2026-05-18 10:10:31 EDT",88315,1,"Individual Agencies"
"Thefts",135,138,"-2.17391304347826",2026-03-01,"Franklin, Tennessee","Mar 2026","2026-05-18 10:10:31 EDT",88315,1,"Individual Agencies"
"Violent Crimes",46,30,"53.3333333333333",2026-03-01,"Franklin, Tennessee","Mar 2026","2026-05-18 10:10:31 EDT",88315,1,"Individual Agencies"
"Aggravated Assaults",615,653,"-5.81929555895865",2026-03-01,"Fresno, California","Mar 2026","2026-05-18 10:10:31 EDT",547134,1,"Individual Agencies"
"Burglaries",416,507,"-17.9487179487179",2026-03-01,"Fresno, California","Mar 2026","2026-05-18 10:10:31 EDT",547134,1,"Individual Agencies"
"Motor Vehicle Thefts",555,639,"-13.1455399061033",2026-03-01,"Fresno, California","Mar 2026","2026-05-18 10:10:31 EDT",547134,1,"Individual Agencies"
"Murders",6,4,"50",2026-03-01,"Fresno, California","Mar 2026","2026-05-18 10:10:31 EDT",547134,1,"Individual Agencies"
"Property Crimes",3575,3552,"0.647522522522523",2026-03-01,"Fresno, California","Mar 2026","2026-05-18 10:10:31 EDT",547134,1,"Individual Agencies"
"Rapes",36,57,"-36.8421052631579",2026-03-01,"Fresno, California","Mar 2026","2026-05-18 10:10:31 EDT",547134,1,"Individual Agencies"
"Robberies",199,213,"-6.57276995305164",2026-03-01,"Fresno, California","Mar 2026","2026-05-18 10:10:31 EDT",547134,1,"Individual Agencies"
"Thefts",2604,2406,"8.22942643391521",2026-03-01,"Fresno, California","Mar 2026","2026-05-18 10:10:31 EDT",547134,1,"Individual Agencies"
"Violent Crimes",856,927,"-7.65911542610572",2026-03-01,"Fresno, California","Mar 2026","2026-05-18 10:10:31 EDT",547134,1,"Individual Agencies"
"Aggravated Assaults",41,32,"28.125",2026-03-01,"Frisco, Texas","Mar 2026","2026-05-18 10:10:31 EDT",228527,1,"Individual Agencies"
"Burglaries",30,28,"7.14285714285714",2026-03-01,"Frisco, Texas","Mar 2026","2026-05-18 10:10:31 EDT",228527,1,"Individual Agencies"
"Motor Vehicle Thefts",27,26,"3.84615384615385",2026-03-01,"Frisco, Texas","Mar 2026","2026-05-18 10:10:31 EDT",228527,1,"Individual Agencies"
"Murders",0,0,"0",2026-03-01,"Frisco, Texas","Mar 2026","2026-05-18 10:10:31 EDT",228527,1,"Individual Agencies"
"Property Crimes",438,469,"-6.60980810234542",2026-03-01,"Frisco, Texas","Mar 2026","2026-05-18 10:10:31 EDT",228527,1,"Individual Agencies"
"Rapes",11,14,"-21.4285714285714",2026-03-01,"Frisco, Texas","Mar 2026","2026-05-18 10:10:31 EDT",228527,1,"Individual Agencies"
"Robberies",10,13,"-23.0769230769231",2026-03-01,"Frisco, Texas","Mar 2026","2026-05-18 10:10:31 EDT",228527,1,"Individual Agencies"
"Thefts",381,415,"-8.19277108433735",2026-03-01,"Frisco, Texas","Mar 2026","2026-05-18 10:10:31 EDT",228527,1,"Individual Agencies"
"Violent Crimes",62,59,"5.08474576271187",2026-03-01,"Frisco, Texas","Mar 2026","2026-05-18 10:10:31 EDT",228527,1,"Individual Agencies"
"Aggravated Assaults",0,0,"0",2026-03-01,"Full Sample, Alabama","Mar 2026","2026-05-18 10:10:31 EDT",430562,2,"State Samples"
"Burglaries",0,0,"0",2026-03-01,"Full Sample, Alabama","Mar 2026","2026-05-18 10:10:31 EDT",430562,2,"State Samples"
"Motor Vehicle Thefts",0,0,"0",2026-03-01,"Full Sample, Alabama","Mar 2026","2026-05-18 10:10:31 EDT",430562,2,"State Samples"
"Murders",24,34,"-29.4117647058824",2026-03-01,"Full Sample, Alabama","Mar 2026","2026-05-18 10:10:31 EDT",430562,2,"State Samples"
"Property Crimes",0,0,"0",2026-03-01,"Full Sample, Alabama","Mar 2026","2026-05-18 10:10:31 EDT",430562,2,"State Samples"
"Rapes",0,0,"0",2026-03-01,"Full Sample, Alabama","Mar 2026","2026-05-18 10:10:31 EDT",430562,2,"State Samples"
"Robberies",0,0,"0",2026-03-01,"Full Sample, Alabama","Mar 2026","2026-05-18 10:10:31 EDT",430562,2,"State Samples"
"Thefts",0,0,"0",2026-03-01,"Full Sample, Alabama","Mar 2026","2026-05-18 10:10:31 EDT",430562,2,"State Samples"
"Violent Crimes",24,34,"-29.4117647058824",2026-03-01,"Full Sample, Alabama","Mar 2026","2026-05-18 10:10:31 EDT",430562,2,"State Samples"
"Aggravated Assaults",3785,3788,"-0.0791974656810982",2026-03-01,"Full Sample, Arizona","Mar 2026","2026-05-18 10:10:31 EDT",4778668,16,"State Samples"
"Burglaries",2043,2474,"-17.4211802748585",2026-03-01,"Full Sample, Arizona","Mar 2026","2026-05-18 10:10:31 EDT",4778668,16,"State Samples"
"Motor Vehicle Thefts",2034,3070,"-33.7459283387622",2026-03-01,"Full Sample, Arizona","Mar 2026","2026-05-18 10:10:31 EDT",4778668,16,"State Samples"
"Murders",48,54,"-11.1111111111111",2026-03-01,"Full Sample, Arizona","Mar 2026","2026-05-18 10:10:31 EDT",4778668,16,"State Samples"
"Property Crimes",18856,21447,"-12.0809437217326",2026-03-01,"Full Sample, Arizona","Mar 2026","2026-05-18 10:10:31 EDT",4778668,16,"State Samples"
"Rapes",463,493,"-6.08519269776876",2026-03-01,"Full Sample, Arizona","Mar 2026","2026-05-18 10:10:31 EDT",4778668,16,"State Samples"
"Robberies",845,888,"-4.84234234234234",2026-03-01,"Full Sample, Arizona","Mar 2026","2026-05-18 10:10:31 EDT",4778668,16,"State Samples"
"Thefts",14779,15903,"-7.06784883355342",2026-03-01,"Full Sample, Arizona","Mar 2026","2026-05-18 10:10:31 EDT",4778668,16,"State Samples"
"Violent Crimes",5141,5223,"-1.56997893930691",2026-03-01,"Full Sample, Arizona","Mar 2026","2026-05-18 10:10:31 EDT",4778668,16,"State Samples"
"Aggravated Assaults",1040,983,"5.79857578840285",2026-03-01,"Full Sample, Arkansas","Mar 2026","2026-05-18 10:10:31 EDT",595326,6,"State Samples"
"Burglaries",646,636,"1.57232704402516",2026-03-01,"Full Sample, Arkansas","Mar 2026","2026-05-18 10:10:31 EDT",595326,6,"State Samples"
"Motor Vehicle Thefts",306,316,"-3.16455696202532",2026-03-01,"Full Sample, Arkansas","Mar 2026","2026-05-18 10:10:31 EDT",595326,6,"State Samples"
"Murders",10,20,"-50",2026-03-01,"Full Sample, Arkansas","Mar 2026","2026-05-18 10:10:31 EDT",595326,6,"State Samples"
"Property Crimes",3992,4280,"-6.72897196261682",2026-03-01,"Full Sample, Arkansas","Mar 2026","2026-05-18 10:10:31 EDT",595326,6,"State Samples"
"Rapes",100,86,"16.2790697674419",2026-03-01,"Full Sample, Arkansas","Mar 2026","2026-05-18 10:10:31 EDT",595326,6,"State Samples"
"Robberies",111,131,"-15.2671755725191",2026-03-01,"Full Sample, Arkansas","Mar 2026","2026-05-18 10:10:31 EDT",595326,6,"State Samples"
"Thefts",3040,3328,"-8.65384615384615",2026-03-01,"Full Sample, Arkansas","Mar 2026","2026-05-18 10:10:31 EDT",595326,6,"State Samples"
"Violent Crimes",1261,1220,"3.36065573770492",2026-03-01,"Full Sample, Arkansas","Mar 2026","2026-05-18 10:10:31 EDT",595326,6,"State Samples"
"Aggravated Assaults",17467,16919,"3.23896211360009",2026-03-01,"Full Sample, California","Mar 2026","2026-05-18 10:10:31 EDT",21022829,97,"State Samples"
"Burglaries",12763,17134,"-25.5106805182678",2026-03-01,"Full Sample, California","Mar 2026","2026-05-18 10:10:31 EDT",21022829,97,"State Samples"
"Motor Vehicle Thefts",16147,21170,"-23.7269721303732",2026-03-01,"Full Sample, California","Mar 2026","2026-05-18 10:10:31 EDT",21022829,97,"State Samples"
"Murders",188,218,"-13.7614678899083",2026-03-01,"Full Sample, California","Mar 2026","2026-05-18 10:10:31 EDT",21022829,97,"State Samples"
"Property Crimes",97602,111910,"-12.7852738807971",2026-03-01,"Full Sample, California","Mar 2026","2026-05-18 10:10:31 EDT",21022829,97,"State Samples"
"Rapes",1761,1943,"-9.36695831188883",2026-03-01,"Full Sample, California","Mar 2026","2026-05-18 10:10:31 EDT",21022829,97,"State Samples"
"Robberies",5973,6521,"-8.40361907682871",2026-03-01,"Full Sample, California","Mar 2026","2026-05-18 10:10:31 EDT",21022829,97,"State Samples"
"Thefts",68692,73606,"-6.67608618862593",2026-03-01,"Full Sample, California","Mar 2026","2026-05-18 10:10:31 EDT",21022829,97,"State Samples"
"Violent Crimes",25389,25601,"-0.828092652630757",2026-03-01,"Full Sample, California","Mar 2026","2026-05-18 10:10:31 EDT",21022829,97,"State Samples"
"Aggravated Assaults",2668,2948,"-9.49796472184532",2026-03-01,"Full Sample, Colorado","Mar 2026","2026-05-18 10:10:31 EDT",2815929,13,"State Samples"
"Burglaries",2033,2507,"-18.9070602313522",2026-03-01,"Full Sample, Colorado","Mar 2026","2026-05-18 10:10:31 EDT",2815929,13,"State Samples"
"Motor Vehicle Thefts",2214,3766,"-41.2108337758895",2026-03-01,"Full Sample, Colorado","Mar 2026","2026-05-18 10:10:31 EDT",2815929,13,"State Samples"
"Murders",24,37,"-35.1351351351351",2026-03-01,"Full Sample, Colorado","Mar 2026","2026-05-18 10:10:31 EDT",2815929,13,"State Samples"
"Property Crimes",17339,19849,"-12.6454733235931",2026-03-01,"Full Sample, Colorado","Mar 2026","2026-05-18 10:10:31 EDT",2815929,13,"State Samples"
"Rapes",471,559,"-15.742397137746",2026-03-01,"Full Sample, Colorado","Mar 2026","2026-05-18 10:10:31 EDT",2815929,13,"State Samples"
"Robberies",419,515,"-18.6407766990291",2026-03-01,"Full Sample, Colorado","Mar 2026","2026-05-18 10:10:31 EDT",2815929,13,"State Samples"
"Thefts",13092,13576,"-3.56511490866235",2026-03-01,"Full Sample, Colorado","Mar 2026","2026-05-18 10:10:31 EDT",2815929,13,"State Samples"
"Violent Crimes",3582,4059,"-11.7516629711752",2026-03-01,"Full Sample, Colorado","Mar 2026","2026-05-18 10:10:31 EDT",2815929,13,"State Samples"
"Aggravated Assaults",163,206,"-20.873786407767",2026-03-01,"Full Sample, Connecticut","Mar 2026","2026-05-18 10:10:31 EDT",941626,12,"State Samples"
"Burglaries",192,234,"-17.9487179487179",2026-03-01,"Full Sample, Connecticut","Mar 2026","2026-05-18 10:10:31 EDT",941626,12,"State Samples"
"Motor Vehicle Thefts",423,502,"-15.7370517928287",2026-03-01,"Full Sample, Connecticut","Mar 2026","2026-05-18 10:10:31 EDT",941626,12,"State Samples"
"Murders",2,6,"-66.6666666666667",2026-03-01,"Full Sample, Connecticut","Mar 2026","2026-05-18 10:10:31 EDT",941626,12,"State Samples"
"Property Crimes",2957,3354,"-11.8366129994037",2026-03-01,"Full Sample, Connecticut","Mar 2026","2026-05-18 10:10:31 EDT",941626,12,"State Samples"
"Rapes",32,45,"-28.8888888888889",2026-03-01,"Full Sample, Connecticut","Mar 2026","2026-05-18 10:10:31 EDT",941626,12,"State Samples"
"Robberies",82,110,"-25.4545454545455",2026-03-01,"Full Sample, Connecticut","Mar 2026","2026-05-18 10:10:31 EDT",941626,12,"State Samples"
"Thefts",2342,2618,"-10.5423987776929",2026-03-01,"Full Sample, Connecticut","Mar 2026","2026-05-18 10:10:31 EDT",941626,12,"State Samples"
"Violent Crimes",279,367,"-23.9782016348774",2026-03-01,"Full Sample, Connecticut","Mar 2026","2026-05-18 10:10:31 EDT",941626,12,"State Samples"
"Aggravated Assaults",187,192,"-2.60416666666667",2026-03-01,"Full Sample, Florida","Mar 2026","2026-05-18 10:10:31 EDT",1658609,4,"State Samples"
"Burglaries",298,280,"6.42857142857143",2026-03-01,"Full Sample, Florida","Mar 2026","2026-05-18 10:10:31 EDT",1658609,4,"State Samples"
"Motor Vehicle Thefts",151,151,"0",2026-03-01,"Full Sample, Florida","Mar 2026","2026-05-18 10:10:31 EDT",1658609,4,"State Samples"
"Murders",17,19,"-10.5263157894737",2026-03-01,"Full Sample, Florida","Mar 2026","2026-05-18 10:10:31 EDT",1658609,4,"State Samples"
"Property Crimes",2672,2301,"16.1234245980009",2026-03-01,"Full Sample, Florida","Mar 2026","2026-05-18 10:10:31 EDT",1658609,4,"State Samples"
"Rapes",43,31,"38.7096774193548",2026-03-01,"Full Sample, Florida","Mar 2026","2026-05-18 10:10:31 EDT",1658609,4,"State Samples"
"Robberies",25,45,"-44.4444444444444",2026-03-01,"Full Sample, Florida","Mar 2026","2026-05-18 10:10:31 EDT",1658609,4,"State Samples"
"Thefts",2223,1870,"18.8770053475936",2026-03-01,"Full Sample, Florida","Mar 2026","2026-05-18 10:10:31 EDT",1658609,4,"State Samples"
"Violent Crimes",272,287,"-5.22648083623693",2026-03-01,"Full Sample, Florida","Mar 2026","2026-05-18 10:10:31 EDT",1658609,4,"State Samples"
"Aggravated Assaults",1340,1066,"25.703564727955",2026-03-01,"Full Sample, Georgia","Mar 2026","2026-05-18 10:10:31 EDT",1630944,12,"State Samples"
"Burglaries",552,680,"-18.8235294117647",2026-03-01,"Full Sample, Georgia","Mar 2026","2026-05-18 10:10:31 EDT",1630944,12,"State Samples"
"Motor Vehicle Thefts",631,799,"-21.026282853567",2026-03-01,"Full Sample, Georgia","Mar 2026","2026-05-18 10:10:31 EDT",1630944,12,"State Samples"
"Murders",24,33,"-27.2727272727273",2026-03-01,"Full Sample, Georgia","Mar 2026","2026-05-18 10:10:31 EDT",1630944,12,"State Samples"
"Property Crimes",5631,6867,"-17.999126256007",2026-03-01,"Full Sample, Georgia","Mar 2026","2026-05-18 10:10:31 EDT",1630944,12,"State Samples"
"Rapes",63,65,"-3.07692307692308",2026-03-01,"Full Sample, Georgia","Mar 2026","2026-05-18 10:10:31 EDT",1630944,12,"State Samples"
"Robberies",186,227,"-18.0616740088106",2026-03-01,"Full Sample, Georgia","Mar 2026","2026-05-18 10:10:31 EDT",1630944,12,"State Samples"
"Thefts",4448,5388,"-17.4461766889384",2026-03-01,"Full Sample, Georgia","Mar 2026","2026-05-18 10:10:31 EDT",1630944,12,"State Samples"
"Violent Crimes",1613,1391,"15.9597411933861",2026-03-01,"Full Sample, Georgia","Mar 2026","2026-05-18 10:10:31 EDT",1630944,12,"State Samples"
"Aggravated Assaults",267,251,"6.37450199203187",2026-03-01,"Full Sample, Idaho","Mar 2026","2026-05-18 10:10:31 EDT",538023,6,"State Samples"
"Burglaries",109,129,"-15.5038759689922",2026-03-01,"Full Sample, Idaho","Mar 2026","2026-05-18 10:10:31 EDT",538023,6,"State Samples"
"Motor Vehicle Thefts",45,66,"-31.8181818181818",2026-03-01,"Full Sample, Idaho","Mar 2026","2026-05-18 10:10:31 EDT",538023,6,"State Samples"
"Murders",5,1,"400",2026-03-01,"Full Sample, Idaho","Mar 2026","2026-05-18 10:10:31 EDT",538023,6,"State Samples"
"Property Crimes",728,817,"-10.8935128518972",2026-03-01,"Full Sample, Idaho","Mar 2026","2026-05-18 10:10:31 EDT",538023,6,"State Samples"
"Rapes",46,67,"-31.3432835820896",2026-03-01,"Full Sample, Idaho","Mar 2026","2026-05-18 10:10:31 EDT",538023,6,"State Samples"
"Robberies",8,2,"300",2026-03-01,"Full Sample, Idaho","Mar 2026","2026-05-18 10:10:31 EDT",538023,6,"State Samples"
"Thefts",574,622,"-7.71704180064309",2026-03-01,"Full Sample, Idaho","Mar 2026","2026-05-18 10:10:31 EDT",538023,6,"State Samples"
"Violent Crimes",326,321,"1.55763239875389",2026-03-01,"Full Sample, Idaho","Mar 2026","2026-05-18 10:10:31 EDT",538023,6,"State Samples"
"Aggravated Assaults",3479,3495,"-0.457796852646638",2026-03-01,"Full Sample, Illinois","Mar 2026","2026-05-18 10:10:31 EDT",3797576,16,"State Samples"
"Burglaries",1649,2007,"-17.8375685102143",2026-03-01,"Full Sample, Illinois","Mar 2026","2026-05-18 10:10:31 EDT",3797576,16,"State Samples"
"Motor Vehicle Thefts",4567,4347,"5.06096158270071",2026-03-01,"Full Sample, Illinois","Mar 2026","2026-05-18 10:10:31 EDT",3797576,16,"State Samples"
"Murders",109,109,"0",2026-03-01,"Full Sample, Illinois","Mar 2026","2026-05-18 10:10:31 EDT",3797576,16,"State Samples"
"Property Crimes",19841,21514,"-7.77633169099191",2026-03-01,"Full Sample, Illinois","Mar 2026","2026-05-18 10:10:31 EDT",3797576,16,"State Samples"
"Rapes",521,535,"-2.61682242990654",2026-03-01,"Full Sample, Illinois","Mar 2026","2026-05-18 10:10:31 EDT",3797576,16,"State Samples"
"Robberies",1121,1483,"-24.409979770735",2026-03-01,"Full Sample, Illinois","Mar 2026","2026-05-18 10:10:31 EDT",3797576,16,"State Samples"
"Thefts",13625,15160,"-10.1253298153034",2026-03-01,"Full Sample, Illinois","Mar 2026","2026-05-18 10:10:31 EDT",3797576,16,"State Samples"
"Violent Crimes",5230,5622,"-6.97260761294913",2026-03-01,"Full Sample, Illinois","Mar 2026","2026-05-18 10:10:31 EDT",3797576,16,"State Samples"
"Aggravated Assaults",911,1236,"-26.294498381877",2026-03-01,"Full Sample, Indiana","Mar 2026","2026-05-18 10:10:31 EDT",1368999,7,"State Samples"
"Burglaries",801,1031,"-22.3084384093113",2026-03-01,"Full Sample, Indiana","Mar 2026","2026-05-18 10:10:31 EDT",1368999,7,"State Samples"
"Motor Vehicle Thefts",1151,1336,"-13.8473053892216",2026-03-01,"Full Sample, Indiana","Mar 2026","2026-05-18 10:10:31 EDT",1368999,7,"State Samples"
"Murders",30,35,"-14.2857142857143",2026-03-01,"Full Sample, Indiana","Mar 2026","2026-05-18 10:10:31 EDT",1368999,7,"State Samples"
"Property Crimes",6164,7053,"-12.604565433149",2026-03-01,"Full Sample, Indiana","Mar 2026","2026-05-18 10:10:31 EDT",1368999,7,"State Samples"
"Rapes",190,209,"-9.09090909090909",2026-03-01,"Full Sample, Indiana","Mar 2026","2026-05-18 10:10:31 EDT",1368999,7,"State Samples"
"Robberies",169,303,"-44.2244224422442",2026-03-01,"Full Sample, Indiana","Mar 2026","2026-05-18 10:10:31 EDT",1368999,7,"State Samples"
"Thefts",4212,4686,"-10.1152368758003",2026-03-01,"Full Sample, Indiana","Mar 2026","2026-05-18 10:10:31 EDT",1368999,7,"State Samples"
"Violent Crimes",1300,1783,"-27.0891755468312",2026-03-01,"Full Sample, Indiana","Mar 2026","2026-05-18 10:10:31 EDT",1368999,7,"State Samples"
"Aggravated Assaults",627,695,"-9.7841726618705",2026-03-01,"Full Sample, Iowa","Mar 2026","2026-05-18 10:10:31 EDT",859487,9,"State Samples"
"Burglaries",518,693,"-25.2525252525253",2026-03-01,"Full Sample, Iowa","Mar 2026","2026-05-18 10:10:31 EDT",859487,9,"State Samples"
"Motor Vehicle Thefts",429,529,"-18.9035916824197",2026-03-01,"Full Sample, Iowa","Mar 2026","2026-05-18 10:10:31 EDT",859487,9,"State Samples"
"Murders",9,6,"50",2026-03-01,"Full Sample, Iowa","Mar 2026","2026-05-18 10:10:31 EDT",859487,9,"State Samples"
"Property Crimes",4140,4846,"-14.5687164671894",2026-03-01,"Full Sample, Iowa","Mar 2026","2026-05-18 10:10:31 EDT",859487,9,"State Samples"
"Rapes",115,104,"10.5769230769231",2026-03-01,"Full Sample, Iowa","Mar 2026","2026-05-18 10:10:31 EDT",859487,9,"State Samples"
"Robberies",86,95,"-9.47368421052632",2026-03-01,"Full Sample, Iowa","Mar 2026","2026-05-18 10:10:31 EDT",859487,9,"State Samples"
"Thefts",3193,3624,"-11.89293598234",2026-03-01,"Full Sample, Iowa","Mar 2026","2026-05-18 10:10:31 EDT",859487,9,"State Samples"
"Violent Crimes",837,900,"-7",2026-03-01,"Full Sample, Iowa","Mar 2026","2026-05-18 10:10:31 EDT",859487,9,"State Samples"
"Aggravated Assaults",66,55,"20",2026-03-01,"Full Sample, Kansas","Mar 2026","2026-05-18 10:10:31 EDT",128960,2,"State Samples"
"Burglaries",17,128,"-86.71875",2026-03-01,"Full Sample, Kansas","Mar 2026","2026-05-18 10:10:31 EDT",128960,2,"State Samples"
"Motor Vehicle Thefts",25,56,"-55.3571428571429",2026-03-01,"Full Sample, Kansas","Mar 2026","2026-05-18 10:10:31 EDT",128960,2,"State Samples"
"Murders",0,4,"-100",2026-03-01,"Full Sample, Kansas","Mar 2026","2026-05-18 10:10:31 EDT",128960,2,"State Samples"
"Property Crimes",280,481,"-41.7879417879418",2026-03-01,"Full Sample, Kansas","Mar 2026","2026-05-18 10:10:31 EDT",128960,2,"State Samples"
"Rapes",10,7,"42.8571428571429",2026-03-01,"Full Sample, Kansas","Mar 2026","2026-05-18 10:10:31 EDT",128960,2,"State Samples"
"Robberies",5,1,"400",2026-03-01,"Full Sample, Kansas","Mar 2026","2026-05-18 10:10:31 EDT",128960,2,"State Samples"
"Thefts",238,297,"-19.8653198653199",2026-03-01,"Full Sample, Kansas","Mar 2026","2026-05-18 10:10:31 EDT",128960,2,"State Samples"
"Violent Crimes",81,67,"20.8955223880597",2026-03-01,"Full Sample, Kansas","Mar 2026","2026-05-18 10:10:31 EDT",128960,2,"State Samples"
"Aggravated Assaults",846,935,"-9.51871657754011",2026-03-01,"Full Sample, Kentucky","Mar 2026","2026-05-18 10:10:31 EDT",1248094,5,"State Samples"
"Burglaries",847,922,"-8.13449023861171",2026-03-01,"Full Sample, Kentucky","Mar 2026","2026-05-18 10:10:31 EDT",1248094,5,"State Samples"
"Motor Vehicle Thefts",1082,1409,"-23.207948899929",2026-03-01,"Full Sample, Kentucky","Mar 2026","2026-05-18 10:10:31 EDT",1248094,5,"State Samples"
"Murders",31,33,"-6.06060606060606",2026-03-01,"Full Sample, Kentucky","Mar 2026","2026-05-18 10:10:31 EDT",1248094,5,"State Samples"
"Property Crimes",7548,7787,"-3.06921792731476",2026-03-01,"Full Sample, Kentucky","Mar 2026","2026-05-18 10:10:31 EDT",1248094,5,"State Samples"
"Rapes",115,129,"-10.8527131782946",2026-03-01,"Full Sample, Kentucky","Mar 2026","2026-05-18 10:10:31 EDT",1248094,5,"State Samples"
"Robberies",185,259,"-28.5714285714286",2026-03-01,"Full Sample, Kentucky","Mar 2026","2026-05-18 10:10:31 EDT",1248094,5,"State Samples"
"Thefts",5619,5456,"2.9875366568915",2026-03-01,"Full Sample, Kentucky","Mar 2026","2026-05-18 10:10:31 EDT",1248094,5,"State Samples"
"Violent Crimes",1177,1356,"-13.2005899705015",2026-03-01,"Full Sample, Kentucky","Mar 2026","2026-05-18 10:10:31 EDT",1248094,5,"State Samples"
"Aggravated Assaults",1577,1730,"-8.84393063583815",2026-03-01,"Full Sample, Louisiana","Mar 2026","2026-05-18 10:10:31 EDT",1473075,8,"State Samples"
"Burglaries",1151,1419,"-18.8865398167724",2026-03-01,"Full Sample, Louisiana","Mar 2026","2026-05-18 10:10:31 EDT",1473075,8,"State Samples"
"Motor Vehicle Thefts",672,894,"-24.8322147651007",2026-03-01,"Full Sample, Louisiana","Mar 2026","2026-05-18 10:10:31 EDT",1473075,8,"State Samples"
"Murders",48,70,"-31.4285714285714",2026-03-01,"Full Sample, Louisiana","Mar 2026","2026-05-18 10:10:31 EDT",1473075,8,"State Samples"
"Property Crimes",7149,7974,"-10.3461249059443",2026-03-01,"Full Sample, Louisiana","Mar 2026","2026-05-18 10:10:31 EDT",1473075,8,"State Samples"
"Rapes",112,138,"-18.8405797101449",2026-03-01,"Full Sample, Louisiana","Mar 2026","2026-05-18 10:10:31 EDT",1473075,8,"State Samples"
"Robberies",216,237,"-8.86075949367089",2026-03-01,"Full Sample, Louisiana","Mar 2026","2026-05-18 10:10:31 EDT",1473075,8,"State Samples"
"Thefts",5326,5661,"-5.91768238827062",2026-03-01,"Full Sample, Louisiana","Mar 2026","2026-05-18 10:10:31 EDT",1473075,8,"State Samples"
"Violent Crimes",1953,2175,"-10.2068965517241",2026-03-01,"Full Sample, Louisiana","Mar 2026","2026-05-18 10:10:31 EDT",1473075,8,"State Samples"
"Aggravated Assaults",2325,2051,"13.359336908825",2026-03-01,"Full Sample, Maryland","Mar 2026","2026-05-18 10:10:31 EDT",3636425,7,"State Samples"
"Burglaries",1398,1774,"-21.1950394588501",2026-03-01,"Full Sample, Maryland","Mar 2026","2026-05-18 10:10:31 EDT",3636425,7,"State Samples"
"Motor Vehicle Thefts",3162,3412,"-7.32708089097304",2026-03-01,"Full Sample, Maryland","Mar 2026","2026-05-18 10:10:31 EDT",3636425,7,"State Samples"
"Murders",47,61,"-22.9508196721311",2026-03-01,"Full Sample, Maryland","Mar 2026","2026-05-18 10:10:31 EDT",3636425,7,"State Samples"
"Property Crimes",16882,18860,"-10.4878048780488",2026-03-01,"Full Sample, Maryland","Mar 2026","2026-05-18 10:10:31 EDT",3636425,7,"State Samples"
"Rapes",250,300,"-16.6666666666667",2026-03-01,"Full Sample, Maryland","Mar 2026","2026-05-18 10:10:31 EDT",3636425,7,"State Samples"
"Robberies",956,1308,"-26.9113149847095",2026-03-01,"Full Sample, Maryland","Mar 2026","2026-05-18 10:10:31 EDT",3636425,7,"State Samples"
"Thefts",12322,13674,"-9.88737750475355",2026-03-01,"Full Sample, Maryland","Mar 2026","2026-05-18 10:10:31 EDT",3636425,7,"State Samples"
"Violent Crimes",3578,3720,"-3.81720430107527",2026-03-01,"Full Sample, Maryland","Mar 2026","2026-05-18 10:10:31 EDT",3636425,7,"State Samples"
"Aggravated Assaults",1392,1449,"-3.93374741200828",2026-03-01,"Full Sample, Massachusetts","Mar 2026","2026-05-18 10:10:31 EDT",1891503,17,"State Samples"
"Burglaries",556,616,"-9.74025974025974",2026-03-01,"Full Sample, Massachusetts","Mar 2026","2026-05-18 10:10:31 EDT",1891503,17,"State Samples"
"Motor Vehicle Thefts",340,481,"-29.3139293139293",2026-03-01,"Full Sample, Massachusetts","Mar 2026","2026-05-18 10:10:31 EDT",1891503,17,"State Samples"
"Murders",6,17,"-64.7058823529412",2026-03-01,"Full Sample, Massachusetts","Mar 2026","2026-05-18 10:10:31 EDT",1891503,17,"State Samples"
"Property Crimes",5526,6189,"-10.7125545322346",2026-03-01,"Full Sample, Massachusetts","Mar 2026","2026-05-18 10:10:31 EDT",1891503,17,"State Samples"
"Rapes",107,122,"-12.2950819672131",2026-03-01,"Full Sample, Massachusetts","Mar 2026","2026-05-18 10:10:31 EDT",1891503,17,"State Samples"
"Robberies",216,240,"-10",2026-03-01,"Full Sample, Massachusetts","Mar 2026","2026-05-18 10:10:31 EDT",1891503,17,"State Samples"
"Thefts",4630,5092,"-9.07305577376277",2026-03-01,"Full Sample, Massachusetts","Mar 2026","2026-05-18 10:10:31 EDT",1891503,17,"State Samples"
"Violent Crimes",1721,1828,"-5.85339168490153",2026-03-01,"Full Sample, Massachusetts","Mar 2026","2026-05-18 10:10:31 EDT",1891503,17,"State Samples"
"Aggravated Assaults",3666,3727,"-1.63670512476523",2026-03-01,"Full Sample, Michigan","Mar 2026","2026-05-18 10:10:31 EDT",3090073,28,"State Samples"
"Burglaries",1384,1728,"-19.9074074074074",2026-03-01,"Full Sample, Michigan","Mar 2026","2026-05-18 10:10:31 EDT",3090073,28,"State Samples"
"Motor Vehicle Thefts",1988,2480,"-19.8387096774194",2026-03-01,"Full Sample, Michigan","Mar 2026","2026-05-18 10:10:31 EDT",3090073,28,"State Samples"
"Murders",47,48,"-2.08333333333333",2026-03-01,"Full Sample, Michigan","Mar 2026","2026-05-18 10:10:31 EDT",3090073,28,"State Samples"
"Property Crimes",11461,12651,"-9.40637103786262",2026-03-01,"Full Sample, Michigan","Mar 2026","2026-05-18 10:10:31 EDT",3090073,28,"State Samples"
"Rapes",377,416,"-9.375",2026-03-01,"Full Sample, Michigan","Mar 2026","2026-05-18 10:10:31 EDT",3090073,28,"State Samples"
"Robberies",312,362,"-13.8121546961326",2026-03-01,"Full Sample, Michigan","Mar 2026","2026-05-18 10:10:31 EDT",3090073,28,"State Samples"
"Thefts",8089,8443,"-4.19282245647282",2026-03-01,"Full Sample, Michigan","Mar 2026","2026-05-18 10:10:31 EDT",3090073,28,"State Samples"
"Violent Crimes",4402,4553,"-3.31649461893257",2026-03-01,"Full Sample, Michigan","Mar 2026","2026-05-18 10:10:31 EDT",3090073,28,"State Samples"
"Aggravated Assaults",1144,1051,"8.84871550903901",2026-03-01,"Full Sample, Minnesota","Mar 2026","2026-05-18 10:10:31 EDT",2027488,19,"State Samples"
"Burglaries",1016,1058,"-3.96975425330813",2026-03-01,"Full Sample, Minnesota","Mar 2026","2026-05-18 10:10:31 EDT",2027488,19,"State Samples"
"Motor Vehicle Thefts",2069,1697,"21.9210371243371",2026-03-01,"Full Sample, Minnesota","Mar 2026","2026-05-18 10:10:31 EDT",2027488,19,"State Samples"
"Murders",17,12,"41.6666666666667",2026-03-01,"Full Sample, Minnesota","Mar 2026","2026-05-18 10:10:31 EDT",2027488,19,"State Samples"
"Property Crimes",10136,10224,"-0.860719874804382",2026-03-01,"Full Sample, Minnesota","Mar 2026","2026-05-18 10:10:31 EDT",2027488,19,"State Samples"
"Rapes",233,251,"-7.17131474103586",2026-03-01,"Full Sample, Minnesota","Mar 2026","2026-05-18 10:10:31 EDT",2027488,19,"State Samples"
"Robberies",276,349,"-20.9169054441261",2026-03-01,"Full Sample, Minnesota","Mar 2026","2026-05-18 10:10:31 EDT",2027488,19,"State Samples"
"Thefts",7051,7469,"-5.59646539027982",2026-03-01,"Full Sample, Minnesota","Mar 2026","2026-05-18 10:10:31 EDT",2027488,19,"State Samples"
"Violent Crimes",1670,1663,"0.42092603728202",2026-03-01,"Full Sample, Minnesota","Mar 2026","2026-05-18 10:10:31 EDT",2027488,19,"State Samples"
"Aggravated Assaults",2758,2743,"0.546846518410499",2026-03-01,"Full Sample, Missouri","Mar 2026","2026-05-18 10:10:31 EDT",1988477,13,"State Samples"
"Burglaries",1939,1925,"0.727272727272727",2026-03-01,"Full Sample, Missouri","Mar 2026","2026-05-18 10:10:31 EDT",1988477,13,"State Samples"
"Motor Vehicle Thefts",3172,3161,"0.347991142043657",2026-03-01,"Full Sample, Missouri","Mar 2026","2026-05-18 10:10:31 EDT",1988477,13,"State Samples"
"Murders",77,79,"-2.53164556962025",2026-03-01,"Full Sample, Missouri","Mar 2026","2026-05-18 10:10:31 EDT",1988477,13,"State Samples"
"Property Crimes",14235,14138,"0.686094214174565",2026-03-01,"Full Sample, Missouri","Mar 2026","2026-05-18 10:10:31 EDT",1988477,13,"State Samples"
"Rapes",318,306,"3.92156862745098",2026-03-01,"Full Sample, Missouri","Mar 2026","2026-05-18 10:10:31 EDT",1988477,13,"State Samples"
"Robberies",543,541,"0.369685767097967",2026-03-01,"Full Sample, Missouri","Mar 2026","2026-05-18 10:10:31 EDT",1988477,13,"State Samples"
"Thefts",9124,9052,"0.795404330534688",2026-03-01,"Full Sample, Missouri","Mar 2026","2026-05-18 10:10:31 EDT",1988477,13,"State Samples"
"Violent Crimes",3696,3669,"0.735895339329518",2026-03-01,"Full Sample, Missouri","Mar 2026","2026-05-18 10:10:31 EDT",1988477,13,"State Samples"
"Aggravated Assaults",308,394,"-21.8274111675127",2026-03-01,"Full Sample, Montana","Mar 2026","2026-05-18 10:10:31 EDT",319939,4,"State Samples"
"Burglaries",109,151,"-27.8145695364238",2026-03-01,"Full Sample, Montana","Mar 2026","2026-05-18 10:10:31 EDT",319939,4,"State Samples"
"Motor Vehicle Thefts",113,151,"-25.1655629139073",2026-03-01,"Full Sample, Montana","Mar 2026","2026-05-18 10:10:31 EDT",319939,4,"State Samples"
"Murders",3,1,"200",2026-03-01,"Full Sample, Montana","Mar 2026","2026-05-18 10:10:31 EDT",319939,4,"State Samples"
"Property Crimes",1615,1843,"-12.3711340206186",2026-03-01,"Full Sample, Montana","Mar 2026","2026-05-18 10:10:31 EDT",319939,4,"State Samples"
"Rapes",59,86,"-31.3953488372093",2026-03-01,"Full Sample, Montana","Mar 2026","2026-05-18 10:10:31 EDT",319939,4,"State Samples"
"Robberies",21,29,"-27.5862068965517",2026-03-01,"Full Sample, Montana","Mar 2026","2026-05-18 10:10:31 EDT",319939,4,"State Samples"
"Thefts",1393,1541,"-9.60415314730694",2026-03-01,"Full Sample, Montana","Mar 2026","2026-05-18 10:10:31 EDT",319939,4,"State Samples"
"Violent Crimes",391,510,"-23.3333333333333",2026-03-01,"Full Sample, Montana","Mar 2026","2026-05-18 10:10:31 EDT",319939,4,"State Samples"
"Aggravated Assaults",83956,86214,"-2.61906418911082",2026-03-01,"Full Sample, Nationwide","Mar 2026","2026-05-18 10:10:31 EDT",115395442,557,"National Samples"
"Burglaries",61469,74787,"-17.8079077914611",2026-03-01,"Full Sample, Nationwide","Mar 2026","2026-05-18 10:10:31 EDT",115395442,557,"National Samples"
"Motor Vehicle Thefts",76164,95740,"-20.4470440777105",2026-03-01,"Full Sample, Nationwide","Mar 2026","2026-05-18 10:10:31 EDT",115395442,557,"National Samples"
"Murders",1398,1745,"-19.8853868194842",2026-03-01,"Full Sample, Nationwide","Mar 2026","2026-05-18 10:10:31 EDT",115395442,557,"National Samples"
"Property Crimes",508123,574947,"-11.6226365212794",2026-03-01,"Full Sample, Nationwide","Mar 2026","2026-05-18 10:10:31 EDT",115395442,557,"National Samples"
"Rapes",10429,11456,"-8.96473463687151",2026-03-01,"Full Sample, Nationwide","Mar 2026","2026-05-18 10:10:31 EDT",115395442,557,"National Samples"
"Robberies",21979,26012,"-15.5043825926495",2026-03-01,"Full Sample, Nationwide","Mar 2026","2026-05-18 10:10:31 EDT",115395442,557,"National Samples"
"Thefts",370490,404420,"-8.3897927896741",2026-03-01,"Full Sample, Nationwide","Mar 2026","2026-05-18 10:10:31 EDT",115395442,557,"National Samples"
"Violent Crimes",117762,125427,"-6.11112439905284",2026-03-01,"Full Sample, Nationwide","Mar 2026","2026-05-18 10:10:31 EDT",115395442,557,"National Samples"
"Aggravated Assaults",502,517,"-2.90135396518375",2026-03-01,"Full Sample, Nebraska","Mar 2026","2026-05-18 10:10:31 EDT",1097819,6,"State Samples"
"Burglaries",380,432,"-12.037037037037",2026-03-01,"Full Sample, Nebraska","Mar 2026","2026-05-18 10:10:31 EDT",1097819,6,"State Samples"
"Motor Vehicle Thefts",499,841,"-40.6658739595719",2026-03-01,"Full Sample, Nebraska","Mar 2026","2026-05-18 10:10:31 EDT",1097819,6,"State Samples"
"Murders",2,11,"-81.8181818181818",2026-03-01,"Full Sample, Nebraska","Mar 2026","2026-05-18 10:10:31 EDT",1097819,6,"State Samples"
"Property Crimes",4608,5261,"-12.4120889564722",2026-03-01,"Full Sample, Nebraska","Mar 2026","2026-05-18 10:10:31 EDT",1097819,6,"State Samples"
"Rapes",145,130,"11.5384615384615",2026-03-01,"Full Sample, Nebraska","Mar 2026","2026-05-18 10:10:31 EDT",1097819,6,"State Samples"
"Robberies",63,86,"-26.7441860465116",2026-03-01,"Full Sample, Nebraska","Mar 2026","2026-05-18 10:10:31 EDT",1097819,6,"State Samples"
"Thefts",3729,3988,"-6.49448345035105",2026-03-01,"Full Sample, Nebraska","Mar 2026","2026-05-18 10:10:31 EDT",1097819,6,"State Samples"
"Violent Crimes",712,744,"-4.3010752688172",2026-03-01,"Full Sample, Nebraska","Mar 2026","2026-05-18 10:10:31 EDT",1097819,6,"State Samples"
"Aggravated Assaults",1361,1396,"-2.50716332378223",2026-03-01,"Full Sample, Nevada","Mar 2026","2026-05-18 10:10:31 EDT",2583745,5,"State Samples"
"Burglaries",1854,2256,"-17.8191489361702",2026-03-01,"Full Sample, Nevada","Mar 2026","2026-05-18 10:10:31 EDT",2583745,5,"State Samples"
"Motor Vehicle Thefts",2346,2840,"-17.3943661971831",2026-03-01,"Full Sample, Nevada","Mar 2026","2026-05-18 10:10:31 EDT",2583745,5,"State Samples"
"Murders",22,31,"-29.0322580645161",2026-03-01,"Full Sample, Nevada","Mar 2026","2026-05-18 10:10:31 EDT",2583745,5,"State Samples"
"Property Crimes",12646,13312,"-5.00300480769231",2026-03-01,"Full Sample, Nevada","Mar 2026","2026-05-18 10:10:31 EDT",2583745,5,"State Samples"
"Rapes",68,83,"-18.0722891566265",2026-03-01,"Full Sample, Nevada","Mar 2026","2026-05-18 10:10:31 EDT",2583745,5,"State Samples"
"Robberies",303,337,"-10.0890207715134",2026-03-01,"Full Sample, Nevada","Mar 2026","2026-05-18 10:10:31 EDT",2583745,5,"State Samples"
"Thefts",8446,8216,"2.79941577409932",2026-03-01,"Full Sample, Nevada","Mar 2026","2026-05-18 10:10:31 EDT",2583745,5,"State Samples"
"Violent Crimes",1754,1847,"-5.03519220357336",2026-03-01,"Full Sample, Nevada","Mar 2026","2026-05-18 10:10:31 EDT",2583745,5,"State Samples"
"Aggravated Assaults",776,905,"-14.2541436464088",2026-03-01,"Full Sample, New Jersey","Mar 2026","2026-05-18 10:10:31 EDT",1298099,10,"State Samples"
"Burglaries",357,515,"-30.6796116504854",2026-03-01,"Full Sample, New Jersey","Mar 2026","2026-05-18 10:10:31 EDT",1298099,10,"State Samples"
"Motor Vehicle Thefts",901,1427,"-36.8605466012614",2026-03-01,"Full Sample, New Jersey","Mar 2026","2026-05-18 10:10:31 EDT",1298099,10,"State Samples"
"Murders",8,20,"-60",2026-03-01,"Full Sample, New Jersey","Mar 2026","2026-05-18 10:10:31 EDT",1298099,10,"State Samples"
"Property Crimes",4542,6198,"-26.7182962245886",2026-03-01,"Full Sample, New Jersey","Mar 2026","2026-05-18 10:10:31 EDT",1298099,10,"State Samples"
"Rapes",57,89,"-35.9550561797753",2026-03-01,"Full Sample, New Jersey","Mar 2026","2026-05-18 10:10:31 EDT",1298099,10,"State Samples"
"Robberies",198,292,"-32.1917808219178",2026-03-01,"Full Sample, New Jersey","Mar 2026","2026-05-18 10:10:31 EDT",1298099,10,"State Samples"
"Thefts",3284,4256,"-22.8383458646617",2026-03-01,"Full Sample, New Jersey","Mar 2026","2026-05-18 10:10:31 EDT",1298099,10,"State Samples"
"Violent Crimes",1039,1306,"-20.4441041347626",2026-03-01,"Full Sample, New Jersey","Mar 2026","2026-05-18 10:10:31 EDT",1298099,10,"State Samples"
"Aggravated Assaults",0,0,"0",2026-03-01,"Full Sample, New Mexico","Mar 2026","2026-05-18 10:10:31 EDT",648397,2,"State Samples"
"Burglaries",115,157,"-26.7515923566879",2026-03-01,"Full Sample, New Mexico","Mar 2026","2026-05-18 10:10:31 EDT",648397,2,"State Samples"
"Motor Vehicle Thefts",41,130,"-68.4615384615385",2026-03-01,"Full Sample, New Mexico","Mar 2026","2026-05-18 10:10:31 EDT",648397,2,"State Samples"
"Murders",13,13,"0",2026-03-01,"Full Sample, New Mexico","Mar 2026","2026-05-18 10:10:31 EDT",648397,2,"State Samples"
"Property Crimes",681,977,"-30.2968270214944",2026-03-01,"Full Sample, New Mexico","Mar 2026","2026-05-18 10:10:31 EDT",648397,2,"State Samples"
"Rapes",0,0,"0",2026-03-01,"Full Sample, New Mexico","Mar 2026","2026-05-18 10:10:31 EDT",648397,2,"State Samples"
"Robberies",10,16,"-37.5",2026-03-01,"Full Sample, New Mexico","Mar 2026","2026-05-18 10:10:31 EDT",648397,2,"State Samples"
"Thefts",525,690,"-23.9130434782609",2026-03-01,"Full Sample, New Mexico","Mar 2026","2026-05-18 10:10:31 EDT",648397,2,"State Samples"
"Violent Crimes",23,29,"-20.6896551724138",2026-03-01,"Full Sample, New Mexico","Mar 2026","2026-05-18 10:10:31 EDT",648397,2,"State Samples"
"Aggravated Assaults",7204,7233,"-0.400940135490115",2026-03-01,"Full Sample, New York","Mar 2026","2026-05-18 10:10:31 EDT",9253638,8,"State Samples"
"Burglaries",3011,3898,"-22.7552591072345",2026-03-01,"Full Sample, New York","Mar 2026","2026-05-18 10:10:31 EDT",9253638,8,"State Samples"
"Motor Vehicle Thefts",3203,3712,"-13.7122844827586",2026-03-01,"Full Sample, New York","Mar 2026","2026-05-18 10:10:31 EDT",9253638,8,"State Samples"
"Murders",62,94,"-34.0425531914894",2026-03-01,"Full Sample, New York","Mar 2026","2026-05-18 10:10:31 EDT",9253638,8,"State Samples"
"Property Crimes",19810,21750,"-8.91954022988506",2026-03-01,"Full Sample, New York","Mar 2026","2026-05-18 10:10:31 EDT",9253638,8,"State Samples"
"Rapes",554,510,"8.62745098039216",2026-03-01,"Full Sample, New York","Mar 2026","2026-05-18 10:10:31 EDT",9253638,8,"State Samples"
"Robberies",3122,3419,"-8.68675051184557",2026-03-01,"Full Sample, New York","Mar 2026","2026-05-18 10:10:31 EDT",9253638,8,"State Samples"
"Thefts",13596,14140,"-3.84724186704385",2026-03-01,"Full Sample, New York","Mar 2026","2026-05-18 10:10:31 EDT",9253638,8,"State Samples"
"Violent Crimes",10942,11256,"-2.78962331201137",2026-03-01,"Full Sample, New York","Mar 2026","2026-05-18 10:10:31 EDT",9253638,8,"State Samples"
"Aggravated Assaults",2431,2653,"-8.36788541274029",2026-03-01,"Full Sample, North Carolina","Mar 2026","2026-05-18 10:10:31 EDT",4063221,25,"State Samples"
"Burglaries",2166,2640,"-17.9545454545455",2026-03-01,"Full Sample, North Carolina","Mar 2026","2026-05-18 10:10:31 EDT",4063221,25,"State Samples"
"Motor Vehicle Thefts",2327,3229,"-27.9343449984515",2026-03-01,"Full Sample, North Carolina","Mar 2026","2026-05-18 10:10:31 EDT",4063221,25,"State Samples"
"Murders",67,64,"4.6875",2026-03-01,"Full Sample, North Carolina","Mar 2026","2026-05-18 10:10:31 EDT",4063221,25,"State Samples"
"Property Crimes",19393,22165,"-12.5062034739454",2026-03-01,"Full Sample, North Carolina","Mar 2026","2026-05-18 10:10:31 EDT",4063221,25,"State Samples"
"Rapes",251,250,"0.4",2026-03-01,"Full Sample, North Carolina","Mar 2026","2026-05-18 10:10:31 EDT",4063221,25,"State Samples"
"Robberies",508,590,"-13.8983050847458",2026-03-01,"Full Sample, North Carolina","Mar 2026","2026-05-18 10:10:31 EDT",4063221,25,"State Samples"
"Thefts",14900,16296,"-8.56651939126166",2026-03-01,"Full Sample, North Carolina","Mar 2026","2026-05-18 10:10:31 EDT",4063221,25,"State Samples"
"Violent Crimes",3257,3557,"-8.43407365757661",2026-03-01,"Full Sample, North Carolina","Mar 2026","2026-05-18 10:10:31 EDT",4063221,25,"State Samples"
"Aggravated Assaults",133,129,"3.10077519379845",2026-03-01,"Full Sample, North Dakota","Mar 2026","2026-05-18 10:10:31 EDT",270076,3,"State Samples"
"Burglaries",179,214,"-16.3551401869159",2026-03-01,"Full Sample, North Dakota","Mar 2026","2026-05-18 10:10:31 EDT",270076,3,"State Samples"
"Motor Vehicle Thefts",121,166,"-27.1084337349398",2026-03-01,"Full Sample, North Dakota","Mar 2026","2026-05-18 10:10:31 EDT",270076,3,"State Samples"
"Murders",2,0,"Undefined",2026-03-01,"Full Sample, North Dakota","Mar 2026","2026-05-18 10:10:31 EDT",270076,3,"State Samples"
"Property Crimes",1299,1604,"-19.0149625935162",2026-03-01,"Full Sample, North Dakota","Mar 2026","2026-05-18 10:10:31 EDT",270076,3,"State Samples"
"Rapes",37,41,"-9.75609756097561",2026-03-01,"Full Sample, North Dakota","Mar 2026","2026-05-18 10:10:31 EDT",270076,3,"State Samples"
"Robberies",26,20,"30",2026-03-01,"Full Sample, North Dakota","Mar 2026","2026-05-18 10:10:31 EDT",270076,3,"State Samples"
"Thefts",999,1224,"-18.3823529411765",2026-03-01,"Full Sample, North Dakota","Mar 2026","2026-05-18 10:10:31 EDT",270076,3,"State Samples"
"Violent Crimes",198,190,"4.21052631578947",2026-03-01,"Full Sample, North Dakota","Mar 2026","2026-05-18 10:10:31 EDT",270076,3,"State Samples"
"Aggravated Assaults",1420,1180,"20.3389830508475",2026-03-01,"Full Sample, Ohio","Mar 2026","2026-05-18 10:10:31 EDT",1921244,12,"State Samples"
"Burglaries",1591,1721,"-7.55374782103428",2026-03-01,"Full Sample, Ohio","Mar 2026","2026-05-18 10:10:31 EDT",1921244,12,"State Samples"
"Motor Vehicle Thefts",2058,2326,"-11.5219260533104",2026-03-01,"Full Sample, Ohio","Mar 2026","2026-05-18 10:10:31 EDT",1921244,12,"State Samples"
"Murders",30,36,"-16.6666666666667",2026-03-01,"Full Sample, Ohio","Mar 2026","2026-05-18 10:10:31 EDT",1921244,12,"State Samples"
"Property Crimes",10843,11927,"-9.08862245325732",2026-03-01,"Full Sample, Ohio","Mar 2026","2026-05-18 10:10:31 EDT",1921244,12,"State Samples"
"Rapes",290,386,"-24.8704663212435",2026-03-01,"Full Sample, Ohio","Mar 2026","2026-05-18 10:10:31 EDT",1921244,12,"State Samples"
"Robberies",364,430,"-15.3488372093023",2026-03-01,"Full Sample, Ohio","Mar 2026","2026-05-18 10:10:31 EDT",1921244,12,"State Samples"
"Thefts",7194,7880,"-8.70558375634518",2026-03-01,"Full Sample, Ohio","Mar 2026","2026-05-18 10:10:31 EDT",1921244,12,"State Samples"
"Violent Crimes",2104,2032,"3.54330708661417",2026-03-01,"Full Sample, Ohio","Mar 2026","2026-05-18 10:10:31 EDT",1921244,12,"State Samples"
"Aggravated Assaults",1557,1562,"-0.320102432778489",2026-03-01,"Full Sample, Oklahoma","Mar 2026","2026-05-18 10:10:31 EDT",1312353,7,"State Samples"
"Burglaries",1572,1709,"-8.0163838502048",2026-03-01,"Full Sample, Oklahoma","Mar 2026","2026-05-18 10:10:31 EDT",1312353,7,"State Samples"
"Motor Vehicle Thefts",795,955,"-16.7539267015707",2026-03-01,"Full Sample, Oklahoma","Mar 2026","2026-05-18 10:10:31 EDT",1312353,7,"State Samples"
"Murders",26,26,"0",2026-03-01,"Full Sample, Oklahoma","Mar 2026","2026-05-18 10:10:31 EDT",1312353,7,"State Samples"
"Property Crimes",8451,9063,"-6.75273088381331",2026-03-01,"Full Sample, Oklahoma","Mar 2026","2026-05-18 10:10:31 EDT",1312353,7,"State Samples"
"Rapes",230,230,"0",2026-03-01,"Full Sample, Oklahoma","Mar 2026","2026-05-18 10:10:31 EDT",1312353,7,"State Samples"
"Robberies",248,229,"8.29694323144105",2026-03-01,"Full Sample, Oklahoma","Mar 2026","2026-05-18 10:10:31 EDT",1312353,7,"State Samples"
"Thefts",6084,6399,"-4.92264416315049",2026-03-01,"Full Sample, Oklahoma","Mar 2026","2026-05-18 10:10:31 EDT",1312353,7,"State Samples"
"Violent Crimes",2061,2047,"0.683927699071812",2026-03-01,"Full Sample, Oklahoma","Mar 2026","2026-05-18 10:10:31 EDT",1312353,7,"State Samples"
"Aggravated Assaults",1050,1134,"-7.40740740740741",2026-03-01,"Full Sample, Oregon","Mar 2026","2026-05-18 10:10:31 EDT",1678670,10,"State Samples"
"Burglaries",1240,1652,"-24.9394673123487",2026-03-01,"Full Sample, Oregon","Mar 2026","2026-05-18 10:10:31 EDT",1678670,10,"State Samples"
"Motor Vehicle Thefts",1339,1573,"-14.8760330578512",2026-03-01,"Full Sample, Oregon","Mar 2026","2026-05-18 10:10:31 EDT",1678670,10,"State Samples"
"Murders",5,19,"-73.6842105263158",2026-03-01,"Full Sample, Oregon","Mar 2026","2026-05-18 10:10:31 EDT",1678670,10,"State Samples"
"Property Crimes",12864,13537,"-4.97155942971116",2026-03-01,"Full Sample, Oregon","Mar 2026","2026-05-18 10:10:31 EDT",1678670,10,"State Samples"
"Rapes",164,187,"-12.2994652406417",2026-03-01,"Full Sample, Oregon","Mar 2026","2026-05-18 10:10:31 EDT",1678670,10,"State Samples"
"Robberies",333,405,"-17.7777777777778",2026-03-01,"Full Sample, Oregon","Mar 2026","2026-05-18 10:10:31 EDT",1678670,10,"State Samples"
"Thefts",10285,10312,"-0.261830876648565",2026-03-01,"Full Sample, Oregon","Mar 2026","2026-05-18 10:10:31 EDT",1678670,10,"State Samples"
"Violent Crimes",1552,1745,"-11.0601719197708",2026-03-01,"Full Sample, Oregon","Mar 2026","2026-05-18 10:10:31 EDT",1678670,10,"State Samples"
"Aggravated Assaults",2183,2379,"-8.23875577973939",2026-03-01,"Full Sample, Pennsylvania","Mar 2026","2026-05-18 10:10:31 EDT",2909352,17,"State Samples"
"Burglaries",1334,1622,"-17.7558569667078",2026-03-01,"Full Sample, Pennsylvania","Mar 2026","2026-05-18 10:10:31 EDT",2909352,17,"State Samples"
"Motor Vehicle Thefts",3476,3873,"-10.2504518461141",2026-03-01,"Full Sample, Pennsylvania","Mar 2026","2026-05-18 10:10:31 EDT",2909352,17,"State Samples"
"Murders",33,68,"-51.4705882352941",2026-03-01,"Full Sample, Pennsylvania","Mar 2026","2026-05-18 10:10:31 EDT",2909352,17,"State Samples"
"Property Crimes",18353,20727,"-11.4536594779756",2026-03-01,"Full Sample, Pennsylvania","Mar 2026","2026-05-18 10:10:31 EDT",2909352,17,"State Samples"
"Rapes",248,277,"-10.4693140794224",2026-03-01,"Full Sample, Pennsylvania","Mar 2026","2026-05-18 10:10:31 EDT",2909352,17,"State Samples"
"Robberies",859,1025,"-16.1951219512195",2026-03-01,"Full Sample, Pennsylvania","Mar 2026","2026-05-18 10:10:31 EDT",2909352,17,"State Samples"
"Thefts",13543,15232,"-11.0884978991597",2026-03-01,"Full Sample, Pennsylvania","Mar 2026","2026-05-18 10:10:31 EDT",2909352,17,"State Samples"
"Violent Crimes",3323,3749,"-11.363030141371",2026-03-01,"Full Sample, Pennsylvania","Mar 2026","2026-05-18 10:10:31 EDT",2909352,17,"State Samples"
"Aggravated Assaults",43,37,"16.2162162162162",2026-03-01,"Full Sample, Rhode Island","Mar 2026","2026-05-18 10:10:31 EDT",244512,3,"State Samples"
"Burglaries",39,52,"-25",2026-03-01,"Full Sample, Rhode Island","Mar 2026","2026-05-18 10:10:31 EDT",244512,3,"State Samples"
"Motor Vehicle Thefts",53,63,"-15.8730158730159",2026-03-01,"Full Sample, Rhode Island","Mar 2026","2026-05-18 10:10:31 EDT",244512,3,"State Samples"
"Murders",4,0,"Undefined",2026-03-01,"Full Sample, Rhode Island","Mar 2026","2026-05-18 10:10:31 EDT",244512,3,"State Samples"
"Property Crimes",524,601,"-12.8119800332779",2026-03-01,"Full Sample, Rhode Island","Mar 2026","2026-05-18 10:10:31 EDT",244512,3,"State Samples"
"Rapes",22,17,"29.4117647058824",2026-03-01,"Full Sample, Rhode Island","Mar 2026","2026-05-18 10:10:31 EDT",244512,3,"State Samples"
"Robberies",9,14,"-35.7142857142857",2026-03-01,"Full Sample, Rhode Island","Mar 2026","2026-05-18 10:10:31 EDT",244512,3,"State Samples"
"Thefts",432,486,"-11.1111111111111",2026-03-01,"Full Sample, Rhode Island","Mar 2026","2026-05-18 10:10:31 EDT",244512,3,"State Samples"
"Violent Crimes",78,68,"14.7058823529412",2026-03-01,"Full Sample, Rhode Island","Mar 2026","2026-05-18 10:10:31 EDT",244512,3,"State Samples"
"Aggravated Assaults",859,959,"-10.4275286757039",2026-03-01,"Full Sample, South Carolina","Mar 2026","2026-05-18 10:10:31 EDT",1682644,11,"State Samples"
"Burglaries",739,916,"-19.3231441048035",2026-03-01,"Full Sample, South Carolina","Mar 2026","2026-05-18 10:10:31 EDT",1682644,11,"State Samples"
"Motor Vehicle Thefts",485,557,"-12.9263913824057",2026-03-01,"Full Sample, South Carolina","Mar 2026","2026-05-18 10:10:31 EDT",1682644,11,"State Samples"
"Murders",22,25,"-12",2026-03-01,"Full Sample, South Carolina","Mar 2026","2026-05-18 10:10:31 EDT",1682644,11,"State Samples"
"Property Crimes",4948,5793,"-14.5865699982738",2026-03-01,"Full Sample, South Carolina","Mar 2026","2026-05-18 10:10:31 EDT",1682644,11,"State Samples"
"Rapes",87,145,"-40",2026-03-01,"Full Sample, South Carolina","Mar 2026","2026-05-18 10:10:31 EDT",1682644,11,"State Samples"
"Robberies",60,86,"-30.2325581395349",2026-03-01,"Full Sample, South Carolina","Mar 2026","2026-05-18 10:10:31 EDT",1682644,11,"State Samples"
"Thefts",3724,4320,"-13.7962962962963",2026-03-01,"Full Sample, South Carolina","Mar 2026","2026-05-18 10:10:31 EDT",1682644,11,"State Samples"
"Violent Crimes",1028,1215,"-15.3909465020576",2026-03-01,"Full Sample, South Carolina","Mar 2026","2026-05-18 10:10:31 EDT",1682644,11,"State Samples"
"Aggravated Assaults",4216,5165,"-18.3736689254598",2026-03-01,"Full Sample, Tennessee","Mar 2026","2026-05-18 10:10:31 EDT",3290104,19,"State Samples"
"Burglaries",2017,2500,"-19.32",2026-03-01,"Full Sample, Tennessee","Mar 2026","2026-05-18 10:10:31 EDT",3290104,19,"State Samples"
"Motor Vehicle Thefts",1817,3822,"-52.4594453165882",2026-03-01,"Full Sample, Tennessee","Mar 2026","2026-05-18 10:10:31 EDT",3290104,19,"State Samples"
"Murders",73,98,"-25.5102040816327",2026-03-01,"Full Sample, Tennessee","Mar 2026","2026-05-18 10:10:31 EDT",3290104,19,"State Samples"
"Property Crimes",15578,22699,"-31.3714260540112",2026-03-01,"Full Sample, Tennessee","Mar 2026","2026-05-18 10:10:31 EDT",3290104,19,"State Samples"
"Rapes",331,379,"-12.664907651715",2026-03-01,"Full Sample, Tennessee","Mar 2026","2026-05-18 10:10:31 EDT",3290104,19,"State Samples"
"Robberies",466,764,"-39.0052356020942",2026-03-01,"Full Sample, Tennessee","Mar 2026","2026-05-18 10:10:31 EDT",3290104,19,"State Samples"
"Thefts",11744,16377,"-28.2896745435672",2026-03-01,"Full Sample, Tennessee","Mar 2026","2026-05-18 10:10:31 EDT",3290104,19,"State Samples"
"Violent Crimes",5086,6406,"-20.6056821729628",2026-03-01,"Full Sample, Tennessee","Mar 2026","2026-05-18 10:10:31 EDT",3290104,19,"State Samples"
"Aggravated Assaults",11572,12452,"-7.06713780918728",2026-03-01,"Full Sample, Texas","Mar 2026","2026-05-18 10:10:31 EDT",18969105,78,"State Samples"
"Burglaries",11317,13257,"-14.6337783812326",2026-03-01,"Full Sample, Texas","Mar 2026","2026-05-18 10:10:31 EDT",18969105,78,"State Samples"
"Motor Vehicle Thefts",12462,15970,"-21.9661865998748",2026-03-01,"Full Sample, Texas","Mar 2026","2026-05-18 10:10:31 EDT",18969105,78,"State Samples"
"Murders",208,254,"-18.1102362204724",2026-03-01,"Full Sample, Texas","Mar 2026","2026-05-18 10:10:31 EDT",18969105,78,"State Samples"
"Property Crimes",88285,100709,"-12.3365339741235",2026-03-01,"Full Sample, Texas","Mar 2026","2026-05-18 10:10:31 EDT",18969105,78,"State Samples"
"Rapes",2031,2287,"-11.1937035417578",2026-03-01,"Full Sample, Texas","Mar 2026","2026-05-18 10:10:31 EDT",18969105,78,"State Samples"
"Robberies",2639,3460,"-23.728323699422",2026-03-01,"Full Sample, Texas","Mar 2026","2026-05-18 10:10:31 EDT",18969105,78,"State Samples"
"Thefts",64506,71482,"-9.75910019305559",2026-03-01,"Full Sample, Texas","Mar 2026","2026-05-18 10:10:31 EDT",18969105,78,"State Samples"
"Violent Crimes",16450,18453,"-10.8546035874925",2026-03-01,"Full Sample, Texas","Mar 2026","2026-05-18 10:10:31 EDT",18969105,78,"State Samples"
"Aggravated Assaults",288,294,"-2.04081632653061",2026-03-01,"Full Sample, Utah","Mar 2026","2026-05-18 10:10:31 EDT",867339,10,"State Samples"
"Burglaries",185,202,"-8.41584158415842",2026-03-01,"Full Sample, Utah","Mar 2026","2026-05-18 10:10:31 EDT",867339,10,"State Samples"
"Motor Vehicle Thefts",191,214,"-10.7476635514019",2026-03-01,"Full Sample, Utah","Mar 2026","2026-05-18 10:10:31 EDT",867339,10,"State Samples"
"Murders",3,6,"-50",2026-03-01,"Full Sample, Utah","Mar 2026","2026-05-18 10:10:31 EDT",867339,10,"State Samples"
"Property Crimes",2409,2458,"-1.99349064279902",2026-03-01,"Full Sample, Utah","Mar 2026","2026-05-18 10:10:31 EDT",867339,10,"State Samples"
"Rapes",131,129,"1.55038759689922",2026-03-01,"Full Sample, Utah","Mar 2026","2026-05-18 10:10:31 EDT",867339,10,"State Samples"
"Robberies",36,41,"-12.1951219512195",2026-03-01,"Full Sample, Utah","Mar 2026","2026-05-18 10:10:31 EDT",867339,10,"State Samples"
"Thefts",2033,2042,"-0.440744368266406",2026-03-01,"Full Sample, Utah","Mar 2026","2026-05-18 10:10:31 EDT",867339,10,"State Samples"
"Violent Crimes",458,470,"-2.5531914893617",2026-03-01,"Full Sample, Utah","Mar 2026","2026-05-18 10:10:31 EDT",867339,10,"State Samples"
"Aggravated Assaults",710,757,"-6.20871862615588",2026-03-01,"Full Sample, Virginia","Mar 2026","2026-05-18 10:10:31 EDT",1809102,9,"State Samples"
"Burglaries",490,512,"-4.296875",2026-03-01,"Full Sample, Virginia","Mar 2026","2026-05-18 10:10:31 EDT",1809102,9,"State Samples"
"Motor Vehicle Thefts",530,597,"-11.2227805695142",2026-03-01,"Full Sample, Virginia","Mar 2026","2026-05-18 10:10:31 EDT",1809102,9,"State Samples"
"Murders",20,31,"-35.4838709677419",2026-03-01,"Full Sample, Virginia","Mar 2026","2026-05-18 10:10:31 EDT",1809102,9,"State Samples"
"Property Crimes",6930,7765,"-10.7533805537669",2026-03-01,"Full Sample, Virginia","Mar 2026","2026-05-18 10:10:31 EDT",1809102,9,"State Samples"
"Rapes",77,97,"-20.6185567010309",2026-03-01,"Full Sample, Virginia","Mar 2026","2026-05-18 10:10:31 EDT",1809102,9,"State Samples"
"Robberies",160,239,"-33.0543933054393",2026-03-01,"Full Sample, Virginia","Mar 2026","2026-05-18 10:10:31 EDT",1809102,9,"State Samples"
"Thefts",5910,6656,"-11.2079326923077",2026-03-01,"Full Sample, Virginia","Mar 2026","2026-05-18 10:10:31 EDT",1809102,9,"State Samples"
"Violent Crimes",967,1124,"-13.9679715302491",2026-03-01,"Full Sample, Virginia","Mar 2026","2026-05-18 10:10:31 EDT",1809102,9,"State Samples"
"Aggravated Assaults",759,740,"2.56756756756757",2026-03-01,"Full Sample, Washington","Mar 2026","2026-05-18 10:10:31 EDT",1030363,4,"State Samples"
"Burglaries",2050,1959,"4.64522715671261",2026-03-01,"Full Sample, Washington","Mar 2026","2026-05-18 10:10:31 EDT",1030363,4,"State Samples"
"Motor Vehicle Thefts",1280,1425,"-10.1754385964912",2026-03-01,"Full Sample, Washington","Mar 2026","2026-05-18 10:10:31 EDT",1030363,4,"State Samples"
"Murders",5,8,"-37.5",2026-03-01,"Full Sample, Washington","Mar 2026","2026-05-18 10:10:31 EDT",1030363,4,"State Samples"
"Property Crimes",9731,9961,"-2.30900511996787",2026-03-01,"Full Sample, Washington","Mar 2026","2026-05-18 10:10:31 EDT",1030363,4,"State Samples"
"Rapes",111,106,"4.71698113207547",2026-03-01,"Full Sample, Washington","Mar 2026","2026-05-18 10:10:31 EDT",1030363,4,"State Samples"
"Robberies",348,329,"5.77507598784195",2026-03-01,"Full Sample, Washington","Mar 2026","2026-05-18 10:10:31 EDT",1030363,4,"State Samples"
"Thefts",6401,6577,"-2.67599209365972",2026-03-01,"Full Sample, Washington","Mar 2026","2026-05-18 10:10:31 EDT",1030363,4,"State Samples"
"Violent Crimes",1223,1183,"3.38123415046492",2026-03-01,"Full Sample, Washington","Mar 2026","2026-05-18 10:10:31 EDT",1030363,4,"State Samples"
"Aggravated Assaults",445,367,"21.2534059945504",2026-03-01,"Full Sample, Wisconsin","Mar 2026","2026-05-18 10:10:31 EDT",945484,10,"State Samples"
"Burglaries",253,284,"-10.9154929577465",2026-03-01,"Full Sample, Wisconsin","Mar 2026","2026-05-18 10:10:31 EDT",945484,10,"State Samples"
"Motor Vehicle Thefts",249,217,"14.7465437788018",2026-03-01,"Full Sample, Wisconsin","Mar 2026","2026-05-18 10:10:31 EDT",945484,10,"State Samples"
"Murders",6,6,"0",2026-03-01,"Full Sample, Wisconsin","Mar 2026","2026-05-18 10:10:31 EDT",945484,10,"State Samples"
"Property Crimes",3044,3215,"-5.31881804043546",2026-03-01,"Full Sample, Wisconsin","Mar 2026","2026-05-18 10:10:31 EDT",945484,10,"State Samples"
"Rapes",93,104,"-10.5769230769231",2026-03-01,"Full Sample, Wisconsin","Mar 2026","2026-05-18 10:10:31 EDT",945484,10,"State Samples"
"Robberies",46,54,"-14.8148148148148",2026-03-01,"Full Sample, Wisconsin","Mar 2026","2026-05-18 10:10:31 EDT",945484,10,"State Samples"
"Thefts",2542,2714,"-6.33750921149595",2026-03-01,"Full Sample, Wisconsin","Mar 2026","2026-05-18 10:10:31 EDT",945484,10,"State Samples"
"Violent Crimes",590,531,"11.1111111111111",2026-03-01,"Full Sample, Wisconsin","Mar 2026","2026-05-18 10:10:31 EDT",945484,10,"State Samples"
"Aggravated Assaults",74,130,"-43.0769230769231",2026-03-01,"Fullerton, California","Mar 2026","2026-05-18 10:10:31 EDT",139131,1,"Individual Agencies"
"Burglaries",62,98,"-36.734693877551",2026-03-01,"Fullerton, California","Mar 2026","2026-05-18 10:10:31 EDT",139131,1,"Individual Agencies"
"Motor Vehicle Thefts",47,52,"-9.61538461538462",2026-03-01,"Fullerton, California","Mar 2026","2026-05-18 10:10:31 EDT",139131,1,"Individual Agencies"
"Murders",1,0,"Undefined",2026-03-01,"Fullerton, California","Mar 2026","2026-05-18 10:10:31 EDT",139131,1,"Individual Agencies"
"Property Crimes",495,686,"-27.8425655976676",2026-03-01,"Fullerton, California","Mar 2026","2026-05-18 10:10:31 EDT",139131,1,"Individual Agencies"
"Rapes",13,17,"-23.5294117647059",2026-03-01,"Fullerton, California","Mar 2026","2026-05-18 10:10:31 EDT",139131,1,"Individual Agencies"
"Robberies",15,25,"-40",2026-03-01,"Fullerton, California","Mar 2026","2026-05-18 10:10:31 EDT",139131,1,"Individual Agencies"
"Thefts",386,536,"-27.9850746268657",2026-03-01,"Fullerton, California","Mar 2026","2026-05-18 10:10:31 EDT",139131,1,"Individual Agencies"
"Violent Crimes",103,172,"-40.1162790697674",2026-03-01,"Fullerton, California","Mar 2026","2026-05-18 10:10:31 EDT",139131,1,"Individual Agencies"
"Aggravated Assaults",27,28,"-3.57142857142857",2026-03-01,"Galveston, Texas","Mar 2026","2026-05-18 10:10:31 EDT",52810,1,"Individual Agencies"
"Burglaries",24,18,"33.3333333333333",2026-03-01,"Galveston, Texas","Mar 2026","2026-05-18 10:10:31 EDT",52810,1,"Individual Agencies"
"Motor Vehicle Thefts",20,24,"-16.6666666666667",2026-03-01,"Galveston, Texas","Mar 2026","2026-05-18 10:10:31 EDT",52810,1,"Individual Agencies"
"Murders",0,0,"0",2026-03-01,"Galveston, Texas","Mar 2026","2026-05-18 10:10:31 EDT",52810,1,"Individual Agencies"
"Property Crimes",244,253,"-3.55731225296443",2026-03-01,"Galveston, Texas","Mar 2026","2026-05-18 10:10:31 EDT",52810,1,"Individual Agencies"
"Rapes",22,15,"46.6666666666667",2026-03-01,"Galveston, Texas","Mar 2026","2026-05-18 10:10:31 EDT",52810,1,"Individual Agencies"
"Robberies",10,13,"-23.0769230769231",2026-03-01,"Galveston, Texas","Mar 2026","2026-05-18 10:10:31 EDT",52810,1,"Individual Agencies"
"Thefts",200,211,"-5.21327014218009",2026-03-01,"Galveston, Texas","Mar 2026","2026-05-18 10:10:31 EDT",52810,1,"Individual Agencies"
"Violent Crimes",59,56,"5.35714285714286",2026-03-01,"Galveston, Texas","Mar 2026","2026-05-18 10:10:31 EDT",52810,1,"Individual Agencies"
"Aggravated Assaults",53,36,"47.2222222222222",2026-03-01,"Gardena, California","Mar 2026","2026-05-18 10:10:31 EDT",57853,1,"Individual Agencies"
"Burglaries",35,48,"-27.0833333333333",2026-03-01,"Gardena, California","Mar 2026","2026-05-18 10:10:31 EDT",57853,1,"Individual Agencies"
"Motor Vehicle Thefts",88,104,"-15.3846153846154",2026-03-01,"Gardena, California","Mar 2026","2026-05-18 10:10:31 EDT",57853,1,"Individual Agencies"
"Murders",0,1,"-100",2026-03-01,"Gardena, California","Mar 2026","2026-05-18 10:10:31 EDT",57853,1,"Individual Agencies"
"Property Crimes",384,457,"-15.9737417943107",2026-03-01,"Gardena, California","Mar 2026","2026-05-18 10:10:31 EDT",57853,1,"Individual Agencies"
"Rapes",5,4,"25",2026-03-01,"Gardena, California","Mar 2026","2026-05-18 10:10:31 EDT",57853,1,"Individual Agencies"
"Robberies",27,26,"3.84615384615385",2026-03-01,"Gardena, California","Mar 2026","2026-05-18 10:10:31 EDT",57853,1,"Individual Agencies"
"Thefts",261,305,"-14.4262295081967",2026-03-01,"Gardena, California","Mar 2026","2026-05-18 10:10:31 EDT",57853,1,"Individual Agencies"
"Violent Crimes",85,67,"26.865671641791",2026-03-01,"Gardena, California","Mar 2026","2026-05-18 10:10:31 EDT",57853,1,"Individual Agencies"
"Aggravated Assaults",64,73,"-12.3287671232877",2026-03-01,"Garland, Texas","Mar 2026","2026-05-18 10:10:31 EDT",240051,1,"Individual Agencies"
"Burglaries",98,144,"-31.9444444444444",2026-03-01,"Garland, Texas","Mar 2026","2026-05-18 10:10:31 EDT",240051,1,"Individual Agencies"
"Motor Vehicle Thefts",167,142,"17.6056338028169",2026-03-01,"Garland, Texas","Mar 2026","2026-05-18 10:10:31 EDT",240051,1,"Individual Agencies"
"Murders",1,3,"-66.6666666666667",2026-03-01,"Garland, Texas","Mar 2026","2026-05-18 10:10:31 EDT",240051,1,"Individual Agencies"
"Property Crimes",915,1037,"-11.7647058823529",2026-03-01,"Garland, Texas","Mar 2026","2026-05-18 10:10:31 EDT",240051,1,"Individual Agencies"
"Rapes",18,23,"-21.7391304347826",2026-03-01,"Garland, Texas","Mar 2026","2026-05-18 10:10:31 EDT",240051,1,"Individual Agencies"
"Robberies",19,34,"-44.1176470588235",2026-03-01,"Garland, Texas","Mar 2026","2026-05-18 10:10:31 EDT",240051,1,"Individual Agencies"
"Thefts",650,751,"-13.4487350199734",2026-03-01,"Garland, Texas","Mar 2026","2026-05-18 10:10:31 EDT",240051,1,"Individual Agencies"
"Violent Crimes",102,133,"-23.3082706766917",2026-03-01,"Garland, Texas","Mar 2026","2026-05-18 10:10:31 EDT",240051,1,"Individual Agencies"
"Aggravated Assaults",145,164,"-11.5853658536585",2026-03-01,"Gastonia, North Carolina","Mar 2026","2026-05-18 10:10:31 EDT",83739,1,"Individual Agencies"
"Burglaries",80,110,"-27.2727272727273",2026-03-01,"Gastonia, North Carolina","Mar 2026","2026-05-18 10:10:31 EDT",83739,1,"Individual Agencies"
"Motor Vehicle Thefts",29,68,"-57.3529411764706",2026-03-01,"Gastonia, North Carolina","Mar 2026","2026-05-18 10:10:31 EDT",83739,1,"Individual Agencies"
"Murders",1,2,"-50",2026-03-01,"Gastonia, North Carolina","Mar 2026","2026-05-18 10:10:31 EDT",83739,1,"Individual Agencies"
"Property Crimes",497,656,"-24.2378048780488",2026-03-01,"Gastonia, North Carolina","Mar 2026","2026-05-18 10:10:31 EDT",83739,1,"Individual Agencies"
"Rapes",8,6,"33.3333333333333",2026-03-01,"Gastonia, North Carolina","Mar 2026","2026-05-18 10:10:31 EDT",83739,1,"Individual Agencies"
"Robberies",10,19,"-47.3684210526316",2026-03-01,"Gastonia, North Carolina","Mar 2026","2026-05-18 10:10:31 EDT",83739,1,"Individual Agencies"
"Thefts",388,478,"-18.8284518828452",2026-03-01,"Gastonia, North Carolina","Mar 2026","2026-05-18 10:10:31 EDT",83739,1,"Individual Agencies"
"Violent Crimes",164,191,"-14.1361256544503",2026-03-01,"Gastonia, North Carolina","Mar 2026","2026-05-18 10:10:31 EDT",83739,1,"Individual Agencies"
"Aggravated Assaults",21,23,"-8.69565217391304",2026-03-01,"Georgetown, Texas","Mar 2026","2026-05-18 10:10:31 EDT",87871,1,"Individual Agencies"
"Burglaries",27,52,"-48.0769230769231",2026-03-01,"Georgetown, Texas","Mar 2026","2026-05-18 10:10:31 EDT",87871,1,"Individual Agencies"
"Motor Vehicle Thefts",19,22,"-13.6363636363636",2026-03-01,"Georgetown, Texas","Mar 2026","2026-05-18 10:10:31 EDT",87871,1,"Individual Agencies"
"Murders",2,0,"Undefined",2026-03-01,"Georgetown, Texas","Mar 2026","2026-05-18 10:10:31 EDT",87871,1,"Individual Agencies"
"Property Crimes",213,238,"-10.5042016806723",2026-03-01,"Georgetown, Texas","Mar 2026","2026-05-18 10:10:31 EDT",87871,1,"Individual Agencies"
"Rapes",5,8,"-37.5",2026-03-01,"Georgetown, Texas","Mar 2026","2026-05-18 10:10:31 EDT",87871,1,"Individual Agencies"
"Robberies",3,2,"50",2026-03-01,"Georgetown, Texas","Mar 2026","2026-05-18 10:10:31 EDT",87871,1,"Individual Agencies"
"Thefts",167,164,"1.82926829268293",2026-03-01,"Georgetown, Texas","Mar 2026","2026-05-18 10:10:31 EDT",87871,1,"Individual Agencies"
"Violent Crimes",31,33,"-6.06060606060606",2026-03-01,"Georgetown, Texas","Mar 2026","2026-05-18 10:10:31 EDT",87871,1,"Individual Agencies"
"Aggravated Assaults",55,71,"-22.5352112676056",2026-03-01,"Gilbert, Arizona","Mar 2026","2026-05-18 10:10:31 EDT",278495,1,"Individual Agencies"
"Burglaries",26,39,"-33.3333333333333",2026-03-01,"Gilbert, Arizona","Mar 2026","2026-05-18 10:10:31 EDT",278495,1,"Individual Agencies"
"Motor Vehicle Thefts",30,43,"-30.2325581395349",2026-03-01,"Gilbert, Arizona","Mar 2026","2026-05-18 10:10:31 EDT",278495,1,"Individual Agencies"
"Murders",2,0,"Undefined",2026-03-01,"Gilbert, Arizona","Mar 2026","2026-05-18 10:10:31 EDT",278495,1,"Individual Agencies"
"Property Crimes",579,623,"-7.06260032102729",2026-03-01,"Gilbert, Arizona","Mar 2026","2026-05-18 10:10:31 EDT",278495,1,"Individual Agencies"
"Rapes",25,19,"31.5789473684211",2026-03-01,"Gilbert, Arizona","Mar 2026","2026-05-18 10:10:31 EDT",278495,1,"Individual Agencies"
"Robberies",7,9,"-22.2222222222222",2026-03-01,"Gilbert, Arizona","Mar 2026","2026-05-18 10:10:31 EDT",278495,1,"Individual Agencies"
"Thefts",523,541,"-3.3271719038817",2026-03-01,"Gilbert, Arizona","Mar 2026","2026-05-18 10:10:31 EDT",278495,1,"Individual Agencies"
"Violent Crimes",89,99,"-10.1010101010101",2026-03-01,"Gilbert, Arizona","Mar 2026","2026-05-18 10:10:31 EDT",278495,1,"Individual Agencies"
"Aggravated Assaults",40,37,"8.10810810810811",2026-03-01,"Gilroy, California","Mar 2026","2026-05-18 10:10:31 EDT",57331,1,"Individual Agencies"
"Burglaries",23,25,"-8",2026-03-01,"Gilroy, California","Mar 2026","2026-05-18 10:10:31 EDT",57331,1,"Individual Agencies"
"Motor Vehicle Thefts",40,41,"-2.4390243902439",2026-03-01,"Gilroy, California","Mar 2026","2026-05-18 10:10:31 EDT",57331,1,"Individual Agencies"
"Murders",0,0,"0",2026-03-01,"Gilroy, California","Mar 2026","2026-05-18 10:10:31 EDT",57331,1,"Individual Agencies"
"Property Crimes",252,263,"-4.18250950570342",2026-03-01,"Gilroy, California","Mar 2026","2026-05-18 10:10:31 EDT",57331,1,"Individual Agencies"
"Rapes",7,7,"0",2026-03-01,"Gilroy, California","Mar 2026","2026-05-18 10:10:31 EDT",57331,1,"Individual Agencies"
"Robberies",12,12,"0",2026-03-01,"Gilroy, California","Mar 2026","2026-05-18 10:10:31 EDT",57331,1,"Individual Agencies"
"Thefts",189,197,"-4.06091370558376",2026-03-01,"Gilroy, California","Mar 2026","2026-05-18 10:10:31 EDT",57331,1,"Individual Agencies"
"Violent Crimes",59,56,"5.35714285714286",2026-03-01,"Gilroy, California","Mar 2026","2026-05-18 10:10:31 EDT",57331,1,"Individual Agencies"
"Aggravated Assaults",115,184,"-37.5",2026-02-01,"Glendale, Arizona","Feb 2026","2026-05-18 10:10:31 EDT",253768,1,"Individual Agencies"
"Burglaries",102,119,"-14.2857142857143",2026-02-01,"Glendale, Arizona","Feb 2026","2026-05-18 10:10:31 EDT",253768,1,"Individual Agencies"
"Motor Vehicle Thefts",78,170,"-54.1176470588235",2026-02-01,"Glendale, Arizona","Feb 2026","2026-05-18 10:10:31 EDT",253768,1,"Individual Agencies"
"Murders",0,2,"-100",2026-02-01,"Glendale, Arizona","Feb 2026","2026-05-18 10:10:31 EDT",253768,1,"Individual Agencies"
"Rapes",20,25,"-20",2026-02-01,"Glendale, Arizona","Feb 2026","2026-05-18 10:10:31 EDT",253768,1,"Individual Agencies"
"Robberies",20,23,"-13.0434782608696",2026-02-01,"Glendale, Arizona","Feb 2026","2026-05-18 10:10:31 EDT",253768,1,"Individual Agencies"
"Thefts",661,781,"-15.3649167733675",2026-02-01,"Glendale, Arizona","Feb 2026","2026-05-18 10:10:31 EDT",253768,1,"Individual Agencies"
"Aggravated Assaults",65,68,"-4.41176470588235",2026-03-01,"Glendale, California","Mar 2026","2026-05-18 10:10:31 EDT",185923,1,"Individual Agencies"
"Burglaries",45,102,"-55.8823529411765",2026-03-01,"Glendale, California","Mar 2026","2026-05-18 10:10:31 EDT",185923,1,"Individual Agencies"
"Motor Vehicle Thefts",58,93,"-37.6344086021505",2026-03-01,"Glendale, California","Mar 2026","2026-05-18 10:10:31 EDT",185923,1,"Individual Agencies"
"Murders",1,1,"0",2026-03-01,"Glendale, California","Mar 2026","2026-05-18 10:10:31 EDT",185923,1,"Individual Agencies"
"Property Crimes",767,922,"-16.8112798264642",2026-03-01,"Glendale, California","Mar 2026","2026-05-18 10:10:31 EDT",185923,1,"Individual Agencies"
"Rapes",4,3,"33.3333333333333",2026-03-01,"Glendale, California","Mar 2026","2026-05-18 10:10:31 EDT",185923,1,"Individual Agencies"
"Robberies",25,37,"-32.4324324324324",2026-03-01,"Glendale, California","Mar 2026","2026-05-18 10:10:31 EDT",185923,1,"Individual Agencies"
"Thefts",664,727,"-8.66574965612105",2026-03-01,"Glendale, California","Mar 2026","2026-05-18 10:10:31 EDT",185923,1,"Individual Agencies"
"Violent Crimes",95,109,"-12.8440366972477",2026-03-01,"Glendale, California","Mar 2026","2026-05-18 10:10:31 EDT",185923,1,"Individual Agencies"
"Aggravated Assaults",54,45,"20",2026-03-01,"Goodyear, Arizona","Mar 2026","2026-05-18 10:10:31 EDT",109929,1,"Individual Agencies"
"Burglaries",32,38,"-15.7894736842105",2026-03-01,"Goodyear, Arizona","Mar 2026","2026-05-18 10:10:31 EDT",109929,1,"Individual Agencies"
"Motor Vehicle Thefts",25,33,"-24.2424242424242",2026-03-01,"Goodyear, Arizona","Mar 2026","2026-05-18 10:10:31 EDT",109929,1,"Individual Agencies"
"Murders",0,0,"0",2026-03-01,"Goodyear, Arizona","Mar 2026","2026-05-18 10:10:31 EDT",109929,1,"Individual Agencies"
"Property Crimes",328,451,"-27.2727272727273",2026-03-01,"Goodyear, Arizona","Mar 2026","2026-05-18 10:10:31 EDT",109929,1,"Individual Agencies"
"Rapes",10,7,"42.8571428571429",2026-03-01,"Goodyear, Arizona","Mar 2026","2026-05-18 10:10:31 EDT",109929,1,"Individual Agencies"
"Robberies",2,6,"-66.6666666666667",2026-03-01,"Goodyear, Arizona","Mar 2026","2026-05-18 10:10:31 EDT",109929,1,"Individual Agencies"
"Thefts",271,380,"-28.6842105263158",2026-03-01,"Goodyear, Arizona","Mar 2026","2026-05-18 10:10:31 EDT",109929,1,"Individual Agencies"
"Violent Crimes",66,58,"13.7931034482759",2026-03-01,"Goodyear, Arizona","Mar 2026","2026-05-18 10:10:31 EDT",109929,1,"Individual Agencies"
"Aggravated Assaults",28,30,"-6.66666666666667",2026-03-01,"Grand Forks, North Dakota","Mar 2026","2026-05-18 10:10:31 EDT",58470,1,"Individual Agencies"
"Burglaries",17,23,"-26.0869565217391",2026-03-01,"Grand Forks, North Dakota","Mar 2026","2026-05-18 10:10:31 EDT",58470,1,"Individual Agencies"
"Motor Vehicle Thefts",18,20,"-10",2026-03-01,"Grand Forks, North Dakota","Mar 2026","2026-05-18 10:10:31 EDT",58470,1,"Individual Agencies"
"Murders",0,0,"0",2026-03-01,"Grand Forks, North Dakota","Mar 2026","2026-05-18 10:10:31 EDT",58470,1,"Individual Agencies"
"Property Crimes",224,265,"-15.4716981132075",2026-03-01,"Grand Forks, North Dakota","Mar 2026","2026-05-18 10:10:31 EDT",58470,1,"Individual Agencies"
"Rapes",13,7,"85.7142857142857",2026-03-01,"Grand Forks, North Dakota","Mar 2026","2026-05-18 10:10:31 EDT",58470,1,"Individual Agencies"
"Robberies",4,3,"33.3333333333333",2026-03-01,"Grand Forks, North Dakota","Mar 2026","2026-05-18 10:10:31 EDT",58470,1,"Individual Agencies"
"Thefts",189,222,"-14.8648648648649",2026-03-01,"Grand Forks, North Dakota","Mar 2026","2026-05-18 10:10:31 EDT",58470,1,"Individual Agencies"
"Violent Crimes",45,40,"12.5",2026-03-01,"Grand Forks, North Dakota","Mar 2026","2026-05-18 10:10:31 EDT",58470,1,"Individual Agencies"
"Aggravated Assaults",27,36,"-25",2026-03-01,"Grand Island, Nebraska","Mar 2026","2026-05-18 10:10:31 EDT",52264,1,"Individual Agencies"
"Burglaries",15,28,"-46.4285714285714",2026-03-01,"Grand Island, Nebraska","Mar 2026","2026-05-18 10:10:31 EDT",52264,1,"Individual Agencies"
"Motor Vehicle Thefts",9,30,"-70",2026-03-01,"Grand Island, Nebraska","Mar 2026","2026-05-18 10:10:31 EDT",52264,1,"Individual Agencies"
"Murders",0,0,"0",2026-03-01,"Grand Island, Nebraska","Mar 2026","2026-05-18 10:10:31 EDT",52264,1,"Individual Agencies"
"Property Crimes",186,215,"-13.4883720930233",2026-03-01,"Grand Island, Nebraska","Mar 2026","2026-05-18 10:10:31 EDT",52264,1,"Individual Agencies"
"Rapes",8,12,"-33.3333333333333",2026-03-01,"Grand Island, Nebraska","Mar 2026","2026-05-18 10:10:31 EDT",52264,1,"Individual Agencies"
"Robberies",2,2,"0",2026-03-01,"Grand Island, Nebraska","Mar 2026","2026-05-18 10:10:31 EDT",52264,1,"Individual Agencies"
"Thefts",162,157,"3.18471337579618",2026-03-01,"Grand Island, Nebraska","Mar 2026","2026-05-18 10:10:31 EDT",52264,1,"Individual Agencies"
"Violent Crimes",37,50,"-26",2026-03-01,"Grand Island, Nebraska","Mar 2026","2026-05-18 10:10:31 EDT",52264,1,"Individual Agencies"
"Aggravated Assaults",70,73,"-4.10958904109589",2026-03-01,"Grand Junction, Colorado","Mar 2026","2026-05-18 10:10:31 EDT",69240,1,"Individual Agencies"
"Burglaries",32,39,"-17.9487179487179",2026-03-01,"Grand Junction, Colorado","Mar 2026","2026-05-18 10:10:31 EDT",69240,1,"Individual Agencies"
"Motor Vehicle Thefts",23,30,"-23.3333333333333",2026-03-01,"Grand Junction, Colorado","Mar 2026","2026-05-18 10:10:31 EDT",69240,1,"Individual Agencies"
"Murders",0,0,"0",2026-03-01,"Grand Junction, Colorado","Mar 2026","2026-05-18 10:10:31 EDT",69240,1,"Individual Agencies"
"Property Crimes",441,455,"-3.07692307692308",2026-03-01,"Grand Junction, Colorado","Mar 2026","2026-05-18 10:10:31 EDT",69240,1,"Individual Agencies"
"Rapes",12,15,"-20",2026-03-01,"Grand Junction, Colorado","Mar 2026","2026-05-18 10:10:31 EDT",69240,1,"Individual Agencies"
"Robberies",5,3,"66.6666666666667",2026-03-01,"Grand Junction, Colorado","Mar 2026","2026-05-18 10:10:31 EDT",69240,1,"Individual Agencies"
"Thefts",386,386,"0",2026-03-01,"Grand Junction, Colorado","Mar 2026","2026-05-18 10:10:31 EDT",69240,1,"Individual Agencies"
"Violent Crimes",87,91,"-4.3956043956044",2026-03-01,"Grand Junction, Colorado","Mar 2026","2026-05-18 10:10:31 EDT",69240,1,"Individual Agencies"
"Aggravated Assaults",93,85,"9.41176470588235",2026-03-01,"Grand Prairie, Texas","Mar 2026","2026-05-18 10:10:31 EDT",205487,1,"Individual Agencies"
"Burglaries",33,51,"-35.2941176470588",2026-03-01,"Grand Prairie, Texas","Mar 2026","2026-05-18 10:10:31 EDT",205487,1,"Individual Agencies"
"Motor Vehicle Thefts",85,93,"-8.60215053763441",2026-03-01,"Grand Prairie, Texas","Mar 2026","2026-05-18 10:10:31 EDT",205487,1,"Individual Agencies"
"Murders",1,1,"0",2026-03-01,"Grand Prairie, Texas","Mar 2026","2026-05-18 10:10:31 EDT",205487,1,"Individual Agencies"
"Property Crimes",600,647,"-7.26429675425039",2026-03-01,"Grand Prairie, Texas","Mar 2026","2026-05-18 10:10:31 EDT",205487,1,"Individual Agencies"
"Rapes",12,9,"33.3333333333333",2026-03-01,"Grand Prairie, Texas","Mar 2026","2026-05-18 10:10:31 EDT",205487,1,"Individual Agencies"
"Robberies",12,6,"100",2026-03-01,"Grand Prairie, Texas","Mar 2026","2026-05-18 10:10:31 EDT",205487,1,"Individual Agencies"
"Thefts",482,503,"-4.17495029821074",2026-03-01,"Grand Prairie, Texas","Mar 2026","2026-05-18 10:10:31 EDT",205487,1,"Individual Agencies"
"Violent Crimes",118,101,"16.8316831683168",2026-03-01,"Grand Prairie, Texas","Mar 2026","2026-05-18 10:10:31 EDT",205487,1,"Individual Agencies"
"Aggravated Assaults",280,295,"-5.08474576271187",2026-03-01,"Grand Rapids, Michigan","Mar 2026","2026-05-18 10:10:31 EDT",196019,1,"Individual Agencies"
"Burglaries",62,78,"-20.5128205128205",2026-03-01,"Grand Rapids, Michigan","Mar 2026","2026-05-18 10:10:31 EDT",196019,1,"Individual Agencies"
"Motor Vehicle Thefts",86,81,"6.17283950617284",2026-03-01,"Grand Rapids, Michigan","Mar 2026","2026-05-18 10:10:31 EDT",196019,1,"Individual Agencies"
"Murders",5,2,"150",2026-03-01,"Grand Rapids, Michigan","Mar 2026","2026-05-18 10:10:31 EDT",196019,1,"Individual Agencies"
"Property Crimes",865,886,"-2.37020316027088",2026-03-01,"Grand Rapids, Michigan","Mar 2026","2026-05-18 10:10:31 EDT",196019,1,"Individual Agencies"
"Rapes",41,41,"0",2026-03-01,"Grand Rapids, Michigan","Mar 2026","2026-05-18 10:10:31 EDT",196019,1,"Individual Agencies"
"Robberies",27,36,"-25",2026-03-01,"Grand Rapids, Michigan","Mar 2026","2026-05-18 10:10:31 EDT",196019,1,"Individual Agencies"
"Thefts",717,727,"-1.37551581843191",2026-03-01,"Grand Rapids, Michigan","Mar 2026","2026-05-18 10:10:31 EDT",196019,1,"Individual Agencies"
"Violent Crimes",353,374,"-5.61497326203209",2026-03-01,"Grand Rapids, Michigan","Mar 2026","2026-05-18 10:10:31 EDT",196019,1,"Individual Agencies"
"Aggravated Assaults",12,9,"33.3333333333333",2026-03-01,"Grapevine, Texas","Mar 2026","2026-05-18 10:10:31 EDT",51458,1,"Individual Agencies"
"Burglaries",8,12,"-33.3333333333333",2026-03-01,"Grapevine, Texas","Mar 2026","2026-05-18 10:10:31 EDT",51458,1,"Individual Agencies"
"Motor Vehicle Thefts",28,38,"-26.3157894736842",2026-03-01,"Grapevine, Texas","Mar 2026","2026-05-18 10:10:31 EDT",51458,1,"Individual Agencies"
"Murders",0,0,"0",2026-03-01,"Grapevine, Texas","Mar 2026","2026-05-18 10:10:31 EDT",51458,1,"Individual Agencies"
"Property Crimes",155,220,"-29.5454545454545",2026-03-01,"Grapevine, Texas","Mar 2026","2026-05-18 10:10:31 EDT",51458,1,"Individual Agencies"
"Rapes",2,5,"-60",2026-03-01,"Grapevine, Texas","Mar 2026","2026-05-18 10:10:31 EDT",51458,1,"Individual Agencies"
"Robberies",0,2,"-100",2026-03-01,"Grapevine, Texas","Mar 2026","2026-05-18 10:10:31 EDT",51458,1,"Individual Agencies"
"Thefts",119,170,"-30",2026-03-01,"Grapevine, Texas","Mar 2026","2026-05-18 10:10:31 EDT",51458,1,"Individual Agencies"
"Violent Crimes",14,16,"-12.5",2026-03-01,"Grapevine, Texas","Mar 2026","2026-05-18 10:10:31 EDT",51458,1,"Individual Agencies"
"Aggravated Assaults",48,93,"-48.3870967741936",2026-03-01,"Great Falls, Montana","Mar 2026","2026-05-18 10:10:31 EDT",60358,1,"Individual Agencies"
"Burglaries",16,48,"-66.6666666666667",2026-03-01,"Great Falls, Montana","Mar 2026","2026-05-18 10:10:31 EDT",60358,1,"Individual Agencies"
"Motor Vehicle Thefts",18,26,"-30.7692307692308",2026-03-01,"Great Falls, Montana","Mar 2026","2026-05-18 10:10:31 EDT",60358,1,"Individual Agencies"
"Murders",0,0,"0",2026-03-01,"Great Falls, Montana","Mar 2026","2026-05-18 10:10:31 EDT",60358,1,"Individual Agencies"
"Property Crimes",418,390,"7.17948717948718",2026-03-01,"Great Falls, Montana","Mar 2026","2026-05-18 10:10:31 EDT",60358,1,"Individual Agencies"
"Rapes",12,16,"-25",2026-03-01,"Great Falls, Montana","Mar 2026","2026-05-18 10:10:31 EDT",60358,1,"Individual Agencies"
"Robberies",6,2,"200",2026-03-01,"Great Falls, Montana","Mar 2026","2026-05-18 10:10:31 EDT",60358,1,"Individual Agencies"
"Thefts",384,316,"21.5189873417722",2026-03-01,"Great Falls, Montana","Mar 2026","2026-05-18 10:10:31 EDT",60358,1,"Individual Agencies"
"Violent Crimes",66,111,"-40.5405405405405",2026-03-01,"Great Falls, Montana","Mar 2026","2026-05-18 10:10:31 EDT",60358,1,"Individual Agencies"
"Aggravated Assaults",34,29,"17.2413793103448",2026-01-01,"Greeley, Colorado","Jan 2026","2026-05-18 10:10:31 EDT",109183,1,"Individual Agencies"
"Burglaries",21,39,"-46.1538461538462",2026-01-01,"Greeley, Colorado","Jan 2026","2026-05-18 10:10:31 EDT",109183,1,"Individual Agencies"
"Motor Vehicle Thefts",23,56,"-58.9285714285714",2026-01-01,"Greeley, Colorado","Jan 2026","2026-05-18 10:10:31 EDT",109183,1,"Individual Agencies"
"Murders",0,0,"0",2026-01-01,"Greeley, Colorado","Jan 2026","2026-05-18 10:10:31 EDT",109183,1,"Individual Agencies"
"Rapes",2,4,"-50",2026-01-01,"Greeley, Colorado","Jan 2026","2026-05-18 10:10:31 EDT",109183,1,"Individual Agencies"
"Robberies",5,6,"-16.6666666666667",2026-01-01,"Greeley, Colorado","Jan 2026","2026-05-18 10:10:31 EDT",109183,1,"Individual Agencies"
"Thefts",139,207,"-32.8502415458937",2026-01-01,"Greeley, Colorado","Jan 2026","2026-05-18 10:10:31 EDT",109183,1,"Individual Agencies"
"Aggravated Assaults",147,64,"129.6875",2026-03-01,"Green Bay, Wisconsin","Mar 2026","2026-05-18 10:10:31 EDT",105521,1,"Individual Agencies"
"Burglaries",26,22,"18.1818181818182",2026-03-01,"Green Bay, Wisconsin","Mar 2026","2026-05-18 10:10:31 EDT",105521,1,"Individual Agencies"
"Motor Vehicle Thefts",45,39,"15.3846153846154",2026-03-01,"Green Bay, Wisconsin","Mar 2026","2026-05-18 10:10:31 EDT",105521,1,"Individual Agencies"
"Murders",0,1,"-100",2026-03-01,"Green Bay, Wisconsin","Mar 2026","2026-05-18 10:10:31 EDT",105521,1,"Individual Agencies"
"Property Crimes",269,258,"4.26356589147287",2026-03-01,"Green Bay, Wisconsin","Mar 2026","2026-05-18 10:10:31 EDT",105521,1,"Individual Agencies"
"Rapes",19,8,"137.5",2026-03-01,"Green Bay, Wisconsin","Mar 2026","2026-05-18 10:10:31 EDT",105521,1,"Individual Agencies"
"Robberies",4,4,"0",2026-03-01,"Green Bay, Wisconsin","Mar 2026","2026-05-18 10:10:31 EDT",105521,1,"Individual Agencies"
"Thefts",198,197,"0.50761421319797",2026-03-01,"Green Bay, Wisconsin","Mar 2026","2026-05-18 10:10:31 EDT",105521,1,"Individual Agencies"
"Violent Crimes",170,77,"120.779220779221",2026-03-01,"Green Bay, Wisconsin","Mar 2026","2026-05-18 10:10:31 EDT",105521,1,"Individual Agencies"
"Aggravated Assaults",7,14,"-50",2026-03-01,"Green Township, Ohio","Mar 2026","2026-05-18 10:10:31 EDT",59277,1,"Individual Agencies"
"Burglaries",22,16,"37.5",2026-03-01,"Green Township, Ohio","Mar 2026","2026-05-18 10:10:31 EDT",59277,1,"Individual Agencies"
"Motor Vehicle Thefts",7,15,"-53.3333333333333",2026-03-01,"Green Township, Ohio","Mar 2026","2026-05-18 10:10:31 EDT",59277,1,"Individual Agencies"
"Murders",0,0,"0",2026-03-01,"Green Township, Ohio","Mar 2026","2026-05-18 10:10:31 EDT",59277,1,"Individual Agencies"
"Property Crimes",194,187,"3.74331550802139",2026-03-01,"Green Township, Ohio","Mar 2026","2026-05-18 10:10:31 EDT",59277,1,"Individual Agencies"
"Rapes",2,2,"0",2026-03-01,"Green Township, Ohio","Mar 2026","2026-05-18 10:10:31 EDT",59277,1,"Individual Agencies"
"Robberies",2,7,"-71.4285714285714",2026-03-01,"Green Township, Ohio","Mar 2026","2026-05-18 10:10:31 EDT",59277,1,"Individual Agencies"
"Thefts",165,156,"5.76923076923077",2026-03-01,"Green Township, Ohio","Mar 2026","2026-05-18 10:10:31 EDT",59277,1,"Individual Agencies"
"Violent Crimes",11,23,"-52.1739130434783",2026-03-01,"Green Township, Ohio","Mar 2026","2026-05-18 10:10:31 EDT",59277,1,"Individual Agencies"
"Aggravated Assaults",229,284,"-19.3661971830986",2026-03-01,"Greenville County, South Carolina","Mar 2026","2026-05-18 10:10:31 EDT",379428,1,"Individual Agencies"
"Burglaries",137,184,"-25.5434782608696",2026-03-01,"Greenville County, South Carolina","Mar 2026","2026-05-18 10:10:31 EDT",379428,1,"Individual Agencies"
"Motor Vehicle Thefts",86,101,"-14.8514851485149",2026-03-01,"Greenville County, South Carolina","Mar 2026","2026-05-18 10:10:31 EDT",379428,1,"Individual Agencies"
"Murders",4,5,"-20",2026-03-01,"Greenville County, South Carolina","Mar 2026","2026-05-18 10:10:31 EDT",379428,1,"Individual Agencies"
"Property Crimes",844,1203,"-29.8420615128845",2026-03-01,"Greenville County, South Carolina","Mar 2026","2026-05-18 10:10:31 EDT",379428,1,"Individual Agencies"
"Rapes",18,37,"-51.3513513513513",2026-03-01,"Greenville County, South Carolina","Mar 2026","2026-05-18 10:10:31 EDT",379428,1,"Individual Agencies"
"Robberies",15,18,"-16.6666666666667",2026-03-01,"Greenville County, South Carolina","Mar 2026","2026-05-18 10:10:31 EDT",379428,1,"Individual Agencies"
"Thefts",621,918,"-32.3529411764706",2026-03-01,"Greenville County, South Carolina","Mar 2026","2026-05-18 10:10:31 EDT",379428,1,"Individual Agencies"
"Violent Crimes",266,344,"-22.6744186046512",2026-03-01,"Greenville County, South Carolina","Mar 2026","2026-05-18 10:10:31 EDT",379428,1,"Individual Agencies"
"Aggravated Assaults",71,59,"20.3389830508475",2026-03-01,"Greenville, North Carolina","Mar 2026","2026-05-18 10:10:31 EDT",90048,1,"Individual Agencies"
"Burglaries",50,43,"16.2790697674419",2026-03-01,"Greenville, North Carolina","Mar 2026","2026-05-18 10:10:31 EDT",90048,1,"Individual Agencies"
"Motor Vehicle Thefts",33,27,"22.2222222222222",2026-03-01,"Greenville, North Carolina","Mar 2026","2026-05-18 10:10:31 EDT",90048,1,"Individual Agencies"
"Murders",2,3,"-33.3333333333333",2026-03-01,"Greenville, North Carolina","Mar 2026","2026-05-18 10:10:31 EDT",90048,1,"Individual Agencies"
"Property Crimes",515,486,"5.96707818930041",2026-03-01,"Greenville, North Carolina","Mar 2026","2026-05-18 10:10:31 EDT",90048,1,"Individual Agencies"
"Rapes",7,2,"250",2026-03-01,"Greenville, North Carolina","Mar 2026","2026-05-18 10:10:31 EDT",90048,1,"Individual Agencies"
"Robberies",10,12,"-16.6666666666667",2026-03-01,"Greenville, North Carolina","Mar 2026","2026-05-18 10:10:31 EDT",90048,1,"Individual Agencies"
"Thefts",432,416,"3.84615384615385",2026-03-01,"Greenville, North Carolina","Mar 2026","2026-05-18 10:10:31 EDT",90048,1,"Individual Agencies"
"Violent Crimes",90,76,"18.4210526315789",2026-03-01,"Greenville, North Carolina","Mar 2026","2026-05-18 10:10:31 EDT",90048,1,"Individual Agencies"
"Aggravated Assaults",70,58,"20.6896551724138",2026-03-01,"Greenville, South Carolina","Mar 2026","2026-05-18 10:10:31 EDT",72961,1,"Individual Agencies"
"Burglaries",46,38,"21.0526315789474",2026-03-01,"Greenville, South Carolina","Mar 2026","2026-05-18 10:10:31 EDT",72961,1,"Individual Agencies"
"Motor Vehicle Thefts",27,36,"-25",2026-03-01,"Greenville, South Carolina","Mar 2026","2026-05-18 10:10:31 EDT",72961,1,"Individual Agencies"
"Murders",2,1,"100",2026-03-01,"Greenville, South Carolina","Mar 2026","2026-05-18 10:10:31 EDT",72961,1,"Individual Agencies"
"Property Crimes",413,527,"-21.6318785578748",2026-03-01,"Greenville, South Carolina","Mar 2026","2026-05-18 10:10:31 EDT",72961,1,"Individual Agencies"
"Rapes",4,3,"33.3333333333333",2026-03-01,"Greenville, South Carolina","Mar 2026","2026-05-18 10:10:31 EDT",72961,1,"Individual Agencies"
"Robberies",9,16,"-43.75",2026-03-01,"Greenville, South Carolina","Mar 2026","2026-05-18 10:10:31 EDT",72961,1,"Individual Agencies"
"Thefts",340,453,"-24.9448123620309",2026-03-01,"Greenville, South Carolina","Mar 2026","2026-05-18 10:10:31 EDT",72961,1,"Individual Agencies"
"Violent Crimes",85,78,"8.97435897435897",2026-03-01,"Greenville, South Carolina","Mar 2026","2026-05-18 10:10:31 EDT",72961,1,"Individual Agencies"
"Aggravated Assaults",0,0,"0",2026-01-01,"Greenwich, Connecticut","Jan 2026","2026-05-18 10:10:31 EDT",63777,1,"Individual Agencies"
"Burglaries",2,3,"-33.3333333333333",2026-01-01,"Greenwich, Connecticut","Jan 2026","2026-05-18 10:10:31 EDT",63777,1,"Individual Agencies"
"Motor Vehicle Thefts",5,10,"-50",2026-01-01,"Greenwich, Connecticut","Jan 2026","2026-05-18 10:10:31 EDT",63777,1,"Individual Agencies"
"Murders",0,0,"0",2026-01-01,"Greenwich, Connecticut","Jan 2026","2026-05-18 10:10:31 EDT",63777,1,"Individual Agencies"
"Rapes",0,0,"0",2026-01-01,"Greenwich, Connecticut","Jan 2026","2026-05-18 10:10:31 EDT",63777,1,"Individual Agencies"
"Robberies",1,1,"0",2026-01-01,"Greenwich, Connecticut","Jan 2026","2026-05-18 10:10:31 EDT",63777,1,"Individual Agencies"
"Thefts",13,38,"-65.7894736842105",2026-01-01,"Greenwich, Connecticut","Jan 2026","2026-05-18 10:10:31 EDT",63777,1,"Individual Agencies"
"Aggravated Assaults",16,17,"-5.88235294117647",2026-03-01,"Greenwood, Indiana","Mar 2026","2026-05-18 10:10:31 EDT",66131,1,"Individual Agencies"
"Burglaries",6,8,"-25",2026-03-01,"Greenwood, Indiana","Mar 2026","2026-05-18 10:10:31 EDT",66131,1,"Individual Agencies"
"Motor Vehicle Thefts",16,18,"-11.1111111111111",2026-03-01,"Greenwood, Indiana","Mar 2026","2026-05-18 10:10:31 EDT",66131,1,"Individual Agencies"
"Murders",0,0,"0",2026-03-01,"Greenwood, Indiana","Mar 2026","2026-05-18 10:10:31 EDT",66131,1,"Individual Agencies"
"Property Crimes",230,250,"-8",2026-03-01,"Greenwood, Indiana","Mar 2026","2026-05-18 10:10:31 EDT",66131,1,"Individual Agencies"
"Rapes",2,1,"100",2026-03-01,"Greenwood, Indiana","Mar 2026","2026-05-18 10:10:31 EDT",66131,1,"Individual Agencies"
"Robberies",1,5,"-80",2026-03-01,"Greenwood, Indiana","Mar 2026","2026-05-18 10:10:31 EDT",66131,1,"Individual Agencies"
"Thefts",208,224,"-7.14285714285714",2026-03-01,"Greenwood, Indiana","Mar 2026","2026-05-18 10:10:31 EDT",66131,1,"Individual Agencies"
"Violent Crimes",19,23,"-17.3913043478261",2026-03-01,"Greenwood, Indiana","Mar 2026","2026-05-18 10:10:31 EDT",66131,1,"Individual Agencies"
"Aggravated Assaults",53,54,"-1.85185185185185",2026-03-01,"Gresham, Oregon","Mar 2026","2026-05-18 10:10:31 EDT",110225,1,"Individual Agencies"
"Burglaries",61,65,"-6.15384615384615",2026-03-01,"Gresham, Oregon","Mar 2026","2026-05-18 10:10:31 EDT",110225,1,"Individual Agencies"
"Motor Vehicle Thefts",81,129,"-37.2093023255814",2026-03-01,"Gresham, Oregon","Mar 2026","2026-05-18 10:10:31 EDT",110225,1,"Individual Agencies"
"Murders",1,4,"-75",2026-03-01,"Gresham, Oregon","Mar 2026","2026-05-18 10:10:31 EDT",110225,1,"Individual Agencies"
"Property Crimes",590,582,"1.3745704467354",2026-03-01,"Gresham, Oregon","Mar 2026","2026-05-18 10:10:31 EDT",110225,1,"Individual Agencies"
"Rapes",12,10,"20",2026-03-01,"Gresham, Oregon","Mar 2026","2026-05-18 10:10:31 EDT",110225,1,"Individual Agencies"
"Robberies",15,31,"-51.6129032258064",2026-03-01,"Gresham, Oregon","Mar 2026","2026-05-18 10:10:31 EDT",110225,1,"Individual Agencies"
"Thefts",448,388,"15.4639175257732",2026-03-01,"Gresham, Oregon","Mar 2026","2026-05-18 10:10:31 EDT",110225,1,"Individual Agencies"
"Violent Crimes",81,99,"-18.1818181818182",2026-03-01,"Gresham, Oregon","Mar 2026","2026-05-18 10:10:31 EDT",110225,1,"Individual Agencies"
"Aggravated Assaults",32,39,"-17.9487179487179",2026-03-01,"Guilford County, North Carolina","Mar 2026","2026-05-18 10:10:31 EDT",130423,1,"Individual Agencies"
"Burglaries",24,42,"-42.8571428571429",2026-03-01,"Guilford County, North Carolina","Mar 2026","2026-05-18 10:10:31 EDT",130423,1,"Individual Agencies"
"Motor Vehicle Thefts",28,23,"21.7391304347826",2026-03-01,"Guilford County, North Carolina","Mar 2026","2026-05-18 10:10:31 EDT",130423,1,"Individual Agencies"
"Murders",1,1,"0",2026-03-01,"Guilford County, North Carolina","Mar 2026","2026-05-18 10:10:31 EDT",130423,1,"Individual Agencies"
"Property Crimes",156,192,"-18.75",2026-03-01,"Guilford County, North Carolina","Mar 2026","2026-05-18 10:10:31 EDT",130423,1,"Individual Agencies"
"Rapes",2,4,"-50",2026-03-01,"Guilford County, North Carolina","Mar 2026","2026-05-18 10:10:31 EDT",130423,1,"Individual Agencies"
"Robberies",5,8,"-37.5",2026-03-01,"Guilford County, North Carolina","Mar 2026","2026-05-18 10:10:31 EDT",130423,1,"Individual Agencies"
"Thefts",104,127,"-18.1102362204724",2026-03-01,"Guilford County, North Carolina","Mar 2026","2026-05-18 10:10:31 EDT",130423,1,"Individual Agencies"
"Violent Crimes",40,52,"-23.0769230769231",2026-03-01,"Guilford County, North Carolina","Mar 2026","2026-05-18 10:10:31 EDT",130423,1,"Individual Agencies"
"Aggravated Assaults",43,55,"-21.8181818181818",2026-03-01,"Hall County, Georgia","Mar 2026","2026-05-18 10:10:31 EDT",148922,1,"Individual Agencies"
"Burglaries",34,27,"25.9259259259259",2026-03-01,"Hall County, Georgia","Mar 2026","2026-05-18 10:10:31 EDT",148922,1,"Individual Agencies"
"Motor Vehicle Thefts",21,16,"31.25",2026-03-01,"Hall County, Georgia","Mar 2026","2026-05-18 10:10:31 EDT",148922,1,"Individual Agencies"
"Murders",2,1,"100",2026-03-01,"Hall County, Georgia","Mar 2026","2026-05-18 10:10:31 EDT",148922,1,"Individual Agencies"
"Property Crimes",248,248,"0",2026-03-01,"Hall County, Georgia","Mar 2026","2026-05-18 10:10:31 EDT",148922,1,"Individual Agencies"
"Rapes",9,5,"80",2026-03-01,"Hall County, Georgia","Mar 2026","2026-05-18 10:10:31 EDT",148922,1,"Individual Agencies"
"Robberies",2,2,"0",2026-03-01,"Hall County, Georgia","Mar 2026","2026-05-18 10:10:31 EDT",148922,1,"Individual Agencies"
"Thefts",193,205,"-5.85365853658537",2026-03-01,"Hall County, Georgia","Mar 2026","2026-05-18 10:10:31 EDT",148922,1,"Individual Agencies"
"Violent Crimes",56,63,"-11.1111111111111",2026-03-01,"Hall County, Georgia","Mar 2026","2026-05-18 10:10:31 EDT",148922,1,"Individual Agencies"
"Aggravated Assaults",48,49,"-2.04081632653061",2026-03-01,"Hamilton County, Tennessee","Mar 2026","2026-05-18 10:10:31 EDT",124372,1,"Individual Agencies"
"Burglaries",18,28,"-35.7142857142857",2026-03-01,"Hamilton County, Tennessee","Mar 2026","2026-05-18 10:10:31 EDT",124372,1,"Individual Agencies"
"Motor Vehicle Thefts",0,1,"-100",2026-03-01,"Hamilton County, Tennessee","Mar 2026","2026-05-18 10:10:31 EDT",124372,1,"Individual Agencies"
"Murders",0,0,"0",2026-03-01,"Hamilton County, Tennessee","Mar 2026","2026-05-18 10:10:31 EDT",124372,1,"Individual Agencies"
"Property Crimes",106,124,"-14.5161290322581",2026-03-01,"Hamilton County, Tennessee","Mar 2026","2026-05-18 10:10:31 EDT",124372,1,"Individual Agencies"
"Rapes",5,3,"66.6666666666667",2026-03-01,"Hamilton County, Tennessee","Mar 2026","2026-05-18 10:10:31 EDT",124372,1,"Individual Agencies"
"Robberies",1,2,"-50",2026-03-01,"Hamilton County, Tennessee","Mar 2026","2026-05-18 10:10:31 EDT",124372,1,"Individual Agencies"
"Thefts",88,95,"-7.36842105263158",2026-03-01,"Hamilton County, Tennessee","Mar 2026","2026-05-18 10:10:31 EDT",124372,1,"Individual Agencies"
"Violent Crimes",54,54,"0",2026-03-01,"Hamilton County, Tennessee","Mar 2026","2026-05-18 10:10:31 EDT",124372,1,"Individual Agencies"
"Aggravated Assaults",58,22,"163.636363636364",2026-03-01,"Hamilton, Ohio","Mar 2026","2026-05-18 10:10:31 EDT",62705,1,"Individual Agencies"
"Burglaries",35,31,"12.9032258064516",2026-03-01,"Hamilton, Ohio","Mar 2026","2026-05-18 10:10:31 EDT",62705,1,"Individual Agencies"
"Motor Vehicle Thefts",38,19,"100",2026-03-01,"Hamilton, Ohio","Mar 2026","2026-05-18 10:10:31 EDT",62705,1,"Individual Agencies"
"Murders",0,0,"0",2026-03-01,"Hamilton, Ohio","Mar 2026","2026-05-18 10:10:31 EDT",62705,1,"Individual Agencies"
"Property Crimes",458,313,"46.3258785942492",2026-03-01,"Hamilton, Ohio","Mar 2026","2026-05-18 10:10:31 EDT",62705,1,"Individual Agencies"
"Rapes",6,8,"-25",2026-03-01,"Hamilton, Ohio","Mar 2026","2026-05-18 10:10:31 EDT",62705,1,"Individual Agencies"
"Robberies",7,5,"40",2026-03-01,"Hamilton, Ohio","Mar 2026","2026-05-18 10:10:31 EDT",62705,1,"Individual Agencies"
"Thefts",385,263,"46.3878326996198",2026-03-01,"Hamilton, Ohio","Mar 2026","2026-05-18 10:10:31 EDT",62705,1,"Individual Agencies"
"Violent Crimes",71,35,"102.857142857143",2026-03-01,"Hamilton, Ohio","Mar 2026","2026-05-18 10:10:31 EDT",62705,1,"Individual Agencies"
"Aggravated Assaults",47,52,"-9.61538461538462",2026-02-01,"Hammond, Indiana","Feb 2026","2026-05-18 10:10:31 EDT",75990,1,"Individual Agencies"
"Burglaries",16,17,"-5.88235294117647",2026-02-01,"Hammond, Indiana","Feb 2026","2026-05-18 10:10:31 EDT",75990,1,"Individual Agencies"
"Motor Vehicle Thefts",32,29,"10.3448275862069",2026-02-01,"Hammond, Indiana","Feb 2026","2026-05-18 10:10:31 EDT",75990,1,"Individual Agencies"
"Murders",1,3,"-66.6666666666667",2026-02-01,"Hammond, Indiana","Feb 2026","2026-05-18 10:10:31 EDT",75990,1,"Individual Agencies"
"Rapes",7,1,"600",2026-02-01,"Hammond, Indiana","Feb 2026","2026-05-18 10:10:31 EDT",75990,1,"Individual Agencies"
"Robberies",5,2,"150",2026-02-01,"Hammond, Indiana","Feb 2026","2026-05-18 10:10:31 EDT",75990,1,"Individual Agencies"
"Thefts",183,206,"-11.1650485436893",2026-02-01,"Hammond, Indiana","Feb 2026","2026-05-18 10:10:31 EDT",75990,1,"Individual Agencies"
"Aggravated Assaults",10,12,"-16.6666666666667",2026-01-01,"Hampton, Virginia","Jan 2026","2026-05-18 10:10:31 EDT",138533,1,"Individual Agencies"
"Burglaries",9,21,"-57.1428571428571",2026-01-01,"Hampton, Virginia","Jan 2026","2026-05-18 10:10:31 EDT",138533,1,"Individual Agencies"
"Motor Vehicle Thefts",8,23,"-65.2173913043478",2026-01-01,"Hampton, Virginia","Jan 2026","2026-05-18 10:10:31 EDT",138533,1,"Individual Agencies"
"Murders",0,0,"0",2026-01-01,"Hampton, Virginia","Jan 2026","2026-05-18 10:10:31 EDT",138533,1,"Individual Agencies"
"Rapes",2,4,"-50",2026-01-01,"Hampton, Virginia","Jan 2026","2026-05-18 10:10:31 EDT",138533,1,"Individual Agencies"
"Robberies",2,2,"0",2026-01-01,"Hampton, Virginia","Jan 2026","2026-05-18 10:10:31 EDT",138533,1,"Individual Agencies"
"Thefts",179,277,"-35.3790613718412",2026-01-01,"Hampton, Virginia","Jan 2026","2026-05-18 10:10:31 EDT",138533,1,"Individual Agencies"
"Aggravated Assaults",13,14,"-7.14285714285714",2026-02-01,"Hanover County, Virginia","Feb 2026","2026-05-18 10:10:31 EDT",106595,1,"Individual Agencies"
"Burglaries",2,7,"-71.4285714285714",2026-02-01,"Hanover County, Virginia","Feb 2026","2026-05-18 10:10:31 EDT",106595,1,"Individual Agencies"
"Motor Vehicle Thefts",3,4,"-25",2026-02-01,"Hanover County, Virginia","Feb 2026","2026-05-18 10:10:31 EDT",106595,1,"Individual Agencies"
"Murders",0,0,"0",2026-02-01,"Hanover County, Virginia","Feb 2026","2026-05-18 10:10:31 EDT",106595,1,"Individual Agencies"
"Rapes",2,2,"0",2026-02-01,"Hanover County, Virginia","Feb 2026","2026-05-18 10:10:31 EDT",106595,1,"Individual Agencies"
"Robberies",0,2,"-100",2026-02-01,"Hanover County, Virginia","Feb 2026","2026-05-18 10:10:31 EDT",106595,1,"Individual Agencies"
"Thefts",83,122,"-31.9672131147541",2026-02-01,"Hanover County, Virginia","Feb 2026","2026-05-18 10:10:31 EDT",106595,1,"Individual Agencies"
"Aggravated Assaults",31,28,"10.7142857142857",2026-03-01,"Harlingen, Texas","Mar 2026","2026-05-18 10:10:31 EDT",71581,1,"Individual Agencies"
"Burglaries",49,46,"6.52173913043478",2026-03-01,"Harlingen, Texas","Mar 2026","2026-05-18 10:10:31 EDT",71581,1,"Individual Agencies"
"Motor Vehicle Thefts",21,33,"-36.3636363636364",2026-03-01,"Harlingen, Texas","Mar 2026","2026-05-18 10:10:31 EDT",71581,1,"Individual Agencies"
"Murders",0,0,"0",2026-03-01,"Harlingen, Texas","Mar 2026","2026-05-18 10:10:31 EDT",71581,1,"Individual Agencies"
"Property Crimes",383,398,"-3.76884422110553",2026-03-01,"Harlingen, Texas","Mar 2026","2026-05-18 10:10:31 EDT",71581,1,"Individual Agencies"
"Rapes",0,2,"-100",2026-03-01,"Harlingen, Texas","Mar 2026","2026-05-18 10:10:31 EDT",71581,1,"Individual Agencies"
"Robberies",7,8,"-12.5",2026-03-01,"Harlingen, Texas","Mar 2026","2026-05-18 10:10:31 EDT",71581,1,"Individual Agencies"
"Thefts",313,319,"-1.88087774294671",2026-03-01,"Harlingen, Texas","Mar 2026","2026-05-18 10:10:31 EDT",71581,1,"Individual Agencies"
"Violent Crimes",38,38,"0",2026-03-01,"Harlingen, Texas","Mar 2026","2026-05-18 10:10:31 EDT",71581,1,"Individual Agencies"
"Aggravated Assaults",1112,1182,"-5.92216582064298",2026-03-01,"Harris County, Texas","Mar 2026","2026-05-18 10:10:31 EDT",2057899,1,"Individual Agencies"
"Burglaries",870,1315,"-33.8403041825095",2026-03-01,"Harris County, Texas","Mar 2026","2026-05-18 10:10:31 EDT",2057899,1,"Individual Agencies"
"Motor Vehicle Thefts",935,1279,"-26.8960125097733",2026-03-01,"Harris County, Texas","Mar 2026","2026-05-18 10:10:31 EDT",2057899,1,"Individual Agencies"
"Murders",11,30,"-63.3333333333333",2026-03-01,"Harris County, Texas","Mar 2026","2026-05-18 10:10:31 EDT",2057899,1,"Individual Agencies"
"Property Crimes",6425,7701,"-16.5692767173094",2026-03-01,"Harris County, Texas","Mar 2026","2026-05-18 10:10:31 EDT",2057899,1,"Individual Agencies"
"Rapes",213,236,"-9.74576271186441",2026-03-01,"Harris County, Texas","Mar 2026","2026-05-18 10:10:31 EDT",2057899,1,"Individual Agencies"
"Robberies",252,307,"-17.9153094462541",2026-03-01,"Harris County, Texas","Mar 2026","2026-05-18 10:10:31 EDT",2057899,1,"Individual Agencies"
"Thefts",4620,5107,"-9.5359310749951",2026-03-01,"Harris County, Texas","Mar 2026","2026-05-18 10:10:31 EDT",2057899,1,"Individual Agencies"
"Violent Crimes",1588,1755,"-9.51566951566952",2026-03-01,"Harris County, Texas","Mar 2026","2026-05-18 10:10:31 EDT",2057899,1,"Individual Agencies"
"Aggravated Assaults",32,38,"-15.7894736842105",2026-03-01,"Harrisburg, Pennsylvania","Mar 2026","2026-05-18 10:10:31 EDT",50229,1,"Individual Agencies"
"Burglaries",30,42,"-28.5714285714286",2026-03-01,"Harrisburg, Pennsylvania","Mar 2026","2026-05-18 10:10:31 EDT",50229,1,"Individual Agencies"
"Motor Vehicle Thefts",44,39,"12.8205128205128",2026-03-01,"Harrisburg, Pennsylvania","Mar 2026","2026-05-18 10:10:31 EDT",50229,1,"Individual Agencies"
"Murders",1,2,"-50",2026-03-01,"Harrisburg, Pennsylvania","Mar 2026","2026-05-18 10:10:31 EDT",50229,1,"Individual Agencies"
"Property Crimes",196,224,"-12.5",2026-03-01,"Harrisburg, Pennsylvania","Mar 2026","2026-05-18 10:10:31 EDT",50229,1,"Individual Agencies"
"Rapes",7,6,"16.6666666666667",2026-03-01,"Harrisburg, Pennsylvania","Mar 2026","2026-05-18 10:10:31 EDT",50229,1,"Individual Agencies"
"Robberies",17,31,"-45.1612903225806",2026-03-01,"Harrisburg, Pennsylvania","Mar 2026","2026-05-18 10:10:31 EDT",50229,1,"Individual Agencies"
"Thefts",122,143,"-14.6853146853147",2026-03-01,"Harrisburg, Pennsylvania","Mar 2026","2026-05-18 10:10:31 EDT",50229,1,"Individual Agencies"
"Violent Crimes",57,77,"-25.974025974026",2026-03-01,"Harrisburg, Pennsylvania","Mar 2026","2026-05-18 10:10:31 EDT",50229,1,"Individual Agencies"
"Aggravated Assaults",15,30,"-50",2026-03-01,"Harrisonburg, Virginia","Mar 2026","2026-05-18 10:10:31 EDT",50928,1,"Individual Agencies"
"Burglaries",9,8,"12.5",2026-03-01,"Harrisonburg, Virginia","Mar 2026","2026-05-18 10:10:31 EDT",50928,1,"Individual Agencies"
"Motor Vehicle Thefts",2,2,"0",2026-03-01,"Harrisonburg, Virginia","Mar 2026","2026-05-18 10:10:31 EDT",50928,1,"Individual Agencies"
"Murders",0,0,"0",2026-03-01,"Harrisonburg, Virginia","Mar 2026","2026-05-18 10:10:31 EDT",50928,1,"Individual Agencies"
"Property Crimes",134,131,"2.29007633587786",2026-03-01,"Harrisonburg, Virginia","Mar 2026","2026-05-18 10:10:31 EDT",50928,1,"Individual Agencies"
"Rapes",5,5,"0",2026-03-01,"Harrisonburg, Virginia","Mar 2026","2026-05-18 10:10:31 EDT",50928,1,"Individual Agencies"
"Robberies",2,3,"-33.3333333333333",2026-03-01,"Harrisonburg, Virginia","Mar 2026","2026-05-18 10:10:31 EDT",50928,1,"Individual Agencies"
"Thefts",123,121,"1.65289256198347",2026-03-01,"Harrisonburg, Virginia","Mar 2026","2026-05-18 10:10:31 EDT",50928,1,"Individual Agencies"
"Violent Crimes",22,38,"-42.1052631578947",2026-03-01,"Harrisonburg, Virginia","Mar 2026","2026-05-18 10:10:31 EDT",50928,1,"Individual Agencies"
"Aggravated Assaults",26,35,"-25.7142857142857",2026-01-01,"Hartford, Connecticut","Jan 2026","2026-05-18 10:10:31 EDT",120710,1,"Individual Agencies"
"Burglaries",13,32,"-59.375",2026-01-01,"Hartford, Connecticut","Jan 2026","2026-05-18 10:10:31 EDT",120710,1,"Individual Agencies"
"Motor Vehicle Thefts",42,74,"-43.2432432432432",2026-01-01,"Hartford, Connecticut","Jan 2026","2026-05-18 10:10:31 EDT",120710,1,"Individual Agencies"
"Murders",1,2,"-50",2026-01-01,"Hartford, Connecticut","Jan 2026","2026-05-18 10:10:31 EDT",120710,1,"Individual Agencies"
"Rapes",5,9,"-44.4444444444444",2026-01-01,"Hartford, Connecticut","Jan 2026","2026-05-18 10:10:31 EDT",120710,1,"Individual Agencies"
"Robberies",10,16,"-37.5",2026-01-01,"Hartford, Connecticut","Jan 2026","2026-05-18 10:10:31 EDT",120710,1,"Individual Agencies"
"Thefts",104,150,"-30.6666666666667",2026-01-01,"Hartford, Connecticut","Jan 2026","2026-05-18 10:10:31 EDT",120710,1,"Individual Agencies"
"Aggravated Assaults",0,0,"0",2026-03-01,"Haverford, Pennsylvania","Mar 2026","2026-05-18 10:10:31 EDT",50505,1,"Individual Agencies"
"Burglaries",1,5,"-80",2026-03-01,"Haverford, Pennsylvania","Mar 2026","2026-05-18 10:10:31 EDT",50505,1,"Individual Agencies"
"Motor Vehicle Thefts",4,8,"-50",2026-03-01,"Haverford, Pennsylvania","Mar 2026","2026-05-18 10:10:31 EDT",50505,1,"Individual Agencies"
"Murders",0,0,"0",2026-03-01,"Haverford, Pennsylvania","Mar 2026","2026-05-18 10:10:31 EDT",50505,1,"Individual Agencies"
"Property Crimes",89,132,"-32.5757575757576",2026-03-01,"Haverford, Pennsylvania","Mar 2026","2026-05-18 10:10:31 EDT",50505,1,"Individual Agencies"
"Rapes",0,0,"0",2026-03-01,"Haverford, Pennsylvania","Mar 2026","2026-05-18 10:10:31 EDT",50505,1,"Individual Agencies"
"Robberies",0,0,"0",2026-03-01,"Haverford, Pennsylvania","Mar 2026","2026-05-18 10:10:31 EDT",50505,1,"Individual Agencies"
"Thefts",84,119,"-29.4117647058824",2026-03-01,"Haverford, Pennsylvania","Mar 2026","2026-05-18 10:10:31 EDT",50505,1,"Individual Agencies"
"Violent Crimes",0,0,"0",2026-03-01,"Haverford, Pennsylvania","Mar 2026","2026-05-18 10:10:31 EDT",50505,1,"Individual Agencies"
"Aggravated Assaults",51,50,"2",2026-03-01,"Haverhill, Massachusetts","Mar 2026","2026-05-18 10:10:31 EDT",67133,1,"Individual Agencies"
"Burglaries",9,12,"-25",2026-03-01,"Haverhill, Massachusetts","Mar 2026","2026-05-18 10:10:31 EDT",67133,1,"Individual Agencies"
"Motor Vehicle Thefts",6,7,"-14.2857142857143",2026-03-01,"Haverhill, Massachusetts","Mar 2026","2026-05-18 10:10:31 EDT",67133,1,"Individual Agencies"
"Murders",0,0,"0",2026-03-01,"Haverhill, Massachusetts","Mar 2026","2026-05-18 10:10:31 EDT",67133,1,"Individual Agencies"
"Property Crimes",102,102,"0",2026-03-01,"Haverhill, Massachusetts","Mar 2026","2026-05-18 10:10:31 EDT",67133,1,"Individual Agencies"
"Rapes",1,1,"0",2026-03-01,"Haverhill, Massachusetts","Mar 2026","2026-05-18 10:10:31 EDT",67133,1,"Individual Agencies"
"Robberies",1,1,"0",2026-03-01,"Haverhill, Massachusetts","Mar 2026","2026-05-18 10:10:31 EDT",67133,1,"Individual Agencies"
"Thefts",87,83,"4.81927710843374",2026-03-01,"Haverhill, Massachusetts","Mar 2026","2026-05-18 10:10:31 EDT",67133,1,"Individual Agencies"
"Violent Crimes",53,52,"1.92307692307692",2026-03-01,"Haverhill, Massachusetts","Mar 2026","2026-05-18 10:10:31 EDT",67133,1,"Individual Agencies"
"Aggravated Assaults",54,32,"68.75",2026-03-01,"Hays County, Texas","Mar 2026","2026-05-18 10:10:31 EDT",130433,1,"Individual Agencies"
"Burglaries",39,45,"-13.3333333333333",2026-03-01,"Hays County, Texas","Mar 2026","2026-05-18 10:10:31 EDT",130433,1,"Individual Agencies"
"Motor Vehicle Thefts",19,45,"-57.7777777777778",2026-03-01,"Hays County, Texas","Mar 2026","2026-05-18 10:10:31 EDT",130433,1,"Individual Agencies"
"Murders",1,0,"Undefined",2026-03-01,"Hays County, Texas","Mar 2026","2026-05-18 10:10:31 EDT",130433,1,"Individual Agencies"
"Property Crimes",171,259,"-33.976833976834",2026-03-01,"Hays County, Texas","Mar 2026","2026-05-18 10:10:31 EDT",130433,1,"Individual Agencies"
"Rapes",15,8,"87.5",2026-03-01,"Hays County, Texas","Mar 2026","2026-05-18 10:10:31 EDT",130433,1,"Individual Agencies"
"Robberies",3,2,"50",2026-03-01,"Hays County, Texas","Mar 2026","2026-05-18 10:10:31 EDT",130433,1,"Individual Agencies"
"Thefts",113,169,"-33.1360946745562",2026-03-01,"Hays County, Texas","Mar 2026","2026-05-18 10:10:31 EDT",130433,1,"Individual Agencies"
"Violent Crimes",73,42,"73.8095238095238",2026-03-01,"Hays County, Texas","Mar 2026","2026-05-18 10:10:31 EDT",130433,1,"Individual Agencies"
"Aggravated Assaults",110,75,"46.6666666666667",2026-03-01,"Hayward, California","Mar 2026","2026-05-18 10:10:31 EDT",153914,1,"Individual Agencies"
"Burglaries",64,134,"-52.2388059701493",2026-03-01,"Hayward, California","Mar 2026","2026-05-18 10:10:31 EDT",153914,1,"Individual Agencies"
"Motor Vehicle Thefts",279,308,"-9.41558441558442",2026-03-01,"Hayward, California","Mar 2026","2026-05-18 10:10:31 EDT",153914,1,"Individual Agencies"
"Murders",1,3,"-66.6666666666667",2026-03-01,"Hayward, California","Mar 2026","2026-05-18 10:10:31 EDT",153914,1,"Individual Agencies"
"Property Crimes",919,1063,"-13.5465663217309",2026-03-01,"Hayward, California","Mar 2026","2026-05-18 10:10:31 EDT",153914,1,"Individual Agencies"
"Rapes",13,25,"-48",2026-03-01,"Hayward, California","Mar 2026","2026-05-18 10:10:31 EDT",153914,1,"Individual Agencies"
"Robberies",32,52,"-38.4615384615385",2026-03-01,"Hayward, California","Mar 2026","2026-05-18 10:10:31 EDT",153914,1,"Individual Agencies"
"Thefts",576,621,"-7.2463768115942",2026-03-01,"Hayward, California","Mar 2026","2026-05-18 10:10:31 EDT",153914,1,"Individual Agencies"
"Violent Crimes",156,155,"0.645161290322581",2026-03-01,"Hayward, California","Mar 2026","2026-05-18 10:10:31 EDT",153914,1,"Individual Agencies"
"Aggravated Assaults",29,50,"-42",2026-03-01,"Hempstead Village, New York","Mar 2026","2026-05-18 10:10:31 EDT",58071,1,"Individual Agencies"
"Burglaries",9,18,"-50",2026-03-01,"Hempstead Village, New York","Mar 2026","2026-05-18 10:10:31 EDT",58071,1,"Individual Agencies"
"Motor Vehicle Thefts",13,25,"-48",2026-03-01,"Hempstead Village, New York","Mar 2026","2026-05-18 10:10:31 EDT",58071,1,"Individual Agencies"
"Murders",0,0,"0",2026-03-01,"Hempstead Village, New York","Mar 2026","2026-05-18 10:10:31 EDT",58071,1,"Individual Agencies"
"Property Crimes",75,156,"-51.9230769230769",2026-03-01,"Hempstead Village, New York","Mar 2026","2026-05-18 10:10:31 EDT",58071,1,"Individual Agencies"
"Rapes",1,0,"Undefined",2026-03-01,"Hempstead Village, New York","Mar 2026","2026-05-18 10:10:31 EDT",58071,1,"Individual Agencies"
"Robberies",6,15,"-60",2026-03-01,"Hempstead Village, New York","Mar 2026","2026-05-18 10:10:31 EDT",58071,1,"Individual Agencies"
"Thefts",53,113,"-53.0973451327434",2026-03-01,"Hempstead Village, New York","Mar 2026","2026-05-18 10:10:31 EDT",58071,1,"Individual Agencies"
"Violent Crimes",36,65,"-44.6153846153846",2026-03-01,"Hempstead Village, New York","Mar 2026","2026-05-18 10:10:31 EDT",58071,1,"Individual Agencies"
"Aggravated Assaults",139,130,"6.92307692307692",2026-03-01,"Henderson, Nevada","Mar 2026","2026-05-18 10:10:31 EDT",337794,1,"Individual Agencies"
"Burglaries",169,184,"-8.15217391304348",2026-03-01,"Henderson, Nevada","Mar 2026","2026-05-18 10:10:31 EDT",337794,1,"Individual Agencies"
"Motor Vehicle Thefts",170,239,"-28.8702928870293",2026-03-01,"Henderson, Nevada","Mar 2026","2026-05-18 10:10:31 EDT",337794,1,"Individual Agencies"
"Murders",0,1,"-100",2026-03-01,"Henderson, Nevada","Mar 2026","2026-05-18 10:10:31 EDT",337794,1,"Individual Agencies"
"Property Crimes",1164,1255,"-7.25099601593625",2026-03-01,"Henderson, Nevada","Mar 2026","2026-05-18 10:10:31 EDT",337794,1,"Individual Agencies"
"Rapes",17,22,"-22.7272727272727",2026-03-01,"Henderson, Nevada","Mar 2026","2026-05-18 10:10:31 EDT",337794,1,"Individual Agencies"
"Robberies",32,42,"-23.8095238095238",2026-03-01,"Henderson, Nevada","Mar 2026","2026-05-18 10:10:31 EDT",337794,1,"Individual Agencies"
"Thefts",825,832,"-0.841346153846154",2026-03-01,"Henderson, Nevada","Mar 2026","2026-05-18 10:10:31 EDT",337794,1,"Individual Agencies"
"Violent Crimes",188,195,"-3.58974358974359",2026-03-01,"Henderson, Nevada","Mar 2026","2026-05-18 10:10:31 EDT",337794,1,"Individual Agencies"
"Aggravated Assaults",17,14,"21.4285714285714",2026-03-01,"Hendersonville, Tennessee","Mar 2026","2026-05-18 10:10:31 EDT",63291,1,"Individual Agencies"
"Burglaries",8,7,"14.2857142857143",2026-03-01,"Hendersonville, Tennessee","Mar 2026","2026-05-18 10:10:31 EDT",63291,1,"Individual Agencies"
"Motor Vehicle Thefts",5,4,"25",2026-03-01,"Hendersonville, Tennessee","Mar 2026","2026-05-18 10:10:31 EDT",63291,1,"Individual Agencies"
"Murders",0,1,"-100",2026-03-01,"Hendersonville, Tennessee","Mar 2026","2026-05-18 10:10:31 EDT",63291,1,"Individual Agencies"
"Property Crimes",81,96,"-15.625",2026-03-01,"Hendersonville, Tennessee","Mar 2026","2026-05-18 10:10:31 EDT",63291,1,"Individual Agencies"
"Rapes",0,1,"-100",2026-03-01,"Hendersonville, Tennessee","Mar 2026","2026-05-18 10:10:31 EDT",63291,1,"Individual Agencies"
"Robberies",2,0,"Undefined",2026-03-01,"Hendersonville, Tennessee","Mar 2026","2026-05-18 10:10:31 EDT",63291,1,"Individual Agencies"
"Thefts",68,85,"-20",2026-03-01,"Hendersonville, Tennessee","Mar 2026","2026-05-18 10:10:31 EDT",63291,1,"Individual Agencies"
"Violent Crimes",19,16,"18.75",2026-03-01,"Hendersonville, Tennessee","Mar 2026","2026-05-18 10:10:31 EDT",63291,1,"Individual Agencies"
"Aggravated Assaults",96,72,"33.3333333333333",2026-03-01,"Henrico County, Virginia","Mar 2026","2026-05-18 10:10:31 EDT",334046,1,"Individual Agencies"
"Burglaries",63,62,"1.61290322580645",2026-03-01,"Henrico County, Virginia","Mar 2026","2026-05-18 10:10:31 EDT",334046,1,"Individual Agencies"
"Motor Vehicle Thefts",74,94,"-21.2765957446809",2026-03-01,"Henrico County, Virginia","Mar 2026","2026-05-18 10:10:31 EDT",334046,1,"Individual Agencies"
"Murders",3,1,"200",2026-03-01,"Henrico County, Virginia","Mar 2026","2026-05-18 10:10:31 EDT",334046,1,"Individual Agencies"
"Property Crimes",1269,1504,"-15.625",2026-03-01,"Henrico County, Virginia","Mar 2026","2026-05-18 10:10:31 EDT",334046,1,"Individual Agencies"
"Rapes",5,2,"150",2026-03-01,"Henrico County, Virginia","Mar 2026","2026-05-18 10:10:31 EDT",334046,1,"Individual Agencies"
"Robberies",14,45,"-68.8888888888889",2026-03-01,"Henrico County, Virginia","Mar 2026","2026-05-18 10:10:31 EDT",334046,1,"Individual Agencies"
"Thefts",1132,1348,"-16.0237388724036",2026-03-01,"Henrico County, Virginia","Mar 2026","2026-05-18 10:10:31 EDT",334046,1,"Individual Agencies"
"Violent Crimes",118,120,"-1.66666666666667",2026-03-01,"Henrico County, Virginia","Mar 2026","2026-05-18 10:10:31 EDT",334046,1,"Individual Agencies"
"Aggravated Assaults",50,74,"-32.4324324324324",2026-03-01,"Henry County, Georgia","Mar 2026","2026-05-18 10:10:31 EDT",172407,1,"Individual Agencies"
"Burglaries",61,75,"-18.6666666666667",2026-03-01,"Henry County, Georgia","Mar 2026","2026-05-18 10:10:31 EDT",172407,1,"Individual Agencies"
"Motor Vehicle Thefts",43,54,"-20.3703703703704",2026-03-01,"Henry County, Georgia","Mar 2026","2026-05-18 10:10:31 EDT",172407,1,"Individual Agencies"
"Murders",0,0,"0",2026-03-01,"Henry County, Georgia","Mar 2026","2026-05-18 10:10:31 EDT",172407,1,"Individual Agencies"
"Rapes",35,24,"45.8333333333333",2026-03-01,"Henry County, Georgia","Mar 2026","2026-05-18 10:10:31 EDT",172407,1,"Individual Agencies"
"Robberies",5,14,"-64.2857142857143",2026-03-01,"Henry County, Georgia","Mar 2026","2026-05-18 10:10:31 EDT",172407,1,"Individual Agencies"
"Thefts",324,355,"-8.73239436619718",2026-03-01,"Henry County, Georgia","Mar 2026","2026-05-18 10:10:31 EDT",172407,1,"Individual Agencies"
"Aggravated Assaults",117,170,"-31.1764705882353",2026-03-01,"Hidalgo County, Texas","Mar 2026","2026-05-18 10:10:31 EDT",260352,1,"Individual Agencies"
"Burglaries",110,99,"11.1111111111111",2026-03-01,"Hidalgo County, Texas","Mar 2026","2026-05-18 10:10:31 EDT",260352,1,"Individual Agencies"
"Motor Vehicle Thefts",59,91,"-35.1648351648352",2026-03-01,"Hidalgo County, Texas","Mar 2026","2026-05-18 10:10:31 EDT",260352,1,"Individual Agencies"
"Murders",4,2,"100",2026-03-01,"Hidalgo County, Texas","Mar 2026","2026-05-18 10:10:31 EDT",260352,1,"Individual Agencies"
"Property Crimes",405,508,"-20.2755905511811",2026-03-01,"Hidalgo County, Texas","Mar 2026","2026-05-18 10:10:31 EDT",260352,1,"Individual Agencies"
"Rapes",24,39,"-38.4615384615385",2026-03-01,"Hidalgo County, Texas","Mar 2026","2026-05-18 10:10:31 EDT",260352,1,"Individual Agencies"
"Robberies",12,10,"20",2026-03-01,"Hidalgo County, Texas","Mar 2026","2026-05-18 10:10:31 EDT",260352,1,"Individual Agencies"
"Thefts",236,318,"-25.7861635220126",2026-03-01,"Hidalgo County, Texas","Mar 2026","2026-05-18 10:10:31 EDT",260352,1,"Individual Agencies"
"Violent Crimes",157,221,"-28.9592760180996",2026-03-01,"Hidalgo County, Texas","Mar 2026","2026-05-18 10:10:31 EDT",260352,1,"Individual Agencies"
"Aggravated Assaults",105,98,"7.14285714285714",2026-03-01,"High Point, North Carolina","Mar 2026","2026-05-18 10:10:31 EDT",115490,1,"Individual Agencies"
"Burglaries",82,76,"7.89473684210526",2026-03-01,"High Point, North Carolina","Mar 2026","2026-05-18 10:10:31 EDT",115490,1,"Individual Agencies"
"Motor Vehicle Thefts",44,94,"-53.1914893617021",2026-03-01,"High Point, North Carolina","Mar 2026","2026-05-18 10:10:31 EDT",115490,1,"Individual Agencies"
"Murders",3,0,"Undefined",2026-03-01,"High Point, North Carolina","Mar 2026","2026-05-18 10:10:31 EDT",115490,1,"Individual Agencies"
"Property Crimes",462,544,"-15.0735294117647",2026-03-01,"High Point, North Carolina","Mar 2026","2026-05-18 10:10:31 EDT",115490,1,"Individual Agencies"
"Rapes",4,2,"100",2026-03-01,"High Point, North Carolina","Mar 2026","2026-05-18 10:10:31 EDT",115490,1,"Individual Agencies"
"Robberies",11,17,"-35.2941176470588",2026-03-01,"High Point, North Carolina","Mar 2026","2026-05-18 10:10:31 EDT",115490,1,"Individual Agencies"
"Thefts",336,374,"-10.1604278074866",2026-03-01,"High Point, North Carolina","Mar 2026","2026-05-18 10:10:31 EDT",115490,1,"Individual Agencies"
"Violent Crimes",123,117,"5.12820512820513",2026-03-01,"High Point, North Carolina","Mar 2026","2026-05-18 10:10:31 EDT",115490,1,"Individual Agencies"
"Aggravated Assaults",43,39,"10.2564102564103",2026-03-01,"Hillsboro, Oregon","Mar 2026","2026-05-18 10:10:31 EDT",107459,1,"Individual Agencies"
"Burglaries",38,51,"-25.4901960784314",2026-03-01,"Hillsboro, Oregon","Mar 2026","2026-05-18 10:10:31 EDT",107459,1,"Individual Agencies"
"Motor Vehicle Thefts",28,31,"-9.67741935483871",2026-03-01,"Hillsboro, Oregon","Mar 2026","2026-05-18 10:10:31 EDT",107459,1,"Individual Agencies"
"Murders",0,0,"0",2026-03-01,"Hillsboro, Oregon","Mar 2026","2026-05-18 10:10:31 EDT",107459,1,"Individual Agencies"
"Property Crimes",476,594,"-19.8653198653199",2026-03-01,"Hillsboro, Oregon","Mar 2026","2026-05-18 10:10:31 EDT",107459,1,"Individual Agencies"
"Rapes",7,9,"-22.2222222222222",2026-03-01,"Hillsboro, Oregon","Mar 2026","2026-05-18 10:10:31 EDT",107459,1,"Individual Agencies"
"Robberies",8,13,"-38.4615384615385",2026-03-01,"Hillsboro, Oregon","Mar 2026","2026-05-18 10:10:31 EDT",107459,1,"Individual Agencies"
"Thefts",410,512,"-19.921875",2026-03-01,"Hillsboro, Oregon","Mar 2026","2026-05-18 10:10:31 EDT",107459,1,"Individual Agencies"
"Violent Crimes",58,61,"-4.91803278688525",2026-03-01,"Hillsboro, Oregon","Mar 2026","2026-05-18 10:10:31 EDT",107459,1,"Individual Agencies"
"Aggravated Assaults",25,18,"38.8888888888889",2026-03-01,"Hoboken, New Jersey","Mar 2026","2026-05-18 10:10:31 EDT",56832,1,"Individual Agencies"
"Burglaries",21,18,"16.6666666666667",2026-03-01,"Hoboken, New Jersey","Mar 2026","2026-05-18 10:10:31 EDT",56832,1,"Individual Agencies"
"Motor Vehicle Thefts",8,9,"-11.1111111111111",2026-03-01,"Hoboken, New Jersey","Mar 2026","2026-05-18 10:10:31 EDT",56832,1,"Individual Agencies"
"Murders",0,1,"-100",2026-03-01,"Hoboken, New Jersey","Mar 2026","2026-05-18 10:10:31 EDT",56832,1,"Individual Agencies"
"Property Crimes",115,178,"-35.3932584269663",2026-03-01,"Hoboken, New Jersey","Mar 2026","2026-05-18 10:10:31 EDT",56832,1,"Individual Agencies"
"Rapes",0,0,"0",2026-03-01,"Hoboken, New Jersey","Mar 2026","2026-05-18 10:10:31 EDT",56832,1,"Individual Agencies"
"Robberies",5,3,"66.6666666666667",2026-03-01,"Hoboken, New Jersey","Mar 2026","2026-05-18 10:10:31 EDT",56832,1,"Individual Agencies"
"Thefts",86,151,"-43.046357615894",2026-03-01,"Hoboken, New Jersey","Mar 2026","2026-05-18 10:10:31 EDT",56832,1,"Individual Agencies"
"Violent Crimes",30,22,"36.3636363636364",2026-03-01,"Hoboken, New Jersey","Mar 2026","2026-05-18 10:10:31 EDT",56832,1,"Individual Agencies"
"Aggravated Assaults",265,248,"6.85483870967742",2026-03-01,"Honolulu, Hawaii","Mar 2026","2026-05-18 10:10:31 EDT",987546,1,"Individual Agencies"
"Burglaries",281,422,"-33.4123222748815",2026-03-01,"Honolulu, Hawaii","Mar 2026","2026-05-18 10:10:31 EDT",987546,1,"Individual Agencies"
"Motor Vehicle Thefts",611,675,"-9.48148148148148",2026-03-01,"Honolulu, Hawaii","Mar 2026","2026-05-18 10:10:31 EDT",987546,1,"Individual Agencies"
"Murders",6,1,"500",2026-03-01,"Honolulu, Hawaii","Mar 2026","2026-05-18 10:10:31 EDT",987546,1,"Individual Agencies"
"Property Crimes",3211,4068,"-21.0668633235005",2026-03-01,"Honolulu, Hawaii","Mar 2026","2026-05-18 10:10:31 EDT",987546,1,"Individual Agencies"
"Rapes",74,70,"5.71428571428571",2026-03-01,"Honolulu, Hawaii","Mar 2026","2026-05-18 10:10:31 EDT",987546,1,"Individual Agencies"
"Robberies",119,128,"-7.03125",2026-03-01,"Honolulu, Hawaii","Mar 2026","2026-05-18 10:10:31 EDT",987546,1,"Individual Agencies"
"Thefts",2319,2971,"-21.9454729047459",2026-03-01,"Honolulu, Hawaii","Mar 2026","2026-05-18 10:10:31 EDT",987546,1,"Individual Agencies"
"Violent Crimes",464,447,"3.80313199105145",2026-03-01,"Honolulu, Hawaii","Mar 2026","2026-05-18 10:10:31 EDT",987546,1,"Individual Agencies"
"Aggravated Assaults",69,125,"-44.8",2026-02-01,"Horry County, South Carolina","Feb 2026","2026-05-18 10:10:31 EDT",302018,1,"Individual Agencies"
"Burglaries",96,82,"17.0731707317073",2026-02-01,"Horry County, South Carolina","Feb 2026","2026-05-18 10:10:31 EDT",302018,1,"Individual Agencies"
"Motor Vehicle Thefts",52,76,"-31.5789473684211",2026-02-01,"Horry County, South Carolina","Feb 2026","2026-05-18 10:10:31 EDT",302018,1,"Individual Agencies"
"Murders",1,2,"-50",2026-02-01,"Horry County, South Carolina","Feb 2026","2026-05-18 10:10:31 EDT",302018,1,"Individual Agencies"
"Rapes",18,16,"12.5",2026-02-01,"Horry County, South Carolina","Feb 2026","2026-05-18 10:10:31 EDT",302018,1,"Individual Agencies"
"Robberies",7,1,"600",2026-02-01,"Horry County, South Carolina","Feb 2026","2026-05-18 10:10:31 EDT",302018,1,"Individual Agencies"
"Thefts",398,481,"-17.2557172557173",2026-02-01,"Horry County, South Carolina","Feb 2026","2026-05-18 10:10:31 EDT",302018,1,"Individual Agencies"
"Aggravated Assaults",3277,3520,"-6.90340909090909",2026-03-01,"Houston, Texas","Mar 2026","2026-05-18 10:10:31 EDT",2304406,1,"Individual Agencies"
"Burglaries",2444,2992,"-18.3155080213904",2026-03-01,"Houston, Texas","Mar 2026","2026-05-18 10:10:31 EDT",2304406,1,"Individual Agencies"
"Motor Vehicle Thefts",2934,3256,"-9.88943488943489",2026-03-01,"Houston, Texas","Mar 2026","2026-05-18 10:10:31 EDT",2304406,1,"Individual Agencies"
"Murders",49,75,"-34.6666666666667",2026-03-01,"Houston, Texas","Mar 2026","2026-05-18 10:10:31 EDT",2304406,1,"Individual Agencies"
"Property Crimes",19041,22278,"-14.5300296256396",2026-03-01,"Houston, Texas","Mar 2026","2026-05-18 10:10:31 EDT",2304406,1,"Individual Agencies"
"Rapes",268,363,"-26.1707988980716",2026-03-01,"Houston, Texas","Mar 2026","2026-05-18 10:10:31 EDT",2304406,1,"Individual Agencies"
"Robberies",889,1325,"-32.9056603773585",2026-03-01,"Houston, Texas","Mar 2026","2026-05-18 10:10:31 EDT",2304406,1,"Individual Agencies"
"Thefts",13663,16030,"-14.7660636306925",2026-03-01,"Houston, Texas","Mar 2026","2026-05-18 10:10:31 EDT",2304406,1,"Individual Agencies"
"Violent Crimes",4483,5283,"-15.1429112246829",2026-03-01,"Houston, Texas","Mar 2026","2026-05-18 10:10:31 EDT",2304406,1,"Individual Agencies"
"Aggravated Assaults",46,47,"-2.12765957446809",2026-03-01,"Howard County, Maryland","Mar 2026","2026-05-18 10:10:31 EDT",337780,1,"Individual Agencies"
"Burglaries",62,109,"-43.1192660550459",2026-03-01,"Howard County, Maryland","Mar 2026","2026-05-18 10:10:31 EDT",337780,1,"Individual Agencies"
"Motor Vehicle Thefts",183,277,"-33.9350180505415",2026-03-01,"Howard County, Maryland","Mar 2026","2026-05-18 10:10:31 EDT",337780,1,"Individual Agencies"
"Murders",2,5,"-60",2026-03-01,"Howard County, Maryland","Mar 2026","2026-05-18 10:10:31 EDT",337780,1,"Individual Agencies"
"Property Crimes",964,1299,"-25.7890685142417",2026-03-01,"Howard County, Maryland","Mar 2026","2026-05-18 10:10:31 EDT",337780,1,"Individual Agencies"
"Rapes",6,9,"-33.3333333333333",2026-03-01,"Howard County, Maryland","Mar 2026","2026-05-18 10:10:31 EDT",337780,1,"Individual Agencies"
"Robberies",25,27,"-7.40740740740741",2026-03-01,"Howard County, Maryland","Mar 2026","2026-05-18 10:10:31 EDT",337780,1,"Individual Agencies"
"Thefts",719,913,"-21.2486308871851",2026-03-01,"Howard County, Maryland","Mar 2026","2026-05-18 10:10:31 EDT",337780,1,"Individual Agencies"
"Violent Crimes",79,88,"-10.2272727272727",2026-03-01,"Howard County, Maryland","Mar 2026","2026-05-18 10:10:31 EDT",337780,1,"Individual Agencies"
"Aggravated Assaults",12,13,"-7.69230769230769",2026-03-01,"Huntersville, North Carolina","Mar 2026","2026-05-18 10:10:31 EDT",63781,1,"Individual Agencies"
"Burglaries",15,17,"-11.7647058823529",2026-03-01,"Huntersville, North Carolina","Mar 2026","2026-05-18 10:10:31 EDT",63781,1,"Individual Agencies"
"Motor Vehicle Thefts",14,30,"-53.3333333333333",2026-03-01,"Huntersville, North Carolina","Mar 2026","2026-05-18 10:10:31 EDT",63781,1,"Individual Agencies"
"Murders",0,1,"-100",2026-03-01,"Huntersville, North Carolina","Mar 2026","2026-05-18 10:10:31 EDT",63781,1,"Individual Agencies"
"Property Crimes",137,198,"-30.8080808080808",2026-03-01,"Huntersville, North Carolina","Mar 2026","2026-05-18 10:10:31 EDT",63781,1,"Individual Agencies"
"Rapes",2,2,"0",2026-03-01,"Huntersville, North Carolina","Mar 2026","2026-05-18 10:10:31 EDT",63781,1,"Individual Agencies"
"Robberies",1,5,"-80",2026-03-01,"Huntersville, North Carolina","Mar 2026","2026-05-18 10:10:31 EDT",63781,1,"Individual Agencies"
"Thefts",108,151,"-28.476821192053",2026-03-01,"Huntersville, North Carolina","Mar 2026","2026-05-18 10:10:31 EDT",63781,1,"Individual Agencies"
"Violent Crimes",15,21,"-28.5714285714286",2026-03-01,"Huntersville, North Carolina","Mar 2026","2026-05-18 10:10:31 EDT",63781,1,"Individual Agencies"
"Aggravated Assaults",47,49,"-4.08163265306122",2026-03-01,"Idaho Falls, Idaho","Mar 2026","2026-05-18 10:10:31 EDT",68662,1,"Individual Agencies"
"Burglaries",41,48,"-14.5833333333333",2026-03-01,"Idaho Falls, Idaho","Mar 2026","2026-05-18 10:10:31 EDT",68662,1,"Individual Agencies"
"Motor Vehicle Thefts",12,10,"20",2026-03-01,"Idaho Falls, Idaho","Mar 2026","2026-05-18 10:10:31 EDT",68662,1,"Individual Agencies"
"Murders",1,0,"Undefined",2026-03-01,"Idaho Falls, Idaho","Mar 2026","2026-05-18 10:10:31 EDT",68662,1,"Individual Agencies"
"Property Crimes",152,169,"-10.0591715976331",2026-03-01,"Idaho Falls, Idaho","Mar 2026","2026-05-18 10:10:31 EDT",68662,1,"Individual Agencies"
"Rapes",16,8,"100",2026-03-01,"Idaho Falls, Idaho","Mar 2026","2026-05-18 10:10:31 EDT",68662,1,"Individual Agencies"
"Robberies",2,2,"0",2026-03-01,"Idaho Falls, Idaho","Mar 2026","2026-05-18 10:10:31 EDT",68662,1,"Individual Agencies"
"Thefts",99,111,"-10.8108108108108",2026-03-01,"Idaho Falls, Idaho","Mar 2026","2026-05-18 10:10:31 EDT",68662,1,"Individual Agencies"
"Violent Crimes",66,59,"11.864406779661",2026-03-01,"Idaho Falls, Idaho","Mar 2026","2026-05-18 10:10:31 EDT",68662,1,"Individual Agencies"
"Aggravated Assaults",105,104,"0.961538461538462",2026-03-01,"Independence, Missouri","Mar 2026","2026-05-18 10:10:31 EDT",120326,1,"Individual Agencies"
"Burglaries",118,118,"0",2026-03-01,"Independence, Missouri","Mar 2026","2026-05-18 10:10:31 EDT",120326,1,"Individual Agencies"
"Motor Vehicle Thefts",173,173,"0",2026-03-01,"Independence, Missouri","Mar 2026","2026-05-18 10:10:31 EDT",120326,1,"Individual Agencies"
"Murders",2,2,"0",2026-03-01,"Independence, Missouri","Mar 2026","2026-05-18 10:10:31 EDT",120326,1,"Individual Agencies"
"Property Crimes",886,884,"0.226244343891403",2026-03-01,"Independence, Missouri","Mar 2026","2026-05-18 10:10:31 EDT",120326,1,"Individual Agencies"
"Rapes",31,26,"19.2307692307692",2026-03-01,"Independence, Missouri","Mar 2026","2026-05-18 10:10:31 EDT",120326,1,"Individual Agencies"
"Robberies",23,23,"0",2026-03-01,"Independence, Missouri","Mar 2026","2026-05-18 10:10:31 EDT",120326,1,"Individual Agencies"
"Thefts",595,593,"0.337268128161889",2026-03-01,"Independence, Missouri","Mar 2026","2026-05-18 10:10:31 EDT",120326,1,"Individual Agencies"
"Violent Crimes",161,155,"3.87096774193548",2026-03-01,"Independence, Missouri","Mar 2026","2026-05-18 10:10:31 EDT",120326,1,"Individual Agencies"
"Aggravated Assaults",667,1003,"-33.4995014955135",2026-03-01,"Indianapolis, Indiana","Mar 2026","2026-05-18 10:10:31 EDT",887131,1,"Individual Agencies"
"Burglaries",629,866,"-27.3672055427252",2026-03-01,"Indianapolis, Indiana","Mar 2026","2026-05-18 10:10:31 EDT",887131,1,"Individual Agencies"
"Motor Vehicle Thefts",1013,1192,"-15.0167785234899",2026-03-01,"Indianapolis, Indiana","Mar 2026","2026-05-18 10:10:31 EDT",887131,1,"Individual Agencies"
"Murders",20,34,"-41.1764705882353",2026-03-01,"Indianapolis, Indiana","Mar 2026","2026-05-18 10:10:31 EDT",887131,1,"Individual Agencies"
"Property Crimes",4938,5735,"-13.897122929381",2026-03-01,"Indianapolis, Indiana","Mar 2026","2026-05-18 10:10:31 EDT",887131,1,"Individual Agencies"
"Rapes",148,170,"-12.9411764705882",2026-03-01,"Indianapolis, Indiana","Mar 2026","2026-05-18 10:10:31 EDT",887131,1,"Individual Agencies"
"Robberies",144,271,"-46.8634686346863",2026-03-01,"Indianapolis, Indiana","Mar 2026","2026-05-18 10:10:31 EDT",887131,1,"Individual Agencies"
"Thefts",3296,3677,"-10.3617079140604",2026-03-01,"Indianapolis, Indiana","Mar 2026","2026-05-18 10:10:31 EDT",887131,1,"Individual Agencies"
"Violent Crimes",979,1478,"-33.7618403247632",2026-03-01,"Indianapolis, Indiana","Mar 2026","2026-05-18 10:10:31 EDT",887131,1,"Individual Agencies"
"Aggravated Assaults",31,35,"-11.4285714285714",2026-03-01,"Iowa City, Iowa","Mar 2026","2026-05-18 10:10:31 EDT",75396,1,"Individual Agencies"
"Burglaries",25,31,"-19.3548387096774",2026-03-01,"Iowa City, Iowa","Mar 2026","2026-05-18 10:10:31 EDT",75396,1,"Individual Agencies"
"Motor Vehicle Thefts",15,17,"-11.7647058823529",2026-03-01,"Iowa City, Iowa","Mar 2026","2026-05-18 10:10:31 EDT",75396,1,"Individual Agencies"
"Murders",0,2,"-100",2026-03-01,"Iowa City, Iowa","Mar 2026","2026-05-18 10:10:31 EDT",75396,1,"Individual Agencies"
"Property Crimes",288,290,"-0.689655172413793",2026-03-01,"Iowa City, Iowa","Mar 2026","2026-05-18 10:10:31 EDT",75396,1,"Individual Agencies"
"Rapes",7,5,"40",2026-03-01,"Iowa City, Iowa","Mar 2026","2026-05-18 10:10:31 EDT",75396,1,"Individual Agencies"
"Robberies",3,4,"-25",2026-03-01,"Iowa City, Iowa","Mar 2026","2026-05-18 10:10:31 EDT",75396,1,"Individual Agencies"
"Thefts",248,242,"2.47933884297521",2026-03-01,"Iowa City, Iowa","Mar 2026","2026-05-18 10:10:31 EDT",75396,1,"Individual Agencies"
"Violent Crimes",41,46,"-10.8695652173913",2026-03-01,"Iowa City, Iowa","Mar 2026","2026-05-18 10:10:31 EDT",75396,1,"Individual Agencies"
"Aggravated Assaults",31,31,"0",2026-03-01,"Iredell County, North Carolina","Mar 2026","2026-05-18 10:10:31 EDT",111895,1,"Individual Agencies"
"Burglaries",33,56,"-41.0714285714286",2026-03-01,"Iredell County, North Carolina","Mar 2026","2026-05-18 10:10:31 EDT",111895,1,"Individual Agencies"
"Motor Vehicle Thefts",7,17,"-58.8235294117647",2026-03-01,"Iredell County, North Carolina","Mar 2026","2026-05-18 10:10:31 EDT",111895,1,"Individual Agencies"
"Murders",0,0,"0",2026-03-01,"Iredell County, North Carolina","Mar 2026","2026-05-18 10:10:31 EDT",111895,1,"Individual Agencies"
"Property Crimes",116,153,"-24.1830065359477",2026-03-01,"Iredell County, North Carolina","Mar 2026","2026-05-18 10:10:31 EDT",111895,1,"Individual Agencies"
"Rapes",2,1,"100",2026-03-01,"Iredell County, North Carolina","Mar 2026","2026-05-18 10:10:31 EDT",111895,1,"Individual Agencies"
"Robberies",2,1,"100",2026-03-01,"Iredell County, North Carolina","Mar 2026","2026-05-18 10:10:31 EDT",111895,1,"Individual Agencies"
"Thefts",76,80,"-5",2026-03-01,"Iredell County, North Carolina","Mar 2026","2026-05-18 10:10:31 EDT",111895,1,"Individual Agencies"
"Violent Crimes",35,33,"6.06060606060606",2026-03-01,"Iredell County, North Carolina","Mar 2026","2026-05-18 10:10:31 EDT",111895,1,"Individual Agencies"
"Aggravated Assaults",33,40,"-17.5",2026-03-01,"Irvine, California","Mar 2026","2026-05-18 10:10:31 EDT",316132,1,"Individual Agencies"
"Burglaries",98,185,"-47.027027027027",2026-03-01,"Irvine, California","Mar 2026","2026-05-18 10:10:31 EDT",316132,1,"Individual Agencies"
"Motor Vehicle Thefts",47,40,"17.5",2026-03-01,"Irvine, California","Mar 2026","2026-05-18 10:10:31 EDT",316132,1,"Individual Agencies"
"Murders",0,0,"0",2026-03-01,"Irvine, California","Mar 2026","2026-05-18 10:10:31 EDT",316132,1,"Individual Agencies"
"Property Crimes",697,997,"-30.0902708124373",2026-03-01,"Irvine, California","Mar 2026","2026-05-18 10:10:31 EDT",316132,1,"Individual Agencies"
"Rapes",8,7,"14.2857142857143",2026-03-01,"Irvine, California","Mar 2026","2026-05-18 10:10:31 EDT",316132,1,"Individual Agencies"
"Robberies",11,16,"-31.25",2026-03-01,"Irvine, California","Mar 2026","2026-05-18 10:10:31 EDT",316132,1,"Individual Agencies"
"Thefts",552,772,"-28.4974093264249",2026-03-01,"Irvine, California","Mar 2026","2026-05-18 10:10:31 EDT",316132,1,"Individual Agencies"
"Violent Crimes",52,63,"-17.4603174603175",2026-03-01,"Irvine, California","Mar 2026","2026-05-18 10:10:31 EDT",316132,1,"Individual Agencies"
"Aggravated Assaults",80,120,"-33.3333333333333",2026-03-01,"Irving, Texas","Mar 2026","2026-05-18 10:10:31 EDT",255203,1,"Individual Agencies"
"Burglaries",185,153,"20.9150326797386",2026-03-01,"Irving, Texas","Mar 2026","2026-05-18 10:10:31 EDT",255203,1,"Individual Agencies"
"Motor Vehicle Thefts",141,179,"-21.2290502793296",2026-03-01,"Irving, Texas","Mar 2026","2026-05-18 10:10:31 EDT",255203,1,"Individual Agencies"
"Murders",1,1,"0",2026-03-01,"Irving, Texas","Mar 2026","2026-05-18 10:10:31 EDT",255203,1,"Individual Agencies"
"Property Crimes",979,1175,"-16.6808510638298",2026-03-01,"Irving, Texas","Mar 2026","2026-05-18 10:10:31 EDT",255203,1,"Individual Agencies"
"Rapes",18,35,"-48.5714285714286",2026-03-01,"Irving, Texas","Mar 2026","2026-05-18 10:10:31 EDT",255203,1,"Individual Agencies"
"Robberies",20,30,"-33.3333333333333",2026-03-01,"Irving, Texas","Mar 2026","2026-05-18 10:10:31 EDT",255203,1,"Individual Agencies"
"Thefts",653,843,"-22.5385527876631",2026-03-01,"Irving, Texas","Mar 2026","2026-05-18 10:10:31 EDT",255203,1,"Individual Agencies"
"Violent Crimes",119,186,"-36.0215053763441",2026-03-01,"Irving, Texas","Mar 2026","2026-05-18 10:10:31 EDT",255203,1,"Individual Agencies"
"Aggravated Assaults",86,102,"-15.6862745098039",2026-03-01,"Jackson, Tennessee","Mar 2026","2026-05-18 10:10:31 EDT",68470,1,"Individual Agencies"
"Burglaries",75,59,"27.1186440677966",2026-03-01,"Jackson, Tennessee","Mar 2026","2026-05-18 10:10:31 EDT",68470,1,"Individual Agencies"
"Motor Vehicle Thefts",34,40,"-15",2026-03-01,"Jackson, Tennessee","Mar 2026","2026-05-18 10:10:31 EDT",68470,1,"Individual Agencies"
"Murders",7,6,"16.6666666666667",2026-03-01,"Jackson, Tennessee","Mar 2026","2026-05-18 10:10:31 EDT",68470,1,"Individual Agencies"
"Property Crimes",440,454,"-3.08370044052863",2026-03-01,"Jackson, Tennessee","Mar 2026","2026-05-18 10:10:31 EDT",68470,1,"Individual Agencies"
"Rapes",5,3,"66.6666666666667",2026-03-01,"Jackson, Tennessee","Mar 2026","2026-05-18 10:10:31 EDT",68470,1,"Individual Agencies"
"Robberies",5,6,"-16.6666666666667",2026-03-01,"Jackson, Tennessee","Mar 2026","2026-05-18 10:10:31 EDT",68470,1,"Individual Agencies"
"Thefts",331,355,"-6.76056338028169",2026-03-01,"Jackson, Tennessee","Mar 2026","2026-05-18 10:10:31 EDT",68470,1,"Individual Agencies"
"Violent Crimes",103,117,"-11.965811965812",2026-03-01,"Jackson, Tennessee","Mar 2026","2026-05-18 10:10:31 EDT",68470,1,"Individual Agencies"
"Murders",13,19,"-31.5789473684211",2026-03-01,"Jacksonville, Florida","Mar 2026","2026-05-18 10:10:31 EDT",983663,1,"Individual Agencies"
"Property Crimes",0,0,"0",2026-03-01,"Jacksonville, Florida","Mar 2026","2026-05-18 10:10:31 EDT",983663,1,"Individual Agencies"
"Violent Crimes",13,19,"-31.5789473684211",2026-03-01,"Jacksonville, Florida","Mar 2026","2026-05-18 10:10:31 EDT",983663,1,"Individual Agencies"
"Aggravated Assaults",33,28,"17.8571428571429",2026-03-01,"Jacksonville, North Carolina","Mar 2026","2026-05-18 10:10:31 EDT",69340,1,"Individual Agencies"
"Burglaries",36,34,"5.88235294117647",2026-03-01,"Jacksonville, North Carolina","Mar 2026","2026-05-18 10:10:31 EDT",69340,1,"Individual Agencies"
"Motor Vehicle Thefts",7,18,"-61.1111111111111",2026-03-01,"Jacksonville, North Carolina","Mar 2026","2026-05-18 10:10:31 EDT",69340,1,"Individual Agencies"
"Murders",1,4,"-75",2026-03-01,"Jacksonville, North Carolina","Mar 2026","2026-05-18 10:10:31 EDT",69340,1,"Individual Agencies"
"Rapes",5,10,"-50",2026-03-01,"Jacksonville, North Carolina","Mar 2026","2026-05-18 10:10:31 EDT",69340,1,"Individual Agencies"
"Robberies",3,5,"-40",2026-03-01,"Jacksonville, North Carolina","Mar 2026","2026-05-18 10:10:31 EDT",69340,1,"Individual Agencies"
"Thefts",187,288,"-35.0694444444444",2026-03-01,"Jacksonville, North Carolina","Mar 2026","2026-05-18 10:10:31 EDT",69340,1,"Individual Agencies"
"Aggravated Assaults",9,9,"0",2026-03-01,"Janesville, Wisconsin","Mar 2026","2026-05-18 10:10:31 EDT",66033,1,"Individual Agencies"
"Burglaries",11,12,"-8.33333333333333",2026-03-01,"Janesville, Wisconsin","Mar 2026","2026-05-18 10:10:31 EDT",66033,1,"Individual Agencies"
"Motor Vehicle Thefts",5,8,"-37.5",2026-03-01,"Janesville, Wisconsin","Mar 2026","2026-05-18 10:10:31 EDT",66033,1,"Individual Agencies"
"Murders",0,1,"-100",2026-03-01,"Janesville, Wisconsin","Mar 2026","2026-05-18 10:10:31 EDT",66033,1,"Individual Agencies"
"Property Crimes",215,277,"-22.3826714801444",2026-03-01,"Janesville, Wisconsin","Mar 2026","2026-05-18 10:10:31 EDT",66033,1,"Individual Agencies"
"Rapes",9,7,"28.5714285714286",2026-03-01,"Janesville, Wisconsin","Mar 2026","2026-05-18 10:10:31 EDT",66033,1,"Individual Agencies"
"Robberies",6,1,"500",2026-03-01,"Janesville, Wisconsin","Mar 2026","2026-05-18 10:10:31 EDT",66033,1,"Individual Agencies"
"Thefts",199,257,"-22.568093385214",2026-03-01,"Janesville, Wisconsin","Mar 2026","2026-05-18 10:10:31 EDT",66033,1,"Individual Agencies"
"Violent Crimes",24,18,"33.3333333333333",2026-03-01,"Janesville, Wisconsin","Mar 2026","2026-05-18 10:10:31 EDT",66033,1,"Individual Agencies"
"Aggravated Assaults",35,35,"0",2026-02-01,"Jefferson County, Colorado","Feb 2026","2026-05-18 10:10:31 EDT",194994,1,"Individual Agencies"
"Burglaries",39,43,"-9.30232558139535",2026-02-01,"Jefferson County, Colorado","Feb 2026","2026-05-18 10:10:31 EDT",194994,1,"Individual Agencies"
"Motor Vehicle Thefts",34,48,"-29.1666666666667",2026-02-01,"Jefferson County, Colorado","Feb 2026","2026-05-18 10:10:31 EDT",194994,1,"Individual Agencies"
"Murders",0,0,"0",2026-02-01,"Jefferson County, Colorado","Feb 2026","2026-05-18 10:10:31 EDT",194994,1,"Individual Agencies"
"Rapes",9,18,"-50",2026-02-01,"Jefferson County, Colorado","Feb 2026","2026-05-18 10:10:31 EDT",194994,1,"Individual Agencies"
"Robberies",3,3,"0",2026-02-01,"Jefferson County, Colorado","Feb 2026","2026-05-18 10:10:31 EDT",194994,1,"Individual Agencies"
"Thefts",177,227,"-22.0264317180617",2026-02-01,"Jefferson County, Colorado","Feb 2026","2026-05-18 10:10:31 EDT",194994,1,"Individual Agencies"
"Aggravated Assaults",69,69,"0",2026-03-01,"Jefferson County, Missouri","Mar 2026","2026-05-18 10:10:31 EDT",167018,1,"Individual Agencies"
"Burglaries",60,61,"-1.63934426229508",2026-03-01,"Jefferson County, Missouri","Mar 2026","2026-05-18 10:10:31 EDT",167018,1,"Individual Agencies"
"Motor Vehicle Thefts",43,43,"0",2026-03-01,"Jefferson County, Missouri","Mar 2026","2026-05-18 10:10:31 EDT",167018,1,"Individual Agencies"
"Murders",3,3,"0",2026-03-01,"Jefferson County, Missouri","Mar 2026","2026-05-18 10:10:31 EDT",167018,1,"Individual Agencies"
"Property Crimes",286,287,"-0.348432055749129",2026-03-01,"Jefferson County, Missouri","Mar 2026","2026-05-18 10:10:31 EDT",167018,1,"Individual Agencies"
"Rapes",3,3,"0",2026-03-01,"Jefferson County, Missouri","Mar 2026","2026-05-18 10:10:31 EDT",167018,1,"Individual Agencies"
"Robberies",0,0,"0",2026-03-01,"Jefferson County, Missouri","Mar 2026","2026-05-18 10:10:31 EDT",167018,1,"Individual Agencies"
"Thefts",183,183,"0",2026-03-01,"Jefferson County, Missouri","Mar 2026","2026-05-18 10:10:31 EDT",167018,1,"Individual Agencies"
"Violent Crimes",75,75,"0",2026-03-01,"Jefferson County, Missouri","Mar 2026","2026-05-18 10:10:31 EDT",167018,1,"Individual Agencies"
"Aggravated Assaults",162,183,"-11.4754098360656",2026-03-01,"Jefferson Parish, Louisiana","Mar 2026","2026-05-18 10:10:31 EDT",321980,1,"Individual Agencies"
"Burglaries",112,212,"-47.1698113207547",2026-03-01,"Jefferson Parish, Louisiana","Mar 2026","2026-05-18 10:10:31 EDT",321980,1,"Individual Agencies"
"Motor Vehicle Thefts",74,126,"-41.2698412698413",2026-03-01,"Jefferson Parish, Louisiana","Mar 2026","2026-05-18 10:10:31 EDT",321980,1,"Individual Agencies"
"Murders",1,6,"-83.3333333333333",2026-03-01,"Jefferson Parish, Louisiana","Mar 2026","2026-05-18 10:10:31 EDT",321980,1,"Individual Agencies"
"Property Crimes",1453,1413,"2.83085633404105",2026-03-01,"Jefferson Parish, Louisiana","Mar 2026","2026-05-18 10:10:31 EDT",321980,1,"Individual Agencies"
"Rapes",16,12,"33.3333333333333",2026-03-01,"Jefferson Parish, Louisiana","Mar 2026","2026-05-18 10:10:31 EDT",321980,1,"Individual Agencies"
"Robberies",35,38,"-7.89473684210526",2026-03-01,"Jefferson Parish, Louisiana","Mar 2026","2026-05-18 10:10:31 EDT",321980,1,"Individual Agencies"
"Thefts",1267,1075,"17.8604651162791",2026-03-01,"Jefferson Parish, Louisiana","Mar 2026","2026-05-18 10:10:31 EDT",321980,1,"Individual Agencies"
"Violent Crimes",214,239,"-10.4602510460251",2026-03-01,"Jefferson Parish, Louisiana","Mar 2026","2026-05-18 10:10:31 EDT",321980,1,"Individual Agencies"
"Aggravated Assaults",220,252,"-12.6984126984127",2026-03-01,"Jersey City, New Jersey","Mar 2026","2026-05-18 10:10:31 EDT",285117,1,"Individual Agencies"
"Burglaries",63,131,"-51.9083969465649",2026-03-01,"Jersey City, New Jersey","Mar 2026","2026-05-18 10:10:31 EDT",285117,1,"Individual Agencies"
"Motor Vehicle Thefts",148,191,"-22.5130890052356",2026-03-01,"Jersey City, New Jersey","Mar 2026","2026-05-18 10:10:31 EDT",285117,1,"Individual Agencies"
"Murders",0,5,"-100",2026-03-01,"Jersey City, New Jersey","Mar 2026","2026-05-18 10:10:31 EDT",285117,1,"Individual Agencies"
"Property Crimes",1015,1281,"-20.7650273224044",2026-03-01,"Jersey City, New Jersey","Mar 2026","2026-05-18 10:10:31 EDT",285117,1,"Individual Agencies"
"Rapes",17,24,"-29.1666666666667",2026-03-01,"Jersey City, New Jersey","Mar 2026","2026-05-18 10:10:31 EDT",285117,1,"Individual Agencies"
"Robberies",68,101,"-32.6732673267327",2026-03-01,"Jersey City, New Jersey","Mar 2026","2026-05-18 10:10:31 EDT",285117,1,"Individual Agencies"
"Thefts",804,959,"-16.162669447341",2026-03-01,"Jersey City, New Jersey","Mar 2026","2026-05-18 10:10:31 EDT",285117,1,"Individual Agencies"
"Violent Crimes",305,382,"-20.1570680628272",2026-03-01,"Jersey City, New Jersey","Mar 2026","2026-05-18 10:10:31 EDT",285117,1,"Individual Agencies"
"Aggravated Assaults",2,6,"-66.6666666666667",2026-03-01,"Johns Creek, Georgia","Mar 2026","2026-05-18 10:10:31 EDT",82646,1,"Individual Agencies"
"Burglaries",9,5,"80",2026-03-01,"Johns Creek, Georgia","Mar 2026","2026-05-18 10:10:31 EDT",82646,1,"Individual Agencies"
"Motor Vehicle Thefts",0,8,"-100",2026-03-01,"Johns Creek, Georgia","Mar 2026","2026-05-18 10:10:31 EDT",82646,1,"Individual Agencies"
"Murders",0,1,"-100",2026-03-01,"Johns Creek, Georgia","Mar 2026","2026-05-18 10:10:31 EDT",82646,1,"Individual Agencies"
"Property Crimes",64,83,"-22.8915662650602",2026-03-01,"Johns Creek, Georgia","Mar 2026","2026-05-18 10:10:31 EDT",82646,1,"Individual Agencies"
"Rapes",0,3,"-100",2026-03-01,"Johns Creek, Georgia","Mar 2026","2026-05-18 10:10:31 EDT",82646,1,"Individual Agencies"
"Robberies",1,2,"-50",2026-03-01,"Johns Creek, Georgia","Mar 2026","2026-05-18 10:10:31 EDT",82646,1,"Individual Agencies"
"Thefts",55,70,"-21.4285714285714",2026-03-01,"Johns Creek, Georgia","Mar 2026","2026-05-18 10:10:31 EDT",82646,1,"Individual Agencies"
"Violent Crimes",3,12,"-75",2026-03-01,"Johns Creek, Georgia","Mar 2026","2026-05-18 10:10:31 EDT",82646,1,"Individual Agencies"
"Aggravated Assaults",38,42,"-9.52380952380952",2026-03-01,"Johnson City, Tennessee","Mar 2026","2026-05-18 10:10:31 EDT",73225,1,"Individual Agencies"
"Burglaries",29,25,"16",2026-03-01,"Johnson City, Tennessee","Mar 2026","2026-05-18 10:10:31 EDT",73225,1,"Individual Agencies"
"Motor Vehicle Thefts",24,23,"4.34782608695652",2026-03-01,"Johnson City, Tennessee","Mar 2026","2026-05-18 10:10:31 EDT",73225,1,"Individual Agencies"
"Murders",0,0,"0",2026-03-01,"Johnson City, Tennessee","Mar 2026","2026-05-18 10:10:31 EDT",73225,1,"Individual Agencies"
"Property Crimes",255,400,"-36.25",2026-03-01,"Johnson City, Tennessee","Mar 2026","2026-05-18 10:10:31 EDT",73225,1,"Individual Agencies"
"Rapes",10,12,"-16.6666666666667",2026-03-01,"Johnson City, Tennessee","Mar 2026","2026-05-18 10:10:31 EDT",73225,1,"Individual Agencies"
"Robberies",2,3,"-33.3333333333333",2026-03-01,"Johnson City, Tennessee","Mar 2026","2026-05-18 10:10:31 EDT",73225,1,"Individual Agencies"
"Thefts",202,352,"-42.6136363636364",2026-03-01,"Johnson City, Tennessee","Mar 2026","2026-05-18 10:10:31 EDT",73225,1,"Individual Agencies"
"Violent Crimes",50,57,"-12.280701754386",2026-03-01,"Johnson City, Tennessee","Mar 2026","2026-05-18 10:10:31 EDT",73225,1,"Individual Agencies"
"Aggravated Assaults",17,44,"-61.3636363636364",2026-03-01,"Johnston County, North Carolina","Mar 2026","2026-05-18 10:10:31 EDT",177923,1,"Individual Agencies"
"Burglaries",37,52,"-28.8461538461538",2026-03-01,"Johnston County, North Carolina","Mar 2026","2026-05-18 10:10:31 EDT",177923,1,"Individual Agencies"
"Motor Vehicle Thefts",28,26,"7.69230769230769",2026-03-01,"Johnston County, North Carolina","Mar 2026","2026-05-18 10:10:31 EDT",177923,1,"Individual Agencies"
"Murders",2,5,"-60",2026-03-01,"Johnston County, North Carolina","Mar 2026","2026-05-18 10:10:31 EDT",177923,1,"Individual Agencies"
"Property Crimes",246,335,"-26.5671641791045",2026-03-01,"Johnston County, North Carolina","Mar 2026","2026-05-18 10:10:31 EDT",177923,1,"Individual Agencies"
"Rapes",6,5,"20",2026-03-01,"Johnston County, North Carolina","Mar 2026","2026-05-18 10:10:31 EDT",177923,1,"Individual Agencies"
"Robberies",2,6,"-66.6666666666667",2026-03-01,"Johnston County, North Carolina","Mar 2026","2026-05-18 10:10:31 EDT",177923,1,"Individual Agencies"
"Thefts",181,257,"-29.5719844357977",2026-03-01,"Johnston County, North Carolina","Mar 2026","2026-05-18 10:10:31 EDT",177923,1,"Individual Agencies"
"Violent Crimes",27,60,"-55",2026-03-01,"Johnston County, North Carolina","Mar 2026","2026-05-18 10:10:31 EDT",177923,1,"Individual Agencies"
"Aggravated Assaults",48,51,"-5.88235294117647",2026-02-01,"Jonesboro, Arkansas","Feb 2026","2026-05-18 10:10:31 EDT",80395,1,"Individual Agencies"
"Burglaries",22,30,"-26.6666666666667",2026-02-01,"Jonesboro, Arkansas","Feb 2026","2026-05-18 10:10:31 EDT",80395,1,"Individual Agencies"
"Motor Vehicle Thefts",8,16,"-50",2026-02-01,"Jonesboro, Arkansas","Feb 2026","2026-05-18 10:10:31 EDT",80395,1,"Individual Agencies"
"Murders",3,3,"0",2026-02-01,"Jonesboro, Arkansas","Feb 2026","2026-05-18 10:10:31 EDT",80395,1,"Individual Agencies"
"Rapes",8,6,"33.3333333333333",2026-02-01,"Jonesboro, Arkansas","Feb 2026","2026-05-18 10:10:31 EDT",80395,1,"Individual Agencies"
"Robberies",9,6,"50",2026-02-01,"Jonesboro, Arkansas","Feb 2026","2026-05-18 10:10:31 EDT",80395,1,"Individual Agencies"
"Thefts",206,269,"-23.4200743494424",2026-02-01,"Jonesboro, Arkansas","Feb 2026","2026-05-18 10:10:31 EDT",80395,1,"Individual Agencies"
"Aggravated Assaults",41,41,"0",2026-03-01,"Joplin, Missouri","Mar 2026","2026-05-18 10:10:31 EDT",52881,1,"Individual Agencies"
"Burglaries",54,54,"0",2026-03-01,"Joplin, Missouri","Mar 2026","2026-05-18 10:10:31 EDT",52881,1,"Individual Agencies"
"Motor Vehicle Thefts",43,43,"0",2026-03-01,"Joplin, Missouri","Mar 2026","2026-05-18 10:10:31 EDT",52881,1,"Individual Agencies"
"Murders",0,0,"0",2026-03-01,"Joplin, Missouri","Mar 2026","2026-05-18 10:10:31 EDT",52881,1,"Individual Agencies"
"Property Crimes",514,514,"0",2026-03-01,"Joplin, Missouri","Mar 2026","2026-05-18 10:10:31 EDT",52881,1,"Individual Agencies"
"Rapes",18,18,"0",2026-03-01,"Joplin, Missouri","Mar 2026","2026-05-18 10:10:31 EDT",52881,1,"Individual Agencies"
"Robberies",7,7,"0",2026-03-01,"Joplin, Missouri","Mar 2026","2026-05-18 10:10:31 EDT",52881,1,"Individual Agencies"
"Thefts",417,417,"0",2026-03-01,"Joplin, Missouri","Mar 2026","2026-05-18 10:10:31 EDT",52881,1,"Individual Agencies"
"Violent Crimes",66,66,"0",2026-03-01,"Joplin, Missouri","Mar 2026","2026-05-18 10:10:31 EDT",52881,1,"Individual Agencies"
"Aggravated Assaults",71,65,"9.23076923076923",2026-03-01,"Kalamazoo County, Michigan","Mar 2026","2026-05-18 10:10:31 EDT",108458,1,"Individual Agencies"
"Burglaries",46,59,"-22.0338983050847",2026-03-01,"Kalamazoo County, Michigan","Mar 2026","2026-05-18 10:10:31 EDT",108458,1,"Individual Agencies"
"Motor Vehicle Thefts",26,33,"-21.2121212121212",2026-03-01,"Kalamazoo County, Michigan","Mar 2026","2026-05-18 10:10:31 EDT",108458,1,"Individual Agencies"
"Murders",0,0,"0",2026-03-01,"Kalamazoo County, Michigan","Mar 2026","2026-05-18 10:10:31 EDT",108458,1,"Individual Agencies"
"Rapes",10,11,"-9.09090909090909",2026-03-01,"Kalamazoo County, Michigan","Mar 2026","2026-05-18 10:10:31 EDT",108458,1,"Individual Agencies"
"Robberies",5,8,"-37.5",2026-03-01,"Kalamazoo County, Michigan","Mar 2026","2026-05-18 10:10:31 EDT",108458,1,"Individual Agencies"
"Thefts",282,326,"-13.4969325153374",2026-03-01,"Kalamazoo County, Michigan","Mar 2026","2026-05-18 10:10:31 EDT",108458,1,"Individual Agencies"
"Aggravated Assaults",100,119,"-15.9663865546218",2026-03-01,"Kalamazoo, Michigan","Mar 2026","2026-05-18 10:10:31 EDT",72565,1,"Individual Agencies"
"Burglaries",58,79,"-26.5822784810127",2026-03-01,"Kalamazoo, Michigan","Mar 2026","2026-05-18 10:10:31 EDT",72565,1,"Individual Agencies"
"Motor Vehicle Thefts",53,45,"17.7777777777778",2026-03-01,"Kalamazoo, Michigan","Mar 2026","2026-05-18 10:10:31 EDT",72565,1,"Individual Agencies"
"Murders",3,2,"50",2026-03-01,"Kalamazoo, Michigan","Mar 2026","2026-05-18 10:10:31 EDT",72565,1,"Individual Agencies"
"Property Crimes",311,443,"-29.7968397291196",2026-03-01,"Kalamazoo, Michigan","Mar 2026","2026-05-18 10:10:31 EDT",72565,1,"Individual Agencies"
"Rapes",8,23,"-65.2173913043478",2026-03-01,"Kalamazoo, Michigan","Mar 2026","2026-05-18 10:10:31 EDT",72565,1,"Individual Agencies"
"Robberies",15,14,"7.14285714285714",2026-03-01,"Kalamazoo, Michigan","Mar 2026","2026-05-18 10:10:31 EDT",72565,1,"Individual Agencies"
"Thefts",200,319,"-37.3040752351097",2026-03-01,"Kalamazoo, Michigan","Mar 2026","2026-05-18 10:10:31 EDT",72565,1,"Individual Agencies"
"Violent Crimes",126,158,"-20.253164556962",2026-03-01,"Kalamazoo, Michigan","Mar 2026","2026-05-18 10:10:31 EDT",72565,1,"Individual Agencies"
"Aggravated Assaults",17,25,"-32",2026-03-01,"Kannapolis, North Carolina","Mar 2026","2026-05-18 10:10:31 EDT",56479,1,"Individual Agencies"
"Burglaries",18,33,"-45.4545454545455",2026-03-01,"Kannapolis, North Carolina","Mar 2026","2026-05-18 10:10:31 EDT",56479,1,"Individual Agencies"
"Motor Vehicle Thefts",25,30,"-16.6666666666667",2026-03-01,"Kannapolis, North Carolina","Mar 2026","2026-05-18 10:10:31 EDT",56479,1,"Individual Agencies"
"Murders",0,3,"-100",2026-03-01,"Kannapolis, North Carolina","Mar 2026","2026-05-18 10:10:31 EDT",56479,1,"Individual Agencies"
"Property Crimes",184,226,"-18.5840707964602",2026-03-01,"Kannapolis, North Carolina","Mar 2026","2026-05-18 10:10:31 EDT",56479,1,"Individual Agencies"
"Rapes",6,3,"100",2026-03-01,"Kannapolis, North Carolina","Mar 2026","2026-05-18 10:10:31 EDT",56479,1,"Individual Agencies"
"Robberies",3,3,"0",2026-03-01,"Kannapolis, North Carolina","Mar 2026","2026-05-18 10:10:31 EDT",56479,1,"Individual Agencies"
"Thefts",141,163,"-13.4969325153374",2026-03-01,"Kannapolis, North Carolina","Mar 2026","2026-05-18 10:10:31 EDT",56479,1,"Individual Agencies"
"Violent Crimes",26,34,"-23.5294117647059",2026-03-01,"Kannapolis, North Carolina","Mar 2026","2026-05-18 10:10:31 EDT",56479,1,"Individual Agencies"
"Aggravated Assaults",1132,1131,"0.0884173297966401",2026-03-01,"Kansas City, Missouri","Mar 2026","2026-05-18 10:10:31 EDT",509855,1,"Individual Agencies"
"Burglaries",652,652,"0",2026-03-01,"Kansas City, Missouri","Mar 2026","2026-05-18 10:10:31 EDT",509855,1,"Individual Agencies"
"Motor Vehicle Thefts",1726,1724,"0.116009280742459",2026-03-01,"Kansas City, Missouri","Mar 2026","2026-05-18 10:10:31 EDT",509855,1,"Individual Agencies"
"Murders",36,37,"-2.7027027027027",2026-03-01,"Kansas City, Missouri","Mar 2026","2026-05-18 10:10:31 EDT",509855,1,"Individual Agencies"
"Property Crimes",5098,5089,"0.176852033798389",2026-03-01,"Kansas City, Missouri","Mar 2026","2026-05-18 10:10:31 EDT",509855,1,"Individual Agencies"
"Rapes",96,93,"3.2258064516129",2026-03-01,"Kansas City, Missouri","Mar 2026","2026-05-18 10:10:31 EDT",509855,1,"Individual Agencies"
"Robberies",265,264,"0.378787878787879",2026-03-01,"Kansas City, Missouri","Mar 2026","2026-05-18 10:10:31 EDT",509855,1,"Individual Agencies"
"Thefts",2720,2713,"0.258016955399926",2026-03-01,"Kansas City, Missouri","Mar 2026","2026-05-18 10:10:31 EDT",509855,1,"Individual Agencies"
"Violent Crimes",1529,1525,"0.262295081967213",2026-03-01,"Kansas City, Missouri","Mar 2026","2026-05-18 10:10:31 EDT",509855,1,"Individual Agencies"
"Aggravated Assaults",16,15,"6.66666666666667",2026-03-01,"Kaufman County, Texas","Mar 2026","2026-05-18 10:10:31 EDT",111179,1,"Individual Agencies"
"Burglaries",16,23,"-30.4347826086957",2026-03-01,"Kaufman County, Texas","Mar 2026","2026-05-18 10:10:31 EDT",111179,1,"Individual Agencies"
"Motor Vehicle Thefts",14,8,"75",2026-03-01,"Kaufman County, Texas","Mar 2026","2026-05-18 10:10:31 EDT",111179,1,"Individual Agencies"
"Murders",1,2,"-50",2026-03-01,"Kaufman County, Texas","Mar 2026","2026-05-18 10:10:31 EDT",111179,1,"Individual Agencies"
"Property Crimes",74,77,"-3.8961038961039",2026-03-01,"Kaufman County, Texas","Mar 2026","2026-05-18 10:10:31 EDT",111179,1,"Individual Agencies"
"Rapes",5,5,"0",2026-03-01,"Kaufman County, Texas","Mar 2026","2026-05-18 10:10:31 EDT",111179,1,"Individual Agencies"
"Robberies",0,3,"-100",2026-03-01,"Kaufman County, Texas","Mar 2026","2026-05-18 10:10:31 EDT",111179,1,"Individual Agencies"
"Thefts",44,46,"-4.34782608695652",2026-03-01,"Kaufman County, Texas","Mar 2026","2026-05-18 10:10:31 EDT",111179,1,"Individual Agencies"
"Violent Crimes",22,25,"-12",2026-03-01,"Kaufman County, Texas","Mar 2026","2026-05-18 10:10:31 EDT",111179,1,"Individual Agencies"
"Aggravated Assaults",53,66,"-19.6969696969697",2026-03-01,"Kenosha, Wisconsin","Mar 2026","2026-05-18 10:10:31 EDT",97786,1,"Individual Agencies"
"Burglaries",7,23,"-69.5652173913043",2026-03-01,"Kenosha, Wisconsin","Mar 2026","2026-05-18 10:10:31 EDT",97786,1,"Individual Agencies"
"Motor Vehicle Thefts",17,20,"-15",2026-03-01,"Kenosha, Wisconsin","Mar 2026","2026-05-18 10:10:31 EDT",97786,1,"Individual Agencies"
"Murders",2,1,"100",2026-03-01,"Kenosha, Wisconsin","Mar 2026","2026-05-18 10:10:31 EDT",97786,1,"Individual Agencies"
"Property Crimes",166,193,"-13.9896373056995",2026-03-01,"Kenosha, Wisconsin","Mar 2026","2026-05-18 10:10:31 EDT",97786,1,"Individual Agencies"
"Rapes",7,8,"-12.5",2026-03-01,"Kenosha, Wisconsin","Mar 2026","2026-05-18 10:10:31 EDT",97786,1,"Individual Agencies"
"Robberies",4,5,"-20",2026-03-01,"Kenosha, Wisconsin","Mar 2026","2026-05-18 10:10:31 EDT",97786,1,"Individual Agencies"
"Thefts",142,150,"-5.33333333333333",2026-03-01,"Kenosha, Wisconsin","Mar 2026","2026-05-18 10:10:31 EDT",97786,1,"Individual Agencies"
"Violent Crimes",66,80,"-17.5",2026-03-01,"Kenosha, Wisconsin","Mar 2026","2026-05-18 10:10:31 EDT",97786,1,"Individual Agencies"
"Aggravated Assaults",57,59,"-3.38983050847458",2026-02-01,"Kent County, Michigan","Feb 2026","2026-05-18 10:10:31 EDT",267237,1,"Individual Agencies"
"Burglaries",26,15,"73.3333333333333",2026-02-01,"Kent County, Michigan","Feb 2026","2026-05-18 10:10:31 EDT",267237,1,"Individual Agencies"
"Motor Vehicle Thefts",16,22,"-27.2727272727273",2026-02-01,"Kent County, Michigan","Feb 2026","2026-05-18 10:10:31 EDT",267237,1,"Individual Agencies"
"Murders",0,2,"-100",2026-02-01,"Kent County, Michigan","Feb 2026","2026-05-18 10:10:31 EDT",267237,1,"Individual Agencies"
"Rapes",14,20,"-30",2026-02-01,"Kent County, Michigan","Feb 2026","2026-05-18 10:10:31 EDT",267237,1,"Individual Agencies"
"Robberies",0,0,"0",2026-02-01,"Kent County, Michigan","Feb 2026","2026-05-18 10:10:31 EDT",267237,1,"Individual Agencies"
"Thefts",186,235,"-20.8510638297872",2026-02-01,"Kent County, Michigan","Feb 2026","2026-05-18 10:10:31 EDT",267237,1,"Individual Agencies"
"Aggravated Assaults",2,9,"-77.7777777777778",2026-03-01,"Kettering, Ohio","Mar 2026","2026-05-18 10:10:31 EDT",56633,1,"Individual Agencies"
"Burglaries",8,6,"33.3333333333333",2026-03-01,"Kettering, Ohio","Mar 2026","2026-05-18 10:10:31 EDT",56633,1,"Individual Agencies"
"Motor Vehicle Thefts",21,17,"23.5294117647059",2026-03-01,"Kettering, Ohio","Mar 2026","2026-05-18 10:10:31 EDT",56633,1,"Individual Agencies"
"Murders",0,0,"0",2026-03-01,"Kettering, Ohio","Mar 2026","2026-05-18 10:10:31 EDT",56633,1,"Individual Agencies"
"Rapes",3,2,"50",2026-03-01,"Kettering, Ohio","Mar 2026","2026-05-18 10:10:31 EDT",56633,1,"Individual Agencies"
"Robberies",0,0,"0",2026-03-01,"Kettering, Ohio","Mar 2026","2026-05-18 10:10:31 EDT",56633,1,"Individual Agencies"
"Thefts",119,163,"-26.9938650306748",2026-03-01,"Kettering, Ohio","Mar 2026","2026-05-18 10:10:31 EDT",56633,1,"Individual Agencies"
"Aggravated Assaults",71,69,"2.89855072463768",2026-02-01,"Killeen, Texas","Feb 2026","2026-05-18 10:10:31 EDT",161968,1,"Individual Agencies"
"Burglaries",60,95,"-36.8421052631579",2026-02-01,"Killeen, Texas","Feb 2026","2026-05-18 10:10:31 EDT",161968,1,"Individual Agencies"
"Motor Vehicle Thefts",51,96,"-46.875",2026-02-01,"Killeen, Texas","Feb 2026","2026-05-18 10:10:31 EDT",161968,1,"Individual Agencies"
"Murders",4,4,"0",2026-02-01,"Killeen, Texas","Feb 2026","2026-05-18 10:10:31 EDT",161968,1,"Individual Agencies"
"Rapes",21,11,"90.9090909090909",2026-02-01,"Killeen, Texas","Feb 2026","2026-05-18 10:10:31 EDT",161968,1,"Individual Agencies"
"Robberies",7,7,"0",2026-02-01,"Killeen, Texas","Feb 2026","2026-05-18 10:10:31 EDT",161968,1,"Individual Agencies"
"Thefts",238,259,"-8.10810810810811",2026-02-01,"Killeen, Texas","Feb 2026","2026-05-18 10:10:31 EDT",161968,1,"Individual Agencies"
"Aggravated Assaults",38,45,"-15.5555555555556",2026-03-01,"Kingsport, Tennessee","Mar 2026","2026-05-18 10:10:31 EDT",56522,1,"Individual Agencies"
"Burglaries",43,30,"43.3333333333333",2026-03-01,"Kingsport, Tennessee","Mar 2026","2026-05-18 10:10:31 EDT",56522,1,"Individual Agencies"
"Motor Vehicle Thefts",16,28,"-42.8571428571429",2026-03-01,"Kingsport, Tennessee","Mar 2026","2026-05-18 10:10:31 EDT",56522,1,"Individual Agencies"
"Murders",1,0,"Undefined",2026-03-01,"Kingsport, Tennessee","Mar 2026","2026-05-18 10:10:31 EDT",56522,1,"Individual Agencies"
"Property Crimes",249,304,"-18.0921052631579",2026-03-01,"Kingsport, Tennessee","Mar 2026","2026-05-18 10:10:31 EDT",56522,1,"Individual Agencies"
"Rapes",6,6,"0",2026-03-01,"Kingsport, Tennessee","Mar 2026","2026-05-18 10:10:31 EDT",56522,1,"Individual Agencies"
"Robberies",3,8,"-62.5",2026-03-01,"Kingsport, Tennessee","Mar 2026","2026-05-18 10:10:31 EDT",56522,1,"Individual Agencies"
"Thefts",190,246,"-22.7642276422764",2026-03-01,"Kingsport, Tennessee","Mar 2026","2026-05-18 10:10:31 EDT",56522,1,"Individual Agencies"
"Violent Crimes",48,59,"-18.6440677966102",2026-03-01,"Kingsport, Tennessee","Mar 2026","2026-05-18 10:10:31 EDT",56522,1,"Individual Agencies"
"Aggravated Assaults",95,81,"17.2839506172839",2026-03-01,"Knox County, Tennessee","Mar 2026","2026-05-18 10:10:31 EDT",304331,1,"Individual Agencies"
"Burglaries",60,68,"-11.7647058823529",2026-03-01,"Knox County, Tennessee","Mar 2026","2026-05-18 10:10:31 EDT",304331,1,"Individual Agencies"
"Motor Vehicle Thefts",59,84,"-29.7619047619048",2026-03-01,"Knox County, Tennessee","Mar 2026","2026-05-18 10:10:31 EDT",304331,1,"Individual Agencies"
"Murders",1,1,"0",2026-03-01,"Knox County, Tennessee","Mar 2026","2026-05-18 10:10:31 EDT",304331,1,"Individual Agencies"
"Property Crimes",425,507,"-16.1735700197239",2026-03-01,"Knox County, Tennessee","Mar 2026","2026-05-18 10:10:31 EDT",304331,1,"Individual Agencies"
"Rapes",9,20,"-55",2026-03-01,"Knox County, Tennessee","Mar 2026","2026-05-18 10:10:31 EDT",304331,1,"Individual Agencies"
"Robberies",3,2,"50",2026-03-01,"Knox County, Tennessee","Mar 2026","2026-05-18 10:10:31 EDT",304331,1,"Individual Agencies"
"Thefts",306,355,"-13.8028169014085",2026-03-01,"Knox County, Tennessee","Mar 2026","2026-05-18 10:10:31 EDT",304331,1,"Individual Agencies"
"Violent Crimes",108,104,"3.84615384615385",2026-03-01,"Knox County, Tennessee","Mar 2026","2026-05-18 10:10:31 EDT",304331,1,"Individual Agencies"
"Aggravated Assaults",221,258,"-14.3410852713178",2026-03-01,"Knoxville, Tennessee","Mar 2026","2026-05-18 10:10:31 EDT",198132,1,"Individual Agencies"
"Burglaries",112,196,"-42.8571428571429",2026-03-01,"Knoxville, Tennessee","Mar 2026","2026-05-18 10:10:31 EDT",198132,1,"Individual Agencies"
"Motor Vehicle Thefts",92,163,"-43.558282208589",2026-03-01,"Knoxville, Tennessee","Mar 2026","2026-05-18 10:10:31 EDT",198132,1,"Individual Agencies"
"Murders",0,3,"-100",2026-03-01,"Knoxville, Tennessee","Mar 2026","2026-05-18 10:10:31 EDT",198132,1,"Individual Agencies"
"Property Crimes",820,1272,"-35.5345911949685",2026-03-01,"Knoxville, Tennessee","Mar 2026","2026-05-18 10:10:31 EDT",198132,1,"Individual Agencies"
"Rapes",22,38,"-42.1052631578947",2026-03-01,"Knoxville, Tennessee","Mar 2026","2026-05-18 10:10:31 EDT",198132,1,"Individual Agencies"
"Robberies",29,35,"-17.1428571428571",2026-03-01,"Knoxville, Tennessee","Mar 2026","2026-05-18 10:10:31 EDT",198132,1,"Individual Agencies"
"Thefts",616,913,"-32.5301204819277",2026-03-01,"Knoxville, Tennessee","Mar 2026","2026-05-18 10:10:31 EDT",198132,1,"Individual Agencies"
"Violent Crimes",272,334,"-18.562874251497",2026-03-01,"Knoxville, Tennessee","Mar 2026","2026-05-18 10:10:31 EDT",198132,1,"Individual Agencies"
"Aggravated Assaults",15,17,"-11.7647058823529",2026-03-01,"Kyle, Texas","Mar 2026","2026-05-18 10:10:31 EDT",63931,1,"Individual Agencies"
"Burglaries",11,5,"120",2026-03-01,"Kyle, Texas","Mar 2026","2026-05-18 10:10:31 EDT",63931,1,"Individual Agencies"
"Motor Vehicle Thefts",9,13,"-30.7692307692308",2026-03-01,"Kyle, Texas","Mar 2026","2026-05-18 10:10:31 EDT",63931,1,"Individual Agencies"
"Murders",1,0,"Undefined",2026-03-01,"Kyle, Texas","Mar 2026","2026-05-18 10:10:31 EDT",63931,1,"Individual Agencies"
"Property Crimes",89,141,"-36.8794326241135",2026-03-01,"Kyle, Texas","Mar 2026","2026-05-18 10:10:31 EDT",63931,1,"Individual Agencies"
"Rapes",3,6,"-50",2026-03-01,"Kyle, Texas","Mar 2026","2026-05-18 10:10:31 EDT",63931,1,"Individual Agencies"
"Robberies",2,2,"0",2026-03-01,"Kyle, Texas","Mar 2026","2026-05-18 10:10:31 EDT",63931,1,"Individual Agencies"
"Thefts",69,123,"-43.9024390243902",2026-03-01,"Kyle, Texas","Mar 2026","2026-05-18 10:10:31 EDT",63931,1,"Individual Agencies"
"Violent Crimes",21,25,"-16",2026-03-01,"Kyle, Texas","Mar 2026","2026-05-18 10:10:31 EDT",63931,1,"Individual Agencies"
"Aggravated Assaults",26,31,"-16.1290322580645",2026-03-01,"La Crosse, Wisconsin","Mar 2026","2026-05-18 10:10:31 EDT",50759,1,"Individual Agencies"
"Burglaries",11,43,"-74.4186046511628",2026-03-01,"La Crosse, Wisconsin","Mar 2026","2026-05-18 10:10:31 EDT",50759,1,"Individual Agencies"
"Motor Vehicle Thefts",10,12,"-16.6666666666667",2026-03-01,"La Crosse, Wisconsin","Mar 2026","2026-05-18 10:10:31 EDT",50759,1,"Individual Agencies"
"Murders",0,1,"-100",2026-03-01,"La Crosse, Wisconsin","Mar 2026","2026-05-18 10:10:31 EDT",50759,1,"Individual Agencies"
"Property Crimes",280,345,"-18.8405797101449",2026-03-01,"La Crosse, Wisconsin","Mar 2026","2026-05-18 10:10:31 EDT",50759,1,"Individual Agencies"
"Rapes",7,16,"-56.25",2026-03-01,"La Crosse, Wisconsin","Mar 2026","2026-05-18 10:10:31 EDT",50759,1,"Individual Agencies"
"Robberies",1,2,"-50",2026-03-01,"La Crosse, Wisconsin","Mar 2026","2026-05-18 10:10:31 EDT",50759,1,"Individual Agencies"
"Thefts",259,290,"-10.6896551724138",2026-03-01,"La Crosse, Wisconsin","Mar 2026","2026-05-18 10:10:31 EDT",50759,1,"Individual Agencies"
"Violent Crimes",34,50,"-32",2026-03-01,"La Crosse, Wisconsin","Mar 2026","2026-05-18 10:10:31 EDT",50759,1,"Individual Agencies"
"Aggravated Assaults",45,32,"40.625",2026-03-01,"La Mesa, California","Mar 2026","2026-05-18 10:10:31 EDT",60008,1,"Individual Agencies"
"Burglaries",18,28,"-35.7142857142857",2026-03-01,"La Mesa, California","Mar 2026","2026-05-18 10:10:31 EDT",60008,1,"Individual Agencies"
"Motor Vehicle Thefts",28,29,"-3.44827586206897",2026-03-01,"La Mesa, California","Mar 2026","2026-05-18 10:10:31 EDT",60008,1,"Individual Agencies"
"Murders",0,2,"-100",2026-03-01,"La Mesa, California","Mar 2026","2026-05-18 10:10:31 EDT",60008,1,"Individual Agencies"
"Property Crimes",231,203,"13.7931034482759",2026-03-01,"La Mesa, California","Mar 2026","2026-05-18 10:10:31 EDT",60008,1,"Individual Agencies"
"Rapes",6,2,"200",2026-03-01,"La Mesa, California","Mar 2026","2026-05-18 10:10:31 EDT",60008,1,"Individual Agencies"
"Robberies",6,11,"-45.4545454545455",2026-03-01,"La Mesa, California","Mar 2026","2026-05-18 10:10:31 EDT",60008,1,"Individual Agencies"
"Thefts",185,146,"26.7123287671233",2026-03-01,"La Mesa, California","Mar 2026","2026-05-18 10:10:31 EDT",60008,1,"Individual Agencies"
"Violent Crimes",57,47,"21.2765957446809",2026-03-01,"La Mesa, California","Mar 2026","2026-05-18 10:10:31 EDT",60008,1,"Individual Agencies"
"Aggravated Assaults",270,289,"-6.57439446366782",2026-03-01,"Lafayette, Louisiana","Mar 2026","2026-05-18 10:10:31 EDT",121361,1,"Individual Agencies"
"Burglaries",253,239,"5.85774058577406",2026-03-01,"Lafayette, Louisiana","Mar 2026","2026-05-18 10:10:31 EDT",121361,1,"Individual Agencies"
"Motor Vehicle Thefts",48,91,"-47.2527472527472",2026-03-01,"Lafayette, Louisiana","Mar 2026","2026-05-18 10:10:31 EDT",121361,1,"Individual Agencies"
"Murders",1,1,"0",2026-03-01,"Lafayette, Louisiana","Mar 2026","2026-05-18 10:10:31 EDT",121361,1,"Individual Agencies"
"Property Crimes",980,1015,"-3.44827586206897",2026-03-01,"Lafayette, Louisiana","Mar 2026","2026-05-18 10:10:31 EDT",121361,1,"Individual Agencies"
"Rapes",11,8,"37.5",2026-03-01,"Lafayette, Louisiana","Mar 2026","2026-05-18 10:10:31 EDT",121361,1,"Individual Agencies"
"Robberies",16,14,"14.2857142857143",2026-03-01,"Lafayette, Louisiana","Mar 2026","2026-05-18 10:10:31 EDT",121361,1,"Individual Agencies"
"Thefts",679,685,"-0.875912408759124",2026-03-01,"Lafayette, Louisiana","Mar 2026","2026-05-18 10:10:31 EDT",121361,1,"Individual Agencies"
"Violent Crimes",298,312,"-4.48717948717949",2026-03-01,"Lafayette, Louisiana","Mar 2026","2026-05-18 10:10:31 EDT",121361,1,"Individual Agencies"
"Aggravated Assaults",10,13,"-23.0769230769231",2026-03-01,"Laguna Niguel, California","Mar 2026","2026-05-18 10:10:31 EDT",63502,1,"Individual Agencies"
"Burglaries",8,11,"-27.2727272727273",2026-03-01,"Laguna Niguel, California","Mar 2026","2026-05-18 10:10:31 EDT",63502,1,"Individual Agencies"
"Motor Vehicle Thefts",11,14,"-21.4285714285714",2026-03-01,"Laguna Niguel, California","Mar 2026","2026-05-18 10:10:31 EDT",63502,1,"Individual Agencies"
"Murders",0,0,"0",2026-03-01,"Laguna Niguel, California","Mar 2026","2026-05-18 10:10:31 EDT",63502,1,"Individual Agencies"
"Property Crimes",87,113,"-23.0088495575221",2026-03-01,"Laguna Niguel, California","Mar 2026","2026-05-18 10:10:31 EDT",63502,1,"Individual Agencies"
"Rapes",0,2,"-100",2026-03-01,"Laguna Niguel, California","Mar 2026","2026-05-18 10:10:31 EDT",63502,1,"Individual Agencies"
"Robberies",3,1,"200",2026-03-01,"Laguna Niguel, California","Mar 2026","2026-05-18 10:10:31 EDT",63502,1,"Individual Agencies"
"Thefts",68,88,"-22.7272727272727",2026-03-01,"Laguna Niguel, California","Mar 2026","2026-05-18 10:10:31 EDT",63502,1,"Individual Agencies"
"Violent Crimes",13,16,"-18.75",2026-03-01,"Laguna Niguel, California","Mar 2026","2026-05-18 10:10:31 EDT",63502,1,"Individual Agencies"
"Aggravated Assaults",90,92,"-2.17391304347826",2026-03-01,"Lake Charles, Louisiana","Mar 2026","2026-05-18 10:10:31 EDT",76393,1,"Individual Agencies"
"Burglaries",63,101,"-37.6237623762376",2026-03-01,"Lake Charles, Louisiana","Mar 2026","2026-05-18 10:10:31 EDT",76393,1,"Individual Agencies"
"Motor Vehicle Thefts",23,31,"-25.8064516129032",2026-03-01,"Lake Charles, Louisiana","Mar 2026","2026-05-18 10:10:31 EDT",76393,1,"Individual Agencies"
"Murders",2,5,"-60",2026-03-01,"Lake Charles, Louisiana","Mar 2026","2026-05-18 10:10:31 EDT",76393,1,"Individual Agencies"
"Property Crimes",409,441,"-7.2562358276644",2026-03-01,"Lake Charles, Louisiana","Mar 2026","2026-05-18 10:10:31 EDT",76393,1,"Individual Agencies"
"Rapes",13,7,"85.7142857142857",2026-03-01,"Lake Charles, Louisiana","Mar 2026","2026-05-18 10:10:31 EDT",76393,1,"Individual Agencies"
"Robberies",14,15,"-6.66666666666667",2026-03-01,"Lake Charles, Louisiana","Mar 2026","2026-05-18 10:10:31 EDT",76393,1,"Individual Agencies"
"Thefts",323,309,"4.53074433656958",2026-03-01,"Lake Charles, Louisiana","Mar 2026","2026-05-18 10:10:31 EDT",76393,1,"Individual Agencies"
"Violent Crimes",119,119,"0",2026-03-01,"Lake Charles, Louisiana","Mar 2026","2026-05-18 10:10:31 EDT",76393,1,"Individual Agencies"
"Aggravated Assaults",10,9,"11.1111111111111",2026-01-01,"Lake Havasu City, Arizona","Jan 2026","2026-05-18 10:10:31 EDT",59720,1,"Individual Agencies"
"Burglaries",6,2,"200",2026-01-01,"Lake Havasu City, Arizona","Jan 2026","2026-05-18 10:10:31 EDT",59720,1,"Individual Agencies"
"Motor Vehicle Thefts",3,2,"50",2026-01-01,"Lake Havasu City, Arizona","Jan 2026","2026-05-18 10:10:31 EDT",59720,1,"Individual Agencies"
"Murders",0,0,"0",2026-01-01,"Lake Havasu City, Arizona","Jan 2026","2026-05-18 10:10:31 EDT",59720,1,"Individual Agencies"
"Rapes",1,1,"0",2026-01-01,"Lake Havasu City, Arizona","Jan 2026","2026-05-18 10:10:31 EDT",59720,1,"Individual Agencies"
"Robberies",1,0,"Undefined",2026-01-01,"Lake Havasu City, Arizona","Jan 2026","2026-05-18 10:10:31 EDT",59720,1,"Individual Agencies"
"Thefts",43,55,"-21.8181818181818",2026-01-01,"Lake Havasu City, Arizona","Jan 2026","2026-05-18 10:10:31 EDT",59720,1,"Individual Agencies"
"Aggravated Assaults",11,4,"175",2026-03-01,"Lakeville, Minnesota","Mar 2026","2026-05-18 10:10:31 EDT",76929,1,"Individual Agencies"
"Burglaries",6,12,"-50",2026-03-01,"Lakeville, Minnesota","Mar 2026","2026-05-18 10:10:31 EDT",76929,1,"Individual Agencies"
"Motor Vehicle Thefts",2,7,"-71.4285714285714",2026-03-01,"Lakeville, Minnesota","Mar 2026","2026-05-18 10:10:31 EDT",76929,1,"Individual Agencies"
"Murders",0,0,"0",2026-03-01,"Lakeville, Minnesota","Mar 2026","2026-05-18 10:10:31 EDT",76929,1,"Individual Agencies"
"Property Crimes",82,112,"-26.7857142857143",2026-03-01,"Lakeville, Minnesota","Mar 2026","2026-05-18 10:10:31 EDT",76929,1,"Individual Agencies"
"Rapes",3,4,"-25",2026-03-01,"Lakeville, Minnesota","Mar 2026","2026-05-18 10:10:31 EDT",76929,1,"Individual Agencies"
"Robberies",1,0,"Undefined",2026-03-01,"Lakeville, Minnesota","Mar 2026","2026-05-18 10:10:31 EDT",76929,1,"Individual Agencies"
"Thefts",74,93,"-20.4301075268817",2026-03-01,"Lakeville, Minnesota","Mar 2026","2026-05-18 10:10:31 EDT",76929,1,"Individual Agencies"
"Violent Crimes",15,8,"87.5",2026-03-01,"Lakeville, Minnesota","Mar 2026","2026-05-18 10:10:31 EDT",76929,1,"Individual Agencies"
"Aggravated Assaults",58,59,"-1.69491525423729",2026-01-01,"Lakewood, Colorado","Jan 2026","2026-05-18 10:10:31 EDT",156065,1,"Individual Agencies"
"Burglaries",80,69,"15.9420289855072",2026-01-01,"Lakewood, Colorado","Jan 2026","2026-05-18 10:10:31 EDT",156065,1,"Individual Agencies"
"Motor Vehicle Thefts",45,77,"-41.5584415584416",2026-01-01,"Lakewood, Colorado","Jan 2026","2026-05-18 10:10:31 EDT",156065,1,"Individual Agencies"
"Murders",0,1,"-100",2026-01-01,"Lakewood, Colorado","Jan 2026","2026-05-18 10:10:31 EDT",156065,1,"Individual Agencies"
"Rapes",8,10,"-20",2026-01-01,"Lakewood, Colorado","Jan 2026","2026-05-18 10:10:31 EDT",156065,1,"Individual Agencies"
"Robberies",18,15,"20",2026-01-01,"Lakewood, Colorado","Jan 2026","2026-05-18 10:10:31 EDT",156065,1,"Individual Agencies"
"Thefts",434,425,"2.11764705882353",2026-01-01,"Lakewood, Colorado","Jan 2026","2026-05-18 10:10:31 EDT",156065,1,"Individual Agencies"
"Aggravated Assaults",42,34,"23.5294117647059",2026-03-01,"Lancaster County, South Carolina","Mar 2026","2026-05-18 10:10:31 EDT",100080,1,"Individual Agencies"
"Burglaries",23,37,"-37.8378378378378",2026-03-01,"Lancaster County, South Carolina","Mar 2026","2026-05-18 10:10:31 EDT",100080,1,"Individual Agencies"
"Motor Vehicle Thefts",10,16,"-37.5",2026-03-01,"Lancaster County, South Carolina","Mar 2026","2026-05-18 10:10:31 EDT",100080,1,"Individual Agencies"
"Murders",2,2,"0",2026-03-01,"Lancaster County, South Carolina","Mar 2026","2026-05-18 10:10:31 EDT",100080,1,"Individual Agencies"
"Property Crimes",168,197,"-14.7208121827411",2026-03-01,"Lancaster County, South Carolina","Mar 2026","2026-05-18 10:10:31 EDT",100080,1,"Individual Agencies"
"Rapes",11,17,"-35.2941176470588",2026-03-01,"Lancaster County, South Carolina","Mar 2026","2026-05-18 10:10:31 EDT",100080,1,"Individual Agencies"
"Robberies",5,1,"400",2026-03-01,"Lancaster County, South Carolina","Mar 2026","2026-05-18 10:10:31 EDT",100080,1,"Individual Agencies"
"Thefts",135,144,"-6.25",2026-03-01,"Lancaster County, South Carolina","Mar 2026","2026-05-18 10:10:31 EDT",100080,1,"Individual Agencies"
"Violent Crimes",60,54,"11.1111111111111",2026-03-01,"Lancaster County, South Carolina","Mar 2026","2026-05-18 10:10:31 EDT",100080,1,"Individual Agencies"
"Aggravated Assaults",58,45,"28.8888888888889",2026-03-01,"Lancaster, Pennsylvania","Mar 2026","2026-05-18 10:10:31 EDT",57213,1,"Individual Agencies"
"Burglaries",11,12,"-8.33333333333333",2026-03-01,"Lancaster, Pennsylvania","Mar 2026","2026-05-18 10:10:31 EDT",57213,1,"Individual Agencies"
"Motor Vehicle Thefts",15,13,"15.3846153846154",2026-03-01,"Lancaster, Pennsylvania","Mar 2026","2026-05-18 10:10:31 EDT",57213,1,"Individual Agencies"
"Murders",0,0,"0",2026-03-01,"Lancaster, Pennsylvania","Mar 2026","2026-05-18 10:10:31 EDT",57213,1,"Individual Agencies"
"Property Crimes",171,166,"3.01204819277108",2026-03-01,"Lancaster, Pennsylvania","Mar 2026","2026-05-18 10:10:31 EDT",57213,1,"Individual Agencies"
"Rapes",3,10,"-70",2026-03-01,"Lancaster, Pennsylvania","Mar 2026","2026-05-18 10:10:31 EDT",57213,1,"Individual Agencies"
"Robberies",6,2,"200",2026-03-01,"Lancaster, Pennsylvania","Mar 2026","2026-05-18 10:10:31 EDT",57213,1,"Individual Agencies"
"Thefts",145,141,"2.83687943262411",2026-03-01,"Lancaster, Pennsylvania","Mar 2026","2026-05-18 10:10:31 EDT",57213,1,"Individual Agencies"
"Violent Crimes",67,57,"17.5438596491228",2026-03-01,"Lancaster, Pennsylvania","Mar 2026","2026-05-18 10:10:31 EDT",57213,1,"Individual Agencies"
"Aggravated Assaults",193,269,"-28.2527881040892",2026-03-01,"Lansing, Michigan","Mar 2026","2026-05-18 10:10:31 EDT",112529,1,"Individual Agencies"
"Burglaries",58,87,"-33.3333333333333",2026-03-01,"Lansing, Michigan","Mar 2026","2026-05-18 10:10:31 EDT",112529,1,"Individual Agencies"
"Motor Vehicle Thefts",104,182,"-42.8571428571429",2026-03-01,"Lansing, Michigan","Mar 2026","2026-05-18 10:10:31 EDT",112529,1,"Individual Agencies"
"Murders",1,2,"-50",2026-03-01,"Lansing, Michigan","Mar 2026","2026-05-18 10:10:31 EDT",112529,1,"Individual Agencies"
"Property Crimes",474,555,"-14.5945945945946",2026-03-01,"Lansing, Michigan","Mar 2026","2026-05-18 10:10:31 EDT",112529,1,"Individual Agencies"
"Rapes",26,28,"-7.14285714285714",2026-03-01,"Lansing, Michigan","Mar 2026","2026-05-18 10:10:31 EDT",112529,1,"Individual Agencies"
"Robberies",18,27,"-33.3333333333333",2026-03-01,"Lansing, Michigan","Mar 2026","2026-05-18 10:10:31 EDT",112529,1,"Individual Agencies"
"Thefts",312,286,"9.09090909090909",2026-03-01,"Lansing, Michigan","Mar 2026","2026-05-18 10:10:31 EDT",112529,1,"Individual Agencies"
"Violent Crimes",238,326,"-26.9938650306748",2026-03-01,"Lansing, Michigan","Mar 2026","2026-05-18 10:10:31 EDT",112529,1,"Individual Agencies"
"Aggravated Assaults",154,156,"-1.28205128205128",2026-03-01,"Laredo, Texas","Mar 2026","2026-05-18 10:10:31 EDT",256542,1,"Individual Agencies"
"Burglaries",96,104,"-7.69230769230769",2026-03-01,"Laredo, Texas","Mar 2026","2026-05-18 10:10:31 EDT",256542,1,"Individual Agencies"
"Motor Vehicle Thefts",57,76,"-25",2026-03-01,"Laredo, Texas","Mar 2026","2026-05-18 10:10:31 EDT",256542,1,"Individual Agencies"
"Murders",1,4,"-75",2026-03-01,"Laredo, Texas","Mar 2026","2026-05-18 10:10:31 EDT",256542,1,"Individual Agencies"
"Property Crimes",610,788,"-22.5888324873096",2026-03-01,"Laredo, Texas","Mar 2026","2026-05-18 10:10:31 EDT",256542,1,"Individual Agencies"
"Rapes",28,28,"0",2026-03-01,"Laredo, Texas","Mar 2026","2026-05-18 10:10:31 EDT",256542,1,"Individual Agencies"
"Robberies",19,18,"5.55555555555556",2026-03-01,"Laredo, Texas","Mar 2026","2026-05-18 10:10:31 EDT",256542,1,"Individual Agencies"
"Thefts",457,608,"-24.8355263157895",2026-03-01,"Laredo, Texas","Mar 2026","2026-05-18 10:10:31 EDT",256542,1,"Individual Agencies"
"Violent Crimes",202,206,"-1.94174757281553",2026-03-01,"Laredo, Texas","Mar 2026","2026-05-18 10:10:31 EDT",256542,1,"Individual Agencies"
"Aggravated Assaults",955,1012,"-5.63241106719368",2026-03-01,"Las Vegas, Nevada","Mar 2026","2026-05-18 10:10:31 EDT",1670226,1,"Individual Agencies"
"Burglaries",1495,1787,"-16.3402350307778",2026-03-01,"Las Vegas, Nevada","Mar 2026","2026-05-18 10:10:31 EDT",1670226,1,"Individual Agencies"
"Motor Vehicle Thefts",1777,2104,"-15.541825095057",2026-03-01,"Las Vegas, Nevada","Mar 2026","2026-05-18 10:10:31 EDT",1670226,1,"Individual Agencies"
"Murders",22,22,"0",2026-03-01,"Las Vegas, Nevada","Mar 2026","2026-05-18 10:10:31 EDT",1670226,1,"Individual Agencies"
"Property Crimes",9648,10098,"-4.45632798573975",2026-03-01,"Las Vegas, Nevada","Mar 2026","2026-05-18 10:10:31 EDT",1670226,1,"Individual Agencies"
"Robberies",199,213,"-6.57276995305164",2026-03-01,"Las Vegas, Nevada","Mar 2026","2026-05-18 10:10:31 EDT",1670226,1,"Individual Agencies"
"Thefts",6376,6207,"2.72273239890446",2026-03-01,"Las Vegas, Nevada","Mar 2026","2026-05-18 10:10:31 EDT",1670226,1,"Individual Agencies"
"Violent Crimes",1176,1247,"-5.69366479550922",2026-03-01,"Las Vegas, Nevada","Mar 2026","2026-05-18 10:10:31 EDT",1670226,1,"Individual Agencies"
"Aggravated Assaults",65,68,"-4.41176470588235",2026-03-01,"Lawrence, Massachusetts","Mar 2026","2026-05-18 10:10:31 EDT",87806,1,"Individual Agencies"
"Burglaries",8,14,"-42.8571428571429",2026-03-01,"Lawrence, Massachusetts","Mar 2026","2026-05-18 10:10:31 EDT",87806,1,"Individual Agencies"
"Motor Vehicle Thefts",10,24,"-58.3333333333333",2026-03-01,"Lawrence, Massachusetts","Mar 2026","2026-05-18 10:10:31 EDT",87806,1,"Individual Agencies"
"Murders",1,0,"Undefined",2026-03-01,"Lawrence, Massachusetts","Mar 2026","2026-05-18 10:10:31 EDT",87806,1,"Individual Agencies"
"Property Crimes",125,194,"-35.5670103092784",2026-03-01,"Lawrence, Massachusetts","Mar 2026","2026-05-18 10:10:31 EDT",87806,1,"Individual Agencies"
"Rapes",2,3,"-33.3333333333333",2026-03-01,"Lawrence, Massachusetts","Mar 2026","2026-05-18 10:10:31 EDT",87806,1,"Individual Agencies"
"Robberies",6,3,"100",2026-03-01,"Lawrence, Massachusetts","Mar 2026","2026-05-18 10:10:31 EDT",87806,1,"Individual Agencies"
"Thefts",107,156,"-31.4102564102564",2026-03-01,"Lawrence, Massachusetts","Mar 2026","2026-05-18 10:10:31 EDT",87806,1,"Individual Agencies"
"Violent Crimes",74,74,"0",2026-03-01,"Lawrence, Massachusetts","Mar 2026","2026-05-18 10:10:31 EDT",87806,1,"Individual Agencies"
"Aggravated Assaults",14,19,"-26.3157894736842",2026-03-01,"Layton, Utah","Mar 2026","2026-05-18 10:10:31 EDT",82887,1,"Individual Agencies"
"Burglaries",23,20,"15",2026-03-01,"Layton, Utah","Mar 2026","2026-05-18 10:10:31 EDT",82887,1,"Individual Agencies"
"Motor Vehicle Thefts",17,19,"-10.5263157894737",2026-03-01,"Layton, Utah","Mar 2026","2026-05-18 10:10:31 EDT",82887,1,"Individual Agencies"
"Murders",0,0,"0",2026-03-01,"Layton, Utah","Mar 2026","2026-05-18 10:10:31 EDT",82887,1,"Individual Agencies"
"Property Crimes",248,280,"-11.4285714285714",2026-03-01,"Layton, Utah","Mar 2026","2026-05-18 10:10:31 EDT",82887,1,"Individual Agencies"
"Rapes",7,6,"16.6666666666667",2026-03-01,"Layton, Utah","Mar 2026","2026-05-18 10:10:31 EDT",82887,1,"Individual Agencies"
"Robberies",2,1,"100",2026-03-01,"Layton, Utah","Mar 2026","2026-05-18 10:10:31 EDT",82887,1,"Individual Agencies"
"Thefts",208,241,"-13.6929460580913",2026-03-01,"Layton, Utah","Mar 2026","2026-05-18 10:10:31 EDT",82887,1,"Individual Agencies"
"Violent Crimes",23,26,"-11.5384615384615",2026-03-01,"Layton, Utah","Mar 2026","2026-05-18 10:10:31 EDT",82887,1,"Individual Agencies"
"Aggravated Assaults",14,7,"100",2026-03-01,"League City, Texas","Mar 2026","2026-05-18 10:10:31 EDT",115791,1,"Individual Agencies"
"Burglaries",37,27,"37.037037037037",2026-03-01,"League City, Texas","Mar 2026","2026-05-18 10:10:31 EDT",115791,1,"Individual Agencies"
"Motor Vehicle Thefts",12,26,"-53.8461538461538",2026-03-01,"League City, Texas","Mar 2026","2026-05-18 10:10:31 EDT",115791,1,"Individual Agencies"
"Murders",0,1,"-100",2026-03-01,"League City, Texas","Mar 2026","2026-05-18 10:10:31 EDT",115791,1,"Individual Agencies"
"Property Crimes",282,315,"-10.4761904761905",2026-03-01,"League City, Texas","Mar 2026","2026-05-18 10:10:31 EDT",115791,1,"Individual Agencies"
"Rapes",4,6,"-33.3333333333333",2026-03-01,"League City, Texas","Mar 2026","2026-05-18 10:10:31 EDT",115791,1,"Individual Agencies"
"Robberies",3,1,"200",2026-03-01,"League City, Texas","Mar 2026","2026-05-18 10:10:31 EDT",115791,1,"Individual Agencies"
"Thefts",233,262,"-11.0687022900763",2026-03-01,"League City, Texas","Mar 2026","2026-05-18 10:10:31 EDT",115791,1,"Individual Agencies"
"Violent Crimes",21,15,"40",2026-03-01,"League City, Texas","Mar 2026","2026-05-18 10:10:31 EDT",115791,1,"Individual Agencies"
"Aggravated Assaults",3,2,"50",2026-03-01,"Leander, Texas","Mar 2026","2026-05-18 10:10:31 EDT",82228,1,"Individual Agencies"
"Burglaries",8,37,"-78.3783783783784",2026-03-01,"Leander, Texas","Mar 2026","2026-05-18 10:10:31 EDT",82228,1,"Individual Agencies"
"Motor Vehicle Thefts",4,5,"-20",2026-03-01,"Leander, Texas","Mar 2026","2026-05-18 10:10:31 EDT",82228,1,"Individual Agencies"
"Murders",0,0,"0",2026-03-01,"Leander, Texas","Mar 2026","2026-05-18 10:10:31 EDT",82228,1,"Individual Agencies"
"Property Crimes",94,128,"-26.5625",2026-03-01,"Leander, Texas","Mar 2026","2026-05-18 10:10:31 EDT",82228,1,"Individual Agencies"
"Rapes",5,8,"-37.5",2026-03-01,"Leander, Texas","Mar 2026","2026-05-18 10:10:31 EDT",82228,1,"Individual Agencies"
"Robberies",0,1,"-100",2026-03-01,"Leander, Texas","Mar 2026","2026-05-18 10:10:31 EDT",82228,1,"Individual Agencies"
"Thefts",82,86,"-4.65116279069767",2026-03-01,"Leander, Texas","Mar 2026","2026-05-18 10:10:31 EDT",82228,1,"Individual Agencies"
"Violent Crimes",8,11,"-27.2727272727273",2026-03-01,"Leander, Texas","Mar 2026","2026-05-18 10:10:31 EDT",82228,1,"Individual Agencies"
"Aggravated Assaults",15,15,"0",2026-03-01,"Lee's Summit, Missouri","Mar 2026","2026-05-18 10:10:31 EDT",104402,1,"Individual Agencies"
"Burglaries",31,31,"0",2026-03-01,"Lee's Summit, Missouri","Mar 2026","2026-05-18 10:10:31 EDT",104402,1,"Individual Agencies"
"Motor Vehicle Thefts",58,58,"0",2026-03-01,"Lee's Summit, Missouri","Mar 2026","2026-05-18 10:10:31 EDT",104402,1,"Individual Agencies"
"Murders",0,1,"-100",2026-03-01,"Lee's Summit, Missouri","Mar 2026","2026-05-18 10:10:31 EDT",104402,1,"Individual Agencies"
"Rapes",11,11,"0",2026-03-01,"Lee's Summit, Missouri","Mar 2026","2026-05-18 10:10:31 EDT",104402,1,"Individual Agencies"
"Robberies",2,2,"0",2026-03-01,"Lee's Summit, Missouri","Mar 2026","2026-05-18 10:10:31 EDT",104402,1,"Individual Agencies"
"Thefts",397,397,"0",2026-03-01,"Lee's Summit, Missouri","Mar 2026","2026-05-18 10:10:31 EDT",104402,1,"Individual Agencies"
"Aggravated Assaults",23,16,"43.75",2026-03-01,"Lenexa, Kansas","Mar 2026","2026-05-18 10:10:31 EDT",59161,1,"Individual Agencies"
"Burglaries",5,17,"-70.5882352941177",2026-03-01,"Lenexa, Kansas","Mar 2026","2026-05-18 10:10:31 EDT",59161,1,"Individual Agencies"
"Motor Vehicle Thefts",11,22,"-50",2026-03-01,"Lenexa, Kansas","Mar 2026","2026-05-18 10:10:31 EDT",59161,1,"Individual Agencies"
"Murders",0,4,"-100",2026-03-01,"Lenexa, Kansas","Mar 2026","2026-05-18 10:10:31 EDT",59161,1,"Individual Agencies"
"Property Crimes",145,181,"-19.8895027624309",2026-03-01,"Lenexa, Kansas","Mar 2026","2026-05-18 10:10:31 EDT",59161,1,"Individual Agencies"
"Rapes",6,1,"500",2026-03-01,"Lenexa, Kansas","Mar 2026","2026-05-18 10:10:31 EDT",59161,1,"Individual Agencies"
"Robberies",4,1,"300",2026-03-01,"Lenexa, Kansas","Mar 2026","2026-05-18 10:10:31 EDT",59161,1,"Individual Agencies"
"Thefts",129,142,"-9.15492957746479",2026-03-01,"Lenexa, Kansas","Mar 2026","2026-05-18 10:10:31 EDT",59161,1,"Individual Agencies"
"Violent Crimes",33,22,"50",2026-03-01,"Lenexa, Kansas","Mar 2026","2026-05-18 10:10:31 EDT",59161,1,"Individual Agencies"
"Aggravated Assaults",36,54,"-33.3333333333333",2026-03-01,"Lewisville, Texas","Mar 2026","2026-05-18 10:10:31 EDT",133694,1,"Individual Agencies"
"Burglaries",32,34,"-5.88235294117647",2026-03-01,"Lewisville, Texas","Mar 2026","2026-05-18 10:10:31 EDT",133694,1,"Individual Agencies"
"Motor Vehicle Thefts",43,70,"-38.5714285714286",2026-03-01,"Lewisville, Texas","Mar 2026","2026-05-18 10:10:31 EDT",133694,1,"Individual Agencies"
"Murders",2,3,"-33.3333333333333",2026-03-01,"Lewisville, Texas","Mar 2026","2026-05-18 10:10:31 EDT",133694,1,"Individual Agencies"
"Property Crimes",426,386,"10.3626943005181",2026-03-01,"Lewisville, Texas","Mar 2026","2026-05-18 10:10:31 EDT",133694,1,"Individual Agencies"
"Rapes",10,12,"-16.6666666666667",2026-03-01,"Lewisville, Texas","Mar 2026","2026-05-18 10:10:31 EDT",133694,1,"Individual Agencies"
"Robberies",7,11,"-36.3636363636364",2026-03-01,"Lewisville, Texas","Mar 2026","2026-05-18 10:10:31 EDT",133694,1,"Individual Agencies"
"Thefts",351,282,"24.468085106383",2026-03-01,"Lewisville, Texas","Mar 2026","2026-05-18 10:10:31 EDT",133694,1,"Individual Agencies"
"Violent Crimes",55,80,"-31.25",2026-03-01,"Lewisville, Texas","Mar 2026","2026-05-18 10:10:31 EDT",133694,1,"Individual Agencies"
"Aggravated Assaults",82,81,"1.23456790123457",2026-03-01,"Lexington County, South Carolina","Mar 2026","2026-05-18 10:10:31 EDT",232613,1,"Individual Agencies"
"Burglaries",150,230,"-34.7826086956522",2026-03-01,"Lexington County, South Carolina","Mar 2026","2026-05-18 10:10:31 EDT",232613,1,"Individual Agencies"
"Motor Vehicle Thefts",89,114,"-21.9298245614035",2026-03-01,"Lexington County, South Carolina","Mar 2026","2026-05-18 10:10:31 EDT",232613,1,"Individual Agencies"
"Murders",3,0,"Undefined",2026-03-01,"Lexington County, South Carolina","Mar 2026","2026-05-18 10:10:31 EDT",232613,1,"Individual Agencies"
"Property Crimes",797,895,"-10.9497206703911",2026-03-01,"Lexington County, South Carolina","Mar 2026","2026-05-18 10:10:31 EDT",232613,1,"Individual Agencies"
"Rapes",15,21,"-28.5714285714286",2026-03-01,"Lexington County, South Carolina","Mar 2026","2026-05-18 10:10:31 EDT",232613,1,"Individual Agencies"
"Robberies",4,7,"-42.8571428571429",2026-03-01,"Lexington County, South Carolina","Mar 2026","2026-05-18 10:10:31 EDT",232613,1,"Individual Agencies"
"Thefts",558,551,"1.27041742286751",2026-03-01,"Lexington County, South Carolina","Mar 2026","2026-05-18 10:10:31 EDT",232613,1,"Individual Agencies"
"Violent Crimes",104,109,"-4.58715596330275",2026-03-01,"Lexington County, South Carolina","Mar 2026","2026-05-18 10:10:31 EDT",232613,1,"Individual Agencies"
"Aggravated Assaults",136,150,"-9.33333333333333",2026-03-01,"Lexington, Kentucky","Mar 2026","2026-05-18 10:10:31 EDT",319994,1,"Individual Agencies"
"Burglaries",126,158,"-20.253164556962",2026-03-01,"Lexington, Kentucky","Mar 2026","2026-05-18 10:10:31 EDT",319994,1,"Individual Agencies"
"Motor Vehicle Thefts",192,175,"9.71428571428571",2026-03-01,"Lexington, Kentucky","Mar 2026","2026-05-18 10:10:31 EDT",319994,1,"Individual Agencies"
"Murders",6,5,"20",2026-03-01,"Lexington, Kentucky","Mar 2026","2026-05-18 10:10:31 EDT",319994,1,"Individual Agencies"
"Property Crimes",1627,1656,"-1.7512077294686",2026-03-01,"Lexington, Kentucky","Mar 2026","2026-05-18 10:10:31 EDT",319994,1,"Individual Agencies"
"Rapes",32,33,"-3.03030303030303",2026-03-01,"Lexington, Kentucky","Mar 2026","2026-05-18 10:10:31 EDT",319994,1,"Individual Agencies"
"Robberies",38,57,"-33.3333333333333",2026-03-01,"Lexington, Kentucky","Mar 2026","2026-05-18 10:10:31 EDT",319994,1,"Individual Agencies"
"Thefts",1309,1323,"-1.05820105820106",2026-03-01,"Lexington, Kentucky","Mar 2026","2026-05-18 10:10:31 EDT",319994,1,"Individual Agencies"
"Violent Crimes",212,245,"-13.469387755102",2026-03-01,"Lexington, Kentucky","Mar 2026","2026-05-18 10:10:31 EDT",319994,1,"Individual Agencies"
"Aggravated Assaults",9,13,"-30.7692307692308",2026-03-01,"Lincoln, California","Mar 2026","2026-05-18 10:10:31 EDT",53950,1,"Individual Agencies"
"Burglaries",1,0,"Undefined",2026-03-01,"Lincoln, California","Mar 2026","2026-05-18 10:10:31 EDT",53950,1,"Individual Agencies"
"Motor Vehicle Thefts",8,8,"0",2026-03-01,"Lincoln, California","Mar 2026","2026-05-18 10:10:31 EDT",53950,1,"Individual Agencies"
"Murders",1,0,"Undefined",2026-03-01,"Lincoln, California","Mar 2026","2026-05-18 10:10:31 EDT",53950,1,"Individual Agencies"
"Property Crimes",63,72,"-12.5",2026-03-01,"Lincoln, California","Mar 2026","2026-05-18 10:10:31 EDT",53950,1,"Individual Agencies"
"Rapes",5,5,"0",2026-03-01,"Lincoln, California","Mar 2026","2026-05-18 10:10:31 EDT",53950,1,"Individual Agencies"
"Robberies",1,0,"Undefined",2026-03-01,"Lincoln, California","Mar 2026","2026-05-18 10:10:31 EDT",53950,1,"Individual Agencies"
"Thefts",54,64,"-15.625",2026-03-01,"Lincoln, California","Mar 2026","2026-05-18 10:10:31 EDT",53950,1,"Individual Agencies"
"Violent Crimes",16,18,"-11.1111111111111",2026-03-01,"Lincoln, California","Mar 2026","2026-05-18 10:10:31 EDT",53950,1,"Individual Agencies"
"Aggravated Assaults",178,206,"-13.5922330097087",2026-03-01,"Lincoln, Nebraska","Mar 2026","2026-05-18 10:10:31 EDT",293155,1,"Individual Agencies"
"Burglaries",110,137,"-19.7080291970803",2026-03-01,"Lincoln, Nebraska","Mar 2026","2026-05-18 10:10:31 EDT",293155,1,"Individual Agencies"
"Motor Vehicle Thefts",110,177,"-37.8531073446328",2026-03-01,"Lincoln, Nebraska","Mar 2026","2026-05-18 10:10:31 EDT",293155,1,"Individual Agencies"
"Murders",0,3,"-100",2026-03-01,"Lincoln, Nebraska","Mar 2026","2026-05-18 10:10:31 EDT",293155,1,"Individual Agencies"
"Property Crimes",1232,1409,"-12.5621007806955",2026-03-01,"Lincoln, Nebraska","Mar 2026","2026-05-18 10:10:31 EDT",293155,1,"Individual Agencies"
"Rapes",59,42,"40.4761904761905",2026-03-01,"Lincoln, Nebraska","Mar 2026","2026-05-18 10:10:31 EDT",293155,1,"Individual Agencies"
"Robberies",21,37,"-43.2432432432432",2026-03-01,"Lincoln, Nebraska","Mar 2026","2026-05-18 10:10:31 EDT",293155,1,"Individual Agencies"
"Thefts",1012,1095,"-7.57990867579909",2026-03-01,"Lincoln, Nebraska","Mar 2026","2026-05-18 10:10:31 EDT",293155,1,"Individual Agencies"
"Violent Crimes",258,288,"-10.4166666666667",2026-03-01,"Lincoln, Nebraska","Mar 2026","2026-05-18 10:10:31 EDT",293155,1,"Individual Agencies"
"Aggravated Assaults",8,15,"-46.6666666666667",2026-03-01,"Little Elm, Texas","Mar 2026","2026-05-18 10:10:31 EDT",59954,1,"Individual Agencies"
"Burglaries",3,9,"-66.6666666666667",2026-03-01,"Little Elm, Texas","Mar 2026","2026-05-18 10:10:31 EDT",59954,1,"Individual Agencies"
"Motor Vehicle Thefts",9,2,"350",2026-03-01,"Little Elm, Texas","Mar 2026","2026-05-18 10:10:31 EDT",59954,1,"Individual Agencies"
"Murders",0,1,"-100",2026-03-01,"Little Elm, Texas","Mar 2026","2026-05-18 10:10:31 EDT",59954,1,"Individual Agencies"
"Property Crimes",54,54,"0",2026-03-01,"Little Elm, Texas","Mar 2026","2026-05-18 10:10:31 EDT",59954,1,"Individual Agencies"
"Rapes",7,13,"-46.1538461538462",2026-03-01,"Little Elm, Texas","Mar 2026","2026-05-18 10:10:31 EDT",59954,1,"Individual Agencies"
"Robberies",0,4,"-100",2026-03-01,"Little Elm, Texas","Mar 2026","2026-05-18 10:10:31 EDT",59954,1,"Individual Agencies"
"Thefts",42,43,"-2.32558139534884",2026-03-01,"Little Elm, Texas","Mar 2026","2026-05-18 10:10:31 EDT",59954,1,"Individual Agencies"
"Violent Crimes",15,33,"-54.5454545454545",2026-03-01,"Little Elm, Texas","Mar 2026","2026-05-18 10:10:31 EDT",59954,1,"Individual Agencies"
"Aggravated Assaults",564,615,"-8.29268292682927",2026-03-01,"Little Rock, Arkansas","Mar 2026","2026-05-18 10:10:31 EDT",202986,1,"Individual Agencies"
"Burglaries",325,386,"-15.8031088082902",2026-03-01,"Little Rock, Arkansas","Mar 2026","2026-05-18 10:10:31 EDT",202986,1,"Individual Agencies"
"Motor Vehicle Thefts",122,136,"-10.2941176470588",2026-03-01,"Little Rock, Arkansas","Mar 2026","2026-05-18 10:10:31 EDT",202986,1,"Individual Agencies"
"Murders",4,18,"-77.7777777777778",2026-03-01,"Little Rock, Arkansas","Mar 2026","2026-05-18 10:10:31 EDT",202986,1,"Individual Agencies"
"Property Crimes",1951,2059,"-5.24526469159786",2026-03-01,"Little Rock, Arkansas","Mar 2026","2026-05-18 10:10:31 EDT",202986,1,"Individual Agencies"
"Rapes",40,37,"8.10810810810811",2026-03-01,"Little Rock, Arkansas","Mar 2026","2026-05-18 10:10:31 EDT",202986,1,"Individual Agencies"
"Robberies",73,83,"-12.0481927710843",2026-03-01,"Little Rock, Arkansas","Mar 2026","2026-05-18 10:10:31 EDT",202986,1,"Individual Agencies"
"Thefts",1504,1537,"-2.14703968770332",2026-03-01,"Little Rock, Arkansas","Mar 2026","2026-05-18 10:10:31 EDT",202986,1,"Individual Agencies"
"Violent Crimes",681,753,"-9.56175298804781",2026-03-01,"Little Rock, Arkansas","Mar 2026","2026-05-18 10:10:31 EDT",202986,1,"Individual Agencies"
"Aggravated Assaults",19,26,"-26.9230769230769",2026-03-01,"Livermore, California","Mar 2026","2026-05-18 10:10:31 EDT",83155,1,"Individual Agencies"
"Burglaries",41,32,"28.125",2026-03-01,"Livermore, California","Mar 2026","2026-05-18 10:10:31 EDT",83155,1,"Individual Agencies"
"Motor Vehicle Thefts",56,88,"-36.3636363636364",2026-03-01,"Livermore, California","Mar 2026","2026-05-18 10:10:31 EDT",83155,1,"Individual Agencies"
"Murders",0,0,"0",2026-03-01,"Livermore, California","Mar 2026","2026-05-18 10:10:31 EDT",83155,1,"Individual Agencies"
"Property Crimes",302,389,"-22.3650385604113",2026-03-01,"Livermore, California","Mar 2026","2026-05-18 10:10:31 EDT",83155,1,"Individual Agencies"
"Rapes",14,10,"40",2026-03-01,"Livermore, California","Mar 2026","2026-05-18 10:10:31 EDT",83155,1,"Individual Agencies"
"Robberies",10,6,"66.6666666666667",2026-03-01,"Livermore, California","Mar 2026","2026-05-18 10:10:31 EDT",83155,1,"Individual Agencies"
"Thefts",205,269,"-23.7918215613383",2026-03-01,"Livermore, California","Mar 2026","2026-05-18 10:10:31 EDT",83155,1,"Individual Agencies"
"Violent Crimes",43,42,"2.38095238095238",2026-03-01,"Livermore, California","Mar 2026","2026-05-18 10:10:31 EDT",83155,1,"Individual Agencies"
"Aggravated Assaults",8,7,"14.2857142857143",2026-02-01,"Livingston County, Michigan","Feb 2026","2026-05-18 10:10:31 EDT",129813,1,"Individual Agencies"
"Burglaries",1,3,"-66.6666666666667",2026-02-01,"Livingston County, Michigan","Feb 2026","2026-05-18 10:10:31 EDT",129813,1,"Individual Agencies"
"Motor Vehicle Thefts",2,1,"100",2026-02-01,"Livingston County, Michigan","Feb 2026","2026-05-18 10:10:31 EDT",129813,1,"Individual Agencies"
"Murders",0,0,"0",2026-02-01,"Livingston County, Michigan","Feb 2026","2026-05-18 10:10:31 EDT",129813,1,"Individual Agencies"
"Rapes",1,0,"Undefined",2026-02-01,"Livingston County, Michigan","Feb 2026","2026-05-18 10:10:31 EDT",129813,1,"Individual Agencies"
"Robberies",0,0,"0",2026-02-01,"Livingston County, Michigan","Feb 2026","2026-05-18 10:10:31 EDT",129813,1,"Individual Agencies"
"Thefts",36,27,"33.3333333333333",2026-02-01,"Livingston County, Michigan","Feb 2026","2026-05-18 10:10:31 EDT",129813,1,"Individual Agencies"
"Aggravated Assaults",82,74,"10.8108108108108",2026-03-01,"Livingston Parish, Louisiana","Mar 2026","2026-05-18 10:10:31 EDT",134038,1,"Individual Agencies"
"Burglaries",66,80,"-17.5",2026-03-01,"Livingston Parish, Louisiana","Mar 2026","2026-05-18 10:10:31 EDT",134038,1,"Individual Agencies"
"Motor Vehicle Thefts",42,51,"-17.6470588235294",2026-03-01,"Livingston Parish, Louisiana","Mar 2026","2026-05-18 10:10:31 EDT",134038,1,"Individual Agencies"
"Murders",2,1,"100",2026-03-01,"Livingston Parish, Louisiana","Mar 2026","2026-05-18 10:10:31 EDT",134038,1,"Individual Agencies"
"Property Crimes",341,437,"-21.9679633867277",2026-03-01,"Livingston Parish, Louisiana","Mar 2026","2026-05-18 10:10:31 EDT",134038,1,"Individual Agencies"
"Rapes",6,22,"-72.7272727272727",2026-03-01,"Livingston Parish, Louisiana","Mar 2026","2026-05-18 10:10:31 EDT",134038,1,"Individual Agencies"
"Robberies",1,6,"-83.3333333333333",2026-03-01,"Livingston Parish, Louisiana","Mar 2026","2026-05-18 10:10:31 EDT",134038,1,"Individual Agencies"
"Thefts",233,306,"-23.8562091503268",2026-03-01,"Livingston Parish, Louisiana","Mar 2026","2026-05-18 10:10:31 EDT",134038,1,"Individual Agencies"
"Violent Crimes",91,103,"-11.6504854368932",2026-03-01,"Livingston Parish, Louisiana","Mar 2026","2026-05-18 10:10:31 EDT",134038,1,"Individual Agencies"
"Aggravated Assaults",37,42,"-11.9047619047619",2026-03-01,"Livonia, Michigan","Mar 2026","2026-05-18 10:10:31 EDT",93042,1,"Individual Agencies"
"Burglaries",15,10,"50",2026-03-01,"Livonia, Michigan","Mar 2026","2026-05-18 10:10:31 EDT",93042,1,"Individual Agencies"
"Motor Vehicle Thefts",16,23,"-30.4347826086957",2026-03-01,"Livonia, Michigan","Mar 2026","2026-05-18 10:10:31 EDT",93042,1,"Individual Agencies"
"Murders",0,0,"0",2026-03-01,"Livonia, Michigan","Mar 2026","2026-05-18 10:10:31 EDT",93042,1,"Individual Agencies"
"Property Crimes",211,296,"-28.7162162162162",2026-03-01,"Livonia, Michigan","Mar 2026","2026-05-18 10:10:31 EDT",93042,1,"Individual Agencies"
"Rapes",5,5,"0",2026-03-01,"Livonia, Michigan","Mar 2026","2026-05-18 10:10:31 EDT",93042,1,"Individual Agencies"
"Robberies",3,2,"50",2026-03-01,"Livonia, Michigan","Mar 2026","2026-05-18 10:10:31 EDT",93042,1,"Individual Agencies"
"Thefts",180,263,"-31.5589353612167",2026-03-01,"Livonia, Michigan","Mar 2026","2026-05-18 10:10:31 EDT",93042,1,"Individual Agencies"
"Violent Crimes",45,49,"-8.16326530612245",2026-03-01,"Livonia, Michigan","Mar 2026","2026-05-18 10:10:31 EDT",93042,1,"Individual Agencies"
"Aggravated Assaults",13,12,"8.33333333333333",2026-03-01,"Logan, Utah","Mar 2026","2026-05-18 10:10:31 EDT",55645,1,"Individual Agencies"
"Burglaries",11,18,"-38.8888888888889",2026-03-01,"Logan, Utah","Mar 2026","2026-05-18 10:10:31 EDT",55645,1,"Individual Agencies"
"Motor Vehicle Thefts",5,2,"150",2026-03-01,"Logan, Utah","Mar 2026","2026-05-18 10:10:31 EDT",55645,1,"Individual Agencies"
"Murders",0,0,"0",2026-03-01,"Logan, Utah","Mar 2026","2026-05-18 10:10:31 EDT",55645,1,"Individual Agencies"
"Property Crimes",122,114,"7.01754385964912",2026-03-01,"Logan, Utah","Mar 2026","2026-05-18 10:10:31 EDT",55645,1,"Individual Agencies"
"Rapes",8,15,"-46.6666666666667",2026-03-01,"Logan, Utah","Mar 2026","2026-05-18 10:10:31 EDT",55645,1,"Individual Agencies"
"Robberies",0,1,"-100",2026-03-01,"Logan, Utah","Mar 2026","2026-05-18 10:10:31 EDT",55645,1,"Individual Agencies"
"Thefts",106,94,"12.7659574468085",2026-03-01,"Logan, Utah","Mar 2026","2026-05-18 10:10:31 EDT",55645,1,"Individual Agencies"
"Violent Crimes",21,28,"-25",2026-03-01,"Logan, Utah","Mar 2026","2026-05-18 10:10:31 EDT",55645,1,"Individual Agencies"
"Aggravated Assaults",507,512,"-0.9765625",2026-03-01,"Long Beach, California","Mar 2026","2026-05-18 10:10:31 EDT",444415,1,"Individual Agencies"
"Burglaries",443,566,"-21.7314487632509",2026-03-01,"Long Beach, California","Mar 2026","2026-05-18 10:10:31 EDT",444415,1,"Individual Agencies"
"Motor Vehicle Thefts",642,815,"-21.2269938650307",2026-03-01,"Long Beach, California","Mar 2026","2026-05-18 10:10:31 EDT",444415,1,"Individual Agencies"
"Murders",5,6,"-16.6666666666667",2026-03-01,"Long Beach, California","Mar 2026","2026-05-18 10:10:31 EDT",444415,1,"Individual Agencies"
"Property Crimes",2423,3128,"-22.5383631713555",2026-03-01,"Long Beach, California","Mar 2026","2026-05-18 10:10:31 EDT",444415,1,"Individual Agencies"
"Rapes",53,132,"-59.8484848484849",2026-03-01,"Long Beach, California","Mar 2026","2026-05-18 10:10:31 EDT",444415,1,"Individual Agencies"
"Robberies",191,235,"-18.7234042553191",2026-03-01,"Long Beach, California","Mar 2026","2026-05-18 10:10:31 EDT",444415,1,"Individual Agencies"
"Thefts",1338,1747,"-23.4115626788781",2026-03-01,"Long Beach, California","Mar 2026","2026-05-18 10:10:31 EDT",444415,1,"Individual Agencies"
"Violent Crimes",756,885,"-14.5762711864407",2026-03-01,"Long Beach, California","Mar 2026","2026-05-18 10:10:31 EDT",444415,1,"Individual Agencies"
"Aggravated Assaults",53,43,"23.2558139534884",2026-03-01,"Longview, Texas","Mar 2026","2026-05-18 10:10:31 EDT",82981,1,"Individual Agencies"
"Burglaries",38,36,"5.55555555555556",2026-03-01,"Longview, Texas","Mar 2026","2026-05-18 10:10:31 EDT",82981,1,"Individual Agencies"
"Motor Vehicle Thefts",25,30,"-16.6666666666667",2026-03-01,"Longview, Texas","Mar 2026","2026-05-18 10:10:31 EDT",82981,1,"Individual Agencies"
"Murders",0,0,"0",2026-03-01,"Longview, Texas","Mar 2026","2026-05-18 10:10:31 EDT",82981,1,"Individual Agencies"
"Property Crimes",350,430,"-18.6046511627907",2026-03-01,"Longview, Texas","Mar 2026","2026-05-18 10:10:31 EDT",82981,1,"Individual Agencies"
"Rapes",17,19,"-10.5263157894737",2026-03-01,"Longview, Texas","Mar 2026","2026-05-18 10:10:31 EDT",82981,1,"Individual Agencies"
"Robberies",12,7,"71.4285714285714",2026-03-01,"Longview, Texas","Mar 2026","2026-05-18 10:10:31 EDT",82981,1,"Individual Agencies"
"Thefts",287,364,"-21.1538461538462",2026-03-01,"Longview, Texas","Mar 2026","2026-05-18 10:10:31 EDT",82981,1,"Individual Agencies"
"Violent Crimes",82,69,"18.8405797101449",2026-03-01,"Longview, Texas","Mar 2026","2026-05-18 10:10:31 EDT",82981,1,"Individual Agencies"
"Aggravated Assaults",49,62,"-20.9677419354839",2026-03-01,"Lorain, Ohio","Mar 2026","2026-05-18 10:10:31 EDT",65436,1,"Individual Agencies"
"Burglaries",32,36,"-11.1111111111111",2026-03-01,"Lorain, Ohio","Mar 2026","2026-05-18 10:10:31 EDT",65436,1,"Individual Agencies"
"Motor Vehicle Thefts",15,35,"-57.1428571428571",2026-03-01,"Lorain, Ohio","Mar 2026","2026-05-18 10:10:31 EDT",65436,1,"Individual Agencies"
"Murders",0,0,"0",2026-03-01,"Lorain, Ohio","Mar 2026","2026-05-18 10:10:31 EDT",65436,1,"Individual Agencies"
"Property Crimes",181,220,"-17.7272727272727",2026-03-01,"Lorain, Ohio","Mar 2026","2026-05-18 10:10:31 EDT",65436,1,"Individual Agencies"
"Rapes",6,3,"100",2026-03-01,"Lorain, Ohio","Mar 2026","2026-05-18 10:10:31 EDT",65436,1,"Individual Agencies"
"Robberies",8,8,"0",2026-03-01,"Lorain, Ohio","Mar 2026","2026-05-18 10:10:31 EDT",65436,1,"Individual Agencies"
"Thefts",134,149,"-10.0671140939597",2026-03-01,"Lorain, Ohio","Mar 2026","2026-05-18 10:10:31 EDT",65436,1,"Individual Agencies"
"Violent Crimes",63,73,"-13.6986301369863",2026-03-01,"Lorain, Ohio","Mar 2026","2026-05-18 10:10:31 EDT",65436,1,"Individual Agencies"
"Aggravated Assaults",2296,2398,"-4.2535446205171",2026-03-01,"Los Angeles County, California","Mar 2026","2026-05-18 10:10:31 EDT",1008018,1,"Individual Agencies"
"Burglaries",1744,2719,"-35.8587716072085",2026-03-01,"Los Angeles County, California","Mar 2026","2026-05-18 10:10:31 EDT",1008018,1,"Individual Agencies"
"Motor Vehicle Thefts",2429,3592,"-32.3775055679287",2026-03-01,"Los Angeles County, California","Mar 2026","2026-05-18 10:10:31 EDT",1008018,1,"Individual Agencies"
"Murders",32,40,"-20",2026-03-01,"Los Angeles County, California","Mar 2026","2026-05-18 10:10:31 EDT",1008018,1,"Individual Agencies"
"Property Crimes",11920,14258,"-16.3978117548043",2026-03-01,"Los Angeles County, California","Mar 2026","2026-05-18 10:10:31 EDT",1008018,1,"Individual Agencies"
"Rapes",207,198,"4.54545454545455",2026-03-01,"Los Angeles County, California","Mar 2026","2026-05-18 10:10:31 EDT",1008018,1,"Individual Agencies"
"Robberies",914,914,"0",2026-03-01,"Los Angeles County, California","Mar 2026","2026-05-18 10:10:31 EDT",1008018,1,"Individual Agencies"
"Thefts",7747,7947,"-2.51667295834906",2026-03-01,"Los Angeles County, California","Mar 2026","2026-05-18 10:10:31 EDT",1008018,1,"Individual Agencies"
"Violent Crimes",3449,3550,"-2.84507042253521",2026-03-01,"Los Angeles County, California","Mar 2026","2026-05-18 10:10:31 EDT",1008018,1,"Individual Agencies"
"Aggravated Assaults",4041,3943,"2.48541719502917",2026-03-01,"Los Angeles, California","Mar 2026","2026-05-18 10:10:31 EDT",3786018,1,"Individual Agencies"
"Burglaries",2341,3314,"-29.3602896801448",2026-03-01,"Los Angeles, California","Mar 2026","2026-05-18 10:10:31 EDT",3786018,1,"Individual Agencies"
"Motor Vehicle Thefts",3863,5360,"-27.9291044776119",2026-03-01,"Los Angeles, California","Mar 2026","2026-05-18 10:10:31 EDT",3786018,1,"Individual Agencies"
"Murders",47,54,"-12.962962962963",2026-03-01,"Los Angeles, California","Mar 2026","2026-05-18 10:10:31 EDT",3786018,1,"Individual Agencies"
"Property Crimes",19276,22998,"-16.1840160013914",2026-03-01,"Los Angeles, California","Mar 2026","2026-05-18 10:10:31 EDT",3786018,1,"Individual Agencies"
"Rapes",339,333,"1.8018018018018",2026-03-01,"Los Angeles, California","Mar 2026","2026-05-18 10:10:31 EDT",3786018,1,"Individual Agencies"
"Robberies",1665,1799,"-7.44858254585881",2026-03-01,"Los Angeles, California","Mar 2026","2026-05-18 10:10:31 EDT",3786018,1,"Individual Agencies"
"Thefts",13072,14324,"-8.74057525830774",2026-03-01,"Los Angeles, California","Mar 2026","2026-05-18 10:10:31 EDT",3786018,1,"Individual Agencies"
"Violent Crimes",6092,6129,"-0.603687387828357",2026-03-01,"Los Angeles, California","Mar 2026","2026-05-18 10:10:31 EDT",3786018,1,"Individual Agencies"
"Aggravated Assaults",51,37,"37.8378378378378",2026-03-01,"Loudoun County, Virginia","Mar 2026","2026-05-18 10:10:31 EDT",378299,1,"Individual Agencies"
"Burglaries",16,22,"-27.2727272727273",2026-03-01,"Loudoun County, Virginia","Mar 2026","2026-05-18 10:10:31 EDT",378299,1,"Individual Agencies"
"Motor Vehicle Thefts",34,36,"-5.55555555555556",2026-03-01,"Loudoun County, Virginia","Mar 2026","2026-05-18 10:10:31 EDT",378299,1,"Individual Agencies"
"Murders",1,1,"0",2026-03-01,"Loudoun County, Virginia","Mar 2026","2026-05-18 10:10:31 EDT",378299,1,"Individual Agencies"
"Property Crimes",324,461,"-29.7180043383948",2026-03-01,"Loudoun County, Virginia","Mar 2026","2026-05-18 10:10:31 EDT",378299,1,"Individual Agencies"
"Rapes",16,20,"-20",2026-03-01,"Loudoun County, Virginia","Mar 2026","2026-05-18 10:10:31 EDT",378299,1,"Individual Agencies"
"Robberies",10,5,"100",2026-03-01,"Loudoun County, Virginia","Mar 2026","2026-05-18 10:10:31 EDT",378299,1,"Individual Agencies"
"Thefts",274,403,"-32.0099255583127",2026-03-01,"Loudoun County, Virginia","Mar 2026","2026-05-18 10:10:31 EDT",378299,1,"Individual Agencies"
"Violent Crimes",78,63,"23.8095238095238",2026-03-01,"Loudoun County, Virginia","Mar 2026","2026-05-18 10:10:31 EDT",378299,1,"Individual Agencies"
"Aggravated Assaults",644,726,"-11.2947658402204",2026-03-01,"Louisville, Kentucky","Mar 2026","2026-05-18 10:10:31 EDT",669468,1,"Individual Agencies"
"Burglaries",610,634,"-3.78548895899054",2026-03-01,"Louisville, Kentucky","Mar 2026","2026-05-18 10:10:31 EDT",669468,1,"Individual Agencies"
"Motor Vehicle Thefts",807,1146,"-29.5811518324607",2026-03-01,"Louisville, Kentucky","Mar 2026","2026-05-18 10:10:31 EDT",669468,1,"Individual Agencies"
"Murders",20,25,"-20",2026-03-01,"Louisville, Kentucky","Mar 2026","2026-05-18 10:10:31 EDT",669468,1,"Individual Agencies"
"Property Crimes",5091,5218,"-2.4338827136834",2026-03-01,"Louisville, Kentucky","Mar 2026","2026-05-18 10:10:31 EDT",669468,1,"Individual Agencies"
"Rapes",66,69,"-4.34782608695652",2026-03-01,"Louisville, Kentucky","Mar 2026","2026-05-18 10:10:31 EDT",669468,1,"Individual Agencies"
"Robberies",140,190,"-26.3157894736842",2026-03-01,"Louisville, Kentucky","Mar 2026","2026-05-18 10:10:31 EDT",669468,1,"Individual Agencies"
"Thefts",3674,3438,"6.86445607911576",2026-03-01,"Louisville, Kentucky","Mar 2026","2026-05-18 10:10:31 EDT",669468,1,"Individual Agencies"
"Violent Crimes",870,1010,"-13.8613861386139",2026-03-01,"Louisville, Kentucky","Mar 2026","2026-05-18 10:10:31 EDT",669468,1,"Individual Agencies"
"Aggravated Assaults",27,20,"35",2026-03-01,"Loveland, Colorado","Mar 2026","2026-05-18 10:10:31 EDT",78656,1,"Individual Agencies"
"Burglaries",21,19,"10.5263157894737",2026-03-01,"Loveland, Colorado","Mar 2026","2026-05-18 10:10:31 EDT",78656,1,"Individual Agencies"
"Motor Vehicle Thefts",12,27,"-55.5555555555556",2026-03-01,"Loveland, Colorado","Mar 2026","2026-05-18 10:10:31 EDT",78656,1,"Individual Agencies"
"Murders",0,0,"0",2026-03-01,"Loveland, Colorado","Mar 2026","2026-05-18 10:10:31 EDT",78656,1,"Individual Agencies"
"Property Crimes",246,321,"-23.3644859813084",2026-03-01,"Loveland, Colorado","Mar 2026","2026-05-18 10:10:31 EDT",78656,1,"Individual Agencies"
"Rapes",9,11,"-18.1818181818182",2026-03-01,"Loveland, Colorado","Mar 2026","2026-05-18 10:10:31 EDT",78656,1,"Individual Agencies"
"Robberies",2,2,"0",2026-03-01,"Loveland, Colorado","Mar 2026","2026-05-18 10:10:31 EDT",78656,1,"Individual Agencies"
"Thefts",213,275,"-22.5454545454545",2026-03-01,"Loveland, Colorado","Mar 2026","2026-05-18 10:10:31 EDT",78656,1,"Individual Agencies"
"Violent Crimes",38,33,"15.1515151515152",2026-03-01,"Loveland, Colorado","Mar 2026","2026-05-18 10:10:31 EDT",78656,1,"Individual Agencies"
"Aggravated Assaults",115,94,"22.3404255319149",2026-03-01,"Lowell, Massachusetts","Mar 2026","2026-05-18 10:10:31 EDT",113124,1,"Individual Agencies"
"Burglaries",33,32,"3.125",2026-03-01,"Lowell, Massachusetts","Mar 2026","2026-05-18 10:10:31 EDT",113124,1,"Individual Agencies"
"Motor Vehicle Thefts",22,28,"-21.4285714285714",2026-03-01,"Lowell, Massachusetts","Mar 2026","2026-05-18 10:10:31 EDT",113124,1,"Individual Agencies"
"Murders",0,0,"0",2026-03-01,"Lowell, Massachusetts","Mar 2026","2026-05-18 10:10:31 EDT",113124,1,"Individual Agencies"
"Rapes",5,0,"Undefined",2026-03-01,"Lowell, Massachusetts","Mar 2026","2026-05-18 10:10:31 EDT",113124,1,"Individual Agencies"
"Robberies",7,13,"-46.1538461538462",2026-03-01,"Lowell, Massachusetts","Mar 2026","2026-05-18 10:10:31 EDT",113124,1,"Individual Agencies"
"Thefts",249,324,"-23.1481481481481",2026-03-01,"Lowell, Massachusetts","Mar 2026","2026-05-18 10:10:31 EDT",113124,1,"Individual Agencies"
"Aggravated Assaults",10,5,"100",2026-03-01,"Lower Merion, Pennsylvania","Mar 2026","2026-05-18 10:10:31 EDT",64350,1,"Individual Agencies"
"Burglaries",8,13,"-38.4615384615385",2026-03-01,"Lower Merion, Pennsylvania","Mar 2026","2026-05-18 10:10:31 EDT",64350,1,"Individual Agencies"
"Motor Vehicle Thefts",24,21,"14.2857142857143",2026-03-01,"Lower Merion, Pennsylvania","Mar 2026","2026-05-18 10:10:31 EDT",64350,1,"Individual Agencies"
"Murders",0,0,"0",2026-03-01,"Lower Merion, Pennsylvania","Mar 2026","2026-05-18 10:10:31 EDT",64350,1,"Individual Agencies"
"Property Crimes",192,234,"-17.9487179487179",2026-03-01,"Lower Merion, Pennsylvania","Mar 2026","2026-05-18 10:10:31 EDT",64350,1,"Individual Agencies"
"Rapes",0,0,"0",2026-03-01,"Lower Merion, Pennsylvania","Mar 2026","2026-05-18 10:10:31 EDT",64350,1,"Individual Agencies"
"Robberies",3,2,"50",2026-03-01,"Lower Merion, Pennsylvania","Mar 2026","2026-05-18 10:10:31 EDT",64350,1,"Individual Agencies"
"Thefts",160,200,"-20",2026-03-01,"Lower Merion, Pennsylvania","Mar 2026","2026-05-18 10:10:31 EDT",64350,1,"Individual Agencies"
"Violent Crimes",13,7,"85.7142857142857",2026-03-01,"Lower Merion, Pennsylvania","Mar 2026","2026-05-18 10:10:31 EDT",64350,1,"Individual Agencies"
"Aggravated Assaults",10,14,"-28.5714285714286",2026-03-01,"Lower Paxton, Pennsylvania","Mar 2026","2026-05-18 10:10:31 EDT",55204,1,"Individual Agencies"
"Burglaries",5,4,"25",2026-03-01,"Lower Paxton, Pennsylvania","Mar 2026","2026-05-18 10:10:31 EDT",55204,1,"Individual Agencies"
"Motor Vehicle Thefts",6,3,"100",2026-03-01,"Lower Paxton, Pennsylvania","Mar 2026","2026-05-18 10:10:31 EDT",55204,1,"Individual Agencies"
"Murders",0,1,"-100",2026-03-01,"Lower Paxton, Pennsylvania","Mar 2026","2026-05-18 10:10:31 EDT",55204,1,"Individual Agencies"
"Property Crimes",106,128,"-17.1875",2026-03-01,"Lower Paxton, Pennsylvania","Mar 2026","2026-05-18 10:10:31 EDT",55204,1,"Individual Agencies"
"Rapes",2,7,"-71.4285714285714",2026-03-01,"Lower Paxton, Pennsylvania","Mar 2026","2026-05-18 10:10:31 EDT",55204,1,"Individual Agencies"
"Robberies",0,2,"-100",2026-03-01,"Lower Paxton, Pennsylvania","Mar 2026","2026-05-18 10:10:31 EDT",55204,1,"Individual Agencies"
"Thefts",95,121,"-21.4876033057851",2026-03-01,"Lower Paxton, Pennsylvania","Mar 2026","2026-05-18 10:10:31 EDT",55204,1,"Individual Agencies"
"Violent Crimes",12,24,"-50",2026-03-01,"Lower Paxton, Pennsylvania","Mar 2026","2026-05-18 10:10:31 EDT",55204,1,"Individual Agencies"
"Aggravated Assaults",198,248,"-20.1612903225806",2026-02-01,"Lubbock, Texas","Feb 2026","2026-05-18 10:10:31 EDT",266960,1,"Individual Agencies"
"Burglaries",140,177,"-20.9039548022599",2026-02-01,"Lubbock, Texas","Feb 2026","2026-05-18 10:10:31 EDT",266960,1,"Individual Agencies"
"Motor Vehicle Thefts",101,103,"-1.94174757281553",2026-02-01,"Lubbock, Texas","Feb 2026","2026-05-18 10:10:31 EDT",266960,1,"Individual Agencies"
"Murders",0,5,"-100",2026-02-01,"Lubbock, Texas","Feb 2026","2026-05-18 10:10:31 EDT",266960,1,"Individual Agencies"
"Rapes",23,25,"-8",2026-02-01,"Lubbock, Texas","Feb 2026","2026-05-18 10:10:31 EDT",266960,1,"Individual Agencies"
"Robberies",34,51,"-33.3333333333333",2026-02-01,"Lubbock, Texas","Feb 2026","2026-05-18 10:10:31 EDT",266960,1,"Individual Agencies"
"Thefts",739,792,"-6.69191919191919",2026-02-01,"Lubbock, Texas","Feb 2026","2026-05-18 10:10:31 EDT",266960,1,"Individual Agencies"
"Aggravated Assaults",72,60,"20",2026-02-01,"Lynn, Massachusetts","Feb 2026","2026-05-18 10:10:31 EDT",101144,1,"Individual Agencies"
"Burglaries",15,18,"-16.6666666666667",2026-02-01,"Lynn, Massachusetts","Feb 2026","2026-05-18 10:10:31 EDT",101144,1,"Individual Agencies"
"Motor Vehicle Thefts",14,24,"-41.6666666666667",2026-02-01,"Lynn, Massachusetts","Feb 2026","2026-05-18 10:10:31 EDT",101144,1,"Individual Agencies"
"Murders",1,2,"-50",2026-02-01,"Lynn, Massachusetts","Feb 2026","2026-05-18 10:10:31 EDT",101144,1,"Individual Agencies"
"Rapes",7,5,"40",2026-02-01,"Lynn, Massachusetts","Feb 2026","2026-05-18 10:10:31 EDT",101144,1,"Individual Agencies"
"Robberies",7,2,"250",2026-02-01,"Lynn, Massachusetts","Feb 2026","2026-05-18 10:10:31 EDT",101144,1,"Individual Agencies"
"Thefts",82,109,"-24.7706422018349",2026-02-01,"Lynn, Massachusetts","Feb 2026","2026-05-18 10:10:31 EDT",101144,1,"Individual Agencies"
"Aggravated Assaults",39,25,"56",2026-02-01,"Macomb County, Michigan","Feb 2026","2026-05-18 10:10:31 EDT",191695,1,"Individual Agencies"
"Burglaries",10,4,"150",2026-02-01,"Macomb County, Michigan","Feb 2026","2026-05-18 10:10:31 EDT",191695,1,"Individual Agencies"
"Motor Vehicle Thefts",8,17,"-52.9411764705882",2026-02-01,"Macomb County, Michigan","Feb 2026","2026-05-18 10:10:31 EDT",191695,1,"Individual Agencies"
"Murders",0,0,"0",2026-02-01,"Macomb County, Michigan","Feb 2026","2026-05-18 10:10:31 EDT",191695,1,"Individual Agencies"
"Rapes",5,6,"-16.6666666666667",2026-02-01,"Macomb County, Michigan","Feb 2026","2026-05-18 10:10:31 EDT",191695,1,"Individual Agencies"
"Robberies",1,2,"-50",2026-02-01,"Macomb County, Michigan","Feb 2026","2026-05-18 10:10:31 EDT",191695,1,"Individual Agencies"
"Thefts",55,89,"-38.2022471910112",2026-02-01,"Macomb County, Michigan","Feb 2026","2026-05-18 10:10:31 EDT",191695,1,"Individual Agencies"
"Aggravated Assaults",38,37,"2.7027027027027",2026-03-01,"Madera, California","Mar 2026","2026-05-18 10:10:31 EDT",68862,1,"Individual Agencies"
"Burglaries",15,13,"15.3846153846154",2026-03-01,"Madera, California","Mar 2026","2026-05-18 10:10:31 EDT",68862,1,"Individual Agencies"
"Motor Vehicle Thefts",38,25,"52",2026-03-01,"Madera, California","Mar 2026","2026-05-18 10:10:31 EDT",68862,1,"Individual Agencies"
"Murders",0,0,"0",2026-03-01,"Madera, California","Mar 2026","2026-05-18 10:10:31 EDT",68862,1,"Individual Agencies"
"Property Crimes",159,151,"5.29801324503311",2026-03-01,"Madera, California","Mar 2026","2026-05-18 10:10:31 EDT",68862,1,"Individual Agencies"
"Rapes",2,8,"-75",2026-03-01,"Madera, California","Mar 2026","2026-05-18 10:10:31 EDT",68862,1,"Individual Agencies"
"Robberies",8,8,"0",2026-03-01,"Madera, California","Mar 2026","2026-05-18 10:10:31 EDT",68862,1,"Individual Agencies"
"Thefts",106,113,"-6.19469026548673",2026-03-01,"Madera, California","Mar 2026","2026-05-18 10:10:31 EDT",68862,1,"Individual Agencies"
"Violent Crimes",48,53,"-9.43396226415094",2026-03-01,"Madera, California","Mar 2026","2026-05-18 10:10:31 EDT",68862,1,"Individual Agencies"
"Aggravated Assaults",98,92,"6.52173913043478",2026-03-01,"Madison, Wisconsin","Mar 2026","2026-05-18 10:10:31 EDT",274234,1,"Individual Agencies"
"Burglaries",66,109,"-39.4495412844037",2026-03-01,"Madison, Wisconsin","Mar 2026","2026-05-18 10:10:31 EDT",274234,1,"Individual Agencies"
"Motor Vehicle Thefts",79,74,"6.75675675675676",2026-03-01,"Madison, Wisconsin","Mar 2026","2026-05-18 10:10:31 EDT",274234,1,"Individual Agencies"
"Murders",3,1,"200",2026-03-01,"Madison, Wisconsin","Mar 2026","2026-05-18 10:10:31 EDT",274234,1,"Individual Agencies"
"Property Crimes",1173,1233,"-4.8661800486618",2026-03-01,"Madison, Wisconsin","Mar 2026","2026-05-18 10:10:31 EDT",274234,1,"Individual Agencies"
"Rapes",11,18,"-38.8888888888889",2026-03-01,"Madison, Wisconsin","Mar 2026","2026-05-18 10:10:31 EDT",274234,1,"Individual Agencies"
"Robberies",16,21,"-23.8095238095238",2026-03-01,"Madison, Wisconsin","Mar 2026","2026-05-18 10:10:31 EDT",274234,1,"Individual Agencies"
"Thefts",1028,1050,"-2.0952380952381",2026-03-01,"Madison, Wisconsin","Mar 2026","2026-05-18 10:10:31 EDT",274234,1,"Individual Agencies"
"Violent Crimes",128,132,"-3.03030303030303",2026-03-01,"Madison, Wisconsin","Mar 2026","2026-05-18 10:10:31 EDT",274234,1,"Individual Agencies"
"Aggravated Assaults",22,29,"-24.1379310344828",2026-03-01,"Malden, Massachusetts","Mar 2026","2026-05-18 10:10:31 EDT",64291,1,"Individual Agencies"
"Burglaries",12,16,"-25",2026-03-01,"Malden, Massachusetts","Mar 2026","2026-05-18 10:10:31 EDT",64291,1,"Individual Agencies"
"Motor Vehicle Thefts",13,24,"-45.8333333333333",2026-03-01,"Malden, Massachusetts","Mar 2026","2026-05-18 10:10:31 EDT",64291,1,"Individual Agencies"
"Murders",0,0,"0",2026-03-01,"Malden, Massachusetts","Mar 2026","2026-05-18 10:10:31 EDT",64291,1,"Individual Agencies"
"Property Crimes",111,203,"-45.320197044335",2026-03-01,"Malden, Massachusetts","Mar 2026","2026-05-18 10:10:31 EDT",64291,1,"Individual Agencies"
"Rapes",1,1,"0",2026-03-01,"Malden, Massachusetts","Mar 2026","2026-05-18 10:10:31 EDT",64291,1,"Individual Agencies"
"Robberies",6,3,"100",2026-03-01,"Malden, Massachusetts","Mar 2026","2026-05-18 10:10:31 EDT",64291,1,"Individual Agencies"
"Thefts",86,163,"-47.239263803681",2026-03-01,"Malden, Massachusetts","Mar 2026","2026-05-18 10:10:31 EDT",64291,1,"Individual Agencies"
"Violent Crimes",29,33,"-12.1212121212121",2026-03-01,"Malden, Massachusetts","Mar 2026","2026-05-18 10:10:31 EDT",64291,1,"Individual Agencies"
"Aggravated Assaults",4,14,"-71.4285714285714",2026-03-01,"Manchester, Connecticut","Mar 2026","2026-05-18 10:10:31 EDT",59408,1,"Individual Agencies"
"Burglaries",17,10,"70",2026-03-01,"Manchester, Connecticut","Mar 2026","2026-05-18 10:10:31 EDT",59408,1,"Individual Agencies"
"Motor Vehicle Thefts",16,17,"-5.88235294117647",2026-03-01,"Manchester, Connecticut","Mar 2026","2026-05-18 10:10:31 EDT",59408,1,"Individual Agencies"
"Murders",0,0,"0",2026-03-01,"Manchester, Connecticut","Mar 2026","2026-05-18 10:10:31 EDT",59408,1,"Individual Agencies"
"Property Crimes",259,285,"-9.12280701754386",2026-03-01,"Manchester, Connecticut","Mar 2026","2026-05-18 10:10:31 EDT",59408,1,"Individual Agencies"
"Rapes",1,5,"-80",2026-03-01,"Manchester, Connecticut","Mar 2026","2026-05-18 10:10:31 EDT",59408,1,"Individual Agencies"
"Robberies",4,6,"-33.3333333333333",2026-03-01,"Manchester, Connecticut","Mar 2026","2026-05-18 10:10:31 EDT",59408,1,"Individual Agencies"
"Thefts",226,258,"-12.4031007751938",2026-03-01,"Manchester, Connecticut","Mar 2026","2026-05-18 10:10:31 EDT",59408,1,"Individual Agencies"
"Violent Crimes",9,25,"-64",2026-03-01,"Manchester, Connecticut","Mar 2026","2026-05-18 10:10:31 EDT",59408,1,"Individual Agencies"
"Aggravated Assaults",42,51,"-17.6470588235294",2026-03-01,"Manchester, New Hampshire","Mar 2026","2026-05-18 10:10:31 EDT",114963,1,"Individual Agencies"
"Burglaries",21,28,"-25",2026-03-01,"Manchester, New Hampshire","Mar 2026","2026-05-18 10:10:31 EDT",114963,1,"Individual Agencies"
"Motor Vehicle Thefts",26,36,"-27.7777777777778",2026-03-01,"Manchester, New Hampshire","Mar 2026","2026-05-18 10:10:31 EDT",114963,1,"Individual Agencies"
"Murders",2,0,"Undefined",2026-03-01,"Manchester, New Hampshire","Mar 2026","2026-05-18 10:10:31 EDT",114963,1,"Individual Agencies"
"Property Crimes",353,353,"0",2026-03-01,"Manchester, New Hampshire","Mar 2026","2026-05-18 10:10:31 EDT",114963,1,"Individual Agencies"
"Rapes",13,17,"-23.5294117647059",2026-03-01,"Manchester, New Hampshire","Mar 2026","2026-05-18 10:10:31 EDT",114963,1,"Individual Agencies"
"Robberies",14,12,"16.6666666666667",2026-03-01,"Manchester, New Hampshire","Mar 2026","2026-05-18 10:10:31 EDT",114963,1,"Individual Agencies"
"Thefts",306,289,"5.88235294117647",2026-03-01,"Manchester, New Hampshire","Mar 2026","2026-05-18 10:10:31 EDT",114963,1,"Individual Agencies"
"Violent Crimes",71,80,"-11.25",2026-03-01,"Manchester, New Hampshire","Mar 2026","2026-05-18 10:10:31 EDT",114963,1,"Individual Agencies"
"Aggravated Assaults",9,18,"-50",2026-03-01,"Mansfield, Texas","Mar 2026","2026-05-18 10:10:31 EDT",78788,1,"Individual Agencies"
"Burglaries",13,12,"8.33333333333333",2026-03-01,"Mansfield, Texas","Mar 2026","2026-05-18 10:10:31 EDT",78788,1,"Individual Agencies"
"Motor Vehicle Thefts",16,20,"-20",2026-03-01,"Mansfield, Texas","Mar 2026","2026-05-18 10:10:31 EDT",78788,1,"Individual Agencies"
"Murders",1,0,"Undefined",2026-03-01,"Mansfield, Texas","Mar 2026","2026-05-18 10:10:31 EDT",78788,1,"Individual Agencies"
"Property Crimes",196,213,"-7.981220657277",2026-03-01,"Mansfield, Texas","Mar 2026","2026-05-18 10:10:31 EDT",78788,1,"Individual Agencies"
"Rapes",2,3,"-33.3333333333333",2026-03-01,"Mansfield, Texas","Mar 2026","2026-05-18 10:10:31 EDT",78788,1,"Individual Agencies"
"Robberies",1,2,"-50",2026-03-01,"Mansfield, Texas","Mar 2026","2026-05-18 10:10:31 EDT",78788,1,"Individual Agencies"
"Thefts",167,181,"-7.73480662983425",2026-03-01,"Mansfield, Texas","Mar 2026","2026-05-18 10:10:31 EDT",78788,1,"Individual Agencies"
"Violent Crimes",13,23,"-43.4782608695652",2026-03-01,"Mansfield, Texas","Mar 2026","2026-05-18 10:10:31 EDT",78788,1,"Individual Agencies"
"Aggravated Assaults",39,46,"-15.2173913043478",2026-03-01,"Manteca, California","Mar 2026","2026-05-18 10:10:31 EDT",88518,1,"Individual Agencies"
"Burglaries",26,46,"-43.4782608695652",2026-03-01,"Manteca, California","Mar 2026","2026-05-18 10:10:31 EDT",88518,1,"Individual Agencies"
"Motor Vehicle Thefts",50,41,"21.9512195121951",2026-03-01,"Manteca, California","Mar 2026","2026-05-18 10:10:31 EDT",88518,1,"Individual Agencies"
"Murders",0,0,"0",2026-03-01,"Manteca, California","Mar 2026","2026-05-18 10:10:31 EDT",88518,1,"Individual Agencies"
"Property Crimes",321,235,"36.5957446808511",2026-03-01,"Manteca, California","Mar 2026","2026-05-18 10:10:31 EDT",88518,1,"Individual Agencies"
"Rapes",5,7,"-28.5714285714286",2026-03-01,"Manteca, California","Mar 2026","2026-05-18 10:10:31 EDT",88518,1,"Individual Agencies"
"Robberies",13,9,"44.4444444444444",2026-03-01,"Manteca, California","Mar 2026","2026-05-18 10:10:31 EDT",88518,1,"Individual Agencies"
"Thefts",245,148,"65.5405405405405",2026-03-01,"Manteca, California","Mar 2026","2026-05-18 10:10:31 EDT",88518,1,"Individual Agencies"
"Violent Crimes",57,62,"-8.06451612903226",2026-03-01,"Manteca, California","Mar 2026","2026-05-18 10:10:31 EDT",88518,1,"Individual Agencies"
"Aggravated Assaults",14,8,"75",2026-03-01,"Maple Grove, Minnesota","Mar 2026","2026-05-18 10:10:31 EDT",70729,1,"Individual Agencies"
"Burglaries",10,10,"0",2026-03-01,"Maple Grove, Minnesota","Mar 2026","2026-05-18 10:10:31 EDT",70729,1,"Individual Agencies"
"Motor Vehicle Thefts",6,5,"20",2026-03-01,"Maple Grove, Minnesota","Mar 2026","2026-05-18 10:10:31 EDT",70729,1,"Individual Agencies"
"Murders",0,0,"0",2026-03-01,"Maple Grove, Minnesota","Mar 2026","2026-05-18 10:10:31 EDT",70729,1,"Individual Agencies"
"Property Crimes",197,247,"-20.2429149797571",2026-03-01,"Maple Grove, Minnesota","Mar 2026","2026-05-18 10:10:31 EDT",70729,1,"Individual Agencies"
"Rapes",2,6,"-66.6666666666667",2026-03-01,"Maple Grove, Minnesota","Mar 2026","2026-05-18 10:10:31 EDT",70729,1,"Individual Agencies"
"Robberies",3,5,"-40",2026-03-01,"Maple Grove, Minnesota","Mar 2026","2026-05-18 10:10:31 EDT",70729,1,"Individual Agencies"
"Thefts",181,232,"-21.9827586206897",2026-03-01,"Maple Grove, Minnesota","Mar 2026","2026-05-18 10:10:31 EDT",70729,1,"Individual Agencies"
"Violent Crimes",19,19,"0",2026-03-01,"Maple Grove, Minnesota","Mar 2026","2026-05-18 10:10:31 EDT",70729,1,"Individual Agencies"
"Aggravated Assaults",7,19,"-63.1578947368421",2026-03-01,"Marana, Arizona","Mar 2026","2026-05-18 10:10:31 EDT",57718,1,"Individual Agencies"
"Burglaries",12,6,"100",2026-03-01,"Marana, Arizona","Mar 2026","2026-05-18 10:10:31 EDT",57718,1,"Individual Agencies"
"Motor Vehicle Thefts",9,13,"-30.7692307692308",2026-03-01,"Marana, Arizona","Mar 2026","2026-05-18 10:10:31 EDT",57718,1,"Individual Agencies"
"Murders",1,0,"Undefined",2026-03-01,"Marana, Arizona","Mar 2026","2026-05-18 10:10:31 EDT",57718,1,"Individual Agencies"
"Property Crimes",200,214,"-6.54205607476635",2026-03-01,"Marana, Arizona","Mar 2026","2026-05-18 10:10:31 EDT",57718,1,"Individual Agencies"
"Rapes",2,0,"Undefined",2026-03-01,"Marana, Arizona","Mar 2026","2026-05-18 10:10:31 EDT",57718,1,"Individual Agencies"
"Robberies",2,0,"Undefined",2026-03-01,"Marana, Arizona","Mar 2026","2026-05-18 10:10:31 EDT",57718,1,"Individual Agencies"
"Thefts",179,195,"-8.2051282051282",2026-03-01,"Marana, Arizona","Mar 2026","2026-05-18 10:10:31 EDT",57718,1,"Individual Agencies"
"Violent Crimes",12,19,"-36.8421052631579",2026-03-01,"Marana, Arizona","Mar 2026","2026-05-18 10:10:31 EDT",57718,1,"Individual Agencies"
"Aggravated Assaults",23,31,"-25.8064516129032",2026-03-01,"Maricopa, Arizona","Mar 2026","2026-05-18 10:10:31 EDT",70355,1,"Individual Agencies"
"Burglaries",15,7,"114.285714285714",2026-03-01,"Maricopa, Arizona","Mar 2026","2026-05-18 10:10:31 EDT",70355,1,"Individual Agencies"
"Motor Vehicle Thefts",11,17,"-35.2941176470588",2026-03-01,"Maricopa, Arizona","Mar 2026","2026-05-18 10:10:31 EDT",70355,1,"Individual Agencies"
"Murders",0,0,"0",2026-03-01,"Maricopa, Arizona","Mar 2026","2026-05-18 10:10:31 EDT",70355,1,"Individual Agencies"
"Property Crimes",186,154,"20.7792207792208",2026-03-01,"Maricopa, Arizona","Mar 2026","2026-05-18 10:10:31 EDT",70355,1,"Individual Agencies"
"Rapes",6,4,"50",2026-03-01,"Maricopa, Arizona","Mar 2026","2026-05-18 10:10:31 EDT",70355,1,"Individual Agencies"
"Robberies",4,1,"300",2026-03-01,"Maricopa, Arizona","Mar 2026","2026-05-18 10:10:31 EDT",70355,1,"Individual Agencies"
"Thefts",160,130,"23.0769230769231",2026-03-01,"Maricopa, Arizona","Mar 2026","2026-05-18 10:10:31 EDT",70355,1,"Individual Agencies"
"Violent Crimes",33,36,"-8.33333333333333",2026-03-01,"Maricopa, Arizona","Mar 2026","2026-05-18 10:10:31 EDT",70355,1,"Individual Agencies"
"Aggravated Assaults",45,25,"80",2026-03-01,"Marietta, Georgia","Mar 2026","2026-05-18 10:10:31 EDT",63407,1,"Individual Agencies"
"Burglaries",29,22,"31.8181818181818",2026-03-01,"Marietta, Georgia","Mar 2026","2026-05-18 10:10:31 EDT",63407,1,"Individual Agencies"
"Motor Vehicle Thefts",25,18,"38.8888888888889",2026-03-01,"Marietta, Georgia","Mar 2026","2026-05-18 10:10:31 EDT",63407,1,"Individual Agencies"
"Murders",1,0,"Undefined",2026-03-01,"Marietta, Georgia","Mar 2026","2026-05-18 10:10:31 EDT",63407,1,"Individual Agencies"
"Property Crimes",239,204,"17.156862745098",2026-03-01,"Marietta, Georgia","Mar 2026","2026-05-18 10:10:31 EDT",63407,1,"Individual Agencies"
"Rapes",6,2,"200",2026-03-01,"Marietta, Georgia","Mar 2026","2026-05-18 10:10:31 EDT",63407,1,"Individual Agencies"
"Robberies",2,8,"-75",2026-03-01,"Marietta, Georgia","Mar 2026","2026-05-18 10:10:31 EDT",63407,1,"Individual Agencies"
"Thefts",185,164,"12.8048780487805",2026-03-01,"Marietta, Georgia","Mar 2026","2026-05-18 10:10:31 EDT",63407,1,"Individual Agencies"
"Violent Crimes",54,35,"54.2857142857143",2026-03-01,"Marietta, Georgia","Mar 2026","2026-05-18 10:10:31 EDT",63407,1,"Individual Agencies"
"Aggravated Assaults",36,33,"9.09090909090909",2026-03-01,"McAllen, Texas","Mar 2026","2026-05-18 10:10:31 EDT",145684,1,"Individual Agencies"
"Burglaries",13,17,"-23.5294117647059",2026-03-01,"McAllen, Texas","Mar 2026","2026-05-18 10:10:31 EDT",145684,1,"Individual Agencies"
"Motor Vehicle Thefts",8,19,"-57.8947368421053",2026-03-01,"McAllen, Texas","Mar 2026","2026-05-18 10:10:31 EDT",145684,1,"Individual Agencies"
"Murders",0,0,"0",2026-03-01,"McAllen, Texas","Mar 2026","2026-05-18 10:10:31 EDT",145684,1,"Individual Agencies"
"Property Crimes",473,561,"-15.6862745098039",2026-03-01,"McAllen, Texas","Mar 2026","2026-05-18 10:10:31 EDT",145684,1,"Individual Agencies"
"Rapes",16,10,"60",2026-03-01,"McAllen, Texas","Mar 2026","2026-05-18 10:10:31 EDT",145684,1,"Individual Agencies"
"Robberies",6,0,"Undefined",2026-03-01,"McAllen, Texas","Mar 2026","2026-05-18 10:10:31 EDT",145684,1,"Individual Agencies"
"Thefts",452,525,"-13.9047619047619",2026-03-01,"McAllen, Texas","Mar 2026","2026-05-18 10:10:31 EDT",145684,1,"Individual Agencies"
"Violent Crimes",58,43,"34.8837209302326",2026-03-01,"McAllen, Texas","Mar 2026","2026-05-18 10:10:31 EDT",145684,1,"Individual Agencies"
"Aggravated Assaults",36,40,"-10",2026-03-01,"Mckinney, Texas","Mar 2026","2026-05-18 10:10:31 EDT",212716,1,"Individual Agencies"
"Burglaries",36,36,"0",2026-03-01,"Mckinney, Texas","Mar 2026","2026-05-18 10:10:31 EDT",212716,1,"Individual Agencies"
"Motor Vehicle Thefts",31,34,"-8.82352941176471",2026-03-01,"Mckinney, Texas","Mar 2026","2026-05-18 10:10:31 EDT",212716,1,"Individual Agencies"
"Murders",2,1,"100",2026-03-01,"Mckinney, Texas","Mar 2026","2026-05-18 10:10:31 EDT",212716,1,"Individual Agencies"
"Property Crimes",403,394,"2.28426395939086",2026-03-01,"Mckinney, Texas","Mar 2026","2026-05-18 10:10:31 EDT",212716,1,"Individual Agencies"
"Rapes",9,19,"-52.6315789473684",2026-03-01,"Mckinney, Texas","Mar 2026","2026-05-18 10:10:31 EDT",212716,1,"Individual Agencies"
"Robberies",10,8,"25",2026-03-01,"Mckinney, Texas","Mar 2026","2026-05-18 10:10:31 EDT",212716,1,"Individual Agencies"
"Thefts",336,324,"3.7037037037037",2026-03-01,"Mckinney, Texas","Mar 2026","2026-05-18 10:10:31 EDT",212716,1,"Individual Agencies"
"Violent Crimes",57,68,"-16.1764705882353",2026-03-01,"Mckinney, Texas","Mar 2026","2026-05-18 10:10:31 EDT",212716,1,"Individual Agencies"
"Aggravated Assaults",22,26,"-15.3846153846154",2026-02-01,"Medford, Oregon","Feb 2026","2026-05-18 10:10:31 EDT",85352,1,"Individual Agencies"
"Burglaries",29,32,"-9.375",2026-02-01,"Medford, Oregon","Feb 2026","2026-05-18 10:10:31 EDT",85352,1,"Individual Agencies"
"Motor Vehicle Thefts",14,28,"-50",2026-02-01,"Medford, Oregon","Feb 2026","2026-05-18 10:10:31 EDT",85352,1,"Individual Agencies"
"Murders",0,0,"0",2026-02-01,"Medford, Oregon","Feb 2026","2026-05-18 10:10:31 EDT",85352,1,"Individual Agencies"
"Rapes",3,7,"-57.1428571428571",2026-02-01,"Medford, Oregon","Feb 2026","2026-05-18 10:10:31 EDT",85352,1,"Individual Agencies"
"Robberies",12,17,"-29.4117647058824",2026-02-01,"Medford, Oregon","Feb 2026","2026-05-18 10:10:31 EDT",85352,1,"Individual Agencies"
"Thefts",406,385,"5.45454545454545",2026-02-01,"Medford, Oregon","Feb 2026","2026-05-18 10:10:31 EDT",85352,1,"Individual Agencies"
"Aggravated Assaults",1836,2493,"-26.3537906137184",2026-03-01,"Memphis, Tennessee","Mar 2026","2026-05-18 10:10:31 EDT",616061,1,"Individual Agencies"
"Burglaries",675,976,"-30.8401639344262",2026-03-01,"Memphis, Tennessee","Mar 2026","2026-05-18 10:10:31 EDT",616061,1,"Individual Agencies"
"Motor Vehicle Thefts",565,1686,"-66.4887307236062",2026-03-01,"Memphis, Tennessee","Mar 2026","2026-05-18 10:10:31 EDT",616061,1,"Individual Agencies"
"Murders",42,58,"-27.5862068965517",2026-03-01,"Memphis, Tennessee","Mar 2026","2026-05-18 10:10:31 EDT",616061,1,"Individual Agencies"
"Property Crimes",4539,8128,"-44.1560039370079",2026-03-01,"Memphis, Tennessee","Mar 2026","2026-05-18 10:10:31 EDT",616061,1,"Individual Agencies"
"Rapes",59,82,"-28.0487804878049",2026-03-01,"Memphis, Tennessee","Mar 2026","2026-05-18 10:10:31 EDT",616061,1,"Individual Agencies"
"Robberies",211,421,"-49.8812351543943",2026-03-01,"Memphis, Tennessee","Mar 2026","2026-05-18 10:10:31 EDT",616061,1,"Individual Agencies"
"Thefts",3299,5466,"-39.6450786681303",2026-03-01,"Memphis, Tennessee","Mar 2026","2026-05-18 10:10:31 EDT",616061,1,"Individual Agencies"
"Violent Crimes",2148,3054,"-29.6660117878193",2026-03-01,"Memphis, Tennessee","Mar 2026","2026-05-18 10:10:31 EDT",616061,1,"Individual Agencies"
"Aggravated Assaults",102,107,"-4.67289719626168",2026-03-01,"Merced, California","Mar 2026","2026-05-18 10:10:31 EDT",94125,1,"Individual Agencies"
"Burglaries",106,106,"0",2026-03-01,"Merced, California","Mar 2026","2026-05-18 10:10:31 EDT",94125,1,"Individual Agencies"
"Motor Vehicle Thefts",66,77,"-14.2857142857143",2026-03-01,"Merced, California","Mar 2026","2026-05-18 10:10:31 EDT",94125,1,"Individual Agencies"
"Murders",6,0,"Undefined",2026-03-01,"Merced, California","Mar 2026","2026-05-18 10:10:31 EDT",94125,1,"Individual Agencies"
"Property Crimes",567,540,"5",2026-03-01,"Merced, California","Mar 2026","2026-05-18 10:10:31 EDT",94125,1,"Individual Agencies"
"Rapes",19,15,"26.6666666666667",2026-03-01,"Merced, California","Mar 2026","2026-05-18 10:10:31 EDT",94125,1,"Individual Agencies"
"Robberies",24,29,"-17.2413793103448",2026-03-01,"Merced, California","Mar 2026","2026-05-18 10:10:31 EDT",94125,1,"Individual Agencies"
"Thefts",395,357,"10.6442577030812",2026-03-01,"Merced, California","Mar 2026","2026-05-18 10:10:31 EDT",94125,1,"Individual Agencies"
"Violent Crimes",151,151,"0",2026-03-01,"Merced, California","Mar 2026","2026-05-18 10:10:31 EDT",94125,1,"Individual Agencies"
"Aggravated Assaults",5,13,"-61.5384615384615",2026-03-01,"Meriden, Connecticut","Mar 2026","2026-05-18 10:10:31 EDT",60054,1,"Individual Agencies"
"Burglaries",4,9,"-55.5555555555556",2026-03-01,"Meriden, Connecticut","Mar 2026","2026-05-18 10:10:31 EDT",60054,1,"Individual Agencies"
"Motor Vehicle Thefts",12,28,"-57.1428571428571",2026-03-01,"Meriden, Connecticut","Mar 2026","2026-05-18 10:10:31 EDT",60054,1,"Individual Agencies"
"Murders",1,0,"Undefined",2026-03-01,"Meriden, Connecticut","Mar 2026","2026-05-18 10:10:31 EDT",60054,1,"Individual Agencies"
"Property Crimes",138,209,"-33.9712918660287",2026-03-01,"Meriden, Connecticut","Mar 2026","2026-05-18 10:10:31 EDT",60054,1,"Individual Agencies"
"Rapes",2,2,"0",2026-03-01,"Meriden, Connecticut","Mar 2026","2026-05-18 10:10:31 EDT",60054,1,"Individual Agencies"
"Robberies",1,4,"-75",2026-03-01,"Meriden, Connecticut","Mar 2026","2026-05-18 10:10:31 EDT",60054,1,"Individual Agencies"
"Thefts",122,172,"-29.0697674418605",2026-03-01,"Meriden, Connecticut","Mar 2026","2026-05-18 10:10:31 EDT",60054,1,"Individual Agencies"
"Violent Crimes",9,19,"-52.6315789473684",2026-03-01,"Meriden, Connecticut","Mar 2026","2026-05-18 10:10:31 EDT",60054,1,"Individual Agencies"
"Aggravated Assaults",42,36,"16.6666666666667",2026-03-01,"Meridian, Idaho","Mar 2026","2026-05-18 10:10:31 EDT",135239,1,"Individual Agencies"
"Burglaries",13,18,"-27.7777777777778",2026-03-01,"Meridian, Idaho","Mar 2026","2026-05-18 10:10:31 EDT",135239,1,"Individual Agencies"
"Motor Vehicle Thefts",9,6,"50",2026-03-01,"Meridian, Idaho","Mar 2026","2026-05-18 10:10:31 EDT",135239,1,"Individual Agencies"
"Murders",1,0,"Undefined",2026-03-01,"Meridian, Idaho","Mar 2026","2026-05-18 10:10:31 EDT",135239,1,"Individual Agencies"
"Property Crimes",146,158,"-7.59493670886076",2026-03-01,"Meridian, Idaho","Mar 2026","2026-05-18 10:10:31 EDT",135239,1,"Individual Agencies"
"Rapes",7,9,"-22.2222222222222",2026-03-01,"Meridian, Idaho","Mar 2026","2026-05-18 10:10:31 EDT",135239,1,"Individual Agencies"
"Robberies",2,0,"Undefined",2026-03-01,"Meridian, Idaho","Mar 2026","2026-05-18 10:10:31 EDT",135239,1,"Individual Agencies"
"Thefts",124,134,"-7.46268656716418",2026-03-01,"Meridian, Idaho","Mar 2026","2026-05-18 10:10:31 EDT",135239,1,"Individual Agencies"
"Violent Crimes",52,45,"15.5555555555556",2026-03-01,"Meridian, Idaho","Mar 2026","2026-05-18 10:10:31 EDT",135239,1,"Individual Agencies"
"Aggravated Assaults",469,434,"8.06451612903226",2026-03-01,"Mesa, Arizona","Mar 2026","2026-05-18 10:10:31 EDT",515848,1,"Individual Agencies"
"Burglaries",167,204,"-18.1372549019608",2026-03-01,"Mesa, Arizona","Mar 2026","2026-05-18 10:10:31 EDT",515848,1,"Individual Agencies"
"Motor Vehicle Thefts",158,243,"-34.9794238683128",2026-03-01,"Mesa, Arizona","Mar 2026","2026-05-18 10:10:31 EDT",515848,1,"Individual Agencies"
"Murders",3,3,"0",2026-03-01,"Mesa, Arizona","Mar 2026","2026-05-18 10:10:31 EDT",515848,1,"Individual Agencies"
"Property Crimes",1453,1813,"-19.8565912851627",2026-03-01,"Mesa, Arizona","Mar 2026","2026-05-18 10:10:31 EDT",515848,1,"Individual Agencies"
"Rapes",34,30,"13.3333333333333",2026-03-01,"Mesa, Arizona","Mar 2026","2026-05-18 10:10:31 EDT",515848,1,"Individual Agencies"
"Robberies",68,41,"65.8536585365854",2026-03-01,"Mesa, Arizona","Mar 2026","2026-05-18 10:10:31 EDT",515848,1,"Individual Agencies"
"Thefts",1128,1366,"-17.4231332357247",2026-03-01,"Mesa, Arizona","Mar 2026","2026-05-18 10:10:31 EDT",515848,1,"Individual Agencies"
"Violent Crimes",574,508,"12.992125984252",2026-03-01,"Mesa, Arizona","Mar 2026","2026-05-18 10:10:31 EDT",515848,1,"Individual Agencies"
"Aggravated Assaults",93,113,"-17.6991150442478",2026-03-01,"Mesquite, Texas","Mar 2026","2026-05-18 10:10:31 EDT",147926,1,"Individual Agencies"
"Burglaries",136,110,"23.6363636363636",2026-03-01,"Mesquite, Texas","Mar 2026","2026-05-18 10:10:31 EDT",147926,1,"Individual Agencies"
"Motor Vehicle Thefts",141,163,"-13.4969325153374",2026-03-01,"Mesquite, Texas","Mar 2026","2026-05-18 10:10:31 EDT",147926,1,"Individual Agencies"
"Murders",1,3,"-66.6666666666667",2026-03-01,"Mesquite, Texas","Mar 2026","2026-05-18 10:10:31 EDT",147926,1,"Individual Agencies"
"Property Crimes",790,868,"-8.98617511520737",2026-03-01,"Mesquite, Texas","Mar 2026","2026-05-18 10:10:31 EDT",147926,1,"Individual Agencies"
"Rapes",14,13,"7.69230769230769",2026-03-01,"Mesquite, Texas","Mar 2026","2026-05-18 10:10:31 EDT",147926,1,"Individual Agencies"
"Robberies",12,33,"-63.6363636363636",2026-03-01,"Mesquite, Texas","Mar 2026","2026-05-18 10:10:31 EDT",147926,1,"Individual Agencies"
"Thefts",513,595,"-13.781512605042",2026-03-01,"Mesquite, Texas","Mar 2026","2026-05-18 10:10:31 EDT",147926,1,"Individual Agencies"
"Violent Crimes",120,162,"-25.9259259259259",2026-03-01,"Mesquite, Texas","Mar 2026","2026-05-18 10:10:31 EDT",147926,1,"Individual Agencies"
"Aggravated Assaults",22,20,"10",2026-03-01,"Methuen, Massachusetts","Mar 2026","2026-05-18 10:10:31 EDT",53558,1,"Individual Agencies"
"Burglaries",5,3,"66.6666666666667",2026-03-01,"Methuen, Massachusetts","Mar 2026","2026-05-18 10:10:31 EDT",53558,1,"Individual Agencies"
"Motor Vehicle Thefts",3,2,"50",2026-03-01,"Methuen, Massachusetts","Mar 2026","2026-05-18 10:10:31 EDT",53558,1,"Individual Agencies"
"Murders",0,0,"0",2026-03-01,"Methuen, Massachusetts","Mar 2026","2026-05-18 10:10:31 EDT",53558,1,"Individual Agencies"
"Property Crimes",93,77,"20.7792207792208",2026-03-01,"Methuen, Massachusetts","Mar 2026","2026-05-18 10:10:31 EDT",53558,1,"Individual Agencies"
"Rapes",2,0,"Undefined",2026-03-01,"Methuen, Massachusetts","Mar 2026","2026-05-18 10:10:31 EDT",53558,1,"Individual Agencies"
"Robberies",1,1,"0",2026-03-01,"Methuen, Massachusetts","Mar 2026","2026-05-18 10:10:31 EDT",53558,1,"Individual Agencies"
"Thefts",85,72,"18.0555555555556",2026-03-01,"Methuen, Massachusetts","Mar 2026","2026-05-18 10:10:31 EDT",53558,1,"Individual Agencies"
"Violent Crimes",25,21,"19.047619047619",2026-03-01,"Methuen, Massachusetts","Mar 2026","2026-05-18 10:10:31 EDT",53558,1,"Individual Agencies"
"Aggravated Assaults",57,67,"-14.9253731343284",2026-03-01,"Miami Beach, Florida","Mar 2026","2026-05-18 10:10:31 EDT",78824,1,"Individual Agencies"
"Burglaries",80,122,"-34.4262295081967",2026-03-01,"Miami Beach, Florida","Mar 2026","2026-05-18 10:10:31 EDT",78824,1,"Individual Agencies"
"Motor Vehicle Thefts",34,69,"-50.7246376811594",2026-03-01,"Miami Beach, Florida","Mar 2026","2026-05-18 10:10:31 EDT",78824,1,"Individual Agencies"
"Murders",1,0,"Undefined",2026-03-01,"Miami Beach, Florida","Mar 2026","2026-05-18 10:10:31 EDT",78824,1,"Individual Agencies"
"Property Crimes",1044,1102,"-5.26315789473684",2026-03-01,"Miami Beach, Florida","Mar 2026","2026-05-18 10:10:31 EDT",78824,1,"Individual Agencies"
"Rapes",24,19,"26.3157894736842",2026-03-01,"Miami Beach, Florida","Mar 2026","2026-05-18 10:10:31 EDT",78824,1,"Individual Agencies"
"Robberies",7,32,"-78.125",2026-03-01,"Miami Beach, Florida","Mar 2026","2026-05-18 10:10:31 EDT",78824,1,"Individual Agencies"
"Thefts",930,911,"2.08562019758507",2026-03-01,"Miami Beach, Florida","Mar 2026","2026-05-18 10:10:31 EDT",78824,1,"Individual Agencies"
"Violent Crimes",89,118,"-24.5762711864407",2026-03-01,"Miami Beach, Florida","Mar 2026","2026-05-18 10:10:31 EDT",78824,1,"Individual Agencies"
"Aggravated Assaults",10,12,"-16.6666666666667",2026-03-01,"Middletown, Ohio","Mar 2026","2026-05-18 10:10:31 EDT",51328,1,"Individual Agencies"
"Burglaries",16,26,"-38.4615384615385",2026-03-01,"Middletown, Ohio","Mar 2026","2026-05-18 10:10:31 EDT",51328,1,"Individual Agencies"
"Motor Vehicle Thefts",28,21,"33.3333333333333",2026-03-01,"Middletown, Ohio","Mar 2026","2026-05-18 10:10:31 EDT",51328,1,"Individual Agencies"
"Murders",0,0,"0",2026-03-01,"Middletown, Ohio","Mar 2026","2026-05-18 10:10:31 EDT",51328,1,"Individual Agencies"
"Rapes",1,2,"-50",2026-03-01,"Middletown, Ohio","Mar 2026","2026-05-18 10:10:31 EDT",51328,1,"Individual Agencies"
"Robberies",1,0,"Undefined",2026-03-01,"Middletown, Ohio","Mar 2026","2026-05-18 10:10:31 EDT",51328,1,"Individual Agencies"
"Thefts",133,162,"-17.9012345679012",2026-03-01,"Middletown, Ohio","Mar 2026","2026-05-18 10:10:31 EDT",51328,1,"Individual Agencies"
"Aggravated Assaults",104,52,"100",2026-03-01,"Midland, Texas","Mar 2026","2026-05-18 10:10:31 EDT",135253,1,"Individual Agencies"
"Burglaries",72,18,"300",2026-03-01,"Midland, Texas","Mar 2026","2026-05-18 10:10:31 EDT",135253,1,"Individual Agencies"
"Motor Vehicle Thefts",67,29,"131.034482758621",2026-03-01,"Midland, Texas","Mar 2026","2026-05-18 10:10:31 EDT",135253,1,"Individual Agencies"
"Murders",3,0,"Undefined",2026-03-01,"Midland, Texas","Mar 2026","2026-05-18 10:10:31 EDT",135253,1,"Individual Agencies"
"Property Crimes",470,156,"201.282051282051",2026-03-01,"Midland, Texas","Mar 2026","2026-05-18 10:10:31 EDT",135253,1,"Individual Agencies"
"Rapes",15,16,"-6.25",2026-03-01,"Midland, Texas","Mar 2026","2026-05-18 10:10:31 EDT",135253,1,"Individual Agencies"
"Robberies",6,6,"0",2026-03-01,"Midland, Texas","Mar 2026","2026-05-18 10:10:31 EDT",135253,1,"Individual Agencies"
"Thefts",331,109,"203.669724770642",2026-03-01,"Midland, Texas","Mar 2026","2026-05-18 10:10:31 EDT",135253,1,"Individual Agencies"
"Violent Crimes",128,74,"72.972972972973",2026-03-01,"Midland, Texas","Mar 2026","2026-05-18 10:10:31 EDT",135253,1,"Individual Agencies"
"Aggravated Assaults",21,37,"-43.2432432432432",2026-03-01,"Midwest City, Oklahoma","Mar 2026","2026-05-18 10:10:31 EDT",57696,1,"Individual Agencies"
"Burglaries",20,23,"-13.0434782608696",2026-03-01,"Midwest City, Oklahoma","Mar 2026","2026-05-18 10:10:31 EDT",57696,1,"Individual Agencies"
"Motor Vehicle Thefts",35,28,"25",2026-03-01,"Midwest City, Oklahoma","Mar 2026","2026-05-18 10:10:31 EDT",57696,1,"Individual Agencies"
"Murders",0,1,"-100",2026-03-01,"Midwest City, Oklahoma","Mar 2026","2026-05-18 10:10:31 EDT",57696,1,"Individual Agencies"
"Property Crimes",331,286,"15.7342657342657",2026-03-01,"Midwest City, Oklahoma","Mar 2026","2026-05-18 10:10:31 EDT",57696,1,"Individual Agencies"
"Rapes",5,7,"-28.5714285714286",2026-03-01,"Midwest City, Oklahoma","Mar 2026","2026-05-18 10:10:31 EDT",57696,1,"Individual Agencies"
"Robberies",4,8,"-50",2026-03-01,"Midwest City, Oklahoma","Mar 2026","2026-05-18 10:10:31 EDT",57696,1,"Individual Agencies"
"Thefts",276,235,"17.4468085106383",2026-03-01,"Midwest City, Oklahoma","Mar 2026","2026-05-18 10:10:31 EDT",57696,1,"Individual Agencies"
"Violent Crimes",30,53,"-43.3962264150943",2026-03-01,"Midwest City, Oklahoma","Mar 2026","2026-05-18 10:10:31 EDT",57696,1,"Individual Agencies"
"Aggravated Assaults",15250,15312,"-0.40491118077325",2026-03-01,"Midwest, Nationwide","Mar 2026","2026-05-18 10:10:31 EDT",17576640,126,"National Samples"
"Burglaries",9809,11302,"-13.2100513183507",2026-03-01,"Midwest, Nationwide","Mar 2026","2026-05-18 10:10:31 EDT",17576640,126,"National Samples"
"Motor Vehicle Thefts",16394,17227,"-4.83543275091426",2026-03-01,"Midwest, Nationwide","Mar 2026","2026-05-18 10:10:31 EDT",17576640,126,"National Samples"
"Murders",329,348,"-5.45977011494253",2026-03-01,"Midwest, Nationwide","Mar 2026","2026-05-18 10:10:31 EDT",17576640,126,"National Samples"
"Property Crimes",86846,93763,"-7.37711037402813",2026-03-01,"Midwest, Nationwide","Mar 2026","2026-05-18 10:10:31 EDT",17576640,126,"National Samples"
"Rapes",2354,2515,"-6.40159045725646",2026-03-01,"Midwest, Nationwide","Mar 2026","2026-05-18 10:10:31 EDT",17576640,126,"National Samples"
"Robberies",3026,3736,"-19.0042826552463",2026-03-01,"Midwest, Nationwide","Mar 2026","2026-05-18 10:10:31 EDT",17576640,126,"National Samples"
"Thefts",60643,65234,"-7.03774105527792",2026-03-01,"Midwest, Nationwide","Mar 2026","2026-05-18 10:10:31 EDT",17576640,126,"National Samples"
"Violent Crimes",20959,21911,"-4.34484961891287",2026-03-01,"Midwest, Nationwide","Mar 2026","2026-05-18 10:10:31 EDT",17576640,126,"National Samples"
"Aggravated Assaults",1,0,"Undefined",2026-02-01,"Milford, Connecticut","Feb 2026","2026-05-18 10:10:31 EDT",53011,1,"Individual Agencies"
"Burglaries",1,4,"-75",2026-02-01,"Milford, Connecticut","Feb 2026","2026-05-18 10:10:31 EDT",53011,1,"Individual Agencies"
"Motor Vehicle Thefts",13,13,"0",2026-02-01,"Milford, Connecticut","Feb 2026","2026-05-18 10:10:31 EDT",53011,1,"Individual Agencies"
"Murders",0,0,"0",2026-02-01,"Milford, Connecticut","Feb 2026","2026-05-18 10:10:31 EDT",53011,1,"Individual Agencies"
"Rapes",4,3,"33.3333333333333",2026-02-01,"Milford, Connecticut","Feb 2026","2026-05-18 10:10:31 EDT",53011,1,"Individual Agencies"
"Robberies",2,2,"0",2026-02-01,"Milford, Connecticut","Feb 2026","2026-05-18 10:10:31 EDT",53011,1,"Individual Agencies"
"Thefts",109,137,"-20.4379562043796",2026-02-01,"Milford, Connecticut","Feb 2026","2026-05-18 10:10:31 EDT",53011,1,"Individual Agencies"
"Aggravated Assaults",9,28,"-67.8571428571429",2026-03-01,"Millcreek, Pennsylvania","Mar 2026","2026-05-18 10:10:31 EDT",53119,1,"Individual Agencies"
"Burglaries",6,9,"-33.3333333333333",2026-03-01,"Millcreek, Pennsylvania","Mar 2026","2026-05-18 10:10:31 EDT",53119,1,"Individual Agencies"
"Motor Vehicle Thefts",1,2,"-50",2026-03-01,"Millcreek, Pennsylvania","Mar 2026","2026-05-18 10:10:31 EDT",53119,1,"Individual Agencies"
"Murders",0,0,"0",2026-03-01,"Millcreek, Pennsylvania","Mar 2026","2026-05-18 10:10:31 EDT",53119,1,"Individual Agencies"
"Property Crimes",70,72,"-2.77777777777778",2026-03-01,"Millcreek, Pennsylvania","Mar 2026","2026-05-18 10:10:31 EDT",53119,1,"Individual Agencies"
"Rapes",5,0,"Undefined",2026-03-01,"Millcreek, Pennsylvania","Mar 2026","2026-05-18 10:10:31 EDT",53119,1,"Individual Agencies"
"Robberies",2,1,"100",2026-03-01,"Millcreek, Pennsylvania","Mar 2026","2026-05-18 10:10:31 EDT",53119,1,"Individual Agencies"
"Thefts",63,61,"3.27868852459016",2026-03-01,"Millcreek, Pennsylvania","Mar 2026","2026-05-18 10:10:31 EDT",53119,1,"Individual Agencies"
"Violent Crimes",16,29,"-44.8275862068966",2026-03-01,"Millcreek, Pennsylvania","Mar 2026","2026-05-18 10:10:31 EDT",53119,1,"Individual Agencies"
"Aggravated Assaults",19,14,"35.7142857142857",2026-03-01,"Milpitas, California","Mar 2026","2026-05-18 10:10:31 EDT",76573,1,"Individual Agencies"
"Burglaries",37,26,"42.3076923076923",2026-03-01,"Milpitas, California","Mar 2026","2026-05-18 10:10:31 EDT",76573,1,"Individual Agencies"
"Motor Vehicle Thefts",34,45,"-24.4444444444444",2026-03-01,"Milpitas, California","Mar 2026","2026-05-18 10:10:31 EDT",76573,1,"Individual Agencies"
"Murders",0,0,"0",2026-03-01,"Milpitas, California","Mar 2026","2026-05-18 10:10:31 EDT",76573,1,"Individual Agencies"
"Property Crimes",424,385,"10.1298701298701",2026-03-01,"Milpitas, California","Mar 2026","2026-05-18 10:10:31 EDT",76573,1,"Individual Agencies"
"Robberies",10,10,"0",2026-03-01,"Milpitas, California","Mar 2026","2026-05-18 10:10:31 EDT",76573,1,"Individual Agencies"
"Thefts",353,314,"12.4203821656051",2026-03-01,"Milpitas, California","Mar 2026","2026-05-18 10:10:31 EDT",76573,1,"Individual Agencies"
"Violent Crimes",29,24,"20.8333333333333",2026-03-01,"Milpitas, California","Mar 2026","2026-05-18 10:10:31 EDT",76573,1,"Individual Agencies"
"Aggravated Assaults",631,666,"-5.25525525525526",2026-02-01,"Milwaukee, Wisconsin","Feb 2026","2026-05-18 10:10:31 EDT",558698,1,"Individual Agencies"
"Burglaries",220,242,"-9.09090909090909",2026-02-01,"Milwaukee, Wisconsin","Feb 2026","2026-05-18 10:10:31 EDT",558698,1,"Individual Agencies"
"Motor Vehicle Thefts",624,766,"-18.5378590078329",2026-02-01,"Milwaukee, Wisconsin","Feb 2026","2026-05-18 10:10:31 EDT",558698,1,"Individual Agencies"
"Murders",13,15,"-13.3333333333333",2026-02-01,"Milwaukee, Wisconsin","Feb 2026","2026-05-18 10:10:31 EDT",558698,1,"Individual Agencies"
"Rapes",31,40,"-22.5",2026-02-01,"Milwaukee, Wisconsin","Feb 2026","2026-05-18 10:10:31 EDT",558698,1,"Individual Agencies"
"Robberies",155,197,"-21.3197969543147",2026-02-01,"Milwaukee, Wisconsin","Feb 2026","2026-05-18 10:10:31 EDT",558698,1,"Individual Agencies"
"Thefts",835,905,"-7.73480662983425",2026-02-01,"Milwaukee, Wisconsin","Feb 2026","2026-05-18 10:10:31 EDT",558698,1,"Individual Agencies"
"Aggravated Assaults",678,583,"16.295025728988",2026-03-01,"Minneapolis, Minnesota","Mar 2026","2026-05-18 10:10:31 EDT",422341,1,"Individual Agencies"
"Burglaries",419,465,"-9.89247311827957",2026-03-01,"Minneapolis, Minnesota","Mar 2026","2026-05-18 10:10:31 EDT",422341,1,"Individual Agencies"
"Motor Vehicle Thefts",1560,1195,"30.5439330543933",2026-03-01,"Minneapolis, Minnesota","Mar 2026","2026-05-18 10:10:31 EDT",422341,1,"Individual Agencies"
"Murders",8,7,"14.2857142857143",2026-03-01,"Minneapolis, Minnesota","Mar 2026","2026-05-18 10:10:31 EDT",422341,1,"Individual Agencies"
"Property Crimes",4587,4152,"10.4768786127168",2026-03-01,"Minneapolis, Minnesota","Mar 2026","2026-05-18 10:10:31 EDT",422341,1,"Individual Agencies"
"Rapes",97,90,"7.77777777777778",2026-03-01,"Minneapolis, Minnesota","Mar 2026","2026-05-18 10:10:31 EDT",422341,1,"Individual Agencies"
"Robberies",184,227,"-18.942731277533",2026-03-01,"Minneapolis, Minnesota","Mar 2026","2026-05-18 10:10:31 EDT",422341,1,"Individual Agencies"
"Thefts",2608,2492,"4.65489566613162",2026-03-01,"Minneapolis, Minnesota","Mar 2026","2026-05-18 10:10:31 EDT",422341,1,"Individual Agencies"
"Violent Crimes",967,907,"6.61521499448732",2026-03-01,"Minneapolis, Minnesota","Mar 2026","2026-05-18 10:10:31 EDT",422341,1,"Individual Agencies"
"Aggravated Assaults",7,13,"-46.1538461538462",2026-03-01,"Minnetonka, Minnesota","Mar 2026","2026-05-18 10:10:31 EDT",51791,1,"Individual Agencies"
"Burglaries",4,23,"-82.6086956521739",2026-03-01,"Minnetonka, Minnesota","Mar 2026","2026-05-18 10:10:31 EDT",51791,1,"Individual Agencies"
"Motor Vehicle Thefts",11,8,"37.5",2026-03-01,"Minnetonka, Minnesota","Mar 2026","2026-05-18 10:10:31 EDT",51791,1,"Individual Agencies"
"Murders",0,0,"0",2026-03-01,"Minnetonka, Minnesota","Mar 2026","2026-05-18 10:10:31 EDT",51791,1,"Individual Agencies"
"Property Crimes",155,197,"-21.3197969543147",2026-03-01,"Minnetonka, Minnesota","Mar 2026","2026-05-18 10:10:31 EDT",51791,1,"Individual Agencies"
"Rapes",5,0,"Undefined",2026-03-01,"Minnetonka, Minnesota","Mar 2026","2026-05-18 10:10:31 EDT",51791,1,"Individual Agencies"
"Robberies",0,0,"0",2026-03-01,"Minnetonka, Minnesota","Mar 2026","2026-05-18 10:10:31 EDT",51791,1,"Individual Agencies"
"Thefts",140,166,"-15.6626506024096",2026-03-01,"Minnetonka, Minnesota","Mar 2026","2026-05-18 10:10:31 EDT",51791,1,"Individual Agencies"
"Violent Crimes",12,13,"-7.69230769230769",2026-03-01,"Minnetonka, Minnesota","Mar 2026","2026-05-18 10:10:31 EDT",51791,1,"Individual Agencies"
"Aggravated Assaults",17,16,"6.25",2026-03-01,"Mission Viejo, California","Mar 2026","2026-05-18 10:10:31 EDT",90944,1,"Individual Agencies"
"Burglaries",19,14,"35.7142857142857",2026-03-01,"Mission Viejo, California","Mar 2026","2026-05-18 10:10:31 EDT",90944,1,"Individual Agencies"
"Motor Vehicle Thefts",17,22,"-22.7272727272727",2026-03-01,"Mission Viejo, California","Mar 2026","2026-05-18 10:10:31 EDT",90944,1,"Individual Agencies"
"Murders",0,0,"0",2026-03-01,"Mission Viejo, California","Mar 2026","2026-05-18 10:10:31 EDT",90944,1,"Individual Agencies"
"Property Crimes",168,214,"-21.4953271028037",2026-03-01,"Mission Viejo, California","Mar 2026","2026-05-18 10:10:31 EDT",90944,1,"Individual Agencies"
"Rapes",5,5,"0",2026-03-01,"Mission Viejo, California","Mar 2026","2026-05-18 10:10:31 EDT",90944,1,"Individual Agencies"
"Robberies",8,10,"-20",2026-03-01,"Mission Viejo, California","Mar 2026","2026-05-18 10:10:31 EDT",90944,1,"Individual Agencies"
"Thefts",132,178,"-25.8426966292135",2026-03-01,"Mission Viejo, California","Mar 2026","2026-05-18 10:10:31 EDT",90944,1,"Individual Agencies"
"Violent Crimes",30,31,"-3.2258064516129",2026-03-01,"Mission Viejo, California","Mar 2026","2026-05-18 10:10:31 EDT",90944,1,"Individual Agencies"
"Aggravated Assaults",15,21,"-28.5714285714286",2026-03-01,"Mission, Texas","Mar 2026","2026-05-18 10:10:31 EDT",87031,1,"Individual Agencies"
"Burglaries",9,18,"-50",2026-03-01,"Mission, Texas","Mar 2026","2026-05-18 10:10:31 EDT",87031,1,"Individual Agencies"
"Motor Vehicle Thefts",9,8,"12.5",2026-03-01,"Mission, Texas","Mar 2026","2026-05-18 10:10:31 EDT",87031,1,"Individual Agencies"
"Murders",0,0,"0",2026-03-01,"Mission, Texas","Mar 2026","2026-05-18 10:10:31 EDT",87031,1,"Individual Agencies"
"Rapes",10,2,"400",2026-03-01,"Mission, Texas","Mar 2026","2026-05-18 10:10:31 EDT",87031,1,"Individual Agencies"
"Robberies",0,7,"-100",2026-03-01,"Mission, Texas","Mar 2026","2026-05-18 10:10:31 EDT",87031,1,"Individual Agencies"
"Thefts",211,247,"-14.5748987854251",2026-03-01,"Mission, Texas","Mar 2026","2026-05-18 10:10:31 EDT",87031,1,"Individual Agencies"
"Aggravated Assaults",67,80,"-16.25",2026-03-01,"Missoula, Montana","Mar 2026","2026-05-18 10:10:31 EDT",78269,1,"Individual Agencies"
"Burglaries",44,37,"18.9189189189189",2026-03-01,"Missoula, Montana","Mar 2026","2026-05-18 10:10:31 EDT",78269,1,"Individual Agencies"
"Motor Vehicle Thefts",24,29,"-17.2413793103448",2026-03-01,"Missoula, Montana","Mar 2026","2026-05-18 10:10:31 EDT",78269,1,"Individual Agencies"
"Murders",1,0,"Undefined",2026-03-01,"Missoula, Montana","Mar 2026","2026-05-18 10:10:31 EDT",78269,1,"Individual Agencies"
"Property Crimes",390,547,"-28.7020109689214",2026-03-01,"Missoula, Montana","Mar 2026","2026-05-18 10:10:31 EDT",78269,1,"Individual Agencies"
"Rapes",16,23,"-30.4347826086957",2026-03-01,"Missoula, Montana","Mar 2026","2026-05-18 10:10:31 EDT",78269,1,"Individual Agencies"
"Robberies",6,4,"50",2026-03-01,"Missoula, Montana","Mar 2026","2026-05-18 10:10:31 EDT",78269,1,"Individual Agencies"
"Thefts",322,481,"-33.0561330561331",2026-03-01,"Missoula, Montana","Mar 2026","2026-05-18 10:10:31 EDT",78269,1,"Individual Agencies"
"Violent Crimes",90,107,"-15.8878504672897",2026-03-01,"Missoula, Montana","Mar 2026","2026-05-18 10:10:31 EDT",78269,1,"Individual Agencies"
"Aggravated Assaults",10,16,"-37.5",2026-03-01,"Missouri City, Texas","Mar 2026","2026-05-18 10:10:31 EDT",77560,1,"Individual Agencies"
"Burglaries",10,22,"-54.5454545454545",2026-03-01,"Missouri City, Texas","Mar 2026","2026-05-18 10:10:31 EDT",77560,1,"Individual Agencies"
"Motor Vehicle Thefts",11,26,"-57.6923076923077",2026-03-01,"Missouri City, Texas","Mar 2026","2026-05-18 10:10:31 EDT",77560,1,"Individual Agencies"
"Murders",0,1,"-100",2026-03-01,"Missouri City, Texas","Mar 2026","2026-05-18 10:10:31 EDT",77560,1,"Individual Agencies"
"Property Crimes",178,205,"-13.1707317073171",2026-03-01,"Missouri City, Texas","Mar 2026","2026-05-18 10:10:31 EDT",77560,1,"Individual Agencies"
"Rapes",4,3,"33.3333333333333",2026-03-01,"Missouri City, Texas","Mar 2026","2026-05-18 10:10:31 EDT",77560,1,"Individual Agencies"
"Robberies",6,9,"-33.3333333333333",2026-03-01,"Missouri City, Texas","Mar 2026","2026-05-18 10:10:31 EDT",77560,1,"Individual Agencies"
"Thefts",157,157,"0",2026-03-01,"Missouri City, Texas","Mar 2026","2026-05-18 10:10:31 EDT",77560,1,"Individual Agencies"
"Violent Crimes",20,29,"-31.0344827586207",2026-03-01,"Missouri City, Texas","Mar 2026","2026-05-18 10:10:31 EDT",77560,1,"Individual Agencies"
"Murders",12,18,"-33.3333333333333",2026-03-01,"Mobile, Alabama","Mar 2026","2026-05-18 10:10:31 EDT",237469,1,"Individual Agencies"
"Property Crimes",0,0,"0",2026-03-01,"Mobile, Alabama","Mar 2026","2026-05-18 10:10:31 EDT",237469,1,"Individual Agencies"
"Violent Crimes",12,18,"-33.3333333333333",2026-03-01,"Mobile, Alabama","Mar 2026","2026-05-18 10:10:31 EDT",237469,1,"Individual Agencies"
"Aggravated Assaults",47,75,"-37.3333333333333",2026-03-01,"Monterey County, California","Mar 2026","2026-05-18 10:10:31 EDT",103695,1,"Individual Agencies"
"Burglaries",18,41,"-56.0975609756098",2026-03-01,"Monterey County, California","Mar 2026","2026-05-18 10:10:31 EDT",103695,1,"Individual Agencies"
"Motor Vehicle Thefts",4,13,"-69.2307692307692",2026-03-01,"Monterey County, California","Mar 2026","2026-05-18 10:10:31 EDT",103695,1,"Individual Agencies"
"Murders",2,2,"0",2026-03-01,"Monterey County, California","Mar 2026","2026-05-18 10:10:31 EDT",103695,1,"Individual Agencies"
"Property Crimes",109,159,"-31.4465408805031",2026-03-01,"Monterey County, California","Mar 2026","2026-05-18 10:10:31 EDT",103695,1,"Individual Agencies"
"Rapes",6,5,"20",2026-03-01,"Monterey County, California","Mar 2026","2026-05-18 10:10:31 EDT",103695,1,"Individual Agencies"
"Robberies",9,6,"50",2026-03-01,"Monterey County, California","Mar 2026","2026-05-18 10:10:31 EDT",103695,1,"Individual Agencies"
"Thefts",87,105,"-17.1428571428571",2026-03-01,"Monterey County, California","Mar 2026","2026-05-18 10:10:31 EDT",103695,1,"Individual Agencies"
"Violent Crimes",64,88,"-27.2727272727273",2026-03-01,"Monterey County, California","Mar 2026","2026-05-18 10:10:31 EDT",103695,1,"Individual Agencies"
"Aggravated Assaults",22,26,"-15.3846153846154",2026-03-01,"Monterey Park, California","Mar 2026","2026-05-18 10:10:31 EDT",57419,1,"Individual Agencies"
"Burglaries",46,61,"-24.5901639344262",2026-03-01,"Monterey Park, California","Mar 2026","2026-05-18 10:10:31 EDT",57419,1,"Individual Agencies"
"Motor Vehicle Thefts",50,60,"-16.6666666666667",2026-03-01,"Monterey Park, California","Mar 2026","2026-05-18 10:10:31 EDT",57419,1,"Individual Agencies"
"Murders",0,0,"0",2026-03-01,"Monterey Park, California","Mar 2026","2026-05-18 10:10:31 EDT",57419,1,"Individual Agencies"
"Property Crimes",263,292,"-9.93150684931507",2026-03-01,"Monterey Park, California","Mar 2026","2026-05-18 10:10:31 EDT",57419,1,"Individual Agencies"
"Rapes",0,2,"-100",2026-03-01,"Monterey Park, California","Mar 2026","2026-05-18 10:10:31 EDT",57419,1,"Individual Agencies"
"Robberies",13,25,"-48",2026-03-01,"Monterey Park, California","Mar 2026","2026-05-18 10:10:31 EDT",57419,1,"Individual Agencies"
"Thefts",167,171,"-2.33918128654971",2026-03-01,"Monterey Park, California","Mar 2026","2026-05-18 10:10:31 EDT",57419,1,"Individual Agencies"
"Violent Crimes",35,53,"-33.9622641509434",2026-03-01,"Monterey Park, California","Mar 2026","2026-05-18 10:10:31 EDT",57419,1,"Individual Agencies"
"Aggravated Assaults",211,216,"-2.31481481481481",2026-03-01,"Montgomery County, Maryland","Mar 2026","2026-05-18 10:10:31 EDT",896963,1,"Individual Agencies"
"Burglaries",246,329,"-25.2279635258359",2026-03-01,"Montgomery County, Maryland","Mar 2026","2026-05-18 10:10:31 EDT",896963,1,"Individual Agencies"
"Motor Vehicle Thefts",712,509,"39.8821218074656",2026-03-01,"Montgomery County, Maryland","Mar 2026","2026-05-18 10:10:31 EDT",896963,1,"Individual Agencies"
"Murders",4,6,"-33.3333333333333",2026-03-01,"Montgomery County, Maryland","Mar 2026","2026-05-18 10:10:31 EDT",896963,1,"Individual Agencies"
"Property Crimes",3628,4227,"-14.170806718713",2026-03-01,"Montgomery County, Maryland","Mar 2026","2026-05-18 10:10:31 EDT",896963,1,"Individual Agencies"
"Rapes",79,127,"-37.7952755905512",2026-03-01,"Montgomery County, Maryland","Mar 2026","2026-05-18 10:10:31 EDT",896963,1,"Individual Agencies"
"Robberies",93,159,"-41.5094339622642",2026-03-01,"Montgomery County, Maryland","Mar 2026","2026-05-18 10:10:31 EDT",896963,1,"Individual Agencies"
"Thefts",2670,3389,"-21.2156978459723",2026-03-01,"Montgomery County, Maryland","Mar 2026","2026-05-18 10:10:31 EDT",896963,1,"Individual Agencies"
"Violent Crimes",387,508,"-23.8188976377953",2026-03-01,"Montgomery County, Maryland","Mar 2026","2026-05-18 10:10:31 EDT",896963,1,"Individual Agencies"
"Aggravated Assaults",26,24,"8.33333333333333",2026-03-01,"Moore, Oklahoma","Mar 2026","2026-05-18 10:10:31 EDT",63311,1,"Individual Agencies"
"Burglaries",27,36,"-25",2026-03-01,"Moore, Oklahoma","Mar 2026","2026-05-18 10:10:31 EDT",63311,1,"Individual Agencies"
"Motor Vehicle Thefts",13,19,"-31.5789473684211",2026-03-01,"Moore, Oklahoma","Mar 2026","2026-05-18 10:10:31 EDT",63311,1,"Individual Agencies"
"Murders",0,0,"0",2026-03-01,"Moore, Oklahoma","Mar 2026","2026-05-18 10:10:31 EDT",63311,1,"Individual Agencies"
"Property Crimes",182,219,"-16.8949771689498",2026-03-01,"Moore, Oklahoma","Mar 2026","2026-05-18 10:10:31 EDT",63311,1,"Individual Agencies"
"Rapes",1,4,"-75",2026-03-01,"Moore, Oklahoma","Mar 2026","2026-05-18 10:10:31 EDT",63311,1,"Individual Agencies"
"Robberies",1,2,"-50",2026-03-01,"Moore, Oklahoma","Mar 2026","2026-05-18 10:10:31 EDT",63311,1,"Individual Agencies"
"Thefts",142,164,"-13.4146341463415",2026-03-01,"Moore, Oklahoma","Mar 2026","2026-05-18 10:10:31 EDT",63311,1,"Individual Agencies"
"Violent Crimes",28,30,"-6.66666666666667",2026-03-01,"Moore, Oklahoma","Mar 2026","2026-05-18 10:10:31 EDT",63311,1,"Individual Agencies"
"Aggravated Assaults",14,20,"-30",2026-03-01,"Mooresville, North Carolina","Mar 2026","2026-05-18 10:10:31 EDT",53767,1,"Individual Agencies"
"Burglaries",10,18,"-44.4444444444444",2026-03-01,"Mooresville, North Carolina","Mar 2026","2026-05-18 10:10:31 EDT",53767,1,"Individual Agencies"
"Motor Vehicle Thefts",4,12,"-66.6666666666667",2026-03-01,"Mooresville, North Carolina","Mar 2026","2026-05-18 10:10:31 EDT",53767,1,"Individual Agencies"
"Murders",0,0,"0",2026-03-01,"Mooresville, North Carolina","Mar 2026","2026-05-18 10:10:31 EDT",53767,1,"Individual Agencies"
"Property Crimes",210,278,"-24.4604316546763",2026-03-01,"Mooresville, North Carolina","Mar 2026","2026-05-18 10:10:31 EDT",53767,1,"Individual Agencies"
"Rapes",4,6,"-33.3333333333333",2026-03-01,"Mooresville, North Carolina","Mar 2026","2026-05-18 10:10:31 EDT",53767,1,"Individual Agencies"
"Robberies",4,4,"0",2026-03-01,"Mooresville, North Carolina","Mar 2026","2026-05-18 10:10:31 EDT",53767,1,"Individual Agencies"
"Thefts",196,248,"-20.9677419354839",2026-03-01,"Mooresville, North Carolina","Mar 2026","2026-05-18 10:10:31 EDT",53767,1,"Individual Agencies"
"Violent Crimes",22,30,"-26.6666666666667",2026-03-01,"Mooresville, North Carolina","Mar 2026","2026-05-18 10:10:31 EDT",53767,1,"Individual Agencies"
"Aggravated Assaults",31,31,"0",2026-03-01,"Mount Pleasant, South Carolina","Mar 2026","2026-05-18 10:10:31 EDT",96320,1,"Individual Agencies"
"Burglaries",14,24,"-41.6666666666667",2026-03-01,"Mount Pleasant, South Carolina","Mar 2026","2026-05-18 10:10:31 EDT",96320,1,"Individual Agencies"
"Motor Vehicle Thefts",8,10,"-20",2026-03-01,"Mount Pleasant, South Carolina","Mar 2026","2026-05-18 10:10:31 EDT",96320,1,"Individual Agencies"
"Murders",0,0,"0",2026-03-01,"Mount Pleasant, South Carolina","Mar 2026","2026-05-18 10:10:31 EDT",96320,1,"Individual Agencies"
"Property Crimes",180,228,"-21.0526315789474",2026-03-01,"Mount Pleasant, South Carolina","Mar 2026","2026-05-18 10:10:31 EDT",96320,1,"Individual Agencies"
"Rapes",2,4,"-50",2026-03-01,"Mount Pleasant, South Carolina","Mar 2026","2026-05-18 10:10:31 EDT",96320,1,"Individual Agencies"
"Robberies",0,0,"0",2026-03-01,"Mount Pleasant, South Carolina","Mar 2026","2026-05-18 10:10:31 EDT",96320,1,"Individual Agencies"
"Thefts",158,194,"-18.5567010309278",2026-03-01,"Mount Pleasant, South Carolina","Mar 2026","2026-05-18 10:10:31 EDT",96320,1,"Individual Agencies"
"Violent Crimes",33,35,"-5.71428571428571",2026-03-01,"Mount Pleasant, South Carolina","Mar 2026","2026-05-18 10:10:31 EDT",96320,1,"Individual Agencies"
"Aggravated Assaults",6,4,"50",2026-03-01,"Mount Prospect, Illinois","Mar 2026","2026-05-18 10:10:31 EDT",53932,1,"Individual Agencies"
"Burglaries",6,13,"-53.8461538461538",2026-03-01,"Mount Prospect, Illinois","Mar 2026","2026-05-18 10:10:31 EDT",53932,1,"Individual Agencies"
"Motor Vehicle Thefts",5,10,"-50",2026-03-01,"Mount Prospect, Illinois","Mar 2026","2026-05-18 10:10:31 EDT",53932,1,"Individual Agencies"
"Murders",0,0,"0",2026-03-01,"Mount Prospect, Illinois","Mar 2026","2026-05-18 10:10:31 EDT",53932,1,"Individual Agencies"
"Property Crimes",88,99,"-11.1111111111111",2026-03-01,"Mount Prospect, Illinois","Mar 2026","2026-05-18 10:10:31 EDT",53932,1,"Individual Agencies"
"Rapes",1,1,"0",2026-03-01,"Mount Prospect, Illinois","Mar 2026","2026-05-18 10:10:31 EDT",53932,1,"Individual Agencies"
"Robberies",1,0,"Undefined",2026-03-01,"Mount Prospect, Illinois","Mar 2026","2026-05-18 10:10:31 EDT",53932,1,"Individual Agencies"
"Thefts",77,76,"1.31578947368421",2026-03-01,"Mount Prospect, Illinois","Mar 2026","2026-05-18 10:10:31 EDT",53932,1,"Individual Agencies"
"Violent Crimes",8,5,"60",2026-03-01,"Mount Prospect, Illinois","Mar 2026","2026-05-18 10:10:31 EDT",53932,1,"Individual Agencies"
"Aggravated Assaults",34,39,"-12.8205128205128",2026-02-01,"Mount Vernon, New York","Feb 2026","2026-05-18 10:10:31 EDT",70812,1,"Individual Agencies"
"Burglaries",12,10,"20",2026-02-01,"Mount Vernon, New York","Feb 2026","2026-05-18 10:10:31 EDT",70812,1,"Individual Agencies"
"Motor Vehicle Thefts",13,27,"-51.8518518518518",2026-02-01,"Mount Vernon, New York","Feb 2026","2026-05-18 10:10:31 EDT",70812,1,"Individual Agencies"
"Murders",0,0,"0",2026-02-01,"Mount Vernon, New York","Feb 2026","2026-05-18 10:10:31 EDT",70812,1,"Individual Agencies"
"Rapes",1,1,"0",2026-02-01,"Mount Vernon, New York","Feb 2026","2026-05-18 10:10:31 EDT",70812,1,"Individual Agencies"
"Robberies",14,16,"-12.5",2026-02-01,"Mount Vernon, New York","Feb 2026","2026-05-18 10:10:31 EDT",70812,1,"Individual Agencies"
"Thefts",96,86,"11.6279069767442",2026-02-01,"Mount Vernon, New York","Feb 2026","2026-05-18 10:10:31 EDT",70812,1,"Individual Agencies"
"Aggravated Assaults",17,9,"88.8888888888889",2026-02-01,"Mountain View, California","Feb 2026","2026-05-18 10:10:31 EDT",80382,1,"Individual Agencies"
"Burglaries",50,46,"8.69565217391304",2026-02-01,"Mountain View, California","Feb 2026","2026-05-18 10:10:31 EDT",80382,1,"Individual Agencies"
"Motor Vehicle Thefts",13,21,"-38.0952380952381",2026-02-01,"Mountain View, California","Feb 2026","2026-05-18 10:10:31 EDT",80382,1,"Individual Agencies"
"Murders",0,1,"-100",2026-02-01,"Mountain View, California","Feb 2026","2026-05-18 10:10:31 EDT",80382,1,"Individual Agencies"
"Rapes",4,3,"33.3333333333333",2026-02-01,"Mountain View, California","Feb 2026","2026-05-18 10:10:31 EDT",80382,1,"Individual Agencies"
"Robberies",8,8,"0",2026-02-01,"Mountain View, California","Feb 2026","2026-05-18 10:10:31 EDT",80382,1,"Individual Agencies"
"Thefts",283,190,"48.9473684210526",2026-02-01,"Mountain View, California","Feb 2026","2026-05-18 10:10:31 EDT",80382,1,"Individual Agencies"
"Aggravated Assaults",54,48,"12.5",2026-03-01,"Muncie, Indiana","Mar 2026","2026-05-18 10:10:31 EDT",65065,1,"Individual Agencies"
"Burglaries",35,60,"-41.6666666666667",2026-03-01,"Muncie, Indiana","Mar 2026","2026-05-18 10:10:31 EDT",65065,1,"Individual Agencies"
"Motor Vehicle Thefts",45,33,"36.3636363636364",2026-03-01,"Muncie, Indiana","Mar 2026","2026-05-18 10:10:31 EDT",65065,1,"Individual Agencies"
"Murders",0,0,"0",2026-03-01,"Muncie, Indiana","Mar 2026","2026-05-18 10:10:31 EDT",65065,1,"Individual Agencies"
"Property Crimes",186,217,"-14.2857142857143",2026-03-01,"Muncie, Indiana","Mar 2026","2026-05-18 10:10:31 EDT",65065,1,"Individual Agencies"
"Rapes",15,7,"114.285714285714",2026-03-01,"Muncie, Indiana","Mar 2026","2026-05-18 10:10:31 EDT",65065,1,"Individual Agencies"
"Robberies",6,5,"20",2026-03-01,"Muncie, Indiana","Mar 2026","2026-05-18 10:10:31 EDT",65065,1,"Individual Agencies"
"Thefts",106,124,"-14.5161290322581",2026-03-01,"Muncie, Indiana","Mar 2026","2026-05-18 10:10:31 EDT",65065,1,"Individual Agencies"
"Violent Crimes",75,60,"25",2026-03-01,"Muncie, Indiana","Mar 2026","2026-05-18 10:10:31 EDT",65065,1,"Individual Agencies"
"Aggravated Assaults",157,117,"34.1880341880342",2026-03-01,"Murfreesboro, Tennessee","Mar 2026","2026-05-18 10:10:31 EDT",166916,1,"Individual Agencies"
"Burglaries",45,54,"-16.6666666666667",2026-03-01,"Murfreesboro, Tennessee","Mar 2026","2026-05-18 10:10:31 EDT",166916,1,"Individual Agencies"
"Motor Vehicle Thefts",34,69,"-50.7246376811594",2026-03-01,"Murfreesboro, Tennessee","Mar 2026","2026-05-18 10:10:31 EDT",166916,1,"Individual Agencies"
"Murders",2,1,"100",2026-03-01,"Murfreesboro, Tennessee","Mar 2026","2026-05-18 10:10:31 EDT",166916,1,"Individual Agencies"
"Property Crimes",458,731,"-37.3461012311901",2026-03-01,"Murfreesboro, Tennessee","Mar 2026","2026-05-18 10:10:31 EDT",166916,1,"Individual Agencies"
"Rapes",22,25,"-12",2026-03-01,"Murfreesboro, Tennessee","Mar 2026","2026-05-18 10:10:31 EDT",166916,1,"Individual Agencies"
"Robberies",8,10,"-20",2026-03-01,"Murfreesboro, Tennessee","Mar 2026","2026-05-18 10:10:31 EDT",166916,1,"Individual Agencies"
"Thefts",379,608,"-37.6644736842105",2026-03-01,"Murfreesboro, Tennessee","Mar 2026","2026-05-18 10:10:31 EDT",166916,1,"Individual Agencies"
"Violent Crimes",189,153,"23.5294117647059",2026-03-01,"Murfreesboro, Tennessee","Mar 2026","2026-05-18 10:10:31 EDT",166916,1,"Individual Agencies"
"Aggravated Assaults",47,23,"104.347826086957",2026-03-01,"Murrieta, California","Mar 2026","2026-05-18 10:10:31 EDT",115037,1,"Individual Agencies"
"Burglaries",16,94,"-82.9787234042553",2026-03-01,"Murrieta, California","Mar 2026","2026-05-18 10:10:31 EDT",115037,1,"Individual Agencies"
"Motor Vehicle Thefts",17,16,"6.25",2026-03-01,"Murrieta, California","Mar 2026","2026-05-18 10:10:31 EDT",115037,1,"Individual Agencies"
"Murders",1,0,"Undefined",2026-03-01,"Murrieta, California","Mar 2026","2026-05-18 10:10:31 EDT",115037,1,"Individual Agencies"
"Property Crimes",174,290,"-40",2026-03-01,"Murrieta, California","Mar 2026","2026-05-18 10:10:31 EDT",115037,1,"Individual Agencies"
"Rapes",10,5,"100",2026-03-01,"Murrieta, California","Mar 2026","2026-05-18 10:10:31 EDT",115037,1,"Individual Agencies"
"Robberies",7,6,"16.6666666666667",2026-03-01,"Murrieta, California","Mar 2026","2026-05-18 10:10:31 EDT",115037,1,"Individual Agencies"
"Thefts",141,180,"-21.6666666666667",2026-03-01,"Murrieta, California","Mar 2026","2026-05-18 10:10:31 EDT",115037,1,"Individual Agencies"
"Violent Crimes",65,34,"91.1764705882353",2026-03-01,"Murrieta, California","Mar 2026","2026-05-18 10:10:31 EDT",115037,1,"Individual Agencies"
"Aggravated Assaults",17,28,"-39.2857142857143",2026-03-01,"Napa, California","Mar 2026","2026-05-18 10:10:31 EDT",77956,1,"Individual Agencies"
"Burglaries",9,8,"12.5",2026-03-01,"Napa, California","Mar 2026","2026-05-18 10:10:31 EDT",77956,1,"Individual Agencies"
"Motor Vehicle Thefts",21,17,"23.5294117647059",2026-03-01,"Napa, California","Mar 2026","2026-05-18 10:10:31 EDT",77956,1,"Individual Agencies"
"Murders",0,0,"0",2026-03-01,"Napa, California","Mar 2026","2026-05-18 10:10:31 EDT",77956,1,"Individual Agencies"
"Property Crimes",205,240,"-14.5833333333333",2026-03-01,"Napa, California","Mar 2026","2026-05-18 10:10:31 EDT",77956,1,"Individual Agencies"
"Rapes",7,5,"40",2026-03-01,"Napa, California","Mar 2026","2026-05-18 10:10:31 EDT",77956,1,"Individual Agencies"
"Robberies",3,4,"-25",2026-03-01,"Napa, California","Mar 2026","2026-05-18 10:10:31 EDT",77956,1,"Individual Agencies"
"Thefts",175,215,"-18.6046511627907",2026-03-01,"Napa, California","Mar 2026","2026-05-18 10:10:31 EDT",77956,1,"Individual Agencies"
"Violent Crimes",27,37,"-27.027027027027",2026-03-01,"Napa, California","Mar 2026","2026-05-18 10:10:31 EDT",77956,1,"Individual Agencies"
"Aggravated Assaults",1087,1335,"-18.5767790262172",2026-03-01,"Nashville, Tennessee","Mar 2026","2026-05-18 10:10:31 EDT",690495,1,"Individual Agencies"
"Burglaries",682,656,"3.96341463414634",2026-03-01,"Nashville, Tennessee","Mar 2026","2026-05-18 10:10:31 EDT",690495,1,"Individual Agencies"
"Motor Vehicle Thefts",687,1143,"-39.8950131233596",2026-03-01,"Nashville, Tennessee","Mar 2026","2026-05-18 10:10:31 EDT",690495,1,"Individual Agencies"
"Murders",14,15,"-6.66666666666667",2026-03-01,"Nashville, Tennessee","Mar 2026","2026-05-18 10:10:31 EDT",690495,1,"Individual Agencies"
"Property Crimes",5514,6944,"-20.5933179723502",2026-03-01,"Nashville, Tennessee","Mar 2026","2026-05-18 10:10:31 EDT",690495,1,"Individual Agencies"
"Rapes",114,109,"4.58715596330275",2026-03-01,"Nashville, Tennessee","Mar 2026","2026-05-18 10:10:31 EDT",690495,1,"Individual Agencies"
"Robberies",149,210,"-29.0476190476191",2026-03-01,"Nashville, Tennessee","Mar 2026","2026-05-18 10:10:31 EDT",690495,1,"Individual Agencies"
"Thefts",4145,5145,"-19.4363459669582",2026-03-01,"Nashville, Tennessee","Mar 2026","2026-05-18 10:10:31 EDT",690495,1,"Individual Agencies"
"Violent Crimes",1364,1669,"-18.274415817855",2026-03-01,"Nashville, Tennessee","Mar 2026","2026-05-18 10:10:31 EDT",690495,1,"Individual Agencies"
"Aggravated Assaults",64,52,"23.0769230769231",2026-03-01,"National City, California","Mar 2026","2026-05-18 10:10:31 EDT",55270,1,"Individual Agencies"
"Burglaries",26,27,"-3.7037037037037",2026-03-01,"National City, California","Mar 2026","2026-05-18 10:10:31 EDT",55270,1,"Individual Agencies"
"Motor Vehicle Thefts",34,73,"-53.4246575342466",2026-03-01,"National City, California","Mar 2026","2026-05-18 10:10:31 EDT",55270,1,"Individual Agencies"
"Murders",0,1,"-100",2026-03-01,"National City, California","Mar 2026","2026-05-18 10:10:31 EDT",55270,1,"Individual Agencies"
"Property Crimes",207,254,"-18.503937007874",2026-03-01,"National City, California","Mar 2026","2026-05-18 10:10:31 EDT",55270,1,"Individual Agencies"
"Rapes",7,8,"-12.5",2026-03-01,"National City, California","Mar 2026","2026-05-18 10:10:31 EDT",55270,1,"Individual Agencies"
"Robberies",25,29,"-13.7931034482759",2026-03-01,"National City, California","Mar 2026","2026-05-18 10:10:31 EDT",55270,1,"Individual Agencies"
"Thefts",147,154,"-4.54545454545455",2026-03-01,"National City, California","Mar 2026","2026-05-18 10:10:31 EDT",55270,1,"Individual Agencies"
"Violent Crimes",96,90,"6.66666666666667",2026-03-01,"National City, California","Mar 2026","2026-05-18 10:10:31 EDT",55270,1,"Individual Agencies"
"Aggravated Assaults",56,36,"55.5555555555556",2026-03-01,"New Bedford, Massachusetts","Mar 2026","2026-05-18 10:10:31 EDT",100876,1,"Individual Agencies"
"Burglaries",44,52,"-15.3846153846154",2026-03-01,"New Bedford, Massachusetts","Mar 2026","2026-05-18 10:10:31 EDT",100876,1,"Individual Agencies"
"Motor Vehicle Thefts",32,49,"-34.6938775510204",2026-03-01,"New Bedford, Massachusetts","Mar 2026","2026-05-18 10:10:31 EDT",100876,1,"Individual Agencies"
"Murders",0,2,"-100",2026-03-01,"New Bedford, Massachusetts","Mar 2026","2026-05-18 10:10:31 EDT",100876,1,"Individual Agencies"
"Property Crimes",298,360,"-17.2222222222222",2026-03-01,"New Bedford, Massachusetts","Mar 2026","2026-05-18 10:10:31 EDT",100876,1,"Individual Agencies"
"Rapes",6,10,"-40",2026-03-01,"New Bedford, Massachusetts","Mar 2026","2026-05-18 10:10:31 EDT",100876,1,"Individual Agencies"
"Robberies",18,10,"80",2026-03-01,"New Bedford, Massachusetts","Mar 2026","2026-05-18 10:10:31 EDT",100876,1,"Individual Agencies"
"Thefts",222,259,"-14.2857142857143",2026-03-01,"New Bedford, Massachusetts","Mar 2026","2026-05-18 10:10:31 EDT",100876,1,"Individual Agencies"
"Violent Crimes",80,58,"37.9310344827586",2026-03-01,"New Bedford, Massachusetts","Mar 2026","2026-05-18 10:10:31 EDT",100876,1,"Individual Agencies"
"Aggravated Assaults",31,36,"-13.8888888888889",2026-03-01,"New Braunfels, Texas","Mar 2026","2026-05-18 10:10:31 EDT",111942,1,"Individual Agencies"
"Burglaries",27,28,"-3.57142857142857",2026-03-01,"New Braunfels, Texas","Mar 2026","2026-05-18 10:10:31 EDT",111942,1,"Individual Agencies"
"Motor Vehicle Thefts",12,29,"-58.6206896551724",2026-03-01,"New Braunfels, Texas","Mar 2026","2026-05-18 10:10:31 EDT",111942,1,"Individual Agencies"
"Murders",1,0,"Undefined",2026-03-01,"New Braunfels, Texas","Mar 2026","2026-05-18 10:10:31 EDT",111942,1,"Individual Agencies"
"Property Crimes",321,299,"7.35785953177258",2026-03-01,"New Braunfels, Texas","Mar 2026","2026-05-18 10:10:31 EDT",111942,1,"Individual Agencies"
"Rapes",8,16,"-50",2026-03-01,"New Braunfels, Texas","Mar 2026","2026-05-18 10:10:31 EDT",111942,1,"Individual Agencies"
"Robberies",5,6,"-16.6666666666667",2026-03-01,"New Braunfels, Texas","Mar 2026","2026-05-18 10:10:31 EDT",111942,1,"Individual Agencies"
"Thefts",282,242,"16.5289256198347",2026-03-01,"New Braunfels, Texas","Mar 2026","2026-05-18 10:10:31 EDT",111942,1,"Individual Agencies"
"Violent Crimes",45,58,"-22.4137931034483",2026-03-01,"New Braunfels, Texas","Mar 2026","2026-05-18 10:10:31 EDT",111942,1,"Individual Agencies"
"Aggravated Assaults",36,56,"-35.7142857142857",2026-03-01,"New Britain, Connecticut","Mar 2026","2026-05-18 10:10:31 EDT",74609,1,"Individual Agencies"
"Burglaries",18,21,"-14.2857142857143",2026-03-01,"New Britain, Connecticut","Mar 2026","2026-05-18 10:10:31 EDT",74609,1,"Individual Agencies"
"Motor Vehicle Thefts",86,67,"28.3582089552239",2026-03-01,"New Britain, Connecticut","Mar 2026","2026-05-18 10:10:31 EDT",74609,1,"Individual Agencies"
"Murders",0,1,"-100",2026-03-01,"New Britain, Connecticut","Mar 2026","2026-05-18 10:10:31 EDT",74609,1,"Individual Agencies"
"Property Crimes",289,328,"-11.890243902439",2026-03-01,"New Britain, Connecticut","Mar 2026","2026-05-18 10:10:31 EDT",74609,1,"Individual Agencies"
"Rapes",7,9,"-22.2222222222222",2026-03-01,"New Britain, Connecticut","Mar 2026","2026-05-18 10:10:31 EDT",74609,1,"Individual Agencies"
"Robberies",8,12,"-33.3333333333333",2026-03-01,"New Britain, Connecticut","Mar 2026","2026-05-18 10:10:31 EDT",74609,1,"Individual Agencies"
"Thefts",185,240,"-22.9166666666667",2026-03-01,"New Britain, Connecticut","Mar 2026","2026-05-18 10:10:31 EDT",74609,1,"Individual Agencies"
"Violent Crimes",51,78,"-34.6153846153846",2026-03-01,"New Britain, Connecticut","Mar 2026","2026-05-18 10:10:31 EDT",74609,1,"Individual Agencies"
"Aggravated Assaults",18,39,"-53.8461538461538",2026-03-01,"New Hanover County, North Carolina","Mar 2026","2026-05-18 10:10:31 EDT",105363,1,"Individual Agencies"
"Burglaries",37,19,"94.7368421052632",2026-03-01,"New Hanover County, North Carolina","Mar 2026","2026-05-18 10:10:31 EDT",105363,1,"Individual Agencies"
"Motor Vehicle Thefts",11,21,"-47.6190476190476",2026-03-01,"New Hanover County, North Carolina","Mar 2026","2026-05-18 10:10:31 EDT",105363,1,"Individual Agencies"
"Murders",0,1,"-100",2026-03-01,"New Hanover County, North Carolina","Mar 2026","2026-05-18 10:10:31 EDT",105363,1,"Individual Agencies"
"Property Crimes",288,239,"20.5020920502092",2026-03-01,"New Hanover County, North Carolina","Mar 2026","2026-05-18 10:10:31 EDT",105363,1,"Individual Agencies"
"Rapes",14,5,"180",2026-03-01,"New Hanover County, North Carolina","Mar 2026","2026-05-18 10:10:31 EDT",105363,1,"Individual Agencies"
"Robberies",9,4,"125",2026-03-01,"New Hanover County, North Carolina","Mar 2026","2026-05-18 10:10:31 EDT",105363,1,"Individual Agencies"
"Thefts",240,199,"20.6030150753769",2026-03-01,"New Hanover County, North Carolina","Mar 2026","2026-05-18 10:10:31 EDT",105363,1,"Individual Agencies"
"Violent Crimes",41,49,"-16.3265306122449",2026-03-01,"New Hanover County, North Carolina","Mar 2026","2026-05-18 10:10:31 EDT",105363,1,"Individual Agencies"
"Aggravated Assaults",41,36,"13.8888888888889",2026-02-01,"New Haven, Connecticut","Feb 2026","2026-05-18 10:10:31 EDT",141481,1,"Individual Agencies"
"Burglaries",47,61,"-22.9508196721311",2026-02-01,"New Haven, Connecticut","Feb 2026","2026-05-18 10:10:31 EDT",141481,1,"Individual Agencies"
"Motor Vehicle Thefts",109,121,"-9.91735537190083",2026-02-01,"New Haven, Connecticut","Feb 2026","2026-05-18 10:10:31 EDT",141481,1,"Individual Agencies"
"Murders",0,2,"-100",2026-02-01,"New Haven, Connecticut","Feb 2026","2026-05-18 10:10:31 EDT",141481,1,"Individual Agencies"
"Rapes",3,5,"-40",2026-02-01,"New Haven, Connecticut","Feb 2026","2026-05-18 10:10:31 EDT",141481,1,"Individual Agencies"
"Robberies",22,26,"-15.3846153846154",2026-02-01,"New Haven, Connecticut","Feb 2026","2026-05-18 10:10:31 EDT",141481,1,"Individual Agencies"
"Thefts",499,434,"14.9769585253456",2026-02-01,"New Haven, Connecticut","Feb 2026","2026-05-18 10:10:31 EDT",141481,1,"Individual Agencies"
"Murders",20,28,"-28.5714285714286",2026-03-01,"New Orleans, Louisiana","Mar 2026","2026-05-18 10:10:31 EDT",364197,1,"Individual Agencies"
"Property Crimes",0,0,"0",2026-03-01,"New Orleans, Louisiana","Mar 2026","2026-05-18 10:10:31 EDT",364197,1,"Individual Agencies"
"Violent Crimes",20,28,"-28.5714285714286",2026-03-01,"New Orleans, Louisiana","Mar 2026","2026-05-18 10:10:31 EDT",364197,1,"Individual Agencies"
"Aggravated Assaults",15,19,"-21.0526315789474",2026-03-01,"New Rochelle, New York","Mar 2026","2026-05-18 10:10:31 EDT",83357,1,"Individual Agencies"
"Burglaries",12,17,"-29.4117647058824",2026-03-01,"New Rochelle, New York","Mar 2026","2026-05-18 10:10:31 EDT",83357,1,"Individual Agencies"
"Motor Vehicle Thefts",10,17,"-41.1764705882353",2026-03-01,"New Rochelle, New York","Mar 2026","2026-05-18 10:10:31 EDT",83357,1,"Individual Agencies"
"Murders",0,2,"-100",2026-03-01,"New Rochelle, New York","Mar 2026","2026-05-18 10:10:31 EDT",83357,1,"Individual Agencies"
"Property Crimes",215,264,"-18.5606060606061",2026-03-01,"New Rochelle, New York","Mar 2026","2026-05-18 10:10:31 EDT",83357,1,"Individual Agencies"
"Rapes",0,0,"0",2026-03-01,"New Rochelle, New York","Mar 2026","2026-05-18 10:10:31 EDT",83357,1,"Individual Agencies"
"Robberies",10,10,"0",2026-03-01,"New Rochelle, New York","Mar 2026","2026-05-18 10:10:31 EDT",83357,1,"Individual Agencies"
"Thefts",193,230,"-16.0869565217391",2026-03-01,"New Rochelle, New York","Mar 2026","2026-05-18 10:10:31 EDT",83357,1,"Individual Agencies"
"Violent Crimes",25,31,"-19.3548387096774",2026-03-01,"New Rochelle, New York","Mar 2026","2026-05-18 10:10:31 EDT",83357,1,"Individual Agencies"
"Aggravated Assaults",6677,6592,"1.28944174757282",2026-03-01,"New York City, New York","Mar 2026","2026-05-18 10:10:31 EDT",8184044,1,"Individual Agencies"
"Burglaries",2618,3245,"-19.3220338983051",2026-03-01,"New York City, New York","Mar 2026","2026-05-18 10:10:31 EDT",8184044,1,"Individual Agencies"
"Motor Vehicle Thefts",2692,2802,"-3.92576730906495",2026-03-01,"New York City, New York","Mar 2026","2026-05-18 10:10:31 EDT",8184044,1,"Individual Agencies"
"Murders",57,71,"-19.7183098591549",2026-03-01,"New York City, New York","Mar 2026","2026-05-18 10:10:31 EDT",8184044,1,"Individual Agencies"
"Property Crimes",15563,16617,"-6.34290184750557",2026-03-01,"New York City, New York","Mar 2026","2026-05-18 10:10:31 EDT",8184044,1,"Individual Agencies"
"Rapes",525,471,"11.4649681528662",2026-03-01,"New York City, New York","Mar 2026","2026-05-18 10:10:31 EDT",8184044,1,"Individual Agencies"
"Robberies",2957,3191,"-7.3331244124099",2026-03-01,"New York City, New York","Mar 2026","2026-05-18 10:10:31 EDT",8184044,1,"Individual Agencies"
"Thefts",10253,10570,"-2.99905392620624",2026-03-01,"New York City, New York","Mar 2026","2026-05-18 10:10:31 EDT",8184044,1,"Individual Agencies"
"Violent Crimes",10216,10325,"-1.05569007263923",2026-03-01,"New York City, New York","Mar 2026","2026-05-18 10:10:31 EDT",8184044,1,"Individual Agencies"
"Aggravated Assaults",187,271,"-30.9963099630996",2026-03-01,"Newark, New Jersey","Mar 2026","2026-05-18 10:10:31 EDT",303827,1,"Individual Agencies"
"Burglaries",85,119,"-28.5714285714286",2026-03-01,"Newark, New Jersey","Mar 2026","2026-05-18 10:10:31 EDT",303827,1,"Individual Agencies"
"Motor Vehicle Thefts",438,651,"-32.7188940092166",2026-03-01,"Newark, New Jersey","Mar 2026","2026-05-18 10:10:31 EDT",303827,1,"Individual Agencies"
"Murders",3,9,"-66.6666666666667",2026-03-01,"Newark, New Jersey","Mar 2026","2026-05-18 10:10:31 EDT",303827,1,"Individual Agencies"
"Property Crimes",1062,1508,"-29.5755968169761",2026-03-01,"Newark, New Jersey","Mar 2026","2026-05-18 10:10:31 EDT",303827,1,"Individual Agencies"
"Rapes",20,33,"-39.3939393939394",2026-03-01,"Newark, New Jersey","Mar 2026","2026-05-18 10:10:31 EDT",303827,1,"Individual Agencies"
"Robberies",40,51,"-21.5686274509804",2026-03-01,"Newark, New Jersey","Mar 2026","2026-05-18 10:10:31 EDT",303827,1,"Individual Agencies"
"Thefts",539,738,"-26.9647696476965",2026-03-01,"Newark, New Jersey","Mar 2026","2026-05-18 10:10:31 EDT",303827,1,"Individual Agencies"
"Violent Crimes",250,364,"-31.3186813186813",2026-03-01,"Newark, New Jersey","Mar 2026","2026-05-18 10:10:31 EDT",303827,1,"Individual Agencies"
"Aggravated Assaults",18,29,"-37.9310344827586",2026-03-01,"Newport Beach, California","Mar 2026","2026-05-18 10:10:31 EDT",83392,1,"Individual Agencies"
"Burglaries",44,68,"-35.2941176470588",2026-03-01,"Newport Beach, California","Mar 2026","2026-05-18 10:10:31 EDT",83392,1,"Individual Agencies"
"Motor Vehicle Thefts",33,35,"-5.71428571428571",2026-03-01,"Newport Beach, California","Mar 2026","2026-05-18 10:10:31 EDT",83392,1,"Individual Agencies"
"Murders",0,0,"0",2026-03-01,"Newport Beach, California","Mar 2026","2026-05-18 10:10:31 EDT",83392,1,"Individual Agencies"
"Property Crimes",279,351,"-20.5128205128205",2026-03-01,"Newport Beach, California","Mar 2026","2026-05-18 10:10:31 EDT",83392,1,"Individual Agencies"
"Rapes",2,10,"-80",2026-03-01,"Newport Beach, California","Mar 2026","2026-05-18 10:10:31 EDT",83392,1,"Individual Agencies"
"Robberies",5,4,"25",2026-03-01,"Newport Beach, California","Mar 2026","2026-05-18 10:10:31 EDT",83392,1,"Individual Agencies"
"Thefts",202,248,"-18.5483870967742",2026-03-01,"Newport Beach, California","Mar 2026","2026-05-18 10:10:31 EDT",83392,1,"Individual Agencies"
"Violent Crimes",25,43,"-41.8604651162791",2026-03-01,"Newport Beach, California","Mar 2026","2026-05-18 10:10:31 EDT",83392,1,"Individual Agencies"
"Aggravated Assaults",12,5,"140",2026-02-01,"Newton, Massachusetts","Feb 2026","2026-05-18 10:10:31 EDT",86996,1,"Individual Agencies"
"Burglaries",8,7,"14.2857142857143",2026-02-01,"Newton, Massachusetts","Feb 2026","2026-05-18 10:10:31 EDT",86996,1,"Individual Agencies"
"Motor Vehicle Thefts",2,3,"-33.3333333333333",2026-02-01,"Newton, Massachusetts","Feb 2026","2026-05-18 10:10:31 EDT",86996,1,"Individual Agencies"
"Murders",0,0,"0",2026-02-01,"Newton, Massachusetts","Feb 2026","2026-05-18 10:10:31 EDT",86996,1,"Individual Agencies"
"Rapes",2,2,"0",2026-02-01,"Newton, Massachusetts","Feb 2026","2026-05-18 10:10:31 EDT",86996,1,"Individual Agencies"
"Robberies",2,1,"100",2026-02-01,"Newton, Massachusetts","Feb 2026","2026-05-18 10:10:31 EDT",86996,1,"Individual Agencies"
"Thefts",39,73,"-46.5753424657534",2026-02-01,"Newton, Massachusetts","Feb 2026","2026-05-18 10:10:31 EDT",86996,1,"Individual Agencies"
"Aggravated Assaults",4,6,"-33.3333333333333",2026-03-01,"Noblesville, Indiana","Mar 2026","2026-05-18 10:10:31 EDT",74211,1,"Individual Agencies"
"Burglaries",3,5,"-40",2026-03-01,"Noblesville, Indiana","Mar 2026","2026-05-18 10:10:31 EDT",74211,1,"Individual Agencies"
"Motor Vehicle Thefts",3,6,"-50",2026-03-01,"Noblesville, Indiana","Mar 2026","2026-05-18 10:10:31 EDT",74211,1,"Individual Agencies"
"Murders",0,0,"0",2026-03-01,"Noblesville, Indiana","Mar 2026","2026-05-18 10:10:31 EDT",74211,1,"Individual Agencies"
"Property Crimes",86,83,"3.6144578313253",2026-03-01,"Noblesville, Indiana","Mar 2026","2026-05-18 10:10:31 EDT",74211,1,"Individual Agencies"
"Rapes",5,4,"25",2026-03-01,"Noblesville, Indiana","Mar 2026","2026-05-18 10:10:31 EDT",74211,1,"Individual Agencies"
"Robberies",0,1,"-100",2026-03-01,"Noblesville, Indiana","Mar 2026","2026-05-18 10:10:31 EDT",74211,1,"Individual Agencies"
"Thefts",80,72,"11.1111111111111",2026-03-01,"Noblesville, Indiana","Mar 2026","2026-05-18 10:10:31 EDT",74211,1,"Individual Agencies"
"Violent Crimes",9,11,"-18.1818181818182",2026-03-01,"Noblesville, Indiana","Mar 2026","2026-05-18 10:10:31 EDT",74211,1,"Individual Agencies"
"Aggravated Assaults",55,69,"-20.2898550724638",2026-01-01,"Norfolk, Virginia","Jan 2026","2026-05-18 10:10:31 EDT",230849,1,"Individual Agencies"
"Burglaries",34,48,"-29.1666666666667",2026-01-01,"Norfolk, Virginia","Jan 2026","2026-05-18 10:10:31 EDT",230849,1,"Individual Agencies"
"Motor Vehicle Thefts",49,57,"-14.0350877192982",2026-01-01,"Norfolk, Virginia","Jan 2026","2026-05-18 10:10:31 EDT",230849,1,"Individual Agencies"
"Murders",1,2,"-50",2026-01-01,"Norfolk, Virginia","Jan 2026","2026-05-18 10:10:31 EDT",230849,1,"Individual Agencies"
"Rapes",10,4,"150",2026-01-01,"Norfolk, Virginia","Jan 2026","2026-05-18 10:10:31 EDT",230849,1,"Individual Agencies"
"Robberies",13,18,"-27.7777777777778",2026-01-01,"Norfolk, Virginia","Jan 2026","2026-05-18 10:10:31 EDT",230849,1,"Individual Agencies"
"Thefts",552,577,"-4.33275563258232",2026-01-01,"Norfolk, Virginia","Jan 2026","2026-05-18 10:10:31 EDT",230849,1,"Individual Agencies"
"Aggravated Assaults",42,29,"44.8275862068966",2026-03-01,"Normal, Illinois","Mar 2026","2026-05-18 10:10:31 EDT",52883,1,"Individual Agencies"
"Burglaries",12,13,"-7.69230769230769",2026-03-01,"Normal, Illinois","Mar 2026","2026-05-18 10:10:31 EDT",52883,1,"Individual Agencies"
"Motor Vehicle Thefts",9,7,"28.5714285714286",2026-03-01,"Normal, Illinois","Mar 2026","2026-05-18 10:10:31 EDT",52883,1,"Individual Agencies"
"Murders",0,0,"0",2026-03-01,"Normal, Illinois","Mar 2026","2026-05-18 10:10:31 EDT",52883,1,"Individual Agencies"
"Property Crimes",194,213,"-8.92018779342723",2026-03-01,"Normal, Illinois","Mar 2026","2026-05-18 10:10:31 EDT",52883,1,"Individual Agencies"
"Rapes",16,8,"100",2026-03-01,"Normal, Illinois","Mar 2026","2026-05-18 10:10:31 EDT",52883,1,"Individual Agencies"
"Robberies",1,3,"-66.6666666666667",2026-03-01,"Normal, Illinois","Mar 2026","2026-05-18 10:10:31 EDT",52883,1,"Individual Agencies"
"Thefts",173,193,"-10.3626943005181",2026-03-01,"Normal, Illinois","Mar 2026","2026-05-18 10:10:31 EDT",52883,1,"Individual Agencies"
"Violent Crimes",59,40,"47.5",2026-03-01,"Normal, Illinois","Mar 2026","2026-05-18 10:10:31 EDT",52883,1,"Individual Agencies"
"Aggravated Assaults",7,10,"-30",2026-03-01,"North Bergen Township, New Jersey","Mar 2026","2026-05-18 10:10:31 EDT",59147,1,"Individual Agencies"
"Burglaries",6,1,"500",2026-03-01,"North Bergen Township, New Jersey","Mar 2026","2026-05-18 10:10:31 EDT",59147,1,"Individual Agencies"
"Motor Vehicle Thefts",6,14,"-57.1428571428571",2026-03-01,"North Bergen Township, New Jersey","Mar 2026","2026-05-18 10:10:31 EDT",59147,1,"Individual Agencies"
"Murders",0,0,"0",2026-03-01,"North Bergen Township, New Jersey","Mar 2026","2026-05-18 10:10:31 EDT",59147,1,"Individual Agencies"
"Property Crimes",34,69,"-50.7246376811594",2026-03-01,"North Bergen Township, New Jersey","Mar 2026","2026-05-18 10:10:31 EDT",59147,1,"Individual Agencies"
"Rapes",2,1,"100",2026-03-01,"North Bergen Township, New Jersey","Mar 2026","2026-05-18 10:10:31 EDT",59147,1,"Individual Agencies"
"Robberies",0,5,"-100",2026-03-01,"North Bergen Township, New Jersey","Mar 2026","2026-05-18 10:10:31 EDT",59147,1,"Individual Agencies"
"Thefts",22,54,"-59.2592592592593",2026-03-01,"North Bergen Township, New Jersey","Mar 2026","2026-05-18 10:10:31 EDT",59147,1,"Individual Agencies"
"Violent Crimes",9,16,"-43.75",2026-03-01,"North Bergen Township, New Jersey","Mar 2026","2026-05-18 10:10:31 EDT",59147,1,"Individual Agencies"
"Aggravated Assaults",37,46,"-19.5652173913043",2026-01-01,"North Charleston, South Carolina","Jan 2026","2026-05-18 10:10:31 EDT",120162,1,"Individual Agencies"
"Burglaries",28,31,"-9.67741935483871",2026-01-01,"North Charleston, South Carolina","Jan 2026","2026-05-18 10:10:31 EDT",120162,1,"Individual Agencies"
"Motor Vehicle Thefts",23,48,"-52.0833333333333",2026-01-01,"North Charleston, South Carolina","Jan 2026","2026-05-18 10:10:31 EDT",120162,1,"Individual Agencies"
"Murders",1,1,"0",2026-01-01,"North Charleston, South Carolina","Jan 2026","2026-05-18 10:10:31 EDT",120162,1,"Individual Agencies"
"Rapes",6,2,"200",2026-01-01,"North Charleston, South Carolina","Jan 2026","2026-05-18 10:10:31 EDT",120162,1,"Individual Agencies"
"Robberies",8,14,"-42.8571428571429",2026-01-01,"North Charleston, South Carolina","Jan 2026","2026-05-18 10:10:31 EDT",120162,1,"Individual Agencies"
"Thefts",240,315,"-23.8095238095238",2026-01-01,"North Charleston, South Carolina","Jan 2026","2026-05-18 10:10:31 EDT",120162,1,"Individual Agencies"
"Aggravated Assaults",146,138,"5.79710144927536",2026-03-01,"North Las Vegas, Nevada","Mar 2026","2026-05-18 10:10:31 EDT",290751,1,"Individual Agencies"
"Burglaries",134,134,"0",2026-03-01,"North Las Vegas, Nevada","Mar 2026","2026-05-18 10:10:31 EDT",290751,1,"Individual Agencies"
"Motor Vehicle Thefts",326,412,"-20.873786407767",2026-03-01,"North Las Vegas, Nevada","Mar 2026","2026-05-18 10:10:31 EDT",290751,1,"Individual Agencies"
"Murders",0,5,"-100",2026-03-01,"North Las Vegas, Nevada","Mar 2026","2026-05-18 10:10:31 EDT",290751,1,"Individual Agencies"
"Property Crimes",1140,1134,"0.529100529100529",2026-03-01,"North Las Vegas, Nevada","Mar 2026","2026-05-18 10:10:31 EDT",290751,1,"Individual Agencies"
"Rapes",22,11,"100",2026-03-01,"North Las Vegas, Nevada","Mar 2026","2026-05-18 10:10:31 EDT",290751,1,"Individual Agencies"
"Robberies",57,67,"-14.9253731343284",2026-03-01,"North Las Vegas, Nevada","Mar 2026","2026-05-18 10:10:31 EDT",290751,1,"Individual Agencies"
"Thefts",680,588,"15.6462585034014",2026-03-01,"North Las Vegas, Nevada","Mar 2026","2026-05-18 10:10:31 EDT",290751,1,"Individual Agencies"
"Violent Crimes",225,221,"1.80995475113122",2026-03-01,"North Las Vegas, Nevada","Mar 2026","2026-05-18 10:10:31 EDT",290751,1,"Individual Agencies"
"Aggravated Assaults",144,83,"73.4939759036145",2026-03-01,"North Little Rock, Arkansas","Mar 2026","2026-05-18 10:10:31 EDT",64612,1,"Individual Agencies"
"Burglaries",181,72,"151.388888888889",2026-03-01,"North Little Rock, Arkansas","Mar 2026","2026-05-18 10:10:31 EDT",64612,1,"Individual Agencies"
"Motor Vehicle Thefts",65,64,"1.5625",2026-03-01,"North Little Rock, Arkansas","Mar 2026","2026-05-18 10:10:31 EDT",64612,1,"Individual Agencies"
"Murders",3,1,"200",2026-03-01,"North Little Rock, Arkansas","Mar 2026","2026-05-18 10:10:31 EDT",64612,1,"Individual Agencies"
"Property Crimes",653,548,"19.1605839416058",2026-03-01,"North Little Rock, Arkansas","Mar 2026","2026-05-18 10:10:31 EDT",64612,1,"Individual Agencies"
"Rapes",5,7,"-28.5714285714286",2026-03-01,"North Little Rock, Arkansas","Mar 2026","2026-05-18 10:10:31 EDT",64612,1,"Individual Agencies"
"Robberies",21,20,"5",2026-03-01,"North Little Rock, Arkansas","Mar 2026","2026-05-18 10:10:31 EDT",64612,1,"Individual Agencies"
"Thefts",407,412,"-1.21359223300971",2026-03-01,"North Little Rock, Arkansas","Mar 2026","2026-05-18 10:10:31 EDT",64612,1,"Individual Agencies"
"Violent Crimes",173,111,"55.8558558558559",2026-03-01,"North Little Rock, Arkansas","Mar 2026","2026-05-18 10:10:31 EDT",64612,1,"Individual Agencies"
"Aggravated Assaults",14,5,"180",2026-03-01,"North Richland Hills, Texas","Mar 2026","2026-05-18 10:10:31 EDT",70853,1,"Individual Agencies"
"Burglaries",19,34,"-44.1176470588235",2026-03-01,"North Richland Hills, Texas","Mar 2026","2026-05-18 10:10:31 EDT",70853,1,"Individual Agencies"
"Motor Vehicle Thefts",16,14,"14.2857142857143",2026-03-01,"North Richland Hills, Texas","Mar 2026","2026-05-18 10:10:31 EDT",70853,1,"Individual Agencies"
"Murders",0,0,"0",2026-03-01,"North Richland Hills, Texas","Mar 2026","2026-05-18 10:10:31 EDT",70853,1,"Individual Agencies"
"Property Crimes",227,257,"-11.6731517509728",2026-03-01,"North Richland Hills, Texas","Mar 2026","2026-05-18 10:10:31 EDT",70853,1,"Individual Agencies"
"Rapes",3,9,"-66.6666666666667",2026-03-01,"North Richland Hills, Texas","Mar 2026","2026-05-18 10:10:31 EDT",70853,1,"Individual Agencies"
"Robberies",4,3,"33.3333333333333",2026-03-01,"North Richland Hills, Texas","Mar 2026","2026-05-18 10:10:31 EDT",70853,1,"Individual Agencies"
"Thefts",192,209,"-8.13397129186603",2026-03-01,"North Richland Hills, Texas","Mar 2026","2026-05-18 10:10:31 EDT",70853,1,"Individual Agencies"
"Violent Crimes",21,17,"23.5294117647059",2026-03-01,"North Richland Hills, Texas","Mar 2026","2026-05-18 10:10:31 EDT",70853,1,"Individual Agencies"
"Aggravated Assaults",11803,12260,"-3.72756933115824",2026-03-01,"Northeast, Nationwide","Mar 2026","2026-05-18 10:10:31 EDT",16654194,68,"National Samples"
"Burglaries",5510,6965,"-20.8901651112706",2026-03-01,"Northeast, Nationwide","Mar 2026","2026-05-18 10:10:31 EDT",16654194,68,"National Samples"
"Motor Vehicle Thefts",8422,10094,"-16.5642956211611",2026-03-01,"Northeast, Nationwide","Mar 2026","2026-05-18 10:10:31 EDT",16654194,68,"National Samples"
"Murders",117,205,"-42.9268292682927",2026-03-01,"Northeast, Nationwide","Mar 2026","2026-05-18 10:10:31 EDT",16654194,68,"National Samples"
"Property Crimes",52065,59172,"-12.0107483269114",2026-03-01,"Northeast, Nationwide","Mar 2026","2026-05-18 10:10:31 EDT",16654194,68,"National Samples"
"Rapes",1033,1077,"-4.08542246982358",2026-03-01,"Northeast, Nationwide","Mar 2026","2026-05-18 10:10:31 EDT",16654194,68,"National Samples"
"Robberies",4500,5112,"-11.9718309859155",2026-03-01,"Northeast, Nationwide","Mar 2026","2026-05-18 10:10:31 EDT",16654194,68,"National Samples"
"Thefts",38133,42113,"-9.45076342222117",2026-03-01,"Northeast, Nationwide","Mar 2026","2026-05-18 10:10:31 EDT",16654194,68,"National Samples"
"Violent Crimes",17453,18654,"-6.43829741610378",2026-03-01,"Northeast, Nationwide","Mar 2026","2026-05-18 10:10:31 EDT",16654194,68,"National Samples"
"Aggravated Assaults",3,3,"0",2026-01-01,"Norwalk, Connecticut","Jan 2026","2026-05-18 10:10:31 EDT",91639,1,"Individual Agencies"
"Burglaries",1,4,"-75",2026-01-01,"Norwalk, Connecticut","Jan 2026","2026-05-18 10:10:31 EDT",91639,1,"Individual Agencies"
"Motor Vehicle Thefts",6,9,"-33.3333333333333",2026-01-01,"Norwalk, Connecticut","Jan 2026","2026-05-18 10:10:31 EDT",91639,1,"Individual Agencies"
"Murders",0,0,"0",2026-01-01,"Norwalk, Connecticut","Jan 2026","2026-05-18 10:10:31 EDT",91639,1,"Individual Agencies"
"Rapes",0,0,"0",2026-01-01,"Norwalk, Connecticut","Jan 2026","2026-05-18 10:10:31 EDT",91639,1,"Individual Agencies"
"Robberies",1,0,"Undefined",2026-01-01,"Norwalk, Connecticut","Jan 2026","2026-05-18 10:10:31 EDT",91639,1,"Individual Agencies"
"Thefts",73,60,"21.6666666666667",2026-01-01,"Norwalk, Connecticut","Jan 2026","2026-05-18 10:10:31 EDT",91639,1,"Individual Agencies"
"Aggravated Assaults",27,15,"80",2026-03-01,"Novato, California","Mar 2026","2026-05-18 10:10:31 EDT",51733,1,"Individual Agencies"
"Burglaries",6,6,"0",2026-03-01,"Novato, California","Mar 2026","2026-05-18 10:10:31 EDT",51733,1,"Individual Agencies"
"Motor Vehicle Thefts",17,14,"21.4285714285714",2026-03-01,"Novato, California","Mar 2026","2026-05-18 10:10:31 EDT",51733,1,"Individual Agencies"
"Murders",0,0,"0",2026-03-01,"Novato, California","Mar 2026","2026-05-18 10:10:31 EDT",51733,1,"Individual Agencies"
"Rapes",1,2,"-50",2026-03-01,"Novato, California","Mar 2026","2026-05-18 10:10:31 EDT",51733,1,"Individual Agencies"
"Robberies",6,4,"50",2026-03-01,"Novato, California","Mar 2026","2026-05-18 10:10:31 EDT",51733,1,"Individual Agencies"
"Thefts",119,151,"-21.1920529801325",2026-03-01,"Novato, California","Mar 2026","2026-05-18 10:10:31 EDT",51733,1,"Individual Agencies"
"Aggravated Assaults",13,9,"44.4444444444444",2026-03-01,"Novi, Michigan","Mar 2026","2026-05-18 10:10:31 EDT",66482,1,"Individual Agencies"
"Burglaries",5,6,"-16.6666666666667",2026-03-01,"Novi, Michigan","Mar 2026","2026-05-18 10:10:31 EDT",66482,1,"Individual Agencies"
"Motor Vehicle Thefts",3,5,"-40",2026-03-01,"Novi, Michigan","Mar 2026","2026-05-18 10:10:31 EDT",66482,1,"Individual Agencies"
"Murders",0,0,"0",2026-03-01,"Novi, Michigan","Mar 2026","2026-05-18 10:10:31 EDT",66482,1,"Individual Agencies"
"Property Crimes",72,78,"-7.69230769230769",2026-03-01,"Novi, Michigan","Mar 2026","2026-05-18 10:10:31 EDT",66482,1,"Individual Agencies"
"Rapes",2,1,"100",2026-03-01,"Novi, Michigan","Mar 2026","2026-05-18 10:10:31 EDT",66482,1,"Individual Agencies"
"Robberies",1,1,"0",2026-03-01,"Novi, Michigan","Mar 2026","2026-05-18 10:10:31 EDT",66482,1,"Individual Agencies"
"Thefts",64,67,"-4.47761194029851",2026-03-01,"Novi, Michigan","Mar 2026","2026-05-18 10:10:31 EDT",66482,1,"Individual Agencies"
"Violent Crimes",16,11,"45.4545454545455",2026-03-01,"Novi, Michigan","Mar 2026","2026-05-18 10:10:31 EDT",66482,1,"Individual Agencies"
"Aggravated Assaults",9,9,"0",2026-03-01,"O'Fallon, Missouri","Mar 2026","2026-05-18 10:10:31 EDT",94702,1,"Individual Agencies"
"Burglaries",7,7,"0",2026-03-01,"O'Fallon, Missouri","Mar 2026","2026-05-18 10:10:31 EDT",94702,1,"Individual Agencies"
"Motor Vehicle Thefts",8,8,"0",2026-03-01,"O'Fallon, Missouri","Mar 2026","2026-05-18 10:10:31 EDT",94702,1,"Individual Agencies"
"Murders",1,1,"0",2026-03-01,"O'Fallon, Missouri","Mar 2026","2026-05-18 10:10:31 EDT",94702,1,"Individual Agencies"
"Property Crimes",135,133,"1.50375939849624",2026-03-01,"O'Fallon, Missouri","Mar 2026","2026-05-18 10:10:31 EDT",94702,1,"Individual Agencies"
"Rapes",6,6,"0",2026-03-01,"O'Fallon, Missouri","Mar 2026","2026-05-18 10:10:31 EDT",94702,1,"Individual Agencies"
"Robberies",0,0,"0",2026-03-01,"O'Fallon, Missouri","Mar 2026","2026-05-18 10:10:31 EDT",94702,1,"Individual Agencies"
"Thefts",120,118,"1.69491525423729",2026-03-01,"O'Fallon, Missouri","Mar 2026","2026-05-18 10:10:31 EDT",94702,1,"Individual Agencies"
"Violent Crimes",16,16,"0",2026-03-01,"O'Fallon, Missouri","Mar 2026","2026-05-18 10:10:31 EDT",94702,1,"Individual Agencies"
"Aggravated Assaults",8,2,"300",2026-03-01,"Oak Lawn, Illinois","Mar 2026","2026-05-18 10:10:31 EDT",55368,1,"Individual Agencies"
"Burglaries",15,13,"15.3846153846154",2026-03-01,"Oak Lawn, Illinois","Mar 2026","2026-05-18 10:10:31 EDT",55368,1,"Individual Agencies"
"Motor Vehicle Thefts",19,17,"11.7647058823529",2026-03-01,"Oak Lawn, Illinois","Mar 2026","2026-05-18 10:10:31 EDT",55368,1,"Individual Agencies"
"Murders",0,0,"0",2026-03-01,"Oak Lawn, Illinois","Mar 2026","2026-05-18 10:10:31 EDT",55368,1,"Individual Agencies"
"Property Crimes",179,157,"14.0127388535032",2026-03-01,"Oak Lawn, Illinois","Mar 2026","2026-05-18 10:10:31 EDT",55368,1,"Individual Agencies"
"Rapes",3,1,"200",2026-03-01,"Oak Lawn, Illinois","Mar 2026","2026-05-18 10:10:31 EDT",55368,1,"Individual Agencies"
"Robberies",3,5,"-40",2026-03-01,"Oak Lawn, Illinois","Mar 2026","2026-05-18 10:10:31 EDT",55368,1,"Individual Agencies"
"Thefts",145,127,"14.1732283464567",2026-03-01,"Oak Lawn, Illinois","Mar 2026","2026-05-18 10:10:31 EDT",55368,1,"Individual Agencies"
"Violent Crimes",14,8,"75",2026-03-01,"Oak Lawn, Illinois","Mar 2026","2026-05-18 10:10:31 EDT",55368,1,"Individual Agencies"
"Aggravated Assaults",129,115,"12.1739130434783",2026-03-01,"Oceanside, California","Mar 2026","2026-05-18 10:10:31 EDT",171348,1,"Individual Agencies"
"Burglaries",70,135,"-48.1481481481481",2026-03-01,"Oceanside, California","Mar 2026","2026-05-18 10:10:31 EDT",171348,1,"Individual Agencies"
"Motor Vehicle Thefts",46,58,"-20.6896551724138",2026-03-01,"Oceanside, California","Mar 2026","2026-05-18 10:10:31 EDT",171348,1,"Individual Agencies"
"Murders",0,3,"-100",2026-03-01,"Oceanside, California","Mar 2026","2026-05-18 10:10:31 EDT",171348,1,"Individual Agencies"
"Property Crimes",598,689,"-13.2075471698113",2026-03-01,"Oceanside, California","Mar 2026","2026-05-18 10:10:31 EDT",171348,1,"Individual Agencies"
"Rapes",8,15,"-46.6666666666667",2026-03-01,"Oceanside, California","Mar 2026","2026-05-18 10:10:31 EDT",171348,1,"Individual Agencies"
"Robberies",22,26,"-15.3846153846154",2026-03-01,"Oceanside, California","Mar 2026","2026-05-18 10:10:31 EDT",171348,1,"Individual Agencies"
"Thefts",482,496,"-2.82258064516129",2026-03-01,"Oceanside, California","Mar 2026","2026-05-18 10:10:31 EDT",171348,1,"Individual Agencies"
"Violent Crimes",159,159,"0",2026-03-01,"Oceanside, California","Mar 2026","2026-05-18 10:10:31 EDT",171348,1,"Individual Agencies"
"Aggravated Assaults",69,54,"27.7777777777778",2026-03-01,"Odessa, Texas","Mar 2026","2026-05-18 10:10:31 EDT",111922,1,"Individual Agencies"
"Burglaries",69,89,"-22.4719101123595",2026-03-01,"Odessa, Texas","Mar 2026","2026-05-18 10:10:31 EDT",111922,1,"Individual Agencies"
"Motor Vehicle Thefts",47,77,"-38.961038961039",2026-03-01,"Odessa, Texas","Mar 2026","2026-05-18 10:10:31 EDT",111922,1,"Individual Agencies"
"Murders",2,1,"100",2026-03-01,"Odessa, Texas","Mar 2026","2026-05-18 10:10:31 EDT",111922,1,"Individual Agencies"
"Property Crimes",275,436,"-36.9266055045872",2026-03-01,"Odessa, Texas","Mar 2026","2026-05-18 10:10:31 EDT",111922,1,"Individual Agencies"
"Rapes",11,11,"0",2026-03-01,"Odessa, Texas","Mar 2026","2026-05-18 10:10:31 EDT",111922,1,"Individual Agencies"
"Robberies",5,7,"-28.5714285714286",2026-03-01,"Odessa, Texas","Mar 2026","2026-05-18 10:10:31 EDT",111922,1,"Individual Agencies"
"Thefts",159,270,"-41.1111111111111",2026-03-01,"Odessa, Texas","Mar 2026","2026-05-18 10:10:31 EDT",111922,1,"Individual Agencies"
"Violent Crimes",87,73,"19.1780821917808",2026-03-01,"Odessa, Texas","Mar 2026","2026-05-18 10:10:31 EDT",111922,1,"Individual Agencies"
"Aggravated Assaults",61,44,"38.6363636363636",2026-03-01,"Ogden, Utah","Mar 2026","2026-05-18 10:10:31 EDT",86593,1,"Individual Agencies"
"Burglaries",27,26,"3.84615384615385",2026-03-01,"Ogden, Utah","Mar 2026","2026-05-18 10:10:31 EDT",86593,1,"Individual Agencies"
"Motor Vehicle Thefts",38,28,"35.7142857142857",2026-03-01,"Ogden, Utah","Mar 2026","2026-05-18 10:10:31 EDT",86593,1,"Individual Agencies"
"Murders",0,0,"0",2026-03-01,"Ogden, Utah","Mar 2026","2026-05-18 10:10:31 EDT",86593,1,"Individual Agencies"
"Property Crimes",350,317,"10.410094637224",2026-03-01,"Ogden, Utah","Mar 2026","2026-05-18 10:10:31 EDT",86593,1,"Individual Agencies"
"Rapes",18,17,"5.88235294117647",2026-03-01,"Ogden, Utah","Mar 2026","2026-05-18 10:10:31 EDT",86593,1,"Individual Agencies"
"Robberies",10,10,"0",2026-03-01,"Ogden, Utah","Mar 2026","2026-05-18 10:10:31 EDT",86593,1,"Individual Agencies"
"Thefts",285,263,"8.36501901140684",2026-03-01,"Ogden, Utah","Mar 2026","2026-05-18 10:10:31 EDT",86593,1,"Individual Agencies"
"Violent Crimes",89,71,"25.3521126760563",2026-03-01,"Ogden, Utah","Mar 2026","2026-05-18 10:10:31 EDT",86593,1,"Individual Agencies"
"Aggravated Assaults",807,815,"-0.98159509202454",2026-03-01,"Oklahoma City, Oklahoma","Mar 2026","2026-05-18 10:10:31 EDT",700764,1,"Individual Agencies"
"Burglaries",866,869,"-0.345224395857307",2026-03-01,"Oklahoma City, Oklahoma","Mar 2026","2026-05-18 10:10:31 EDT",700764,1,"Individual Agencies"
"Motor Vehicle Thefts",402,523,"-23.1357552581262",2026-03-01,"Oklahoma City, Oklahoma","Mar 2026","2026-05-18 10:10:31 EDT",700764,1,"Individual Agencies"
"Murders",18,16,"12.5",2026-03-01,"Oklahoma City, Oklahoma","Mar 2026","2026-05-18 10:10:31 EDT",700764,1,"Individual Agencies"
"Property Crimes",4139,4383,"-5.56696326716861",2026-03-01,"Oklahoma City, Oklahoma","Mar 2026","2026-05-18 10:10:31 EDT",700764,1,"Individual Agencies"
"Rapes",115,90,"27.7777777777778",2026-03-01,"Oklahoma City, Oklahoma","Mar 2026","2026-05-18 10:10:31 EDT",700764,1,"Individual Agencies"
"Robberies",129,120,"7.5",2026-03-01,"Oklahoma City, Oklahoma","Mar 2026","2026-05-18 10:10:31 EDT",700764,1,"Individual Agencies"
"Thefts",2871,2991,"-4.01203610832497",2026-03-01,"Oklahoma City, Oklahoma","Mar 2026","2026-05-18 10:10:31 EDT",700764,1,"Individual Agencies"
"Violent Crimes",1069,1041,"2.68972142170989",2026-03-01,"Oklahoma City, Oklahoma","Mar 2026","2026-05-18 10:10:31 EDT",700764,1,"Individual Agencies"
"Aggravated Assaults",278,265,"4.90566037735849",2026-03-01,"Omaha, Nebraska","Mar 2026","2026-05-18 10:10:31 EDT",481471,1,"Individual Agencies"
"Burglaries",218,200,"9",2026-03-01,"Omaha, Nebraska","Mar 2026","2026-05-18 10:10:31 EDT",481471,1,"Individual Agencies"
"Motor Vehicle Thefts",338,588,"-42.5170068027211",2026-03-01,"Omaha, Nebraska","Mar 2026","2026-05-18 10:10:31 EDT",481471,1,"Individual Agencies"
"Murders",2,6,"-66.6666666666667",2026-03-01,"Omaha, Nebraska","Mar 2026","2026-05-18 10:10:31 EDT",481471,1,"Individual Agencies"
"Property Crimes",2808,3191,"-12.0025070510812",2026-03-01,"Omaha, Nebraska","Mar 2026","2026-05-18 10:10:31 EDT",481471,1,"Individual Agencies"
"Rapes",51,57,"-10.5263157894737",2026-03-01,"Omaha, Nebraska","Mar 2026","2026-05-18 10:10:31 EDT",481471,1,"Individual Agencies"
"Robberies",37,41,"-9.75609756097561",2026-03-01,"Omaha, Nebraska","Mar 2026","2026-05-18 10:10:31 EDT",481471,1,"Individual Agencies"
"Thefts",2252,2403,"-6.28381190178943",2026-03-01,"Omaha, Nebraska","Mar 2026","2026-05-18 10:10:31 EDT",481471,1,"Individual Agencies"
"Violent Crimes",368,369,"-0.2710027100271",2026-03-01,"Omaha, Nebraska","Mar 2026","2026-05-18 10:10:31 EDT",481471,1,"Individual Agencies"
"Aggravated Assaults",19,6,"216.666666666667",2026-01-01,"Onslow County, North Carolina","Jan 2026","2026-05-18 10:10:31 EDT",125993,1,"Individual Agencies"
"Burglaries",26,25,"4",2026-01-01,"Onslow County, North Carolina","Jan 2026","2026-05-18 10:10:31 EDT",125993,1,"Individual Agencies"
"Motor Vehicle Thefts",7,18,"-61.1111111111111",2026-01-01,"Onslow County, North Carolina","Jan 2026","2026-05-18 10:10:31 EDT",125993,1,"Individual Agencies"
"Murders",0,0,"0",2026-01-01,"Onslow County, North Carolina","Jan 2026","2026-05-18 10:10:31 EDT",125993,1,"Individual Agencies"
"Rapes",3,3,"0",2026-01-01,"Onslow County, North Carolina","Jan 2026","2026-05-18 10:10:31 EDT",125993,1,"Individual Agencies"
"Robberies",2,0,"Undefined",2026-01-01,"Onslow County, North Carolina","Jan 2026","2026-05-18 10:10:31 EDT",125993,1,"Individual Agencies"
"Thefts",54,62,"-12.9032258064516",2026-01-01,"Onslow County, North Carolina","Jan 2026","2026-05-18 10:10:31 EDT",125993,1,"Individual Agencies"
"Aggravated Assaults",17,18,"-5.55555555555556",2026-03-01,"Orem, Utah","Mar 2026","2026-05-18 10:10:31 EDT",94682,1,"Individual Agencies"
"Burglaries",13,24,"-45.8333333333333",2026-03-01,"Orem, Utah","Mar 2026","2026-05-18 10:10:31 EDT",94682,1,"Individual Agencies"
"Motor Vehicle Thefts",18,17,"5.88235294117647",2026-03-01,"Orem, Utah","Mar 2026","2026-05-18 10:10:31 EDT",94682,1,"Individual Agencies"
"Murders",0,0,"0",2026-03-01,"Orem, Utah","Mar 2026","2026-05-18 10:10:31 EDT",94682,1,"Individual Agencies"
"Property Crimes",221,281,"-21.3523131672598",2026-03-01,"Orem, Utah","Mar 2026","2026-05-18 10:10:31 EDT",94682,1,"Individual Agencies"
"Rapes",23,13,"76.9230769230769",2026-03-01,"Orem, Utah","Mar 2026","2026-05-18 10:10:31 EDT",94682,1,"Individual Agencies"
"Robberies",1,2,"-50",2026-03-01,"Orem, Utah","Mar 2026","2026-05-18 10:10:31 EDT",94682,1,"Individual Agencies"
"Thefts",190,240,"-20.8333333333333",2026-03-01,"Orem, Utah","Mar 2026","2026-05-18 10:10:31 EDT",94682,1,"Individual Agencies"
"Violent Crimes",41,33,"24.2424242424242",2026-03-01,"Orem, Utah","Mar 2026","2026-05-18 10:10:31 EDT",94682,1,"Individual Agencies"
"Aggravated Assaults",30,23,"30.4347826086957",2026-03-01,"Oshkosh, Wisconsin","Mar 2026","2026-05-18 10:10:31 EDT",65548,1,"Individual Agencies"
"Burglaries",14,15,"-6.66666666666667",2026-03-01,"Oshkosh, Wisconsin","Mar 2026","2026-05-18 10:10:31 EDT",65548,1,"Individual Agencies"
"Motor Vehicle Thefts",6,11,"-45.4545454545455",2026-03-01,"Oshkosh, Wisconsin","Mar 2026","2026-05-18 10:10:31 EDT",65548,1,"Individual Agencies"
"Murders",1,0,"Undefined",2026-03-01,"Oshkosh, Wisconsin","Mar 2026","2026-05-18 10:10:31 EDT",65548,1,"Individual Agencies"
"Property Crimes",142,179,"-20.6703910614525",2026-03-01,"Oshkosh, Wisconsin","Mar 2026","2026-05-18 10:10:31 EDT",65548,1,"Individual Agencies"
"Rapes",9,13,"-30.7692307692308",2026-03-01,"Oshkosh, Wisconsin","Mar 2026","2026-05-18 10:10:31 EDT",65548,1,"Individual Agencies"
"Robberies",2,4,"-50",2026-03-01,"Oshkosh, Wisconsin","Mar 2026","2026-05-18 10:10:31 EDT",65548,1,"Individual Agencies"
"Thefts",122,153,"-20.2614379084967",2026-03-01,"Oshkosh, Wisconsin","Mar 2026","2026-05-18 10:10:31 EDT",65548,1,"Individual Agencies"
"Violent Crimes",42,40,"5",2026-03-01,"Oshkosh, Wisconsin","Mar 2026","2026-05-18 10:10:31 EDT",65548,1,"Individual Agencies"
"Aggravated Assaults",37,37,"0",2026-03-01,"Owensboro, Kentucky","Mar 2026","2026-05-18 10:10:31 EDT",59937,1,"Individual Agencies"
"Burglaries",64,51,"25.4901960784314",2026-03-01,"Owensboro, Kentucky","Mar 2026","2026-05-18 10:10:31 EDT",59937,1,"Individual Agencies"
"Motor Vehicle Thefts",46,32,"43.75",2026-03-01,"Owensboro, Kentucky","Mar 2026","2026-05-18 10:10:31 EDT",59937,1,"Individual Agencies"
"Murders",4,2,"100",2026-03-01,"Owensboro, Kentucky","Mar 2026","2026-05-18 10:10:31 EDT",59937,1,"Individual Agencies"
"Property Crimes",323,308,"4.87012987012987",2026-03-01,"Owensboro, Kentucky","Mar 2026","2026-05-18 10:10:31 EDT",59937,1,"Individual Agencies"
"Rapes",4,10,"-60",2026-03-01,"Owensboro, Kentucky","Mar 2026","2026-05-18 10:10:31 EDT",59937,1,"Individual Agencies"
"Robberies",0,6,"-100",2026-03-01,"Owensboro, Kentucky","Mar 2026","2026-05-18 10:10:31 EDT",59937,1,"Individual Agencies"
"Thefts",213,225,"-5.33333333333333",2026-03-01,"Owensboro, Kentucky","Mar 2026","2026-05-18 10:10:31 EDT",59937,1,"Individual Agencies"
"Violent Crimes",45,55,"-18.1818181818182",2026-03-01,"Owensboro, Kentucky","Mar 2026","2026-05-18 10:10:31 EDT",59937,1,"Individual Agencies"
"Aggravated Assaults",177,178,"-0.561797752808989",2026-03-01,"Oxnard, California","Mar 2026","2026-05-18 10:10:31 EDT",199508,1,"Individual Agencies"
"Burglaries",39,102,"-61.7647058823529",2026-03-01,"Oxnard, California","Mar 2026","2026-05-18 10:10:31 EDT",199508,1,"Individual Agencies"
"Motor Vehicle Thefts",108,152,"-28.9473684210526",2026-03-01,"Oxnard, California","Mar 2026","2026-05-18 10:10:31 EDT",199508,1,"Individual Agencies"
"Murders",1,2,"-50",2026-03-01,"Oxnard, California","Mar 2026","2026-05-18 10:10:31 EDT",199508,1,"Individual Agencies"
"Property Crimes",549,922,"-40.4555314533623",2026-03-01,"Oxnard, California","Mar 2026","2026-05-18 10:10:31 EDT",199508,1,"Individual Agencies"
"Rapes",17,16,"6.25",2026-03-01,"Oxnard, California","Mar 2026","2026-05-18 10:10:31 EDT",199508,1,"Individual Agencies"
"Robberies",27,42,"-35.7142857142857",2026-03-01,"Oxnard, California","Mar 2026","2026-05-18 10:10:31 EDT",199508,1,"Individual Agencies"
"Thefts",402,668,"-39.8203592814371",2026-03-01,"Oxnard, California","Mar 2026","2026-05-18 10:10:31 EDT",199508,1,"Individual Agencies"
"Violent Crimes",222,238,"-6.72268907563025",2026-03-01,"Oxnard, California","Mar 2026","2026-05-18 10:10:31 EDT",199508,1,"Individual Agencies"
"Aggravated Assaults",11,5,"120",2026-03-01,"Palatine, Illinois","Mar 2026","2026-05-18 10:10:31 EDT",64407,1,"Individual Agencies"
"Burglaries",5,14,"-64.2857142857143",2026-03-01,"Palatine, Illinois","Mar 2026","2026-05-18 10:10:31 EDT",64407,1,"Individual Agencies"
"Motor Vehicle Thefts",5,6,"-16.6666666666667",2026-03-01,"Palatine, Illinois","Mar 2026","2026-05-18 10:10:31 EDT",64407,1,"Individual Agencies"
"Murders",1,0,"Undefined",2026-03-01,"Palatine, Illinois","Mar 2026","2026-05-18 10:10:31 EDT",64407,1,"Individual Agencies"
"Property Crimes",100,110,"-9.09090909090909",2026-03-01,"Palatine, Illinois","Mar 2026","2026-05-18 10:10:31 EDT",64407,1,"Individual Agencies"
"Rapes",5,5,"0",2026-03-01,"Palatine, Illinois","Mar 2026","2026-05-18 10:10:31 EDT",64407,1,"Individual Agencies"
"Robberies",1,1,"0",2026-03-01,"Palatine, Illinois","Mar 2026","2026-05-18 10:10:31 EDT",64407,1,"Individual Agencies"
"Thefts",90,90,"0",2026-03-01,"Palatine, Illinois","Mar 2026","2026-05-18 10:10:31 EDT",64407,1,"Individual Agencies"
"Violent Crimes",18,11,"63.6363636363636",2026-03-01,"Palatine, Illinois","Mar 2026","2026-05-18 10:10:31 EDT",64407,1,"Individual Agencies"
"Aggravated Assaults",15,15,"0",2026-03-01,"Palo Alto, California","Mar 2026","2026-05-18 10:10:31 EDT",64855,1,"Individual Agencies"
"Burglaries",48,50,"-4",2026-03-01,"Palo Alto, California","Mar 2026","2026-05-18 10:10:31 EDT",64855,1,"Individual Agencies"
"Motor Vehicle Thefts",9,31,"-70.9677419354839",2026-03-01,"Palo Alto, California","Mar 2026","2026-05-18 10:10:31 EDT",64855,1,"Individual Agencies"
"Murders",0,0,"0",2026-03-01,"Palo Alto, California","Mar 2026","2026-05-18 10:10:31 EDT",64855,1,"Individual Agencies"
"Property Crimes",395,465,"-15.0537634408602",2026-03-01,"Palo Alto, California","Mar 2026","2026-05-18 10:10:31 EDT",64855,1,"Individual Agencies"
"Rapes",7,5,"40",2026-03-01,"Palo Alto, California","Mar 2026","2026-05-18 10:10:31 EDT",64855,1,"Individual Agencies"
"Robberies",4,5,"-20",2026-03-01,"Palo Alto, California","Mar 2026","2026-05-18 10:10:31 EDT",64855,1,"Individual Agencies"
"Thefts",338,384,"-11.9791666666667",2026-03-01,"Palo Alto, California","Mar 2026","2026-05-18 10:10:31 EDT",64855,1,"Individual Agencies"
"Violent Crimes",26,25,"4",2026-03-01,"Palo Alto, California","Mar 2026","2026-05-18 10:10:31 EDT",64855,1,"Individual Agencies"
"Aggravated Assaults",13,27,"-51.8518518518518",2026-03-01,"Parker County, Texas","Mar 2026","2026-05-18 10:10:31 EDT",114776,1,"Individual Agencies"
"Burglaries",37,28,"32.1428571428571",2026-03-01,"Parker County, Texas","Mar 2026","2026-05-18 10:10:31 EDT",114776,1,"Individual Agencies"
"Motor Vehicle Thefts",6,15,"-60",2026-03-01,"Parker County, Texas","Mar 2026","2026-05-18 10:10:31 EDT",114776,1,"Individual Agencies"
"Murders",0,0,"0",2026-03-01,"Parker County, Texas","Mar 2026","2026-05-18 10:10:31 EDT",114776,1,"Individual Agencies"
"Property Crimes",154,173,"-10.9826589595376",2026-03-01,"Parker County, Texas","Mar 2026","2026-05-18 10:10:31 EDT",114776,1,"Individual Agencies"
"Rapes",6,8,"-25",2026-03-01,"Parker County, Texas","Mar 2026","2026-05-18 10:10:31 EDT",114776,1,"Individual Agencies"
"Robberies",0,2,"-100",2026-03-01,"Parker County, Texas","Mar 2026","2026-05-18 10:10:31 EDT",114776,1,"Individual Agencies"
"Thefts",111,130,"-14.6153846153846",2026-03-01,"Parker County, Texas","Mar 2026","2026-05-18 10:10:31 EDT",114776,1,"Individual Agencies"
"Violent Crimes",19,37,"-48.6486486486487",2026-03-01,"Parker County, Texas","Mar 2026","2026-05-18 10:10:31 EDT",114776,1,"Individual Agencies"
"Aggravated Assaults",15,14,"7.14285714285714",2026-02-01,"Parker, Colorado","Feb 2026","2026-05-18 10:10:31 EDT",62431,1,"Individual Agencies"
"Burglaries",14,19,"-26.3157894736842",2026-02-01,"Parker, Colorado","Feb 2026","2026-05-18 10:10:31 EDT",62431,1,"Individual Agencies"
"Motor Vehicle Thefts",7,6,"16.6666666666667",2026-02-01,"Parker, Colorado","Feb 2026","2026-05-18 10:10:31 EDT",62431,1,"Individual Agencies"
"Murders",1,0,"Undefined",2026-02-01,"Parker, Colorado","Feb 2026","2026-05-18 10:10:31 EDT",62431,1,"Individual Agencies"
"Rapes",8,2,"300",2026-02-01,"Parker, Colorado","Feb 2026","2026-05-18 10:10:31 EDT",62431,1,"Individual Agencies"
"Robberies",0,0,"0",2026-02-01,"Parker, Colorado","Feb 2026","2026-05-18 10:10:31 EDT",62431,1,"Individual Agencies"
"Thefts",99,103,"-3.88349514563107",2026-02-01,"Parker, Colorado","Feb 2026","2026-05-18 10:10:31 EDT",62431,1,"Individual Agencies"
"Aggravated Assaults",94,102,"-7.84313725490196",2026-03-01,"Pasadena, California","Mar 2026","2026-05-18 10:10:31 EDT",132210,1,"Individual Agencies"
"Burglaries",105,181,"-41.9889502762431",2026-03-01,"Pasadena, California","Mar 2026","2026-05-18 10:10:31 EDT",132210,1,"Individual Agencies"
"Motor Vehicle Thefts",44,92,"-52.1739130434783",2026-03-01,"Pasadena, California","Mar 2026","2026-05-18 10:10:31 EDT",132210,1,"Individual Agencies"
"Murders",1,1,"0",2026-03-01,"Pasadena, California","Mar 2026","2026-05-18 10:10:31 EDT",132210,1,"Individual Agencies"
"Property Crimes",737,776,"-5.02577319587629",2026-03-01,"Pasadena, California","Mar 2026","2026-05-18 10:10:31 EDT",132210,1,"Individual Agencies"
"Rapes",7,13,"-46.1538461538462",2026-03-01,"Pasadena, California","Mar 2026","2026-05-18 10:10:31 EDT",132210,1,"Individual Agencies"
"Robberies",18,40,"-55",2026-03-01,"Pasadena, California","Mar 2026","2026-05-18 10:10:31 EDT",132210,1,"Individual Agencies"
"Thefts",588,503,"16.8986083499006",2026-03-01,"Pasadena, California","Mar 2026","2026-05-18 10:10:31 EDT",132210,1,"Individual Agencies"
"Violent Crimes",120,156,"-23.0769230769231",2026-03-01,"Pasadena, California","Mar 2026","2026-05-18 10:10:31 EDT",132210,1,"Individual Agencies"
"Aggravated Assaults",68,148,"-54.0540540540541",2026-03-01,"Pasadena, Texas","Mar 2026","2026-05-18 10:10:31 EDT",145850,1,"Individual Agencies"
"Burglaries",55,85,"-35.2941176470588",2026-03-01,"Pasadena, Texas","Mar 2026","2026-05-18 10:10:31 EDT",145850,1,"Individual Agencies"
"Motor Vehicle Thefts",86,100,"-14",2026-03-01,"Pasadena, Texas","Mar 2026","2026-05-18 10:10:31 EDT",145850,1,"Individual Agencies"
"Murders",0,0,"0",2026-03-01,"Pasadena, Texas","Mar 2026","2026-05-18 10:10:31 EDT",145850,1,"Individual Agencies"
"Property Crimes",536,722,"-25.7617728531856",2026-03-01,"Pasadena, Texas","Mar 2026","2026-05-18 10:10:31 EDT",145850,1,"Individual Agencies"
"Rapes",27,31,"-12.9032258064516",2026-03-01,"Pasadena, Texas","Mar 2026","2026-05-18 10:10:31 EDT",145850,1,"Individual Agencies"
"Robberies",11,18,"-38.8888888888889",2026-03-01,"Pasadena, Texas","Mar 2026","2026-05-18 10:10:31 EDT",145850,1,"Individual Agencies"
"Thefts",395,537,"-26.4432029795158",2026-03-01,"Pasadena, Texas","Mar 2026","2026-05-18 10:10:31 EDT",145850,1,"Individual Agencies"
"Violent Crimes",106,197,"-46.1928934010152",2026-03-01,"Pasadena, Texas","Mar 2026","2026-05-18 10:10:31 EDT",145850,1,"Individual Agencies"
"Aggravated Assaults",192,208,"-7.69230769230769",2026-03-01,"Paterson, New Jersey","Mar 2026","2026-05-18 10:10:31 EDT",155991,1,"Individual Agencies"
"Burglaries",102,156,"-34.6153846153846",2026-03-01,"Paterson, New Jersey","Mar 2026","2026-05-18 10:10:31 EDT",155991,1,"Individual Agencies"
"Motor Vehicle Thefts",128,227,"-43.6123348017621",2026-03-01,"Paterson, New Jersey","Mar 2026","2026-05-18 10:10:31 EDT",155991,1,"Individual Agencies"
"Murders",3,4,"-25",2026-03-01,"Paterson, New Jersey","Mar 2026","2026-05-18 10:10:31 EDT",155991,1,"Individual Agencies"
"Property Crimes",658,1002,"-34.3313373253493",2026-03-01,"Paterson, New Jersey","Mar 2026","2026-05-18 10:10:31 EDT",155991,1,"Individual Agencies"
"Rapes",7,13,"-46.1538461538462",2026-03-01,"Paterson, New Jersey","Mar 2026","2026-05-18 10:10:31 EDT",155991,1,"Individual Agencies"
"Robberies",47,77,"-38.961038961039",2026-03-01,"Paterson, New Jersey","Mar 2026","2026-05-18 10:10:31 EDT",155991,1,"Individual Agencies"
"Thefts",428,619,"-30.8562197092084",2026-03-01,"Paterson, New Jersey","Mar 2026","2026-05-18 10:10:31 EDT",155991,1,"Individual Agencies"
"Violent Crimes",249,302,"-17.5496688741722",2026-03-01,"Paterson, New Jersey","Mar 2026","2026-05-18 10:10:31 EDT",155991,1,"Individual Agencies"
"Aggravated Assaults",125,94,"32.9787234042553",2026-03-01,"Paulding County, Georgia","Mar 2026","2026-05-18 10:10:31 EDT",162740,1,"Individual Agencies"
"Burglaries",15,15,"0",2026-03-01,"Paulding County, Georgia","Mar 2026","2026-05-18 10:10:31 EDT",162740,1,"Individual Agencies"
"Motor Vehicle Thefts",10,26,"-61.5384615384615",2026-03-01,"Paulding County, Georgia","Mar 2026","2026-05-18 10:10:31 EDT",162740,1,"Individual Agencies"
"Murders",0,1,"-100",2026-03-01,"Paulding County, Georgia","Mar 2026","2026-05-18 10:10:31 EDT",162740,1,"Individual Agencies"
"Property Crimes",141,255,"-44.7058823529412",2026-03-01,"Paulding County, Georgia","Mar 2026","2026-05-18 10:10:31 EDT",162740,1,"Individual Agencies"
"Rapes",14,13,"7.69230769230769",2026-03-01,"Paulding County, Georgia","Mar 2026","2026-05-18 10:10:31 EDT",162740,1,"Individual Agencies"
"Robberies",2,4,"-50",2026-03-01,"Paulding County, Georgia","Mar 2026","2026-05-18 10:10:31 EDT",162740,1,"Individual Agencies"
"Thefts",116,214,"-45.7943925233645",2026-03-01,"Paulding County, Georgia","Mar 2026","2026-05-18 10:10:31 EDT",162740,1,"Individual Agencies"
"Violent Crimes",141,112,"25.8928571428571",2026-03-01,"Paulding County, Georgia","Mar 2026","2026-05-18 10:10:31 EDT",162740,1,"Individual Agencies"
"Aggravated Assaults",27,24,"12.5",2026-03-01,"Pawtucket, Rhode Island","Mar 2026","2026-05-18 10:10:31 EDT",75100,1,"Individual Agencies"
"Burglaries",22,23,"-4.34782608695652",2026-03-01,"Pawtucket, Rhode Island","Mar 2026","2026-05-18 10:10:31 EDT",75100,1,"Individual Agencies"
"Motor Vehicle Thefts",31,36,"-13.8888888888889",2026-03-01,"Pawtucket, Rhode Island","Mar 2026","2026-05-18 10:10:31 EDT",75100,1,"Individual Agencies"
"Murders",3,0,"Undefined",2026-03-01,"Pawtucket, Rhode Island","Mar 2026","2026-05-18 10:10:31 EDT",75100,1,"Individual Agencies"
"Property Crimes",231,213,"8.45070422535211",2026-03-01,"Pawtucket, Rhode Island","Mar 2026","2026-05-18 10:10:31 EDT",75100,1,"Individual Agencies"
"Rapes",9,8,"12.5",2026-03-01,"Pawtucket, Rhode Island","Mar 2026","2026-05-18 10:10:31 EDT",75100,1,"Individual Agencies"
"Robberies",4,7,"-42.8571428571429",2026-03-01,"Pawtucket, Rhode Island","Mar 2026","2026-05-18 10:10:31 EDT",75100,1,"Individual Agencies"
"Thefts",178,154,"15.5844155844156",2026-03-01,"Pawtucket, Rhode Island","Mar 2026","2026-05-18 10:10:31 EDT",75100,1,"Individual Agencies"
"Violent Crimes",43,39,"10.2564102564103",2026-03-01,"Pawtucket, Rhode Island","Mar 2026","2026-05-18 10:10:31 EDT",75100,1,"Individual Agencies"
"Aggravated Assaults",27,24,"12.5",2026-03-01,"Peabody, Massachusetts","Mar 2026","2026-05-18 10:10:31 EDT",53841,1,"Individual Agencies"
"Burglaries",8,7,"14.2857142857143",2026-03-01,"Peabody, Massachusetts","Mar 2026","2026-05-18 10:10:31 EDT",53841,1,"Individual Agencies"
"Motor Vehicle Thefts",4,12,"-66.6666666666667",2026-03-01,"Peabody, Massachusetts","Mar 2026","2026-05-18 10:10:31 EDT",53841,1,"Individual Agencies"
"Murders",0,0,"0",2026-03-01,"Peabody, Massachusetts","Mar 2026","2026-05-18 10:10:31 EDT",53841,1,"Individual Agencies"
"Property Crimes",76,89,"-14.6067415730337",2026-03-01,"Peabody, Massachusetts","Mar 2026","2026-05-18 10:10:31 EDT",53841,1,"Individual Agencies"
"Rapes",2,2,"0",2026-03-01,"Peabody, Massachusetts","Mar 2026","2026-05-18 10:10:31 EDT",53841,1,"Individual Agencies"
"Robberies",3,1,"200",2026-03-01,"Peabody, Massachusetts","Mar 2026","2026-05-18 10:10:31 EDT",53841,1,"Individual Agencies"
"Thefts",64,70,"-8.57142857142857",2026-03-01,"Peabody, Massachusetts","Mar 2026","2026-05-18 10:10:31 EDT",53841,1,"Individual Agencies"
"Violent Crimes",32,27,"18.5185185185185",2026-03-01,"Peabody, Massachusetts","Mar 2026","2026-05-18 10:10:31 EDT",53841,1,"Individual Agencies"
"Aggravated Assaults",14,19,"-26.3157894736842",2026-03-01,"Pearland, Texas","Mar 2026","2026-05-18 10:10:31 EDT",127433,1,"Individual Agencies"
"Burglaries",16,22,"-27.2727272727273",2026-03-01,"Pearland, Texas","Mar 2026","2026-05-18 10:10:31 EDT",127433,1,"Individual Agencies"
"Motor Vehicle Thefts",29,21,"38.0952380952381",2026-03-01,"Pearland, Texas","Mar 2026","2026-05-18 10:10:31 EDT",127433,1,"Individual Agencies"
"Murders",0,1,"-100",2026-03-01,"Pearland, Texas","Mar 2026","2026-05-18 10:10:31 EDT",127433,1,"Individual Agencies"
"Property Crimes",316,379,"-16.622691292876",2026-03-01,"Pearland, Texas","Mar 2026","2026-05-18 10:10:31 EDT",127433,1,"Individual Agencies"
"Rapes",9,10,"-10",2026-03-01,"Pearland, Texas","Mar 2026","2026-05-18 10:10:31 EDT",127433,1,"Individual Agencies"
"Robberies",5,4,"25",2026-03-01,"Pearland, Texas","Mar 2026","2026-05-18 10:10:31 EDT",127433,1,"Individual Agencies"
"Thefts",271,336,"-19.3452380952381",2026-03-01,"Pearland, Texas","Mar 2026","2026-05-18 10:10:31 EDT",127433,1,"Individual Agencies"
"Violent Crimes",28,34,"-17.6470588235294",2026-03-01,"Pearland, Texas","Mar 2026","2026-05-18 10:10:31 EDT",127433,1,"Individual Agencies"
"Aggravated Assaults",8,16,"-50",2026-03-01,"Petaluma, California","Mar 2026","2026-05-18 10:10:31 EDT",58099,1,"Individual Agencies"
"Burglaries",17,9,"88.8888888888889",2026-03-01,"Petaluma, California","Mar 2026","2026-05-18 10:10:31 EDT",58099,1,"Individual Agencies"
"Motor Vehicle Thefts",23,27,"-14.8148148148148",2026-03-01,"Petaluma, California","Mar 2026","2026-05-18 10:10:31 EDT",58099,1,"Individual Agencies"
"Murders",0,0,"0",2026-03-01,"Petaluma, California","Mar 2026","2026-05-18 10:10:31 EDT",58099,1,"Individual Agencies"
"Property Crimes",139,218,"-36.2385321100917",2026-03-01,"Petaluma, California","Mar 2026","2026-05-18 10:10:31 EDT",58099,1,"Individual Agencies"
"Rapes",10,8,"25",2026-03-01,"Petaluma, California","Mar 2026","2026-05-18 10:10:31 EDT",58099,1,"Individual Agencies"
"Robberies",6,5,"20",2026-03-01,"Petaluma, California","Mar 2026","2026-05-18 10:10:31 EDT",58099,1,"Individual Agencies"
"Thefts",99,182,"-45.6043956043956",2026-03-01,"Petaluma, California","Mar 2026","2026-05-18 10:10:31 EDT",58099,1,"Individual Agencies"
"Violent Crimes",24,29,"-17.2413793103448",2026-03-01,"Petaluma, California","Mar 2026","2026-05-18 10:10:31 EDT",58099,1,"Individual Agencies"
"Aggravated Assaults",19,18,"5.55555555555556",2026-03-01,"Pflugerville, Texas","Mar 2026","2026-05-18 10:10:31 EDT",65599,1,"Individual Agencies"
"Burglaries",31,26,"19.2307692307692",2026-03-01,"Pflugerville, Texas","Mar 2026","2026-05-18 10:10:31 EDT",65599,1,"Individual Agencies"
"Motor Vehicle Thefts",16,19,"-15.7894736842105",2026-03-01,"Pflugerville, Texas","Mar 2026","2026-05-18 10:10:31 EDT",65599,1,"Individual Agencies"
"Murders",0,1,"-100",2026-03-01,"Pflugerville, Texas","Mar 2026","2026-05-18 10:10:31 EDT",65599,1,"Individual Agencies"
"Property Crimes",211,245,"-13.8775510204082",2026-03-01,"Pflugerville, Texas","Mar 2026","2026-05-18 10:10:31 EDT",65599,1,"Individual Agencies"
"Rapes",8,5,"60",2026-03-01,"Pflugerville, Texas","Mar 2026","2026-05-18 10:10:31 EDT",65599,1,"Individual Agencies"
"Robberies",1,5,"-80",2026-03-01,"Pflugerville, Texas","Mar 2026","2026-05-18 10:10:31 EDT",65599,1,"Individual Agencies"
"Thefts",164,200,"-18",2026-03-01,"Pflugerville, Texas","Mar 2026","2026-05-18 10:10:31 EDT",65599,1,"Individual Agencies"
"Violent Crimes",28,29,"-3.44827586206897",2026-03-01,"Pflugerville, Texas","Mar 2026","2026-05-18 10:10:31 EDT",65599,1,"Individual Agencies"
"Aggravated Assaults",32,25,"28",2026-03-01,"Pharr, Texas","Mar 2026","2026-05-18 10:10:31 EDT",80359,1,"Individual Agencies"
"Burglaries",32,31,"3.2258064516129",2026-03-01,"Pharr, Texas","Mar 2026","2026-05-18 10:10:31 EDT",80359,1,"Individual Agencies"
"Motor Vehicle Thefts",11,16,"-31.25",2026-03-01,"Pharr, Texas","Mar 2026","2026-05-18 10:10:31 EDT",80359,1,"Individual Agencies"
"Murders",1,1,"0",2026-03-01,"Pharr, Texas","Mar 2026","2026-05-18 10:10:31 EDT",80359,1,"Individual Agencies"
"Property Crimes",221,212,"4.24528301886792",2026-03-01,"Pharr, Texas","Mar 2026","2026-05-18 10:10:31 EDT",80359,1,"Individual Agencies"
"Rapes",17,9,"88.8888888888889",2026-03-01,"Pharr, Texas","Mar 2026","2026-05-18 10:10:31 EDT",80359,1,"Individual Agencies"
"Robberies",3,7,"-57.1428571428571",2026-03-01,"Pharr, Texas","Mar 2026","2026-05-18 10:10:31 EDT",80359,1,"Individual Agencies"
"Thefts",178,165,"7.87878787878788",2026-03-01,"Pharr, Texas","Mar 2026","2026-05-18 10:10:31 EDT",80359,1,"Individual Agencies"
"Violent Crimes",53,42,"26.1904761904762",2026-03-01,"Pharr, Texas","Mar 2026","2026-05-18 10:10:31 EDT",80359,1,"Individual Agencies"
"Aggravated Assaults",1636,1842,"-11.1834961997828",2026-03-01,"Philadelphia, Pennsylvania","Mar 2026","2026-05-18 10:10:31 EDT",1550843,1,"Individual Agencies"
"Burglaries",898,1075,"-16.4651162790698",2026-03-01,"Philadelphia, Pennsylvania","Mar 2026","2026-05-18 10:10:31 EDT",1550843,1,"Individual Agencies"
"Motor Vehicle Thefts",2981,3320,"-10.210843373494",2026-03-01,"Philadelphia, Pennsylvania","Mar 2026","2026-05-18 10:10:31 EDT",1550843,1,"Individual Agencies"
"Murders",22,49,"-55.1020408163265",2026-03-01,"Philadelphia, Pennsylvania","Mar 2026","2026-05-18 10:10:31 EDT",1550843,1,"Individual Agencies"
"Property Crimes",13386,14809,"-9.60902154095482",2026-03-01,"Philadelphia, Pennsylvania","Mar 2026","2026-05-18 10:10:31 EDT",1550843,1,"Individual Agencies"
"Rapes",131,140,"-6.42857142857143",2026-03-01,"Philadelphia, Pennsylvania","Mar 2026","2026-05-18 10:10:31 EDT",1550843,1,"Individual Agencies"
"Robberies",690,792,"-12.8787878787879",2026-03-01,"Philadelphia, Pennsylvania","Mar 2026","2026-05-18 10:10:31 EDT",1550843,1,"Individual Agencies"
"Thefts",9507,10414,"-8.70942961398118",2026-03-01,"Philadelphia, Pennsylvania","Mar 2026","2026-05-18 10:10:31 EDT",1550843,1,"Individual Agencies"
"Violent Crimes",2479,2823,"-12.185618136734",2026-03-01,"Philadelphia, Pennsylvania","Mar 2026","2026-05-18 10:10:31 EDT",1550843,1,"Individual Agencies"
"Aggravated Assaults",2069,2046,"1.12414467253177",2026-03-01,"Phoenix, Arizona","Mar 2026","2026-05-18 10:10:31 EDT",1660686,1,"Individual Agencies"
"Burglaries",1126,1077,"4.54967502321263",2026-03-01,"Phoenix, Arizona","Mar 2026","2026-05-18 10:10:31 EDT",1660686,1,"Individual Agencies"
"Motor Vehicle Thefts",1244,1636,"-23.960880195599",2026-03-01,"Phoenix, Arizona","Mar 2026","2026-05-18 10:10:31 EDT",1660686,1,"Individual Agencies"
"Murders",26,30,"-13.3333333333333",2026-03-01,"Phoenix, Arizona","Mar 2026","2026-05-18 10:10:31 EDT",1660686,1,"Individual Agencies"
"Property Crimes",8110,8651,"-6.25361229915617",2026-03-01,"Phoenix, Arizona","Mar 2026","2026-05-18 10:10:31 EDT",1660686,1,"Individual Agencies"
"Rapes",242,248,"-2.41935483870968",2026-03-01,"Phoenix, Arizona","Mar 2026","2026-05-18 10:10:31 EDT",1660686,1,"Individual Agencies"
"Robberies",593,616,"-3.73376623376623",2026-03-01,"Phoenix, Arizona","Mar 2026","2026-05-18 10:10:31 EDT",1660686,1,"Individual Agencies"
"Thefts",5740,5938,"-3.33445604580667",2026-03-01,"Phoenix, Arizona","Mar 2026","2026-05-18 10:10:31 EDT",1660686,1,"Individual Agencies"
"Violent Crimes",2930,2940,"-0.340136054421769",2026-03-01,"Phoenix, Arizona","Mar 2026","2026-05-18 10:10:31 EDT",1660686,1,"Individual Agencies"
"Aggravated Assaults",178,178,"0",2026-03-01,"Pima County, Arizona","Mar 2026","2026-05-18 10:10:31 EDT",365222,1,"Individual Agencies"
"Burglaries",194,306,"-36.6013071895425",2026-03-01,"Pima County, Arizona","Mar 2026","2026-05-18 10:10:31 EDT",365222,1,"Individual Agencies"
"Motor Vehicle Thefts",93,141,"-34.0425531914894",2026-03-01,"Pima County, Arizona","Mar 2026","2026-05-18 10:10:31 EDT",365222,1,"Individual Agencies"
"Murders",1,3,"-66.6666666666667",2026-03-01,"Pima County, Arizona","Mar 2026","2026-05-18 10:10:31 EDT",365222,1,"Individual Agencies"
"Property Crimes",1529,1765,"-13.371104815864",2026-03-01,"Pima County, Arizona","Mar 2026","2026-05-18 10:10:31 EDT",365222,1,"Individual Agencies"
"Rapes",8,19,"-57.8947368421053",2026-03-01,"Pima County, Arizona","Mar 2026","2026-05-18 10:10:31 EDT",365222,1,"Individual Agencies"
"Robberies",10,10,"0",2026-03-01,"Pima County, Arizona","Mar 2026","2026-05-18 10:10:31 EDT",365222,1,"Individual Agencies"
"Thefts",1242,1318,"-5.76631259484067",2026-03-01,"Pima County, Arizona","Mar 2026","2026-05-18 10:10:31 EDT",365222,1,"Individual Agencies"
"Violent Crimes",197,210,"-6.19047619047619",2026-03-01,"Pima County, Arizona","Mar 2026","2026-05-18 10:10:31 EDT",365222,1,"Individual Agencies"
"Aggravated Assaults",49,42,"16.6666666666667",2026-03-01,"Pinal County, Arizona","Mar 2026","2026-05-18 10:10:31 EDT",229832,1,"Individual Agencies"
"Burglaries",38,36,"5.55555555555556",2026-03-01,"Pinal County, Arizona","Mar 2026","2026-05-18 10:10:31 EDT",229832,1,"Individual Agencies"
"Motor Vehicle Thefts",26,52,"-50",2026-03-01,"Pinal County, Arizona","Mar 2026","2026-05-18 10:10:31 EDT",229832,1,"Individual Agencies"
"Murders",0,0,"0",2026-03-01,"Pinal County, Arizona","Mar 2026","2026-05-18 10:10:31 EDT",229832,1,"Individual Agencies"
"Property Crimes",195,301,"-35.2159468438538",2026-03-01,"Pinal County, Arizona","Mar 2026","2026-05-18 10:10:31 EDT",229832,1,"Individual Agencies"
"Rapes",5,2,"150",2026-03-01,"Pinal County, Arizona","Mar 2026","2026-05-18 10:10:31 EDT",229832,1,"Individual Agencies"
"Robberies",4,2,"100",2026-03-01,"Pinal County, Arizona","Mar 2026","2026-05-18 10:10:31 EDT",229832,1,"Individual Agencies"
"Thefts",131,213,"-38.4976525821596",2026-03-01,"Pinal County, Arizona","Mar 2026","2026-05-18 10:10:31 EDT",229832,1,"Individual Agencies"
"Violent Crimes",58,46,"26.0869565217391",2026-03-01,"Pinal County, Arizona","Mar 2026","2026-05-18 10:10:31 EDT",229832,1,"Individual Agencies"
"Aggravated Assaults",204,193,"5.69948186528497",2026-03-01,"Pittsburgh, Pennsylvania","Mar 2026","2026-05-18 10:10:31 EDT",304825,1,"Individual Agencies"
"Burglaries",177,278,"-36.3309352517986",2026-03-01,"Pittsburgh, Pennsylvania","Mar 2026","2026-05-18 10:10:31 EDT",304825,1,"Individual Agencies"
"Motor Vehicle Thefts",212,246,"-13.8211382113821",2026-03-01,"Pittsburgh, Pennsylvania","Mar 2026","2026-05-18 10:10:31 EDT",304825,1,"Individual Agencies"
"Murders",7,9,"-22.2222222222222",2026-03-01,"Pittsburgh, Pennsylvania","Mar 2026","2026-05-18 10:10:31 EDT",304825,1,"Individual Agencies"
"Property Crimes",1942,2076,"-6.45472061657033",2026-03-01,"Pittsburgh, Pennsylvania","Mar 2026","2026-05-18 10:10:31 EDT",304825,1,"Individual Agencies"
"Rapes",47,35,"34.2857142857143",2026-03-01,"Pittsburgh, Pennsylvania","Mar 2026","2026-05-18 10:10:31 EDT",304825,1,"Individual Agencies"
"Robberies",69,92,"-25",2026-03-01,"Pittsburgh, Pennsylvania","Mar 2026","2026-05-18 10:10:31 EDT",304825,1,"Individual Agencies"
"Thefts",1553,1552,"0.0644329896907216",2026-03-01,"Pittsburgh, Pennsylvania","Mar 2026","2026-05-18 10:10:31 EDT",304825,1,"Individual Agencies"
"Violent Crimes",327,329,"-0.60790273556231",2026-03-01,"Pittsburgh, Pennsylvania","Mar 2026","2026-05-18 10:10:31 EDT",304825,1,"Individual Agencies"
"Aggravated Assaults",19,35,"-45.7142857142857",2026-02-01,"Pittsfield, Massachusetts","Feb 2026","2026-05-18 10:10:31 EDT",43078,1,"Individual Agencies"
"Burglaries",22,13,"69.2307692307692",2026-02-01,"Pittsfield, Massachusetts","Feb 2026","2026-05-18 10:10:31 EDT",43078,1,"Individual Agencies"
"Motor Vehicle Thefts",6,6,"0",2026-02-01,"Pittsfield, Massachusetts","Feb 2026","2026-05-18 10:10:31 EDT",43078,1,"Individual Agencies"
"Murders",0,0,"0",2026-02-01,"Pittsfield, Massachusetts","Feb 2026","2026-05-18 10:10:31 EDT",43078,1,"Individual Agencies"
"Rapes",1,6,"-83.3333333333333",2026-02-01,"Pittsfield, Massachusetts","Feb 2026","2026-05-18 10:10:31 EDT",43078,1,"Individual Agencies"
"Robberies",1,4,"-75",2026-02-01,"Pittsfield, Massachusetts","Feb 2026","2026-05-18 10:10:31 EDT",43078,1,"Individual Agencies"
"Thefts",40,29,"37.9310344827586",2026-02-01,"Pittsfield, Massachusetts","Feb 2026","2026-05-18 10:10:31 EDT",43078,1,"Individual Agencies"
"Aggravated Assaults",57,66,"-13.6363636363636",2026-03-01,"Placer County, California","Mar 2026","2026-05-18 10:10:31 EDT",125007,1,"Individual Agencies"
"Burglaries",27,59,"-54.2372881355932",2026-03-01,"Placer County, California","Mar 2026","2026-05-18 10:10:31 EDT",125007,1,"Individual Agencies"
"Motor Vehicle Thefts",6,5,"20",2026-03-01,"Placer County, California","Mar 2026","2026-05-18 10:10:31 EDT",125007,1,"Individual Agencies"
"Murders",0,1,"-100",2026-03-01,"Placer County, California","Mar 2026","2026-05-18 10:10:31 EDT",125007,1,"Individual Agencies"
"Property Crimes",197,229,"-13.9737991266376",2026-03-01,"Placer County, California","Mar 2026","2026-05-18 10:10:31 EDT",125007,1,"Individual Agencies"
"Rapes",11,15,"-26.6666666666667",2026-03-01,"Placer County, California","Mar 2026","2026-05-18 10:10:31 EDT",125007,1,"Individual Agencies"
"Robberies",5,6,"-16.6666666666667",2026-03-01,"Placer County, California","Mar 2026","2026-05-18 10:10:31 EDT",125007,1,"Individual Agencies"
"Thefts",164,165,"-0.606060606060606",2026-03-01,"Placer County, California","Mar 2026","2026-05-18 10:10:31 EDT",125007,1,"Individual Agencies"
"Violent Crimes",73,88,"-17.0454545454545",2026-03-01,"Placer County, California","Mar 2026","2026-05-18 10:10:31 EDT",125007,1,"Individual Agencies"
"Aggravated Assaults",65,66,"-1.51515151515152",2026-03-01,"Plano, Texas","Mar 2026","2026-05-18 10:10:31 EDT",291140,1,"Individual Agencies"
"Burglaries",118,94,"25.531914893617",2026-03-01,"Plano, Texas","Mar 2026","2026-05-18 10:10:31 EDT",291140,1,"Individual Agencies"
"Motor Vehicle Thefts",51,57,"-10.5263157894737",2026-03-01,"Plano, Texas","Mar 2026","2026-05-18 10:10:31 EDT",291140,1,"Individual Agencies"
"Murders",0,0,"0",2026-03-01,"Plano, Texas","Mar 2026","2026-05-18 10:10:31 EDT",291140,1,"Individual Agencies"
"Property Crimes",799,899,"-11.1234705228031",2026-03-01,"Plano, Texas","Mar 2026","2026-05-18 10:10:31 EDT",291140,1,"Individual Agencies"
"Rapes",16,17,"-5.88235294117647",2026-03-01,"Plano, Texas","Mar 2026","2026-05-18 10:10:31 EDT",291140,1,"Individual Agencies"
"Robberies",11,16,"-31.25",2026-03-01,"Plano, Texas","Mar 2026","2026-05-18 10:10:31 EDT",291140,1,"Individual Agencies"
"Thefts",630,748,"-15.7754010695187",2026-03-01,"Plano, Texas","Mar 2026","2026-05-18 10:10:31 EDT",291140,1,"Individual Agencies"
"Violent Crimes",92,99,"-7.07070707070707",2026-03-01,"Plano, Texas","Mar 2026","2026-05-18 10:10:31 EDT",291140,1,"Individual Agencies"
"Aggravated Assaults",5,11,"-54.5454545454545",2026-03-01,"Pleasanton, California","Mar 2026","2026-05-18 10:10:31 EDT",75238,1,"Individual Agencies"
"Burglaries",22,50,"-56",2026-03-01,"Pleasanton, California","Mar 2026","2026-05-18 10:10:31 EDT",75238,1,"Individual Agencies"
"Motor Vehicle Thefts",32,28,"14.2857142857143",2026-03-01,"Pleasanton, California","Mar 2026","2026-05-18 10:10:31 EDT",75238,1,"Individual Agencies"
"Murders",2,0,"Undefined",2026-03-01,"Pleasanton, California","Mar 2026","2026-05-18 10:10:31 EDT",75238,1,"Individual Agencies"
"Property Crimes",213,294,"-27.5510204081633",2026-03-01,"Pleasanton, California","Mar 2026","2026-05-18 10:10:31 EDT",75238,1,"Individual Agencies"
"Rapes",0,3,"-100",2026-03-01,"Pleasanton, California","Mar 2026","2026-05-18 10:10:31 EDT",75238,1,"Individual Agencies"
"Robberies",6,10,"-40",2026-03-01,"Pleasanton, California","Mar 2026","2026-05-18 10:10:31 EDT",75238,1,"Individual Agencies"
"Thefts",159,216,"-26.3888888888889",2026-03-01,"Pleasanton, California","Mar 2026","2026-05-18 10:10:31 EDT",75238,1,"Individual Agencies"
"Violent Crimes",13,24,"-45.8333333333333",2026-03-01,"Pleasanton, California","Mar 2026","2026-05-18 10:10:31 EDT",75238,1,"Individual Agencies"
"Aggravated Assaults",41,49,"-16.3265306122449",2026-03-01,"Plymouth, Massachusetts","Mar 2026","2026-05-18 10:10:31 EDT",68771,1,"Individual Agencies"
"Burglaries",6,4,"50",2026-03-01,"Plymouth, Massachusetts","Mar 2026","2026-05-18 10:10:31 EDT",68771,1,"Individual Agencies"
"Motor Vehicle Thefts",5,4,"25",2026-03-01,"Plymouth, Massachusetts","Mar 2026","2026-05-18 10:10:31 EDT",68771,1,"Individual Agencies"
"Murders",0,0,"0",2026-03-01,"Plymouth, Massachusetts","Mar 2026","2026-05-18 10:10:31 EDT",68771,1,"Individual Agencies"
"Property Crimes",65,79,"-17.7215189873418",2026-03-01,"Plymouth, Massachusetts","Mar 2026","2026-05-18 10:10:31 EDT",68771,1,"Individual Agencies"
"Rapes",3,3,"0",2026-03-01,"Plymouth, Massachusetts","Mar 2026","2026-05-18 10:10:31 EDT",68771,1,"Individual Agencies"
"Robberies",1,0,"Undefined",2026-03-01,"Plymouth, Massachusetts","Mar 2026","2026-05-18 10:10:31 EDT",68771,1,"Individual Agencies"
"Thefts",54,71,"-23.943661971831",2026-03-01,"Plymouth, Massachusetts","Mar 2026","2026-05-18 10:10:31 EDT",68771,1,"Individual Agencies"
"Violent Crimes",45,52,"-13.4615384615385",2026-03-01,"Plymouth, Massachusetts","Mar 2026","2026-05-18 10:10:31 EDT",68771,1,"Individual Agencies"
"Aggravated Assaults",10,9,"11.1111111111111",2026-03-01,"Plymouth, Minnesota","Mar 2026","2026-05-18 10:10:31 EDT",77576,1,"Individual Agencies"
"Burglaries",12,23,"-47.8260869565217",2026-03-01,"Plymouth, Minnesota","Mar 2026","2026-05-18 10:10:31 EDT",77576,1,"Individual Agencies"
"Motor Vehicle Thefts",8,7,"14.2857142857143",2026-03-01,"Plymouth, Minnesota","Mar 2026","2026-05-18 10:10:31 EDT",77576,1,"Individual Agencies"
"Murders",0,0,"0",2026-03-01,"Plymouth, Minnesota","Mar 2026","2026-05-18 10:10:31 EDT",77576,1,"Individual Agencies"
"Property Crimes",117,160,"-26.875",2026-03-01,"Plymouth, Minnesota","Mar 2026","2026-05-18 10:10:31 EDT",77576,1,"Individual Agencies"
"Rapes",2,4,"-50",2026-03-01,"Plymouth, Minnesota","Mar 2026","2026-05-18 10:10:31 EDT",77576,1,"Individual Agencies"
"Robberies",5,0,"Undefined",2026-03-01,"Plymouth, Minnesota","Mar 2026","2026-05-18 10:10:31 EDT",77576,1,"Individual Agencies"
"Thefts",97,130,"-25.3846153846154",2026-03-01,"Plymouth, Minnesota","Mar 2026","2026-05-18 10:10:31 EDT",77576,1,"Individual Agencies"
"Violent Crimes",17,13,"30.7692307692308",2026-03-01,"Plymouth, Minnesota","Mar 2026","2026-05-18 10:10:31 EDT",77576,1,"Individual Agencies"
"Aggravated Assaults",38,19,"100",2026-02-01,"Pocatello, Idaho","Feb 2026","2026-05-18 10:10:31 EDT",58390,1,"Individual Agencies"
"Burglaries",16,9,"77.7777777777778",2026-02-01,"Pocatello, Idaho","Feb 2026","2026-05-18 10:10:31 EDT",58390,1,"Individual Agencies"
"Motor Vehicle Thefts",11,15,"-26.6666666666667",2026-02-01,"Pocatello, Idaho","Feb 2026","2026-05-18 10:10:31 EDT",58390,1,"Individual Agencies"
"Murders",0,0,"0",2026-02-01,"Pocatello, Idaho","Feb 2026","2026-05-18 10:10:31 EDT",58390,1,"Individual Agencies"
"Rapes",3,1,"200",2026-02-01,"Pocatello, Idaho","Feb 2026","2026-05-18 10:10:31 EDT",58390,1,"Individual Agencies"
"Robberies",1,0,"Undefined",2026-02-01,"Pocatello, Idaho","Feb 2026","2026-05-18 10:10:31 EDT",58390,1,"Individual Agencies"
"Thefts",98,121,"-19.0082644628099",2026-02-01,"Pocatello, Idaho","Feb 2026","2026-05-18 10:10:31 EDT",58390,1,"Individual Agencies"
"Aggravated Assaults",151,144,"4.86111111111111",2026-03-01,"Pomona, California","Mar 2026","2026-05-18 10:10:31 EDT",143578,1,"Individual Agencies"
"Burglaries",128,126,"1.58730158730159",2026-03-01,"Pomona, California","Mar 2026","2026-05-18 10:10:31 EDT",143578,1,"Individual Agencies"
"Motor Vehicle Thefts",183,161,"13.6645962732919",2026-03-01,"Pomona, California","Mar 2026","2026-05-18 10:10:31 EDT",143578,1,"Individual Agencies"
"Murders",1,4,"-75",2026-03-01,"Pomona, California","Mar 2026","2026-05-18 10:10:31 EDT",143578,1,"Individual Agencies"
"Property Crimes",775,811,"-4.43896424167694",2026-03-01,"Pomona, California","Mar 2026","2026-05-18 10:10:31 EDT",143578,1,"Individual Agencies"
"Rapes",17,21,"-19.047619047619",2026-03-01,"Pomona, California","Mar 2026","2026-05-18 10:10:31 EDT",143578,1,"Individual Agencies"
"Robberies",69,56,"23.2142857142857",2026-03-01,"Pomona, California","Mar 2026","2026-05-18 10:10:31 EDT",143578,1,"Individual Agencies"
"Thefts",464,524,"-11.4503816793893",2026-03-01,"Pomona, California","Mar 2026","2026-05-18 10:10:31 EDT",143578,1,"Individual Agencies"
"Violent Crimes",238,225,"5.77777777777778",2026-03-01,"Pomona, California","Mar 2026","2026-05-18 10:10:31 EDT",143578,1,"Individual Agencies"
"Aggravated Assaults",107,89,"20.2247191011236",2026-03-01,"Pontiac, Michigan","Mar 2026","2026-05-18 10:10:31 EDT",61871,1,"Individual Agencies"
"Burglaries",27,36,"-25",2026-03-01,"Pontiac, Michigan","Mar 2026","2026-05-18 10:10:31 EDT",61871,1,"Individual Agencies"
"Motor Vehicle Thefts",23,28,"-17.8571428571429",2026-03-01,"Pontiac, Michigan","Mar 2026","2026-05-18 10:10:31 EDT",61871,1,"Individual Agencies"
"Murders",1,1,"0",2026-03-01,"Pontiac, Michigan","Mar 2026","2026-05-18 10:10:31 EDT",61871,1,"Individual Agencies"
"Property Crimes",171,164,"4.26829268292683",2026-03-01,"Pontiac, Michigan","Mar 2026","2026-05-18 10:10:31 EDT",61871,1,"Individual Agencies"
"Rapes",4,12,"-66.6666666666667",2026-03-01,"Pontiac, Michigan","Mar 2026","2026-05-18 10:10:31 EDT",61871,1,"Individual Agencies"
"Robberies",7,13,"-46.1538461538462",2026-03-01,"Pontiac, Michigan","Mar 2026","2026-05-18 10:10:31 EDT",61871,1,"Individual Agencies"
"Thefts",121,100,"21",2026-03-01,"Pontiac, Michigan","Mar 2026","2026-05-18 10:10:31 EDT",61871,1,"Individual Agencies"
"Violent Crimes",119,115,"3.47826086956522",2026-03-01,"Pontiac, Michigan","Mar 2026","2026-05-18 10:10:31 EDT",61871,1,"Individual Agencies"
"Aggravated Assaults",47,48,"-2.08333333333333",2026-03-01,"Port Arthur, Texas","Mar 2026","2026-05-18 10:10:31 EDT",55371,1,"Individual Agencies"
"Burglaries",52,51,"1.96078431372549",2026-03-01,"Port Arthur, Texas","Mar 2026","2026-05-18 10:10:31 EDT",55371,1,"Individual Agencies"
"Motor Vehicle Thefts",15,15,"0",2026-03-01,"Port Arthur, Texas","Mar 2026","2026-05-18 10:10:31 EDT",55371,1,"Individual Agencies"
"Murders",0,2,"-100",2026-03-01,"Port Arthur, Texas","Mar 2026","2026-05-18 10:10:31 EDT",55371,1,"Individual Agencies"
"Property Crimes",176,184,"-4.34782608695652",2026-03-01,"Port Arthur, Texas","Mar 2026","2026-05-18 10:10:31 EDT",55371,1,"Individual Agencies"
"Rapes",14,10,"40",2026-03-01,"Port Arthur, Texas","Mar 2026","2026-05-18 10:10:31 EDT",55371,1,"Individual Agencies"
"Robberies",12,5,"140",2026-03-01,"Port Arthur, Texas","Mar 2026","2026-05-18 10:10:31 EDT",55371,1,"Individual Agencies"
"Thefts",109,118,"-7.6271186440678",2026-03-01,"Port Arthur, Texas","Mar 2026","2026-05-18 10:10:31 EDT",55371,1,"Individual Agencies"
"Violent Crimes",73,65,"12.3076923076923",2026-03-01,"Port Arthur, Texas","Mar 2026","2026-05-18 10:10:31 EDT",55371,1,"Individual Agencies"
"Aggravated Assaults",66,56,"17.8571428571429",2026-03-01,"Port St Lucie, Florida","Mar 2026","2026-05-18 10:10:31 EDT",260194,1,"Individual Agencies"
"Burglaries",56,64,"-12.5",2026-03-01,"Port St Lucie, Florida","Mar 2026","2026-05-18 10:10:31 EDT",260194,1,"Individual Agencies"
"Motor Vehicle Thefts",15,25,"-40",2026-03-01,"Port St Lucie, Florida","Mar 2026","2026-05-18 10:10:31 EDT",260194,1,"Individual Agencies"
"Murders",1,0,"Undefined",2026-03-01,"Port St Lucie, Florida","Mar 2026","2026-05-18 10:10:31 EDT",260194,1,"Individual Agencies"
"Property Crimes",432,484,"-10.7438016528926",2026-03-01,"Port St Lucie, Florida","Mar 2026","2026-05-18 10:10:31 EDT",260194,1,"Individual Agencies"
"Rapes",7,5,"40",2026-03-01,"Port St Lucie, Florida","Mar 2026","2026-05-18 10:10:31 EDT",260194,1,"Individual Agencies"
"Robberies",8,4,"100",2026-03-01,"Port St Lucie, Florida","Mar 2026","2026-05-18 10:10:31 EDT",260194,1,"Individual Agencies"
"Thefts",361,395,"-8.60759493670886",2026-03-01,"Port St Lucie, Florida","Mar 2026","2026-05-18 10:10:31 EDT",260194,1,"Individual Agencies"
"Violent Crimes",82,65,"26.1538461538462",2026-03-01,"Port St Lucie, Florida","Mar 2026","2026-05-18 10:10:31 EDT",260194,1,"Individual Agencies"
"Aggravated Assaults",27,28,"-3.57142857142857",2026-03-01,"Porterville, California","Mar 2026","2026-05-18 10:10:31 EDT",63165,1,"Individual Agencies"
"Burglaries",20,19,"5.26315789473684",2026-03-01,"Porterville, California","Mar 2026","2026-05-18 10:10:31 EDT",63165,1,"Individual Agencies"
"Motor Vehicle Thefts",35,65,"-46.1538461538462",2026-03-01,"Porterville, California","Mar 2026","2026-05-18 10:10:31 EDT",63165,1,"Individual Agencies"
"Murders",1,0,"Undefined",2026-03-01,"Porterville, California","Mar 2026","2026-05-18 10:10:31 EDT",63165,1,"Individual Agencies"
"Property Crimes",181,225,"-19.5555555555556",2026-03-01,"Porterville, California","Mar 2026","2026-05-18 10:10:31 EDT",63165,1,"Individual Agencies"
"Rapes",4,5,"-20",2026-03-01,"Porterville, California","Mar 2026","2026-05-18 10:10:31 EDT",63165,1,"Individual Agencies"
"Robberies",7,12,"-41.6666666666667",2026-03-01,"Porterville, California","Mar 2026","2026-05-18 10:10:31 EDT",63165,1,"Individual Agencies"
"Thefts",126,141,"-10.6382978723404",2026-03-01,"Porterville, California","Mar 2026","2026-05-18 10:10:31 EDT",63165,1,"Individual Agencies"
"Violent Crimes",39,45,"-13.3333333333333",2026-03-01,"Porterville, California","Mar 2026","2026-05-18 10:10:31 EDT",63165,1,"Individual Agencies"
"Aggravated Assaults",607,680,"-10.7352941176471",2026-03-01,"Portland, Oregon","Mar 2026","2026-05-18 10:10:31 EDT",626146,1,"Individual Agencies"
"Burglaries",789,1039,"-24.0615976900866",2026-03-01,"Portland, Oregon","Mar 2026","2026-05-18 10:10:31 EDT",626146,1,"Individual Agencies"
"Motor Vehicle Thefts",976,957,"1.98537095088819",2026-03-01,"Portland, Oregon","Mar 2026","2026-05-18 10:10:31 EDT",626146,1,"Individual Agencies"
"Murders",4,11,"-63.6363636363636",2026-03-01,"Portland, Oregon","Mar 2026","2026-05-18 10:10:31 EDT",626146,1,"Individual Agencies"
"Property Crimes",8330,7794,"6.87708493713113",2026-03-01,"Portland, Oregon","Mar 2026","2026-05-18 10:10:31 EDT",626146,1,"Individual Agencies"
"Rapes",73,83,"-12.0481927710843",2026-03-01,"Portland, Oregon","Mar 2026","2026-05-18 10:10:31 EDT",626146,1,"Individual Agencies"
"Robberies",221,265,"-16.6037735849057",2026-03-01,"Portland, Oregon","Mar 2026","2026-05-18 10:10:31 EDT",626146,1,"Individual Agencies"
"Thefts",6565,5798,"13.2286995515695",2026-03-01,"Portland, Oregon","Mar 2026","2026-05-18 10:10:31 EDT",626146,1,"Individual Agencies"
"Violent Crimes",905,1039,"-12.8970163618864",2026-03-01,"Portland, Oregon","Mar 2026","2026-05-18 10:10:31 EDT",626146,1,"Individual Agencies"
"Aggravated Assaults",106,154,"-31.1688311688312",2026-03-01,"Portsmouth, Virginia","Mar 2026","2026-05-18 10:10:31 EDT",96649,1,"Individual Agencies"
"Burglaries",134,68,"97.0588235294118",2026-03-01,"Portsmouth, Virginia","Mar 2026","2026-05-18 10:10:31 EDT",96649,1,"Individual Agencies"
"Motor Vehicle Thefts",99,66,"50",2026-03-01,"Portsmouth, Virginia","Mar 2026","2026-05-18 10:10:31 EDT",96649,1,"Individual Agencies"
"Murders",3,3,"0",2026-03-01,"Portsmouth, Virginia","Mar 2026","2026-05-18 10:10:31 EDT",96649,1,"Individual Agencies"
"Property Crimes",763,752,"1.46276595744681",2026-03-01,"Portsmouth, Virginia","Mar 2026","2026-05-18 10:10:31 EDT",96649,1,"Individual Agencies"
"Rapes",7,7,"0",2026-03-01,"Portsmouth, Virginia","Mar 2026","2026-05-18 10:10:31 EDT",96649,1,"Individual Agencies"
"Robberies",28,24,"16.6666666666667",2026-03-01,"Portsmouth, Virginia","Mar 2026","2026-05-18 10:10:31 EDT",96649,1,"Individual Agencies"
"Thefts",530,618,"-14.2394822006472",2026-03-01,"Portsmouth, Virginia","Mar 2026","2026-05-18 10:10:31 EDT",96649,1,"Individual Agencies"
"Violent Crimes",144,188,"-23.4042553191489",2026-03-01,"Portsmouth, Virginia","Mar 2026","2026-05-18 10:10:31 EDT",96649,1,"Individual Agencies"
"Aggravated Assaults",30,21,"42.8571428571429",2026-03-01,"Prescott Valley, Arizona","Mar 2026","2026-05-18 10:10:31 EDT",50166,1,"Individual Agencies"
"Burglaries",7,5,"40",2026-03-01,"Prescott Valley, Arizona","Mar 2026","2026-05-18 10:10:31 EDT",50166,1,"Individual Agencies"
"Motor Vehicle Thefts",6,7,"-14.2857142857143",2026-03-01,"Prescott Valley, Arizona","Mar 2026","2026-05-18 10:10:31 EDT",50166,1,"Individual Agencies"
"Murders",0,0,"0",2026-03-01,"Prescott Valley, Arizona","Mar 2026","2026-05-18 10:10:31 EDT",50166,1,"Individual Agencies"
"Property Crimes",72,86,"-16.2790697674419",2026-03-01,"Prescott Valley, Arizona","Mar 2026","2026-05-18 10:10:31 EDT",50166,1,"Individual Agencies"
"Rapes",2,4,"-50",2026-03-01,"Prescott Valley, Arizona","Mar 2026","2026-05-18 10:10:31 EDT",50166,1,"Individual Agencies"
"Robberies",1,1,"0",2026-03-01,"Prescott Valley, Arizona","Mar 2026","2026-05-18 10:10:31 EDT",50166,1,"Individual Agencies"
"Thefts",59,74,"-20.2702702702703",2026-03-01,"Prescott Valley, Arizona","Mar 2026","2026-05-18 10:10:31 EDT",50166,1,"Individual Agencies"
"Violent Crimes",33,26,"26.9230769230769",2026-03-01,"Prescott Valley, Arizona","Mar 2026","2026-05-18 10:10:31 EDT",50166,1,"Individual Agencies"
"Aggravated Assaults",209,226,"-7.52212389380531",2026-03-01,"Prince George's County, Maryland","Mar 2026","2026-05-18 10:10:31 EDT",725229,1,"Individual Agencies"
"Burglaries",133,194,"-31.4432989690722",2026-03-01,"Prince George's County, Maryland","Mar 2026","2026-05-18 10:10:31 EDT",725229,1,"Individual Agencies"
"Motor Vehicle Thefts",804,868,"-7.37327188940092",2026-03-01,"Prince George's County, Maryland","Mar 2026","2026-05-18 10:10:31 EDT",725229,1,"Individual Agencies"
"Murders",10,7,"42.8571428571429",2026-03-01,"Prince George's County, Maryland","Mar 2026","2026-05-18 10:10:31 EDT",725229,1,"Individual Agencies"
"Property Crimes",2522,2825,"-10.7256637168142",2026-03-01,"Prince George's County, Maryland","Mar 2026","2026-05-18 10:10:31 EDT",725229,1,"Individual Agencies"
"Rapes",57,30,"90",2026-03-01,"Prince George's County, Maryland","Mar 2026","2026-05-18 10:10:31 EDT",725229,1,"Individual Agencies"
"Robberies",82,149,"-44.9664429530201",2026-03-01,"Prince George's County, Maryland","Mar 2026","2026-05-18 10:10:31 EDT",725229,1,"Individual Agencies"
"Thefts",1585,1763,"-10.0964265456608",2026-03-01,"Prince George's County, Maryland","Mar 2026","2026-05-18 10:10:31 EDT",725229,1,"Individual Agencies"
"Violent Crimes",358,412,"-13.1067961165049",2026-03-01,"Prince George's County, Maryland","Mar 2026","2026-05-18 10:10:31 EDT",725229,1,"Individual Agencies"
"Aggravated Assaults",105,106,"-0.943396226415094",2026-02-01,"Prince William County, Virginia","Feb 2026","2026-05-18 10:10:31 EDT",480467,1,"Individual Agencies"
"Burglaries",30,47,"-36.1702127659575",2026-02-01,"Prince William County, Virginia","Feb 2026","2026-05-18 10:10:31 EDT",480467,1,"Individual Agencies"
"Motor Vehicle Thefts",139,130,"6.92307692307692",2026-02-01,"Prince William County, Virginia","Feb 2026","2026-05-18 10:10:31 EDT",480467,1,"Individual Agencies"
"Murders",3,2,"50",2026-02-01,"Prince William County, Virginia","Feb 2026","2026-05-18 10:10:31 EDT",480467,1,"Individual Agencies"
"Rapes",6,15,"-60",2026-02-01,"Prince William County, Virginia","Feb 2026","2026-05-18 10:10:31 EDT",480467,1,"Individual Agencies"
"Robberies",24,36,"-33.3333333333333",2026-02-01,"Prince William County, Virginia","Feb 2026","2026-05-18 10:10:31 EDT",480467,1,"Individual Agencies"
"Thefts",609,839,"-27.4135876042908",2026-02-01,"Prince William County, Virginia","Feb 2026","2026-05-18 10:10:31 EDT",480467,1,"Individual Agencies"
"Aggravated Assaults",25,30,"-16.6666666666667",2026-01-01,"Providence, Rhode Island","Jan 2026","2026-05-18 10:10:31 EDT",189590,1,"Individual Agencies"
"Burglaries",22,14,"57.1428571428571",2026-01-01,"Providence, Rhode Island","Jan 2026","2026-05-18 10:10:31 EDT",189590,1,"Individual Agencies"
"Motor Vehicle Thefts",12,20,"-40",2026-01-01,"Providence, Rhode Island","Jan 2026","2026-05-18 10:10:31 EDT",189590,1,"Individual Agencies"
"Murders",1,1,"0",2026-01-01,"Providence, Rhode Island","Jan 2026","2026-05-18 10:10:31 EDT",189590,1,"Individual Agencies"
"Rapes",5,3,"66.6666666666667",2026-01-01,"Providence, Rhode Island","Jan 2026","2026-05-18 10:10:31 EDT",189590,1,"Individual Agencies"
"Robberies",5,10,"-50",2026-01-01,"Providence, Rhode Island","Jan 2026","2026-05-18 10:10:31 EDT",189590,1,"Individual Agencies"
"Thefts",196,162,"20.9876543209877",2026-01-01,"Providence, Rhode Island","Jan 2026","2026-05-18 10:10:31 EDT",189590,1,"Individual Agencies"
"Aggravated Assaults",11,20,"-45",2026-02-01,"Provo, Utah","Feb 2026","2026-05-18 10:10:31 EDT",112743,1,"Individual Agencies"
"Burglaries",9,8,"12.5",2026-02-01,"Provo, Utah","Feb 2026","2026-05-18 10:10:31 EDT",112743,1,"Individual Agencies"
"Motor Vehicle Thefts",15,13,"15.3846153846154",2026-02-01,"Provo, Utah","Feb 2026","2026-05-18 10:10:31 EDT",112743,1,"Individual Agencies"
"Murders",0,1,"-100",2026-02-01,"Provo, Utah","Feb 2026","2026-05-18 10:10:31 EDT",112743,1,"Individual Agencies"
"Rapes",5,16,"-68.75",2026-02-01,"Provo, Utah","Feb 2026","2026-05-18 10:10:31 EDT",112743,1,"Individual Agencies"
"Robberies",0,1,"-100",2026-02-01,"Provo, Utah","Feb 2026","2026-05-18 10:10:31 EDT",112743,1,"Individual Agencies"
"Thefts",126,130,"-3.07692307692308",2026-02-01,"Provo, Utah","Feb 2026","2026-05-18 10:10:31 EDT",112743,1,"Individual Agencies"
"Aggravated Assaults",67,54,"24.0740740740741",2026-03-01,"Quincy, Massachusetts","Mar 2026","2026-05-18 10:10:31 EDT",102465,1,"Individual Agencies"
"Burglaries",21,31,"-32.258064516129",2026-03-01,"Quincy, Massachusetts","Mar 2026","2026-05-18 10:10:31 EDT",102465,1,"Individual Agencies"
"Motor Vehicle Thefts",13,12,"8.33333333333333",2026-03-01,"Quincy, Massachusetts","Mar 2026","2026-05-18 10:10:31 EDT",102465,1,"Individual Agencies"
"Murders",0,0,"0",2026-03-01,"Quincy, Massachusetts","Mar 2026","2026-05-18 10:10:31 EDT",102465,1,"Individual Agencies"
"Property Crimes",244,269,"-9.29368029739777",2026-03-01,"Quincy, Massachusetts","Mar 2026","2026-05-18 10:10:31 EDT",102465,1,"Individual Agencies"
"Rapes",6,3,"100",2026-03-01,"Quincy, Massachusetts","Mar 2026","2026-05-18 10:10:31 EDT",102465,1,"Individual Agencies"
"Robberies",4,3,"33.3333333333333",2026-03-01,"Quincy, Massachusetts","Mar 2026","2026-05-18 10:10:31 EDT",102465,1,"Individual Agencies"
"Thefts",210,226,"-7.07964601769912",2026-03-01,"Quincy, Massachusetts","Mar 2026","2026-05-18 10:10:31 EDT",102465,1,"Individual Agencies"
"Violent Crimes",77,60,"28.3333333333333",2026-03-01,"Quincy, Massachusetts","Mar 2026","2026-05-18 10:10:31 EDT",102465,1,"Individual Agencies"
"Aggravated Assaults",44,33,"33.3333333333333",2026-03-01,"Racine, Wisconsin","Mar 2026","2026-05-18 10:10:31 EDT",75858,1,"Individual Agencies"
"Burglaries",97,22,"340.909090909091",2026-03-01,"Racine, Wisconsin","Mar 2026","2026-05-18 10:10:31 EDT",75858,1,"Individual Agencies"
"Motor Vehicle Thefts",52,28,"85.7142857142857",2026-03-01,"Racine, Wisconsin","Mar 2026","2026-05-18 10:10:31 EDT",75858,1,"Individual Agencies"
"Murders",0,0,"0",2026-03-01,"Racine, Wisconsin","Mar 2026","2026-05-18 10:10:31 EDT",75858,1,"Individual Agencies"
"Property Crimes",282,187,"50.8021390374332",2026-03-01,"Racine, Wisconsin","Mar 2026","2026-05-18 10:10:31 EDT",75858,1,"Individual Agencies"
"Rapes",11,14,"-21.4285714285714",2026-03-01,"Racine, Wisconsin","Mar 2026","2026-05-18 10:10:31 EDT",75858,1,"Individual Agencies"
"Robberies",6,13,"-53.8461538461538",2026-03-01,"Racine, Wisconsin","Mar 2026","2026-05-18 10:10:31 EDT",75858,1,"Individual Agencies"
"Thefts",133,137,"-2.91970802919708",2026-03-01,"Racine, Wisconsin","Mar 2026","2026-05-18 10:10:31 EDT",75858,1,"Individual Agencies"
"Violent Crimes",61,60,"1.66666666666667",2026-03-01,"Racine, Wisconsin","Mar 2026","2026-05-18 10:10:31 EDT",75858,1,"Individual Agencies"
"Aggravated Assaults",330,313,"5.43130990415335",2026-03-01,"Raleigh, North Carolina","Mar 2026","2026-05-18 10:10:31 EDT",482842,1,"Individual Agencies"
"Burglaries",231,274,"-15.6934306569343",2026-03-01,"Raleigh, North Carolina","Mar 2026","2026-05-18 10:10:31 EDT",482842,1,"Individual Agencies"
"Motor Vehicle Thefts",382,454,"-15.8590308370044",2026-03-01,"Raleigh, North Carolina","Mar 2026","2026-05-18 10:10:31 EDT",482842,1,"Individual Agencies"
"Murders",3,10,"-70",2026-03-01,"Raleigh, North Carolina","Mar 2026","2026-05-18 10:10:31 EDT",482842,1,"Individual Agencies"
"Property Crimes",2569,2831,"-9.25468032497351",2026-03-01,"Raleigh, North Carolina","Mar 2026","2026-05-18 10:10:31 EDT",482842,1,"Individual Agencies"
"Rapes",35,48,"-27.0833333333333",2026-03-01,"Raleigh, North Carolina","Mar 2026","2026-05-18 10:10:31 EDT",482842,1,"Individual Agencies"
"Robberies",85,75,"13.3333333333333",2026-03-01,"Raleigh, North Carolina","Mar 2026","2026-05-18 10:10:31 EDT",482842,1,"Individual Agencies"
"Thefts",1956,2103,"-6.99001426533524",2026-03-01,"Raleigh, North Carolina","Mar 2026","2026-05-18 10:10:31 EDT",482842,1,"Individual Agencies"
"Violent Crimes",453,446,"1.5695067264574",2026-03-01,"Raleigh, North Carolina","Mar 2026","2026-05-18 10:10:31 EDT",482842,1,"Individual Agencies"
"Aggravated Assaults",99,117,"-15.3846153846154",2026-03-01,"Rapid City, South Dakota","Mar 2026","2026-05-18 10:10:31 EDT",80850,1,"Individual Agencies"
"Burglaries",82,81,"1.23456790123457",2026-03-01,"Rapid City, South Dakota","Mar 2026","2026-05-18 10:10:31 EDT",80850,1,"Individual Agencies"
"Motor Vehicle Thefts",66,71,"-7.04225352112676",2026-03-01,"Rapid City, South Dakota","Mar 2026","2026-05-18 10:10:31 EDT",80850,1,"Individual Agencies"
"Murders",0,2,"-100",2026-03-01,"Rapid City, South Dakota","Mar 2026","2026-05-18 10:10:31 EDT",80850,1,"Individual Agencies"
"Property Crimes",795,849,"-6.36042402826855",2026-03-01,"Rapid City, South Dakota","Mar 2026","2026-05-18 10:10:31 EDT",80850,1,"Individual Agencies"
"Rapes",25,26,"-3.84615384615385",2026-03-01,"Rapid City, South Dakota","Mar 2026","2026-05-18 10:10:31 EDT",80850,1,"Individual Agencies"
"Robberies",15,12,"25",2026-03-01,"Rapid City, South Dakota","Mar 2026","2026-05-18 10:10:31 EDT",80850,1,"Individual Agencies"
"Thefts",647,697,"-7.17360114777618",2026-03-01,"Rapid City, South Dakota","Mar 2026","2026-05-18 10:10:31 EDT",80850,1,"Individual Agencies"
"Violent Crimes",139,157,"-11.4649681528662",2026-03-01,"Rapid City, South Dakota","Mar 2026","2026-05-18 10:10:31 EDT",80850,1,"Individual Agencies"
"Aggravated Assaults",29,39,"-25.6410256410256",2026-03-01,"Reading, Pennsylvania","Mar 2026","2026-05-18 10:10:31 EDT",97790,1,"Individual Agencies"
"Burglaries",58,42,"38.0952380952381",2026-03-01,"Reading, Pennsylvania","Mar 2026","2026-05-18 10:10:31 EDT",97790,1,"Individual Agencies"
"Motor Vehicle Thefts",21,19,"10.5263157894737",2026-03-01,"Reading, Pennsylvania","Mar 2026","2026-05-18 10:10:31 EDT",97790,1,"Individual Agencies"
"Murders",0,2,"-100",2026-03-01,"Reading, Pennsylvania","Mar 2026","2026-05-18 10:10:31 EDT",97790,1,"Individual Agencies"
"Property Crimes",253,254,"-0.393700787401575",2026-03-01,"Reading, Pennsylvania","Mar 2026","2026-05-18 10:10:31 EDT",97790,1,"Individual Agencies"
"Rapes",0,3,"-100",2026-03-01,"Reading, Pennsylvania","Mar 2026","2026-05-18 10:10:31 EDT",97790,1,"Individual Agencies"
"Robberies",9,25,"-64",2026-03-01,"Reading, Pennsylvania","Mar 2026","2026-05-18 10:10:31 EDT",97790,1,"Individual Agencies"
"Thefts",174,193,"-9.84455958549223",2026-03-01,"Reading, Pennsylvania","Mar 2026","2026-05-18 10:10:31 EDT",97790,1,"Individual Agencies"
"Violent Crimes",38,69,"-44.9275362318841",2026-03-01,"Reading, Pennsylvania","Mar 2026","2026-05-18 10:10:31 EDT",97790,1,"Individual Agencies"
"Aggravated Assaults",9,22,"-59.0909090909091",2026-02-01,"Redlands, California","Feb 2026","2026-05-18 10:10:31 EDT",74147,1,"Individual Agencies"
"Burglaries",32,38,"-15.7894736842105",2026-02-01,"Redlands, California","Feb 2026","2026-05-18 10:10:31 EDT",74147,1,"Individual Agencies"
"Motor Vehicle Thefts",21,31,"-32.258064516129",2026-02-01,"Redlands, California","Feb 2026","2026-05-18 10:10:31 EDT",74147,1,"Individual Agencies"
"Murders",0,0,"0",2026-02-01,"Redlands, California","Feb 2026","2026-05-18 10:10:31 EDT",74147,1,"Individual Agencies"
"Rapes",4,6,"-33.3333333333333",2026-02-01,"Redlands, California","Feb 2026","2026-05-18 10:10:31 EDT",74147,1,"Individual Agencies"
"Robberies",17,12,"41.6666666666667",2026-02-01,"Redlands, California","Feb 2026","2026-05-18 10:10:31 EDT",74147,1,"Individual Agencies"
"Thefts",149,197,"-24.3654822335025",2026-02-01,"Redlands, California","Feb 2026","2026-05-18 10:10:31 EDT",74147,1,"Individual Agencies"
"Aggravated Assaults",4,1,"300",2026-01-01,"Redmond, Washington","Jan 2026","2026-05-18 10:10:31 EDT",78496,1,"Individual Agencies"
"Burglaries",8,30,"-73.3333333333333",2026-01-01,"Redmond, Washington","Jan 2026","2026-05-18 10:10:31 EDT",78496,1,"Individual Agencies"
"Motor Vehicle Thefts",7,17,"-58.8235294117647",2026-01-01,"Redmond, Washington","Jan 2026","2026-05-18 10:10:31 EDT",78496,1,"Individual Agencies"
"Murders",0,0,"0",2026-01-01,"Redmond, Washington","Jan 2026","2026-05-18 10:10:31 EDT",78496,1,"Individual Agencies"
"Rapes",0,1,"-100",2026-01-01,"Redmond, Washington","Jan 2026","2026-05-18 10:10:31 EDT",78496,1,"Individual Agencies"
"Robberies",3,3,"0",2026-01-01,"Redmond, Washington","Jan 2026","2026-05-18 10:10:31 EDT",78496,1,"Individual Agencies"
"Thefts",92,128,"-28.125",2026-01-01,"Redmond, Washington","Jan 2026","2026-05-18 10:10:31 EDT",78496,1,"Individual Agencies"
"Aggravated Assaults",31,29,"6.89655172413793",2026-03-01,"Redondo Beach, California","Mar 2026","2026-05-18 10:10:31 EDT",67742,1,"Individual Agencies"
"Burglaries",47,69,"-31.8840579710145",2026-03-01,"Redondo Beach, California","Mar 2026","2026-05-18 10:10:31 EDT",67742,1,"Individual Agencies"
"Motor Vehicle Thefts",18,61,"-70.4918032786885",2026-03-01,"Redondo Beach, California","Mar 2026","2026-05-18 10:10:31 EDT",67742,1,"Individual Agencies"
"Murders",0,0,"0",2026-03-01,"Redondo Beach, California","Mar 2026","2026-05-18 10:10:31 EDT",67742,1,"Individual Agencies"
"Property Crimes",274,477,"-42.5576519916143",2026-03-01,"Redondo Beach, California","Mar 2026","2026-05-18 10:10:31 EDT",67742,1,"Individual Agencies"
"Rapes",1,3,"-66.6666666666667",2026-03-01,"Redondo Beach, California","Mar 2026","2026-05-18 10:10:31 EDT",67742,1,"Individual Agencies"
"Robberies",14,11,"27.2727272727273",2026-03-01,"Redondo Beach, California","Mar 2026","2026-05-18 10:10:31 EDT",67742,1,"Individual Agencies"
"Thefts",209,347,"-39.7694524495677",2026-03-01,"Redondo Beach, California","Mar 2026","2026-05-18 10:10:31 EDT",67742,1,"Individual Agencies"
"Violent Crimes",46,43,"6.97674418604651",2026-03-01,"Redondo Beach, California","Mar 2026","2026-05-18 10:10:31 EDT",67742,1,"Individual Agencies"
"Aggravated Assaults",25,42,"-40.4761904761905",2026-03-01,"Redwood City, California","Mar 2026","2026-05-18 10:10:31 EDT",78765,1,"Individual Agencies"
"Burglaries",19,36,"-47.2222222222222",2026-03-01,"Redwood City, California","Mar 2026","2026-05-18 10:10:31 EDT",78765,1,"Individual Agencies"
"Motor Vehicle Thefts",31,39,"-20.5128205128205",2026-03-01,"Redwood City, California","Mar 2026","2026-05-18 10:10:31 EDT",78765,1,"Individual Agencies"
"Murders",0,1,"-100",2026-03-01,"Redwood City, California","Mar 2026","2026-05-18 10:10:31 EDT",78765,1,"Individual Agencies"
"Property Crimes",290,324,"-10.4938271604938",2026-03-01,"Redwood City, California","Mar 2026","2026-05-18 10:10:31 EDT",78765,1,"Individual Agencies"
"Rapes",8,9,"-11.1111111111111",2026-03-01,"Redwood City, California","Mar 2026","2026-05-18 10:10:31 EDT",78765,1,"Individual Agencies"
"Robberies",18,21,"-14.2857142857143",2026-03-01,"Redwood City, California","Mar 2026","2026-05-18 10:10:31 EDT",78765,1,"Individual Agencies"
"Thefts",240,249,"-3.6144578313253",2026-03-01,"Redwood City, California","Mar 2026","2026-05-18 10:10:31 EDT",78765,1,"Individual Agencies"
"Violent Crimes",51,73,"-30.1369863013699",2026-03-01,"Redwood City, California","Mar 2026","2026-05-18 10:10:31 EDT",78765,1,"Individual Agencies"
"Aggravated Assaults",89,82,"8.53658536585366",2026-01-01,"Reno, Nevada","Jan 2026","2026-05-18 10:10:31 EDT",277792,1,"Individual Agencies"
"Burglaries",58,79,"-26.5822784810127",2026-01-01,"Reno, Nevada","Jan 2026","2026-05-18 10:10:31 EDT",277792,1,"Individual Agencies"
"Motor Vehicle Thefts",47,77,"-38.961038961039",2026-01-01,"Reno, Nevada","Jan 2026","2026-05-18 10:10:31 EDT",277792,1,"Individual Agencies"
"Murders",0,1,"-100",2026-01-01,"Reno, Nevada","Jan 2026","2026-05-18 10:10:31 EDT",277792,1,"Individual Agencies"
"Rapes",23,5,"360",2026-01-01,"Reno, Nevada","Jan 2026","2026-05-18 10:10:31 EDT",277792,1,"Individual Agencies"
"Robberies",12,19,"-36.8421052631579",2026-01-01,"Reno, Nevada","Jan 2026","2026-05-18 10:10:31 EDT",277792,1,"Individual Agencies"
"Thefts",381,411,"-7.2992700729927",2026-01-01,"Reno, Nevada","Jan 2026","2026-05-18 10:10:31 EDT",277792,1,"Individual Agencies"
"Aggravated Assaults",24,52,"-53.8461538461538",2026-03-01,"Revere, Massachusetts","Mar 2026","2026-05-18 10:10:31 EDT",57132,1,"Individual Agencies"
"Burglaries",8,19,"-57.8947368421053",2026-03-01,"Revere, Massachusetts","Mar 2026","2026-05-18 10:10:31 EDT",57132,1,"Individual Agencies"
"Motor Vehicle Thefts",9,11,"-18.1818181818182",2026-03-01,"Revere, Massachusetts","Mar 2026","2026-05-18 10:10:31 EDT",57132,1,"Individual Agencies"
"Murders",0,0,"0",2026-03-01,"Revere, Massachusetts","Mar 2026","2026-05-18 10:10:31 EDT",57132,1,"Individual Agencies"
"Property Crimes",118,188,"-37.2340425531915",2026-03-01,"Revere, Massachusetts","Mar 2026","2026-05-18 10:10:31 EDT",57132,1,"Individual Agencies"
"Rapes",0,4,"-100",2026-03-01,"Revere, Massachusetts","Mar 2026","2026-05-18 10:10:31 EDT",57132,1,"Individual Agencies"
"Robberies",0,2,"-100",2026-03-01,"Revere, Massachusetts","Mar 2026","2026-05-18 10:10:31 EDT",57132,1,"Individual Agencies"
"Thefts",101,158,"-36.0759493670886",2026-03-01,"Revere, Massachusetts","Mar 2026","2026-05-18 10:10:31 EDT",57132,1,"Individual Agencies"
"Violent Crimes",24,58,"-58.6206896551724",2026-03-01,"Revere, Massachusetts","Mar 2026","2026-05-18 10:10:31 EDT",57132,1,"Individual Agencies"
"Aggravated Assaults",24,26,"-7.69230769230769",2026-03-01,"Richardson, Texas","Mar 2026","2026-05-18 10:10:31 EDT",119008,1,"Individual Agencies"
"Burglaries",45,49,"-8.16326530612245",2026-03-01,"Richardson, Texas","Mar 2026","2026-05-18 10:10:31 EDT",119008,1,"Individual Agencies"
"Motor Vehicle Thefts",37,53,"-30.188679245283",2026-03-01,"Richardson, Texas","Mar 2026","2026-05-18 10:10:31 EDT",119008,1,"Individual Agencies"
"Murders",0,1,"-100",2026-03-01,"Richardson, Texas","Mar 2026","2026-05-18 10:10:31 EDT",119008,1,"Individual Agencies"
"Property Crimes",436,471,"-7.43099787685775",2026-03-01,"Richardson, Texas","Mar 2026","2026-05-18 10:10:31 EDT",119008,1,"Individual Agencies"
"Rapes",4,7,"-42.8571428571429",2026-03-01,"Richardson, Texas","Mar 2026","2026-05-18 10:10:31 EDT",119008,1,"Individual Agencies"
"Robberies",9,10,"-10",2026-03-01,"Richardson, Texas","Mar 2026","2026-05-18 10:10:31 EDT",119008,1,"Individual Agencies"
"Thefts",354,369,"-4.0650406504065",2026-03-01,"Richardson, Texas","Mar 2026","2026-05-18 10:10:31 EDT",119008,1,"Individual Agencies"
"Violent Crimes",37,44,"-15.9090909090909",2026-03-01,"Richardson, Texas","Mar 2026","2026-05-18 10:10:31 EDT",119008,1,"Individual Agencies"
"Aggravated Assaults",17,23,"-26.0869565217391",2026-03-01,"Richland, Washington","Mar 2026","2026-05-18 10:10:31 EDT",63816,1,"Individual Agencies"
"Burglaries",36,30,"20",2026-03-01,"Richland, Washington","Mar 2026","2026-05-18 10:10:31 EDT",63816,1,"Individual Agencies"
"Motor Vehicle Thefts",17,23,"-26.0869565217391",2026-03-01,"Richland, Washington","Mar 2026","2026-05-18 10:10:31 EDT",63816,1,"Individual Agencies"
"Murders",0,0,"0",2026-03-01,"Richland, Washington","Mar 2026","2026-05-18 10:10:31 EDT",63816,1,"Individual Agencies"
"Property Crimes",228,273,"-16.4835164835165",2026-03-01,"Richland, Washington","Mar 2026","2026-05-18 10:10:31 EDT",63816,1,"Individual Agencies"
"Rapes",3,7,"-57.1428571428571",2026-03-01,"Richland, Washington","Mar 2026","2026-05-18 10:10:31 EDT",63816,1,"Individual Agencies"
"Robberies",3,1,"200",2026-03-01,"Richland, Washington","Mar 2026","2026-05-18 10:10:31 EDT",63816,1,"Individual Agencies"
"Thefts",175,220,"-20.4545454545455",2026-03-01,"Richland, Washington","Mar 2026","2026-05-18 10:10:31 EDT",63816,1,"Individual Agencies"
"Violent Crimes",23,31,"-25.8064516129032",2026-03-01,"Richland, Washington","Mar 2026","2026-05-18 10:10:31 EDT",63816,1,"Individual Agencies"
"Aggravated Assaults",209,193,"8.29015544041451",2026-03-01,"Richmond, California","Mar 2026","2026-05-18 10:10:31 EDT",113282,1,"Individual Agencies"
"Burglaries",102,86,"18.6046511627907",2026-03-01,"Richmond, California","Mar 2026","2026-05-18 10:10:31 EDT",113282,1,"Individual Agencies"
"Motor Vehicle Thefts",282,217,"29.9539170506912",2026-03-01,"Richmond, California","Mar 2026","2026-05-18 10:10:31 EDT",113282,1,"Individual Agencies"
"Murders",0,0,"0",2026-03-01,"Richmond, California","Mar 2026","2026-05-18 10:10:31 EDT",113282,1,"Individual Agencies"
"Property Crimes",889,671,"32.4888226527571",2026-03-01,"Richmond, California","Mar 2026","2026-05-18 10:10:31 EDT",113282,1,"Individual Agencies"
"Rapes",40,27,"48.1481481481481",2026-03-01,"Richmond, California","Mar 2026","2026-05-18 10:10:31 EDT",113282,1,"Individual Agencies"
"Robberies",58,81,"-28.3950617283951",2026-03-01,"Richmond, California","Mar 2026","2026-05-18 10:10:31 EDT",113282,1,"Individual Agencies"
"Thefts",505,368,"37.2282608695652",2026-03-01,"Richmond, California","Mar 2026","2026-05-18 10:10:31 EDT",113282,1,"Individual Agencies"
"Violent Crimes",307,301,"1.99335548172757",2026-03-01,"Richmond, California","Mar 2026","2026-05-18 10:10:31 EDT",113282,1,"Individual Agencies"
"Aggravated Assaults",154,126,"22.2222222222222",2026-03-01,"Richmond, Virginia","Mar 2026","2026-05-18 10:10:31 EDT",230789,1,"Individual Agencies"
"Burglaries",125,123,"1.6260162601626",2026-03-01,"Richmond, Virginia","Mar 2026","2026-05-18 10:10:31 EDT",230789,1,"Individual Agencies"
"Motor Vehicle Thefts",171,192,"-10.9375",2026-03-01,"Richmond, Virginia","Mar 2026","2026-05-18 10:10:31 EDT",230789,1,"Individual Agencies"
"Murders",6,15,"-60",2026-03-01,"Richmond, Virginia","Mar 2026","2026-05-18 10:10:31 EDT",230789,1,"Individual Agencies"
"Property Crimes",1866,1861,"0.268672756582483",2026-03-01,"Richmond, Virginia","Mar 2026","2026-05-18 10:10:31 EDT",230789,1,"Individual Agencies"
"Rapes",10,12,"-16.6666666666667",2026-03-01,"Richmond, Virginia","Mar 2026","2026-05-18 10:10:31 EDT",230789,1,"Individual Agencies"
"Robberies",37,64,"-42.1875",2026-03-01,"Richmond, Virginia","Mar 2026","2026-05-18 10:10:31 EDT",230789,1,"Individual Agencies"
"Thefts",1570,1546,"1.55239327296248",2026-03-01,"Richmond, Virginia","Mar 2026","2026-05-18 10:10:31 EDT",230789,1,"Individual Agencies"
"Violent Crimes",207,217,"-4.60829493087558",2026-03-01,"Richmond, Virginia","Mar 2026","2026-05-18 10:10:31 EDT",230789,1,"Individual Agencies"
"Aggravated Assaults",325,274,"18.6131386861314",2026-03-01,"Riverside, California","Mar 2026","2026-05-18 10:10:31 EDT",323473,1,"Individual Agencies"
"Burglaries",194,230,"-15.6521739130435",2026-03-01,"Riverside, California","Mar 2026","2026-05-18 10:10:31 EDT",323473,1,"Individual Agencies"
"Motor Vehicle Thefts",168,292,"-42.4657534246575",2026-03-01,"Riverside, California","Mar 2026","2026-05-18 10:10:31 EDT",323473,1,"Individual Agencies"
"Murders",2,3,"-33.3333333333333",2026-03-01,"Riverside, California","Mar 2026","2026-05-18 10:10:31 EDT",323473,1,"Individual Agencies"
"Property Crimes",1673,1902,"-12.0399579390116",2026-03-01,"Riverside, California","Mar 2026","2026-05-18 10:10:31 EDT",323473,1,"Individual Agencies"
"Rapes",26,32,"-18.75",2026-03-01,"Riverside, California","Mar 2026","2026-05-18 10:10:31 EDT",323473,1,"Individual Agencies"
"Robberies",78,81,"-3.7037037037037",2026-03-01,"Riverside, California","Mar 2026","2026-05-18 10:10:31 EDT",323473,1,"Individual Agencies"
"Thefts",1311,1380,"-5",2026-03-01,"Riverside, California","Mar 2026","2026-05-18 10:10:31 EDT",323473,1,"Individual Agencies"
"Violent Crimes",431,390,"10.5128205128205",2026-03-01,"Riverside, California","Mar 2026","2026-05-18 10:10:31 EDT",323473,1,"Individual Agencies"
"Aggravated Assaults",61,92,"-33.695652173913",2026-03-01,"Roanoke, Virginia","Mar 2026","2026-05-18 10:10:31 EDT",96925,1,"Individual Agencies"
"Burglaries",68,81,"-16.0493827160494",2026-03-01,"Roanoke, Virginia","Mar 2026","2026-05-18 10:10:31 EDT",96925,1,"Individual Agencies"
"Motor Vehicle Thefts",44,86,"-48.8372093023256",2026-03-01,"Roanoke, Virginia","Mar 2026","2026-05-18 10:10:31 EDT",96925,1,"Individual Agencies"
"Murders",7,5,"40",2026-03-01,"Roanoke, Virginia","Mar 2026","2026-05-18 10:10:31 EDT",96925,1,"Individual Agencies"
"Property Crimes",619,793,"-21.9419924337957",2026-03-01,"Roanoke, Virginia","Mar 2026","2026-05-18 10:10:31 EDT",96925,1,"Individual Agencies"
"Rapes",6,14,"-57.1428571428571",2026-03-01,"Roanoke, Virginia","Mar 2026","2026-05-18 10:10:31 EDT",96925,1,"Individual Agencies"
"Robberies",12,21,"-42.8571428571429",2026-03-01,"Roanoke, Virginia","Mar 2026","2026-05-18 10:10:31 EDT",96925,1,"Individual Agencies"
"Thefts",507,626,"-19.0095846645367",2026-03-01,"Roanoke, Virginia","Mar 2026","2026-05-18 10:10:31 EDT",96925,1,"Individual Agencies"
"Violent Crimes",86,132,"-34.8484848484849",2026-03-01,"Roanoke, Virginia","Mar 2026","2026-05-18 10:10:31 EDT",96925,1,"Individual Agencies"
"Aggravated Assaults",11,7,"57.1428571428571",2026-03-01,"Rochester Hills, Michigan","Mar 2026","2026-05-18 10:10:31 EDT",75845,1,"Individual Agencies"
"Burglaries",2,8,"-75",2026-03-01,"Rochester Hills, Michigan","Mar 2026","2026-05-18 10:10:31 EDT",75845,1,"Individual Agencies"
"Motor Vehicle Thefts",15,3,"400",2026-03-01,"Rochester Hills, Michigan","Mar 2026","2026-05-18 10:10:31 EDT",75845,1,"Individual Agencies"
"Murders",0,0,"0",2026-03-01,"Rochester Hills, Michigan","Mar 2026","2026-05-18 10:10:31 EDT",75845,1,"Individual Agencies"
"Property Crimes",93,104,"-10.5769230769231",2026-03-01,"Rochester Hills, Michigan","Mar 2026","2026-05-18 10:10:31 EDT",75845,1,"Individual Agencies"
"Rapes",0,3,"-100",2026-03-01,"Rochester Hills, Michigan","Mar 2026","2026-05-18 10:10:31 EDT",75845,1,"Individual Agencies"
"Robberies",0,0,"0",2026-03-01,"Rochester Hills, Michigan","Mar 2026","2026-05-18 10:10:31 EDT",75845,1,"Individual Agencies"
"Thefts",76,93,"-18.2795698924731",2026-03-01,"Rochester Hills, Michigan","Mar 2026","2026-05-18 10:10:31 EDT",75845,1,"Individual Agencies"
"Violent Crimes",11,10,"10",2026-03-01,"Rochester Hills, Michigan","Mar 2026","2026-05-18 10:10:31 EDT",75845,1,"Individual Agencies"
"Aggravated Assaults",24,14,"71.4285714285714",2026-03-01,"Rochester, Minnesota","Mar 2026","2026-05-18 10:10:31 EDT",122035,1,"Individual Agencies"
"Burglaries",34,52,"-34.6153846153846",2026-03-01,"Rochester, Minnesota","Mar 2026","2026-05-18 10:10:31 EDT",122035,1,"Individual Agencies"
"Motor Vehicle Thefts",15,13,"15.3846153846154",2026-03-01,"Rochester, Minnesota","Mar 2026","2026-05-18 10:10:31 EDT",122035,1,"Individual Agencies"
"Murders",1,0,"Undefined",2026-03-01,"Rochester, Minnesota","Mar 2026","2026-05-18 10:10:31 EDT",122035,1,"Individual Agencies"
"Property Crimes",324,314,"3.18471337579618",2026-03-01,"Rochester, Minnesota","Mar 2026","2026-05-18 10:10:31 EDT",122035,1,"Individual Agencies"
"Rapes",12,8,"50",2026-03-01,"Rochester, Minnesota","Mar 2026","2026-05-18 10:10:31 EDT",122035,1,"Individual Agencies"
"Robberies",5,6,"-16.6666666666667",2026-03-01,"Rochester, Minnesota","Mar 2026","2026-05-18 10:10:31 EDT",122035,1,"Individual Agencies"
"Thefts",275,249,"10.4417670682731",2026-03-01,"Rochester, Minnesota","Mar 2026","2026-05-18 10:10:31 EDT",122035,1,"Individual Agencies"
"Violent Crimes",42,28,"50",2026-03-01,"Rochester, Minnesota","Mar 2026","2026-05-18 10:10:31 EDT",122035,1,"Individual Agencies"
"Aggravated Assaults",164,219,"-25.1141552511416",2026-03-01,"Rochester, New York","Mar 2026","2026-05-18 10:10:31 EDT",208452,1,"Individual Agencies"
"Burglaries",68,223,"-69.5067264573991",2026-03-01,"Rochester, New York","Mar 2026","2026-05-18 10:10:31 EDT",208452,1,"Individual Agencies"
"Motor Vehicle Thefts",255,531,"-51.9774011299435",2026-03-01,"Rochester, New York","Mar 2026","2026-05-18 10:10:31 EDT",208452,1,"Individual Agencies"
"Murders",2,8,"-75",2026-03-01,"Rochester, New York","Mar 2026","2026-05-18 10:10:31 EDT",208452,1,"Individual Agencies"
"Property Crimes",1033,1527,"-32.3510150622135",2026-03-01,"Rochester, New York","Mar 2026","2026-05-18 10:10:31 EDT",208452,1,"Individual Agencies"
"Robberies",45,96,"-53.125",2026-03-01,"Rochester, New York","Mar 2026","2026-05-18 10:10:31 EDT",208452,1,"Individual Agencies"
"Thefts",710,773,"-8.15006468305304",2026-03-01,"Rochester, New York","Mar 2026","2026-05-18 10:10:31 EDT",208452,1,"Individual Agencies"
"Violent Crimes",211,323,"-34.6749226006192",2026-03-01,"Rochester, New York","Mar 2026","2026-05-18 10:10:31 EDT",208452,1,"Individual Agencies"
"Aggravated Assaults",34,69,"-50.7246376811594",2026-03-01,"Rock Hill, South Carolina","Mar 2026","2026-05-18 10:10:31 EDT",75681,1,"Individual Agencies"
"Burglaries",54,64,"-15.625",2026-03-01,"Rock Hill, South Carolina","Mar 2026","2026-05-18 10:10:31 EDT",75681,1,"Individual Agencies"
"Motor Vehicle Thefts",29,29,"0",2026-03-01,"Rock Hill, South Carolina","Mar 2026","2026-05-18 10:10:31 EDT",75681,1,"Individual Agencies"
"Murders",2,0,"Undefined",2026-03-01,"Rock Hill, South Carolina","Mar 2026","2026-05-18 10:10:31 EDT",75681,1,"Individual Agencies"
"Property Crimes",362,373,"-2.94906166219839",2026-03-01,"Rock Hill, South Carolina","Mar 2026","2026-05-18 10:10:31 EDT",75681,1,"Individual Agencies"
"Rapes",8,6,"33.3333333333333",2026-03-01,"Rock Hill, South Carolina","Mar 2026","2026-05-18 10:10:31 EDT",75681,1,"Individual Agencies"
"Robberies",6,8,"-25",2026-03-01,"Rock Hill, South Carolina","Mar 2026","2026-05-18 10:10:31 EDT",75681,1,"Individual Agencies"
"Thefts",279,280,"-0.357142857142857",2026-03-01,"Rock Hill, South Carolina","Mar 2026","2026-05-18 10:10:31 EDT",75681,1,"Individual Agencies"
"Violent Crimes",50,83,"-39.7590361445783",2026-03-01,"Rock Hill, South Carolina","Mar 2026","2026-05-18 10:10:31 EDT",75681,1,"Individual Agencies"
"Aggravated Assaults",226,236,"-4.23728813559322",2026-03-01,"Rockford, Illinois","Mar 2026","2026-05-18 10:10:31 EDT",145873,1,"Individual Agencies"
"Burglaries",70,105,"-33.3333333333333",2026-03-01,"Rockford, Illinois","Mar 2026","2026-05-18 10:10:31 EDT",145873,1,"Individual Agencies"
"Motor Vehicle Thefts",76,153,"-50.3267973856209",2026-03-01,"Rockford, Illinois","Mar 2026","2026-05-18 10:10:31 EDT",145873,1,"Individual Agencies"
"Murders",1,2,"-50",2026-03-01,"Rockford, Illinois","Mar 2026","2026-05-18 10:10:31 EDT",145873,1,"Individual Agencies"
"Property Crimes",694,841,"-17.4791914387634",2026-03-01,"Rockford, Illinois","Mar 2026","2026-05-18 10:10:31 EDT",145873,1,"Individual Agencies"
"Rapes",22,26,"-15.3846153846154",2026-03-01,"Rockford, Illinois","Mar 2026","2026-05-18 10:10:31 EDT",145873,1,"Individual Agencies"
"Robberies",29,28,"3.57142857142857",2026-03-01,"Rockford, Illinois","Mar 2026","2026-05-18 10:10:31 EDT",145873,1,"Individual Agencies"
"Thefts",548,583,"-6.00343053173242",2026-03-01,"Rockford, Illinois","Mar 2026","2026-05-18 10:10:31 EDT",145873,1,"Individual Agencies"
"Violent Crimes",278,292,"-4.79452054794521",2026-03-01,"Rockford, Illinois","Mar 2026","2026-05-18 10:10:31 EDT",145873,1,"Individual Agencies"
"Aggravated Assaults",15,10,"50",2026-03-01,"Rocklin, California","Mar 2026","2026-05-18 10:10:31 EDT",74876,1,"Individual Agencies"
"Burglaries",11,6,"83.3333333333333",2026-03-01,"Rocklin, California","Mar 2026","2026-05-18 10:10:31 EDT",74876,1,"Individual Agencies"
"Motor Vehicle Thefts",11,8,"37.5",2026-03-01,"Rocklin, California","Mar 2026","2026-05-18 10:10:31 EDT",74876,1,"Individual Agencies"
"Murders",0,0,"0",2026-03-01,"Rocklin, California","Mar 2026","2026-05-18 10:10:31 EDT",74876,1,"Individual Agencies"
"Property Crimes",141,143,"-1.3986013986014",2026-03-01,"Rocklin, California","Mar 2026","2026-05-18 10:10:31 EDT",74876,1,"Individual Agencies"
"Rapes",2,4,"-50",2026-03-01,"Rocklin, California","Mar 2026","2026-05-18 10:10:31 EDT",74876,1,"Individual Agencies"
"Robberies",2,0,"Undefined",2026-03-01,"Rocklin, California","Mar 2026","2026-05-18 10:10:31 EDT",74876,1,"Individual Agencies"
"Thefts",119,129,"-7.75193798449612",2026-03-01,"Rocklin, California","Mar 2026","2026-05-18 10:10:31 EDT",74876,1,"Individual Agencies"
"Violent Crimes",19,14,"35.7142857142857",2026-03-01,"Rocklin, California","Mar 2026","2026-05-18 10:10:31 EDT",74876,1,"Individual Agencies"
"Aggravated Assaults",10,6,"66.6666666666667",2026-03-01,"Rockwall, Texas","Mar 2026","2026-05-18 10:10:31 EDT",53433,1,"Individual Agencies"
"Burglaries",3,8,"-62.5",2026-03-01,"Rockwall, Texas","Mar 2026","2026-05-18 10:10:31 EDT",53433,1,"Individual Agencies"
"Motor Vehicle Thefts",6,6,"0",2026-03-01,"Rockwall, Texas","Mar 2026","2026-05-18 10:10:31 EDT",53433,1,"Individual Agencies"
"Murders",0,0,"0",2026-03-01,"Rockwall, Texas","Mar 2026","2026-05-18 10:10:31 EDT",53433,1,"Individual Agencies"
"Property Crimes",104,129,"-19.3798449612403",2026-03-01,"Rockwall, Texas","Mar 2026","2026-05-18 10:10:31 EDT",53433,1,"Individual Agencies"
"Rapes",4,2,"100",2026-03-01,"Rockwall, Texas","Mar 2026","2026-05-18 10:10:31 EDT",53433,1,"Individual Agencies"
"Robberies",2,2,"0",2026-03-01,"Rockwall, Texas","Mar 2026","2026-05-18 10:10:31 EDT",53433,1,"Individual Agencies"
"Thefts",95,115,"-17.3913043478261",2026-03-01,"Rockwall, Texas","Mar 2026","2026-05-18 10:10:31 EDT",53433,1,"Individual Agencies"
"Violent Crimes",16,10,"60",2026-03-01,"Rockwall, Texas","Mar 2026","2026-05-18 10:10:31 EDT",53433,1,"Individual Agencies"
"Aggravated Assaults",70,41,"70.7317073170732",2026-03-01,"Rocky Mount, North Carolina","Mar 2026","2026-05-18 10:10:31 EDT",53865,1,"Individual Agencies"
"Burglaries",52,90,"-42.2222222222222",2026-03-01,"Rocky Mount, North Carolina","Mar 2026","2026-05-18 10:10:31 EDT",53865,1,"Individual Agencies"
"Motor Vehicle Thefts",25,42,"-40.4761904761905",2026-03-01,"Rocky Mount, North Carolina","Mar 2026","2026-05-18 10:10:31 EDT",53865,1,"Individual Agencies"
"Murders",4,5,"-20",2026-03-01,"Rocky Mount, North Carolina","Mar 2026","2026-05-18 10:10:31 EDT",53865,1,"Individual Agencies"
"Property Crimes",349,416,"-16.1057692307692",2026-03-01,"Rocky Mount, North Carolina","Mar 2026","2026-05-18 10:10:31 EDT",53865,1,"Individual Agencies"
"Rapes",2,6,"-66.6666666666667",2026-03-01,"Rocky Mount, North Carolina","Mar 2026","2026-05-18 10:10:31 EDT",53865,1,"Individual Agencies"
"Robberies",18,9,"100",2026-03-01,"Rocky Mount, North Carolina","Mar 2026","2026-05-18 10:10:31 EDT",53865,1,"Individual Agencies"
"Thefts",272,284,"-4.22535211267606",2026-03-01,"Rocky Mount, North Carolina","Mar 2026","2026-05-18 10:10:31 EDT",53865,1,"Individual Agencies"
"Violent Crimes",94,61,"54.0983606557377",2026-03-01,"Rocky Mount, North Carolina","Mar 2026","2026-05-18 10:10:31 EDT",53865,1,"Individual Agencies"
"Aggravated Assaults",35,28,"25",2026-03-01,"Roseville, California","Mar 2026","2026-05-18 10:10:31 EDT",158084,1,"Individual Agencies"
"Burglaries",45,52,"-13.4615384615385",2026-03-01,"Roseville, California","Mar 2026","2026-05-18 10:10:31 EDT",158084,1,"Individual Agencies"
"Motor Vehicle Thefts",36,38,"-5.26315789473684",2026-03-01,"Roseville, California","Mar 2026","2026-05-18 10:10:31 EDT",158084,1,"Individual Agencies"
"Murders",0,1,"-100",2026-03-01,"Roseville, California","Mar 2026","2026-05-18 10:10:31 EDT",158084,1,"Individual Agencies"
"Property Crimes",403,597,"-32.4958123953099",2026-03-01,"Roseville, California","Mar 2026","2026-05-18 10:10:31 EDT",158084,1,"Individual Agencies"
"Rapes",8,10,"-20",2026-03-01,"Roseville, California","Mar 2026","2026-05-18 10:10:31 EDT",158084,1,"Individual Agencies"
"Robberies",18,15,"20",2026-03-01,"Roseville, California","Mar 2026","2026-05-18 10:10:31 EDT",158084,1,"Individual Agencies"
"Thefts",322,507,"-36.4891518737673",2026-03-01,"Roseville, California","Mar 2026","2026-05-18 10:10:31 EDT",158084,1,"Individual Agencies"
"Violent Crimes",61,54,"12.962962962963",2026-03-01,"Roseville, California","Mar 2026","2026-05-18 10:10:31 EDT",158084,1,"Individual Agencies"
"Aggravated Assaults",15,24,"-37.5",2026-03-01,"Roswell, Georgia","Mar 2026","2026-05-18 10:10:31 EDT",93241,1,"Individual Agencies"
"Burglaries",11,14,"-21.4285714285714",2026-03-01,"Roswell, Georgia","Mar 2026","2026-05-18 10:10:31 EDT",93241,1,"Individual Agencies"
"Motor Vehicle Thefts",10,16,"-37.5",2026-03-01,"Roswell, Georgia","Mar 2026","2026-05-18 10:10:31 EDT",93241,1,"Individual Agencies"
"Murders",0,0,"0",2026-03-01,"Roswell, Georgia","Mar 2026","2026-05-18 10:10:31 EDT",93241,1,"Individual Agencies"
"Property Crimes",140,198,"-29.2929292929293",2026-03-01,"Roswell, Georgia","Mar 2026","2026-05-18 10:10:31 EDT",93241,1,"Individual Agencies"
"Rapes",3,5,"-40",2026-03-01,"Roswell, Georgia","Mar 2026","2026-05-18 10:10:31 EDT",93241,1,"Individual Agencies"
"Robberies",2,3,"-33.3333333333333",2026-03-01,"Roswell, Georgia","Mar 2026","2026-05-18 10:10:31 EDT",93241,1,"Individual Agencies"
"Thefts",119,168,"-29.1666666666667",2026-03-01,"Roswell, Georgia","Mar 2026","2026-05-18 10:10:31 EDT",93241,1,"Individual Agencies"
"Violent Crimes",20,32,"-37.5",2026-03-01,"Roswell, Georgia","Mar 2026","2026-05-18 10:10:31 EDT",93241,1,"Individual Agencies"
"Aggravated Assaults",22,21,"4.76190476190476",2026-03-01,"Round Rock, Texas","Mar 2026","2026-05-18 10:10:31 EDT",129898,1,"Individual Agencies"
"Burglaries",30,38,"-21.0526315789474",2026-03-01,"Round Rock, Texas","Mar 2026","2026-05-18 10:10:31 EDT",129898,1,"Individual Agencies"
"Motor Vehicle Thefts",28,32,"-12.5",2026-03-01,"Round Rock, Texas","Mar 2026","2026-05-18 10:10:31 EDT",129898,1,"Individual Agencies"
"Murders",0,0,"0",2026-03-01,"Round Rock, Texas","Mar 2026","2026-05-18 10:10:31 EDT",129898,1,"Individual Agencies"
"Property Crimes",397,528,"-24.8106060606061",2026-03-01,"Round Rock, Texas","Mar 2026","2026-05-18 10:10:31 EDT",129898,1,"Individual Agencies"
"Rapes",13,11,"18.1818181818182",2026-03-01,"Round Rock, Texas","Mar 2026","2026-05-18 10:10:31 EDT",129898,1,"Individual Agencies"
"Robberies",3,8,"-62.5",2026-03-01,"Round Rock, Texas","Mar 2026","2026-05-18 10:10:31 EDT",129898,1,"Individual Agencies"
"Thefts",339,458,"-25.9825327510917",2026-03-01,"Round Rock, Texas","Mar 2026","2026-05-18 10:10:31 EDT",129898,1,"Individual Agencies"
"Violent Crimes",38,40,"-5",2026-03-01,"Round Rock, Texas","Mar 2026","2026-05-18 10:10:31 EDT",129898,1,"Individual Agencies"
"Aggravated Assaults",26,14,"85.7142857142857",2026-03-01,"Rowlett, Texas","Mar 2026","2026-05-18 10:10:31 EDT",66671,1,"Individual Agencies"
"Burglaries",8,21,"-61.9047619047619",2026-03-01,"Rowlett, Texas","Mar 2026","2026-05-18 10:10:31 EDT",66671,1,"Individual Agencies"
"Motor Vehicle Thefts",7,13,"-46.1538461538462",2026-03-01,"Rowlett, Texas","Mar 2026","2026-05-18 10:10:31 EDT",66671,1,"Individual Agencies"
"Murders",0,0,"0",2026-03-01,"Rowlett, Texas","Mar 2026","2026-05-18 10:10:31 EDT",66671,1,"Individual Agencies"
"Property Crimes",152,193,"-21.2435233160622",2026-03-01,"Rowlett, Texas","Mar 2026","2026-05-18 10:10:31 EDT",66671,1,"Individual Agencies"
"Rapes",5,7,"-28.5714285714286",2026-03-01,"Rowlett, Texas","Mar 2026","2026-05-18 10:10:31 EDT",66671,1,"Individual Agencies"
"Robberies",1,2,"-50",2026-03-01,"Rowlett, Texas","Mar 2026","2026-05-18 10:10:31 EDT",66671,1,"Individual Agencies"
"Thefts",137,159,"-13.8364779874214",2026-03-01,"Rowlett, Texas","Mar 2026","2026-05-18 10:10:31 EDT",66671,1,"Individual Agencies"
"Violent Crimes",32,23,"39.1304347826087",2026-03-01,"Rowlett, Texas","Mar 2026","2026-05-18 10:10:31 EDT",66671,1,"Individual Agencies"
"Aggravated Assaults",9,19,"-52.6315789473684",2026-03-01,"Royal Oak, Michigan","Mar 2026","2026-05-18 10:10:31 EDT",57233,1,"Individual Agencies"
"Burglaries",3,6,"-50",2026-03-01,"Royal Oak, Michigan","Mar 2026","2026-05-18 10:10:31 EDT",57233,1,"Individual Agencies"
"Motor Vehicle Thefts",8,14,"-42.8571428571429",2026-03-01,"Royal Oak, Michigan","Mar 2026","2026-05-18 10:10:31 EDT",57233,1,"Individual Agencies"
"Murders",0,0,"0",2026-03-01,"Royal Oak, Michigan","Mar 2026","2026-05-18 10:10:31 EDT",57233,1,"Individual Agencies"
"Property Crimes",82,84,"-2.38095238095238",2026-03-01,"Royal Oak, Michigan","Mar 2026","2026-05-18 10:10:31 EDT",57233,1,"Individual Agencies"
"Rapes",0,2,"-100",2026-03-01,"Royal Oak, Michigan","Mar 2026","2026-05-18 10:10:31 EDT",57233,1,"Individual Agencies"
"Robberies",2,3,"-33.3333333333333",2026-03-01,"Royal Oak, Michigan","Mar 2026","2026-05-18 10:10:31 EDT",57233,1,"Individual Agencies"
"Thefts",71,64,"10.9375",2026-03-01,"Royal Oak, Michigan","Mar 2026","2026-05-18 10:10:31 EDT",57233,1,"Individual Agencies"
"Violent Crimes",11,24,"-54.1666666666667",2026-03-01,"Royal Oak, Michigan","Mar 2026","2026-05-18 10:10:31 EDT",57233,1,"Individual Agencies"
"Aggravated Assaults",44,38,"15.7894736842105",2026-03-01,"Rutherford County, Tennessee","Mar 2026","2026-05-18 10:10:31 EDT",104616,1,"Individual Agencies"
"Burglaries",6,19,"-68.4210526315789",2026-03-01,"Rutherford County, Tennessee","Mar 2026","2026-05-18 10:10:31 EDT",104616,1,"Individual Agencies"
"Motor Vehicle Thefts",14,15,"-6.66666666666667",2026-03-01,"Rutherford County, Tennessee","Mar 2026","2026-05-18 10:10:31 EDT",104616,1,"Individual Agencies"
"Murders",1,0,"Undefined",2026-03-01,"Rutherford County, Tennessee","Mar 2026","2026-05-18 10:10:31 EDT",104616,1,"Individual Agencies"
"Property Crimes",58,108,"-46.2962962962963",2026-03-01,"Rutherford County, Tennessee","Mar 2026","2026-05-18 10:10:31 EDT",104616,1,"Individual Agencies"
"Rapes",4,8,"-50",2026-03-01,"Rutherford County, Tennessee","Mar 2026","2026-05-18 10:10:31 EDT",104616,1,"Individual Agencies"
"Robberies",0,1,"-100",2026-03-01,"Rutherford County, Tennessee","Mar 2026","2026-05-18 10:10:31 EDT",104616,1,"Individual Agencies"
"Thefts",38,74,"-48.6486486486487",2026-03-01,"Rutherford County, Tennessee","Mar 2026","2026-05-18 10:10:31 EDT",104616,1,"Individual Agencies"
"Violent Crimes",49,47,"4.25531914893617",2026-03-01,"Rutherford County, Tennessee","Mar 2026","2026-05-18 10:10:31 EDT",104616,1,"Individual Agencies"
"Aggravated Assaults",562,375,"49.8666666666667",2026-03-01,"Sacramento County, California","Mar 2026","2026-05-18 10:10:31 EDT",604738,1,"Individual Agencies"
"Burglaries",542,534,"1.49812734082397",2026-03-01,"Sacramento County, California","Mar 2026","2026-05-18 10:10:31 EDT",604738,1,"Individual Agencies"
"Motor Vehicle Thefts",19,24,"-20.8333333333333",2026-03-01,"Sacramento County, California","Mar 2026","2026-05-18 10:10:31 EDT",604738,1,"Individual Agencies"
"Murders",6,4,"50",2026-03-01,"Sacramento County, California","Mar 2026","2026-05-18 10:10:31 EDT",604738,1,"Individual Agencies"
"Property Crimes",1908,1897,"0.579862941486558",2026-03-01,"Sacramento County, California","Mar 2026","2026-05-18 10:10:31 EDT",604738,1,"Individual Agencies"
"Rapes",47,50,"-6",2026-03-01,"Sacramento County, California","Mar 2026","2026-05-18 10:10:31 EDT",604738,1,"Individual Agencies"
"Robberies",162,155,"4.51612903225806",2026-03-01,"Sacramento County, California","Mar 2026","2026-05-18 10:10:31 EDT",604738,1,"Individual Agencies"
"Thefts",1347,1339,"0.597460791635549",2026-03-01,"Sacramento County, California","Mar 2026","2026-05-18 10:10:31 EDT",604738,1,"Individual Agencies"
"Violent Crimes",777,584,"33.0479452054795",2026-03-01,"Sacramento County, California","Mar 2026","2026-05-18 10:10:31 EDT",604738,1,"Individual Agencies"
"Aggravated Assaults",542,554,"-2.16606498194946",2026-03-01,"Sacramento, California","Mar 2026","2026-05-18 10:10:31 EDT",529172,1,"Individual Agencies"
"Burglaries",506,535,"-5.42056074766355",2026-03-01,"Sacramento, California","Mar 2026","2026-05-18 10:10:31 EDT",529172,1,"Individual Agencies"
"Motor Vehicle Thefts",451,591,"-23.6886632825719",2026-03-01,"Sacramento, California","Mar 2026","2026-05-18 10:10:31 EDT",529172,1,"Individual Agencies"
"Murders",11,6,"83.3333333333333",2026-03-01,"Sacramento, California","Mar 2026","2026-05-18 10:10:31 EDT",529172,1,"Individual Agencies"
"Property Crimes",2490,3080,"-19.1558441558442",2026-03-01,"Sacramento, California","Mar 2026","2026-05-18 10:10:31 EDT",529172,1,"Individual Agencies"
"Rapes",38,27,"40.7407407407407",2026-03-01,"Sacramento, California","Mar 2026","2026-05-18 10:10:31 EDT",529172,1,"Individual Agencies"
"Robberies",211,214,"-1.4018691588785",2026-03-01,"Sacramento, California","Mar 2026","2026-05-18 10:10:31 EDT",529172,1,"Individual Agencies"
"Thefts",1533,1954,"-21.5455475946776",2026-03-01,"Sacramento, California","Mar 2026","2026-05-18 10:10:31 EDT",529172,1,"Individual Agencies"
"Violent Crimes",802,801,"0.124843945068664",2026-03-01,"Sacramento, California","Mar 2026","2026-05-18 10:10:31 EDT",529172,1,"Individual Agencies"
"Aggravated Assaults",106,115,"-7.82608695652174",2026-03-01,"Salem, Oregon","Mar 2026","2026-05-18 10:10:31 EDT",178276,1,"Individual Agencies"
"Burglaries",83,160,"-48.125",2026-03-01,"Salem, Oregon","Mar 2026","2026-05-18 10:10:31 EDT",178276,1,"Individual Agencies"
"Motor Vehicle Thefts",84,173,"-51.4450867052023",2026-03-01,"Salem, Oregon","Mar 2026","2026-05-18 10:10:31 EDT",178276,1,"Individual Agencies"
"Murders",0,1,"-100",2026-03-01,"Salem, Oregon","Mar 2026","2026-05-18 10:10:31 EDT",178276,1,"Individual Agencies"
"Property Crimes",729,1231,"-40.7798537774167",2026-03-01,"Salem, Oregon","Mar 2026","2026-05-18 10:10:31 EDT",178276,1,"Individual Agencies"
"Rapes",12,14,"-14.2857142857143",2026-03-01,"Salem, Oregon","Mar 2026","2026-05-18 10:10:31 EDT",178276,1,"Individual Agencies"
"Robberies",39,34,"14.7058823529412",2026-03-01,"Salem, Oregon","Mar 2026","2026-05-18 10:10:31 EDT",178276,1,"Individual Agencies"
"Thefts",562,898,"-37.4164810690423",2026-03-01,"Salem, Oregon","Mar 2026","2026-05-18 10:10:31 EDT",178276,1,"Individual Agencies"
"Violent Crimes",157,164,"-4.26829268292683",2026-03-01,"Salem, Oregon","Mar 2026","2026-05-18 10:10:31 EDT",178276,1,"Individual Agencies"
"Aggravated Assaults",135,108,"25",2026-02-01,"Salt Lake City, Utah","Feb 2026","2026-05-18 10:10:31 EDT",206692,1,"Individual Agencies"
"Burglaries",125,160,"-21.875",2026-02-01,"Salt Lake City, Utah","Feb 2026","2026-05-18 10:10:31 EDT",206692,1,"Individual Agencies"
"Motor Vehicle Thefts",102,153,"-33.3333333333333",2026-02-01,"Salt Lake City, Utah","Feb 2026","2026-05-18 10:10:31 EDT",206692,1,"Individual Agencies"
"Murders",3,1,"200",2026-02-01,"Salt Lake City, Utah","Feb 2026","2026-05-18 10:10:31 EDT",206692,1,"Individual Agencies"
"Rapes",49,34,"44.1176470588235",2026-02-01,"Salt Lake City, Utah","Feb 2026","2026-05-18 10:10:31 EDT",206692,1,"Individual Agencies"
"Robberies",35,50,"-30",2026-02-01,"Salt Lake City, Utah","Feb 2026","2026-05-18 10:10:31 EDT",206692,1,"Individual Agencies"
"Thefts",1126,1232,"-8.6038961038961",2026-02-01,"Salt Lake City, Utah","Feb 2026","2026-05-18 10:10:31 EDT",206692,1,"Individual Agencies"
"Aggravated Assaults",40,33,"21.2121212121212",2026-03-01,"San Angelo, Texas","Mar 2026","2026-05-18 10:10:31 EDT",98642,1,"Individual Agencies"
"Burglaries",78,80,"-2.5",2026-03-01,"San Angelo, Texas","Mar 2026","2026-05-18 10:10:31 EDT",98642,1,"Individual Agencies"
"Motor Vehicle Thefts",38,30,"26.6666666666667",2026-03-01,"San Angelo, Texas","Mar 2026","2026-05-18 10:10:31 EDT",98642,1,"Individual Agencies"
"Murders",4,0,"Undefined",2026-03-01,"San Angelo, Texas","Mar 2026","2026-05-18 10:10:31 EDT",98642,1,"Individual Agencies"
"Property Crimes",498,484,"2.89256198347107",2026-03-01,"San Angelo, Texas","Mar 2026","2026-05-18 10:10:31 EDT",98642,1,"Individual Agencies"
"Rapes",7,12,"-41.6666666666667",2026-03-01,"San Angelo, Texas","Mar 2026","2026-05-18 10:10:31 EDT",98642,1,"Individual Agencies"
"Robberies",1,3,"-66.6666666666667",2026-03-01,"San Angelo, Texas","Mar 2026","2026-05-18 10:10:31 EDT",98642,1,"Individual Agencies"
"Thefts",382,374,"2.13903743315508",2026-03-01,"San Angelo, Texas","Mar 2026","2026-05-18 10:10:31 EDT",98642,1,"Individual Agencies"
"Violent Crimes",52,48,"8.33333333333333",2026-03-01,"San Angelo, Texas","Mar 2026","2026-05-18 10:10:31 EDT",98642,1,"Individual Agencies"
"Aggravated Assaults",1268,1388,"-8.64553314121038",2026-03-01,"San Antonio, Texas","Mar 2026","2026-05-18 10:10:31 EDT",1490047,1,"Individual Agencies"
"Burglaries",1583,1856,"-14.7090517241379",2026-03-01,"San Antonio, Texas","Mar 2026","2026-05-18 10:10:31 EDT",1490047,1,"Individual Agencies"
"Motor Vehicle Thefts",1995,2338,"-14.6706586826347",2026-03-01,"San Antonio, Texas","Mar 2026","2026-05-18 10:10:31 EDT",1490047,1,"Individual Agencies"
"Murders",21,19,"10.5263157894737",2026-03-01,"San Antonio, Texas","Mar 2026","2026-05-18 10:10:31 EDT",1490047,1,"Individual Agencies"
"Property Crimes",13721,15160,"-9.49208443271768",2026-03-01,"San Antonio, Texas","Mar 2026","2026-05-18 10:10:31 EDT",1490047,1,"Individual Agencies"
"Rapes",250,299,"-16.3879598662207",2026-03-01,"San Antonio, Texas","Mar 2026","2026-05-18 10:10:31 EDT",1490047,1,"Individual Agencies"
"Robberies",289,326,"-11.3496932515337",2026-03-01,"San Antonio, Texas","Mar 2026","2026-05-18 10:10:31 EDT",1490047,1,"Individual Agencies"
"Thefts",10143,10966,"-7.50501550246216",2026-03-01,"San Antonio, Texas","Mar 2026","2026-05-18 10:10:31 EDT",1490047,1,"Individual Agencies"
"Violent Crimes",1828,2032,"-10.0393700787402",2026-03-01,"San Antonio, Texas","Mar 2026","2026-05-18 10:10:31 EDT",1490047,1,"Individual Agencies"
"Aggravated Assaults",323,304,"6.25",2026-03-01,"San Bernardino, California","Mar 2026","2026-05-18 10:10:31 EDT",219483,1,"Individual Agencies"
"Burglaries",150,229,"-34.4978165938865",2026-03-01,"San Bernardino, California","Mar 2026","2026-05-18 10:10:31 EDT",219483,1,"Individual Agencies"
"Motor Vehicle Thefts",262,350,"-25.1428571428571",2026-03-01,"San Bernardino, California","Mar 2026","2026-05-18 10:10:31 EDT",219483,1,"Individual Agencies"
"Murders",0,5,"-100",2026-03-01,"San Bernardino, California","Mar 2026","2026-05-18 10:10:31 EDT",219483,1,"Individual Agencies"
"Rapes",23,33,"-30.3030303030303",2026-03-01,"San Bernardino, California","Mar 2026","2026-05-18 10:10:31 EDT",219483,1,"Individual Agencies"
"Robberies",97,116,"-16.3793103448276",2026-03-01,"San Bernardino, California","Mar 2026","2026-05-18 10:10:31 EDT",219483,1,"Individual Agencies"
"Thefts",787,913,"-13.8006571741512",2026-03-01,"San Bernardino, California","Mar 2026","2026-05-18 10:10:31 EDT",219483,1,"Individual Agencies"
"Aggravated Assaults",625,326,"91.717791411043",2026-03-01,"San Diego County, California","Mar 2026","2026-05-18 10:10:31 EDT",519218,1,"Individual Agencies"
"Burglaries",211,215,"-1.86046511627907",2026-03-01,"San Diego County, California","Mar 2026","2026-05-18 10:10:31 EDT",519218,1,"Individual Agencies"
"Motor Vehicle Thefts",218,190,"14.7368421052632",2026-03-01,"San Diego County, California","Mar 2026","2026-05-18 10:10:31 EDT",519218,1,"Individual Agencies"
"Murders",4,2,"100",2026-03-01,"San Diego County, California","Mar 2026","2026-05-18 10:10:31 EDT",519218,1,"Individual Agencies"
"Property Crimes",1429,1071,"33.4267040149393",2026-03-01,"San Diego County, California","Mar 2026","2026-05-18 10:10:31 EDT",519218,1,"Individual Agencies"
"Rapes",34,24,"41.6666666666667",2026-03-01,"San Diego County, California","Mar 2026","2026-05-18 10:10:31 EDT",519218,1,"Individual Agencies"
"Robberies",89,53,"67.9245283018868",2026-03-01,"San Diego County, California","Mar 2026","2026-05-18 10:10:31 EDT",519218,1,"Individual Agencies"
"Thefts",1000,666,"50.1501501501502",2026-03-01,"San Diego County, California","Mar 2026","2026-05-18 10:10:31 EDT",519218,1,"Individual Agencies"
"Violent Crimes",752,405,"85.679012345679",2026-03-01,"San Diego County, California","Mar 2026","2026-05-18 10:10:31 EDT",519218,1,"Individual Agencies"
"Aggravated Assaults",996,976,"2.04918032786885",2026-03-01,"San Diego, California","Mar 2026","2026-05-18 10:10:31 EDT",1378349,1,"Individual Agencies"
"Burglaries",457,546,"-16.3003663003663",2026-03-01,"San Diego, California","Mar 2026","2026-05-18 10:10:31 EDT",1378349,1,"Individual Agencies"
"Motor Vehicle Thefts",861,975,"-11.6923076923077",2026-03-01,"San Diego, California","Mar 2026","2026-05-18 10:10:31 EDT",1378349,1,"Individual Agencies"
"Murders",5,9,"-44.4444444444444",2026-03-01,"San Diego, California","Mar 2026","2026-05-18 10:10:31 EDT",1378349,1,"Individual Agencies"
"Property Crimes",4918,5319,"-7.53901109231059",2026-03-01,"San Diego, California","Mar 2026","2026-05-18 10:10:31 EDT",1378349,1,"Individual Agencies"
"Rapes",114,104,"9.61538461538462",2026-03-01,"San Diego, California","Mar 2026","2026-05-18 10:10:31 EDT",1378349,1,"Individual Agencies"
"Robberies",226,206,"9.70873786407767",2026-03-01,"San Diego, California","Mar 2026","2026-05-18 10:10:31 EDT",1378349,1,"Individual Agencies"
"Thefts",3600,3798,"-5.21327014218009",2026-03-01,"San Diego, California","Mar 2026","2026-05-18 10:10:31 EDT",1378349,1,"Individual Agencies"
"Violent Crimes",1341,1295,"3.55212355212355",2026-03-01,"San Diego, California","Mar 2026","2026-05-18 10:10:31 EDT",1378349,1,"Individual Agencies"
"Aggravated Assaults",495,523,"-5.35372848948375",2026-03-01,"San Francisco, California","Mar 2026","2026-05-18 10:10:31 EDT",782846,1,"Individual Agencies"
"Burglaries",731,993,"-26.3846928499496",2026-03-01,"San Francisco, California","Mar 2026","2026-05-18 10:10:31 EDT",782846,1,"Individual Agencies"
"Motor Vehicle Thefts",622,897,"-30.6577480490524",2026-03-01,"San Francisco, California","Mar 2026","2026-05-18 10:10:31 EDT",782846,1,"Individual Agencies"
"Murders",14,6,"133.333333333333",2026-03-01,"San Francisco, California","Mar 2026","2026-05-18 10:10:31 EDT",782846,1,"Individual Agencies"
"Property Crimes",4707,6023,"-21.8495766229454",2026-03-01,"San Francisco, California","Mar 2026","2026-05-18 10:10:31 EDT",782846,1,"Individual Agencies"
"Rapes",51,41,"24.390243902439",2026-03-01,"San Francisco, California","Mar 2026","2026-05-18 10:10:31 EDT",782846,1,"Individual Agencies"
"Robberies",314,440,"-28.6363636363636",2026-03-01,"San Francisco, California","Mar 2026","2026-05-18 10:10:31 EDT",782846,1,"Individual Agencies"
"Thefts",3354,4133,"-18.8482942172756",2026-03-01,"San Francisco, California","Mar 2026","2026-05-18 10:10:31 EDT",782846,1,"Individual Agencies"
"Violent Crimes",874,1010,"-13.4653465346535",2026-03-01,"San Francisco, California","Mar 2026","2026-05-18 10:10:31 EDT",782846,1,"Individual Agencies"
"Aggravated Assaults",782,825,"-5.21212121212121",2026-03-01,"San Jose, California","Mar 2026","2026-05-18 10:10:31 EDT",952530,1,"Individual Agencies"
"Burglaries",732,955,"-23.3507853403141",2026-03-01,"San Jose, California","Mar 2026","2026-05-18 10:10:31 EDT",952530,1,"Individual Agencies"
"Motor Vehicle Thefts",1102,1424,"-22.6123595505618",2026-03-01,"San Jose, California","Mar 2026","2026-05-18 10:10:31 EDT",952530,1,"Individual Agencies"
"Murders",6,5,"20",2026-03-01,"San Jose, California","Mar 2026","2026-05-18 10:10:31 EDT",952530,1,"Individual Agencies"
"Property Crimes",5523,6419,"-13.958560523446",2026-03-01,"San Jose, California","Mar 2026","2026-05-18 10:10:31 EDT",952530,1,"Individual Agencies"
"Rapes",100,114,"-12.280701754386",2026-03-01,"San Jose, California","Mar 2026","2026-05-18 10:10:31 EDT",952530,1,"Individual Agencies"
"Robberies",213,301,"-29.2358803986711",2026-03-01,"San Jose, California","Mar 2026","2026-05-18 10:10:31 EDT",952530,1,"Individual Agencies"
"Thefts",3689,4040,"-8.68811881188119",2026-03-01,"San Jose, California","Mar 2026","2026-05-18 10:10:31 EDT",952530,1,"Individual Agencies"
"Violent Crimes",1101,1245,"-11.566265060241",2026-03-01,"San Jose, California","Mar 2026","2026-05-18 10:10:31 EDT",952530,1,"Individual Agencies"
"Aggravated Assaults",34,37,"-8.10810810810811",2026-03-01,"San Marcos, Texas","Mar 2026","2026-05-18 10:10:31 EDT",71413,1,"Individual Agencies"
"Burglaries",49,31,"58.0645161290323",2026-03-01,"San Marcos, Texas","Mar 2026","2026-05-18 10:10:31 EDT",71413,1,"Individual Agencies"
"Motor Vehicle Thefts",41,44,"-6.81818181818182",2026-03-01,"San Marcos, Texas","Mar 2026","2026-05-18 10:10:31 EDT",71413,1,"Individual Agencies"
"Murders",0,1,"-100",2026-03-01,"San Marcos, Texas","Mar 2026","2026-05-18 10:10:31 EDT",71413,1,"Individual Agencies"
"Property Crimes",362,334,"8.38323353293413",2026-03-01,"San Marcos, Texas","Mar 2026","2026-05-18 10:10:31 EDT",71413,1,"Individual Agencies"
"Rapes",16,21,"-23.8095238095238",2026-03-01,"San Marcos, Texas","Mar 2026","2026-05-18 10:10:31 EDT",71413,1,"Individual Agencies"
"Robberies",7,7,"0",2026-03-01,"San Marcos, Texas","Mar 2026","2026-05-18 10:10:31 EDT",71413,1,"Individual Agencies"
"Thefts",272,259,"5.01930501930502",2026-03-01,"San Marcos, Texas","Mar 2026","2026-05-18 10:10:31 EDT",71413,1,"Individual Agencies"
"Violent Crimes",57,66,"-13.6363636363636",2026-03-01,"San Marcos, Texas","Mar 2026","2026-05-18 10:10:31 EDT",71413,1,"Individual Agencies"
"Aggravated Assaults",40,45,"-11.1111111111111",2026-03-01,"San Mateo County, California","Mar 2026","2026-05-18 10:10:31 EDT",127963,1,"Individual Agencies"
"Burglaries",46,83,"-44.578313253012",2026-03-01,"San Mateo County, California","Mar 2026","2026-05-18 10:10:31 EDT",127963,1,"Individual Agencies"
"Motor Vehicle Thefts",36,53,"-32.0754716981132",2026-03-01,"San Mateo County, California","Mar 2026","2026-05-18 10:10:31 EDT",127963,1,"Individual Agencies"
"Murders",0,0,"0",2026-03-01,"San Mateo County, California","Mar 2026","2026-05-18 10:10:31 EDT",127963,1,"Individual Agencies"
"Property Crimes",322,396,"-18.6868686868687",2026-03-01,"San Mateo County, California","Mar 2026","2026-05-18 10:10:31 EDT",127963,1,"Individual Agencies"
"Rapes",6,9,"-33.3333333333333",2026-03-01,"San Mateo County, California","Mar 2026","2026-05-18 10:10:31 EDT",127963,1,"Individual Agencies"
"Robberies",8,6,"33.3333333333333",2026-03-01,"San Mateo County, California","Mar 2026","2026-05-18 10:10:31 EDT",127963,1,"Individual Agencies"
"Thefts",240,260,"-7.69230769230769",2026-03-01,"San Mateo County, California","Mar 2026","2026-05-18 10:10:31 EDT",127963,1,"Individual Agencies"
"Violent Crimes",54,60,"-10",2026-03-01,"San Mateo County, California","Mar 2026","2026-05-18 10:10:31 EDT",127963,1,"Individual Agencies"
"Aggravated Assaults",24,20,"20",2026-03-01,"San Mateo, California","Mar 2026","2026-05-18 10:10:31 EDT",98883,1,"Individual Agencies"
"Burglaries",14,16,"-12.5",2026-03-01,"San Mateo, California","Mar 2026","2026-05-18 10:10:31 EDT",98883,1,"Individual Agencies"
"Motor Vehicle Thefts",16,36,"-55.5555555555556",2026-03-01,"San Mateo, California","Mar 2026","2026-05-18 10:10:31 EDT",98883,1,"Individual Agencies"
"Murders",0,0,"0",2026-03-01,"San Mateo, California","Mar 2026","2026-05-18 10:10:31 EDT",98883,1,"Individual Agencies"
"Property Crimes",316,406,"-22.1674876847291",2026-03-01,"San Mateo, California","Mar 2026","2026-05-18 10:10:31 EDT",98883,1,"Individual Agencies"
"Rapes",7,9,"-22.2222222222222",2026-03-01,"San Mateo, California","Mar 2026","2026-05-18 10:10:31 EDT",98883,1,"Individual Agencies"
"Robberies",8,7,"14.2857142857143",2026-03-01,"San Mateo, California","Mar 2026","2026-05-18 10:10:31 EDT",98883,1,"Individual Agencies"
"Thefts",286,354,"-19.2090395480226",2026-03-01,"San Mateo, California","Mar 2026","2026-05-18 10:10:31 EDT",98883,1,"Individual Agencies"
"Violent Crimes",39,36,"8.33333333333333",2026-03-01,"San Mateo, California","Mar 2026","2026-05-18 10:10:31 EDT",98883,1,"Individual Agencies"
"Aggravated Assaults",19,38,"-50",2026-03-01,"San Rafael, California","Mar 2026","2026-05-18 10:10:31 EDT",59400,1,"Individual Agencies"
"Burglaries",15,30,"-50",2026-03-01,"San Rafael, California","Mar 2026","2026-05-18 10:10:31 EDT",59400,1,"Individual Agencies"
"Motor Vehicle Thefts",31,57,"-45.6140350877193",2026-03-01,"San Rafael, California","Mar 2026","2026-05-18 10:10:31 EDT",59400,1,"Individual Agencies"
"Murders",1,0,"Undefined",2026-03-01,"San Rafael, California","Mar 2026","2026-05-18 10:10:31 EDT",59400,1,"Individual Agencies"
"Property Crimes",239,330,"-27.5757575757576",2026-03-01,"San Rafael, California","Mar 2026","2026-05-18 10:10:31 EDT",59400,1,"Individual Agencies"
"Rapes",11,8,"37.5",2026-03-01,"San Rafael, California","Mar 2026","2026-05-18 10:10:31 EDT",59400,1,"Individual Agencies"
"Robberies",8,21,"-61.9047619047619",2026-03-01,"San Rafael, California","Mar 2026","2026-05-18 10:10:31 EDT",59400,1,"Individual Agencies"
"Thefts",193,243,"-20.5761316872428",2026-03-01,"San Rafael, California","Mar 2026","2026-05-18 10:10:31 EDT",59400,1,"Individual Agencies"
"Violent Crimes",39,67,"-41.7910447761194",2026-03-01,"San Rafael, California","Mar 2026","2026-05-18 10:10:31 EDT",59400,1,"Individual Agencies"
"Aggravated Assaults",27,32,"-15.625",2026-03-01,"Santa Clara, California","Mar 2026","2026-05-18 10:10:31 EDT",126452,1,"Individual Agencies"
"Burglaries",142,115,"23.4782608695652",2026-03-01,"Santa Clara, California","Mar 2026","2026-05-18 10:10:31 EDT",126452,1,"Individual Agencies"
"Motor Vehicle Thefts",102,104,"-1.92307692307692",2026-03-01,"Santa Clara, California","Mar 2026","2026-05-18 10:10:31 EDT",126452,1,"Individual Agencies"
"Murders",0,0,"0",2026-03-01,"Santa Clara, California","Mar 2026","2026-05-18 10:10:31 EDT",126452,1,"Individual Agencies"
"Property Crimes",904,944,"-4.23728813559322",2026-03-01,"Santa Clara, California","Mar 2026","2026-05-18 10:10:31 EDT",126452,1,"Individual Agencies"
"Rapes",2,11,"-81.8181818181818",2026-03-01,"Santa Clara, California","Mar 2026","2026-05-18 10:10:31 EDT",126452,1,"Individual Agencies"
"Robberies",15,21,"-28.5714285714286",2026-03-01,"Santa Clara, California","Mar 2026","2026-05-18 10:10:31 EDT",126452,1,"Individual Agencies"
"Thefts",660,725,"-8.96551724137931",2026-03-01,"Santa Clara, California","Mar 2026","2026-05-18 10:10:31 EDT",126452,1,"Individual Agencies"
"Violent Crimes",44,64,"-31.25",2026-03-01,"Santa Clara, California","Mar 2026","2026-05-18 10:10:31 EDT",126452,1,"Individual Agencies"
"Aggravated Assaults",51,32,"59.375",2026-03-01,"Santa Cruz County, California","Mar 2026","2026-05-18 10:10:31 EDT",128246,1,"Individual Agencies"
"Burglaries",31,35,"-11.4285714285714",2026-03-01,"Santa Cruz County, California","Mar 2026","2026-05-18 10:10:31 EDT",128246,1,"Individual Agencies"
"Motor Vehicle Thefts",5,8,"-37.5",2026-03-01,"Santa Cruz County, California","Mar 2026","2026-05-18 10:10:31 EDT",128246,1,"Individual Agencies"
"Murders",0,0,"0",2026-03-01,"Santa Cruz County, California","Mar 2026","2026-05-18 10:10:31 EDT",128246,1,"Individual Agencies"
"Property Crimes",202,220,"-8.18181818181818",2026-03-01,"Santa Cruz County, California","Mar 2026","2026-05-18 10:10:31 EDT",128246,1,"Individual Agencies"
"Rapes",11,8,"37.5",2026-03-01,"Santa Cruz County, California","Mar 2026","2026-05-18 10:10:31 EDT",128246,1,"Individual Agencies"
"Robberies",5,7,"-28.5714285714286",2026-03-01,"Santa Cruz County, California","Mar 2026","2026-05-18 10:10:31 EDT",128246,1,"Individual Agencies"
"Thefts",166,177,"-6.21468926553672",2026-03-01,"Santa Cruz County, California","Mar 2026","2026-05-18 10:10:31 EDT",128246,1,"Individual Agencies"
"Violent Crimes",67,47,"42.5531914893617",2026-03-01,"Santa Cruz County, California","Mar 2026","2026-05-18 10:10:31 EDT",128246,1,"Individual Agencies"
"Burglaries",115,157,"-26.7515923566879",2026-03-01,"Santa Fe, New Mexico","Mar 2026","2026-05-18 10:10:31 EDT",89657,1,"Individual Agencies"
"Motor Vehicle Thefts",41,130,"-68.4615384615385",2026-03-01,"Santa Fe, New Mexico","Mar 2026","2026-05-18 10:10:31 EDT",89657,1,"Individual Agencies"
"Murders",2,2,"0",2026-03-01,"Santa Fe, New Mexico","Mar 2026","2026-05-18 10:10:31 EDT",89657,1,"Individual Agencies"
"Property Crimes",681,977,"-30.2968270214944",2026-03-01,"Santa Fe, New Mexico","Mar 2026","2026-05-18 10:10:31 EDT",89657,1,"Individual Agencies"
"Robberies",10,16,"-37.5",2026-03-01,"Santa Fe, New Mexico","Mar 2026","2026-05-18 10:10:31 EDT",89657,1,"Individual Agencies"
"Thefts",525,690,"-23.9130434782609",2026-03-01,"Santa Fe, New Mexico","Mar 2026","2026-05-18 10:10:31 EDT",89657,1,"Individual Agencies"
"Violent Crimes",12,18,"-33.3333333333333",2026-03-01,"Santa Fe, New Mexico","Mar 2026","2026-05-18 10:10:31 EDT",89657,1,"Individual Agencies"
"Aggravated Assaults",87,90,"-3.33333333333333",2026-03-01,"Santa Maria, California","Mar 2026","2026-05-18 10:10:31 EDT",110317,1,"Individual Agencies"
"Burglaries",43,88,"-51.1363636363636",2026-03-01,"Santa Maria, California","Mar 2026","2026-05-18 10:10:31 EDT",110317,1,"Individual Agencies"
"Motor Vehicle Thefts",93,120,"-22.5",2026-03-01,"Santa Maria, California","Mar 2026","2026-05-18 10:10:31 EDT",110317,1,"Individual Agencies"
"Murders",0,0,"0",2026-03-01,"Santa Maria, California","Mar 2026","2026-05-18 10:10:31 EDT",110317,1,"Individual Agencies"
"Property Crimes",394,514,"-23.3463035019455",2026-03-01,"Santa Maria, California","Mar 2026","2026-05-18 10:10:31 EDT",110317,1,"Individual Agencies"
"Rapes",15,17,"-11.7647058823529",2026-03-01,"Santa Maria, California","Mar 2026","2026-05-18 10:10:31 EDT",110317,1,"Individual Agencies"
"Robberies",40,25,"60",2026-03-01,"Santa Maria, California","Mar 2026","2026-05-18 10:10:31 EDT",110317,1,"Individual Agencies"
"Thefts",258,306,"-15.6862745098039",2026-03-01,"Santa Maria, California","Mar 2026","2026-05-18 10:10:31 EDT",110317,1,"Individual Agencies"
"Violent Crimes",142,132,"7.57575757575758",2026-03-01,"Santa Maria, California","Mar 2026","2026-05-18 10:10:31 EDT",110317,1,"Individual Agencies"
"Aggravated Assaults",97,72,"34.7222222222222",2026-03-01,"Santa Monica, California","Mar 2026","2026-05-18 10:10:31 EDT",88552,1,"Individual Agencies"
"Burglaries",107,188,"-43.0851063829787",2026-03-01,"Santa Monica, California","Mar 2026","2026-05-18 10:10:31 EDT",88552,1,"Individual Agencies"
"Motor Vehicle Thefts",75,108,"-30.5555555555556",2026-03-01,"Santa Monica, California","Mar 2026","2026-05-18 10:10:31 EDT",88552,1,"Individual Agencies"
"Murders",3,4,"-25",2026-03-01,"Santa Monica, California","Mar 2026","2026-05-18 10:10:31 EDT",88552,1,"Individual Agencies"
"Property Crimes",785,889,"-11.6985376827897",2026-03-01,"Santa Monica, California","Mar 2026","2026-05-18 10:10:31 EDT",88552,1,"Individual Agencies"
"Rapes",13,7,"85.7142857142857",2026-03-01,"Santa Monica, California","Mar 2026","2026-05-18 10:10:31 EDT",88552,1,"Individual Agencies"
"Robberies",34,25,"36",2026-03-01,"Santa Monica, California","Mar 2026","2026-05-18 10:10:31 EDT",88552,1,"Individual Agencies"
"Thefts",603,593,"1.68634064080944",2026-03-01,"Santa Monica, California","Mar 2026","2026-05-18 10:10:31 EDT",88552,1,"Individual Agencies"
"Violent Crimes",147,108,"36.1111111111111",2026-03-01,"Santa Monica, California","Mar 2026","2026-05-18 10:10:31 EDT",88552,1,"Individual Agencies"
"Aggravated Assaults",73,77,"-5.19480519480519",2026-03-01,"Santa Rosa, California","Mar 2026","2026-05-18 10:10:31 EDT",176855,1,"Individual Agencies"
"Burglaries",103,88,"17.0454545454545",2026-03-01,"Santa Rosa, California","Mar 2026","2026-05-18 10:10:31 EDT",176855,1,"Individual Agencies"
"Motor Vehicle Thefts",50,68,"-26.4705882352941",2026-03-01,"Santa Rosa, California","Mar 2026","2026-05-18 10:10:31 EDT",176855,1,"Individual Agencies"
"Murders",0,7,"-100",2026-03-01,"Santa Rosa, California","Mar 2026","2026-05-18 10:10:31 EDT",176855,1,"Individual Agencies"
"Property Crimes",545,647,"-15.7650695517774",2026-03-01,"Santa Rosa, California","Mar 2026","2026-05-18 10:10:31 EDT",176855,1,"Individual Agencies"
"Rapes",18,31,"-41.9354838709677",2026-03-01,"Santa Rosa, California","Mar 2026","2026-05-18 10:10:31 EDT",176855,1,"Individual Agencies"
"Robberies",23,24,"-4.16666666666667",2026-03-01,"Santa Rosa, California","Mar 2026","2026-05-18 10:10:31 EDT",176855,1,"Individual Agencies"
"Thefts",392,491,"-20.162932790224",2026-03-01,"Santa Rosa, California","Mar 2026","2026-05-18 10:10:31 EDT",176855,1,"Individual Agencies"
"Violent Crimes",114,139,"-17.9856115107914",2026-03-01,"Santa Rosa, California","Mar 2026","2026-05-18 10:10:31 EDT",176855,1,"Individual Agencies"
"Aggravated Assaults",64,69,"-7.2463768115942",2026-03-01,"Sarasota County, Florida","Mar 2026","2026-05-18 10:10:31 EDT",294526,1,"Individual Agencies"
"Burglaries",162,94,"72.3404255319149",2026-03-01,"Sarasota County, Florida","Mar 2026","2026-05-18 10:10:31 EDT",294526,1,"Individual Agencies"
"Motor Vehicle Thefts",102,57,"78.9473684210526",2026-03-01,"Sarasota County, Florida","Mar 2026","2026-05-18 10:10:31 EDT",294526,1,"Individual Agencies"
"Murders",2,0,"Undefined",2026-03-01,"Sarasota County, Florida","Mar 2026","2026-05-18 10:10:31 EDT",294526,1,"Individual Agencies"
"Property Crimes",1196,715,"67.2727272727273",2026-03-01,"Sarasota County, Florida","Mar 2026","2026-05-18 10:10:31 EDT",294526,1,"Individual Agencies"
"Rapes",12,7,"71.4285714285714",2026-03-01,"Sarasota County, Florida","Mar 2026","2026-05-18 10:10:31 EDT",294526,1,"Individual Agencies"
"Robberies",10,9,"11.1111111111111",2026-03-01,"Sarasota County, Florida","Mar 2026","2026-05-18 10:10:31 EDT",294526,1,"Individual Agencies"
"Thefts",932,564,"65.2482269503546",2026-03-01,"Sarasota County, Florida","Mar 2026","2026-05-18 10:10:31 EDT",294526,1,"Individual Agencies"
"Violent Crimes",88,85,"3.52941176470588",2026-03-01,"Sarasota County, Florida","Mar 2026","2026-05-18 10:10:31 EDT",294526,1,"Individual Agencies"
"Aggravated Assaults",6,15,"-60",2026-03-01,"Saratoga County, New York","Mar 2026","2026-05-18 10:10:31 EDT",183036,1,"Individual Agencies"
"Burglaries",8,15,"-46.6666666666667",2026-03-01,"Saratoga County, New York","Mar 2026","2026-05-18 10:10:31 EDT",183036,1,"Individual Agencies"
"Motor Vehicle Thefts",1,2,"-50",2026-03-01,"Saratoga County, New York","Mar 2026","2026-05-18 10:10:31 EDT",183036,1,"Individual Agencies"
"Murders",0,0,"0",2026-03-01,"Saratoga County, New York","Mar 2026","2026-05-18 10:10:31 EDT",183036,1,"Individual Agencies"
"Property Crimes",162,211,"-23.2227488151659",2026-03-01,"Saratoga County, New York","Mar 2026","2026-05-18 10:10:31 EDT",183036,1,"Individual Agencies"
"Rapes",2,3,"-33.3333333333333",2026-03-01,"Saratoga County, New York","Mar 2026","2026-05-18 10:10:31 EDT",183036,1,"Individual Agencies"
"Robberies",1,0,"Undefined",2026-03-01,"Saratoga County, New York","Mar 2026","2026-05-18 10:10:31 EDT",183036,1,"Individual Agencies"
"Thefts",153,194,"-21.1340206185567",2026-03-01,"Saratoga County, New York","Mar 2026","2026-05-18 10:10:31 EDT",183036,1,"Individual Agencies"
"Violent Crimes",9,18,"-50",2026-03-01,"Saratoga County, New York","Mar 2026","2026-05-18 10:10:31 EDT",183036,1,"Individual Agencies"
"Aggravated Assaults",4,5,"-20",2026-03-01,"Saratoga Springs, Utah","Mar 2026","2026-05-18 10:10:31 EDT",56039,1,"Individual Agencies"
"Burglaries",0,6,"-100",2026-03-01,"Saratoga Springs, Utah","Mar 2026","2026-05-18 10:10:31 EDT",56039,1,"Individual Agencies"
"Motor Vehicle Thefts",3,5,"-40",2026-03-01,"Saratoga Springs, Utah","Mar 2026","2026-05-18 10:10:31 EDT",56039,1,"Individual Agencies"
"Murders",0,0,"0",2026-03-01,"Saratoga Springs, Utah","Mar 2026","2026-05-18 10:10:31 EDT",56039,1,"Individual Agencies"
"Property Crimes",45,76,"-40.7894736842105",2026-03-01,"Saratoga Springs, Utah","Mar 2026","2026-05-18 10:10:31 EDT",56039,1,"Individual Agencies"
"Rapes",2,1,"100",2026-03-01,"Saratoga Springs, Utah","Mar 2026","2026-05-18 10:10:31 EDT",56039,1,"Individual Agencies"
"Robberies",1,1,"0",2026-03-01,"Saratoga Springs, Utah","Mar 2026","2026-05-18 10:10:31 EDT",56039,1,"Individual Agencies"
"Thefts",42,65,"-35.3846153846154",2026-03-01,"Saratoga Springs, Utah","Mar 2026","2026-05-18 10:10:31 EDT",56039,1,"Individual Agencies"
"Violent Crimes",7,7,"0",2026-03-01,"Saratoga Springs, Utah","Mar 2026","2026-05-18 10:10:31 EDT",56039,1,"Individual Agencies"
"Aggravated Assaults",0,0,"0",2026-03-01,"Sarpy County, Nebraska","Mar 2026","2026-05-18 10:10:31 EDT",98019,1,"Individual Agencies"
"Burglaries",8,16,"-50",2026-03-01,"Sarpy County, Nebraska","Mar 2026","2026-05-18 10:10:31 EDT",98019,1,"Individual Agencies"
"Motor Vehicle Thefts",12,10,"20",2026-03-01,"Sarpy County, Nebraska","Mar 2026","2026-05-18 10:10:31 EDT",98019,1,"Individual Agencies"
"Murders",0,0,"0",2026-03-01,"Sarpy County, Nebraska","Mar 2026","2026-05-18 10:10:31 EDT",98019,1,"Individual Agencies"
"Property Crimes",100,131,"-23.6641221374046",2026-03-01,"Sarpy County, Nebraska","Mar 2026","2026-05-18 10:10:31 EDT",98019,1,"Individual Agencies"
"Rapes",13,4,"225",2026-03-01,"Sarpy County, Nebraska","Mar 2026","2026-05-18 10:10:31 EDT",98019,1,"Individual Agencies"
"Robberies",2,2,"0",2026-03-01,"Sarpy County, Nebraska","Mar 2026","2026-05-18 10:10:31 EDT",98019,1,"Individual Agencies"
"Thefts",80,105,"-23.8095238095238",2026-03-01,"Sarpy County, Nebraska","Mar 2026","2026-05-18 10:10:31 EDT",98019,1,"Individual Agencies"
"Violent Crimes",15,6,"150",2026-03-01,"Sarpy County, Nebraska","Mar 2026","2026-05-18 10:10:31 EDT",98019,1,"Individual Agencies"
"Aggravated Assaults",4,3,"33.3333333333333",2026-03-01,"Schaumburg, Illinois","Mar 2026","2026-05-18 10:10:31 EDT",75140,1,"Individual Agencies"
"Burglaries",9,13,"-30.7692307692308",2026-03-01,"Schaumburg, Illinois","Mar 2026","2026-05-18 10:10:31 EDT",75140,1,"Individual Agencies"
"Motor Vehicle Thefts",6,11,"-45.4545454545455",2026-03-01,"Schaumburg, Illinois","Mar 2026","2026-05-18 10:10:31 EDT",75140,1,"Individual Agencies"
"Murders",0,0,"0",2026-03-01,"Schaumburg, Illinois","Mar 2026","2026-05-18 10:10:31 EDT",75140,1,"Individual Agencies"
"Property Crimes",278,299,"-7.02341137123746",2026-03-01,"Schaumburg, Illinois","Mar 2026","2026-05-18 10:10:31 EDT",75140,1,"Individual Agencies"
"Rapes",2,4,"-50",2026-03-01,"Schaumburg, Illinois","Mar 2026","2026-05-18 10:10:31 EDT",75140,1,"Individual Agencies"
"Robberies",0,4,"-100",2026-03-01,"Schaumburg, Illinois","Mar 2026","2026-05-18 10:10:31 EDT",75140,1,"Individual Agencies"
"Thefts",263,275,"-4.36363636363636",2026-03-01,"Schaumburg, Illinois","Mar 2026","2026-05-18 10:10:31 EDT",75140,1,"Individual Agencies"
"Violent Crimes",6,11,"-45.4545454545455",2026-03-01,"Schaumburg, Illinois","Mar 2026","2026-05-18 10:10:31 EDT",75140,1,"Individual Agencies"
"Aggravated Assaults",43,49,"-12.2448979591837",2026-02-01,"Schenectady, New York","Feb 2026","2026-05-18 10:10:31 EDT",69035,1,"Individual Agencies"
"Burglaries",34,40,"-15",2026-02-01,"Schenectady, New York","Feb 2026","2026-05-18 10:10:31 EDT",69035,1,"Individual Agencies"
"Motor Vehicle Thefts",8,13,"-38.4615384615385",2026-02-01,"Schenectady, New York","Feb 2026","2026-05-18 10:10:31 EDT",69035,1,"Individual Agencies"
"Murders",0,0,"0",2026-02-01,"Schenectady, New York","Feb 2026","2026-05-18 10:10:31 EDT",69035,1,"Individual Agencies"
"Rapes",3,2,"50",2026-02-01,"Schenectady, New York","Feb 2026","2026-05-18 10:10:31 EDT",69035,1,"Individual Agencies"
"Robberies",6,18,"-66.6666666666667",2026-02-01,"Schenectady, New York","Feb 2026","2026-05-18 10:10:31 EDT",69035,1,"Individual Agencies"
"Thefts",167,200,"-16.5",2026-02-01,"Schenectady, New York","Feb 2026","2026-05-18 10:10:31 EDT",69035,1,"Individual Agencies"
"Aggravated Assaults",53,38,"39.4736842105263",2026-02-01,"Scottsdale, Arizona","Feb 2026","2026-05-18 10:10:31 EDT",243644,1,"Individual Agencies"
"Burglaries",69,48,"43.75",2026-02-01,"Scottsdale, Arizona","Feb 2026","2026-05-18 10:10:31 EDT",243644,1,"Individual Agencies"
"Motor Vehicle Thefts",32,47,"-31.9148936170213",2026-02-01,"Scottsdale, Arizona","Feb 2026","2026-05-18 10:10:31 EDT",243644,1,"Individual Agencies"
"Murders",0,0,"0",2026-02-01,"Scottsdale, Arizona","Feb 2026","2026-05-18 10:10:31 EDT",243644,1,"Individual Agencies"
"Rapes",7,10,"-30",2026-02-01,"Scottsdale, Arizona","Feb 2026","2026-05-18 10:10:31 EDT",243644,1,"Individual Agencies"
"Robberies",5,6,"-16.6666666666667",2026-02-01,"Scottsdale, Arizona","Feb 2026","2026-05-18 10:10:31 EDT",243644,1,"Individual Agencies"
"Thefts",564,598,"-5.68561872909699",2026-02-01,"Scottsdale, Arizona","Feb 2026","2026-05-18 10:10:31 EDT",243644,1,"Individual Agencies"
"Aggravated Assaults",31,36,"-13.8888888888889",2026-03-01,"Scranton, Pennsylvania","Mar 2026","2026-05-18 10:10:31 EDT",75687,1,"Individual Agencies"
"Burglaries",29,33,"-12.1212121212121",2026-03-01,"Scranton, Pennsylvania","Mar 2026","2026-05-18 10:10:31 EDT",75687,1,"Individual Agencies"
"Motor Vehicle Thefts",18,19,"-5.26315789473684",2026-03-01,"Scranton, Pennsylvania","Mar 2026","2026-05-18 10:10:31 EDT",75687,1,"Individual Agencies"
"Murders",0,0,"0",2026-03-01,"Scranton, Pennsylvania","Mar 2026","2026-05-18 10:10:31 EDT",75687,1,"Individual Agencies"
"Property Crimes",186,256,"-27.34375",2026-03-01,"Scranton, Pennsylvania","Mar 2026","2026-05-18 10:10:31 EDT",75687,1,"Individual Agencies"
"Rapes",22,26,"-15.3846153846154",2026-03-01,"Scranton, Pennsylvania","Mar 2026","2026-05-18 10:10:31 EDT",75687,1,"Individual Agencies"
"Robberies",8,5,"60",2026-03-01,"Scranton, Pennsylvania","Mar 2026","2026-05-18 10:10:31 EDT",75687,1,"Individual Agencies"
"Thefts",139,204,"-31.8627450980392",2026-03-01,"Scranton, Pennsylvania","Mar 2026","2026-05-18 10:10:31 EDT",75687,1,"Individual Agencies"
"Violent Crimes",61,67,"-8.95522388059701",2026-03-01,"Scranton, Pennsylvania","Mar 2026","2026-05-18 10:10:31 EDT",75687,1,"Individual Agencies"
"Aggravated Assaults",698,683,"2.19619326500732",2026-03-01,"Seattle, Washington","Mar 2026","2026-05-18 10:10:31 EDT",753786,1,"Individual Agencies"
"Burglaries",1914,1802,"6.21531631520533",2026-03-01,"Seattle, Washington","Mar 2026","2026-05-18 10:10:31 EDT",753786,1,"Individual Agencies"
"Motor Vehicle Thefts",1181,1312,"-9.98475609756098",2026-03-01,"Seattle, Washington","Mar 2026","2026-05-18 10:10:31 EDT",753786,1,"Individual Agencies"
"Murders",5,8,"-37.5",2026-03-01,"Seattle, Washington","Mar 2026","2026-05-18 10:10:31 EDT",753786,1,"Individual Agencies"
"Property Crimes",8234,8258,"-0.290627270525551",2026-03-01,"Seattle, Washington","Mar 2026","2026-05-18 10:10:31 EDT",753786,1,"Individual Agencies"
"Rapes",106,95,"11.5789473684211",2026-03-01,"Seattle, Washington","Mar 2026","2026-05-18 10:10:31 EDT",753786,1,"Individual Agencies"
"Robberies",325,307,"5.86319218241042",2026-03-01,"Seattle, Washington","Mar 2026","2026-05-18 10:10:31 EDT",753786,1,"Individual Agencies"
"Thefts",5139,5144,"-0.0972006220839813",2026-03-01,"Seattle, Washington","Mar 2026","2026-05-18 10:10:31 EDT",753786,1,"Individual Agencies"
"Violent Crimes",1134,1093,"3.75114364135407",2026-03-01,"Seattle, Washington","Mar 2026","2026-05-18 10:10:31 EDT",753786,1,"Individual Agencies"
"Aggravated Assaults",43,39,"10.2564102564103",2026-03-01,"Shawnee, Kansas","Mar 2026","2026-05-18 10:10:31 EDT",70098,1,"Individual Agencies"
"Burglaries",12,111,"-89.1891891891892",2026-03-01,"Shawnee, Kansas","Mar 2026","2026-05-18 10:10:31 EDT",70098,1,"Individual Agencies"
"Motor Vehicle Thefts",14,34,"-58.8235294117647",2026-03-01,"Shawnee, Kansas","Mar 2026","2026-05-18 10:10:31 EDT",70098,1,"Individual Agencies"
"Murders",0,0,"0",2026-03-01,"Shawnee, Kansas","Mar 2026","2026-05-18 10:10:31 EDT",70098,1,"Individual Agencies"
"Property Crimes",135,300,"-55",2026-03-01,"Shawnee, Kansas","Mar 2026","2026-05-18 10:10:31 EDT",70098,1,"Individual Agencies"
"Rapes",4,6,"-33.3333333333333",2026-03-01,"Shawnee, Kansas","Mar 2026","2026-05-18 10:10:31 EDT",70098,1,"Individual Agencies"
"Robberies",1,0,"Undefined",2026-03-01,"Shawnee, Kansas","Mar 2026","2026-05-18 10:10:31 EDT",70098,1,"Individual Agencies"
"Thefts",109,155,"-29.6774193548387",2026-03-01,"Shawnee, Kansas","Mar 2026","2026-05-18 10:10:31 EDT",70098,1,"Individual Agencies"
"Violent Crimes",48,45,"6.66666666666667",2026-03-01,"Shawnee, Kansas","Mar 2026","2026-05-18 10:10:31 EDT",70098,1,"Individual Agencies"
"Aggravated Assaults",92,106,"-13.2075471698113",2026-03-01,"Shelby County, Tennessee","Mar 2026","2026-05-18 10:10:31 EDT",136188,1,"Individual Agencies"
"Burglaries",42,73,"-42.4657534246575",2026-03-01,"Shelby County, Tennessee","Mar 2026","2026-05-18 10:10:31 EDT",136188,1,"Individual Agencies"
"Motor Vehicle Thefts",37,125,"-70.4",2026-03-01,"Shelby County, Tennessee","Mar 2026","2026-05-18 10:10:31 EDT",136188,1,"Individual Agencies"
"Murders",2,2,"0",2026-03-01,"Shelby County, Tennessee","Mar 2026","2026-05-18 10:10:31 EDT",136188,1,"Individual Agencies"
"Property Crimes",250,501,"-50.0998003992016",2026-03-01,"Shelby County, Tennessee","Mar 2026","2026-05-18 10:10:31 EDT",136188,1,"Individual Agencies"
"Rapes",10,3,"233.333333333333",2026-03-01,"Shelby County, Tennessee","Mar 2026","2026-05-18 10:10:31 EDT",136188,1,"Individual Agencies"
"Robberies",9,13,"-30.7692307692308",2026-03-01,"Shelby County, Tennessee","Mar 2026","2026-05-18 10:10:31 EDT",136188,1,"Individual Agencies"
"Thefts",171,303,"-43.5643564356436",2026-03-01,"Shelby County, Tennessee","Mar 2026","2026-05-18 10:10:31 EDT",136188,1,"Individual Agencies"
"Violent Crimes",113,124,"-8.87096774193548",2026-03-01,"Shelby County, Tennessee","Mar 2026","2026-05-18 10:10:31 EDT",136188,1,"Individual Agencies"
"Aggravated Assaults",34,20,"70",2026-03-01,"Shelby Township, Michigan","Mar 2026","2026-05-18 10:10:31 EDT",79545,1,"Individual Agencies"
"Burglaries",7,6,"16.6666666666667",2026-03-01,"Shelby Township, Michigan","Mar 2026","2026-05-18 10:10:31 EDT",79545,1,"Individual Agencies"
"Motor Vehicle Thefts",1,5,"-80",2026-03-01,"Shelby Township, Michigan","Mar 2026","2026-05-18 10:10:31 EDT",79545,1,"Individual Agencies"
"Murders",0,0,"0",2026-03-01,"Shelby Township, Michigan","Mar 2026","2026-05-18 10:10:31 EDT",79545,1,"Individual Agencies"
"Property Crimes",81,79,"2.53164556962025",2026-03-01,"Shelby Township, Michigan","Mar 2026","2026-05-18 10:10:31 EDT",79545,1,"Individual Agencies"
"Rapes",3,4,"-25",2026-03-01,"Shelby Township, Michigan","Mar 2026","2026-05-18 10:10:31 EDT",79545,1,"Individual Agencies"
"Robberies",0,0,"0",2026-03-01,"Shelby Township, Michigan","Mar 2026","2026-05-18 10:10:31 EDT",79545,1,"Individual Agencies"
"Thefts",73,68,"7.35294117647059",2026-03-01,"Shelby Township, Michigan","Mar 2026","2026-05-18 10:10:31 EDT",79545,1,"Individual Agencies"
"Violent Crimes",37,24,"54.1666666666667",2026-03-01,"Shelby Township, Michigan","Mar 2026","2026-05-18 10:10:31 EDT",79545,1,"Individual Agencies"
"Aggravated Assaults",329,375,"-12.2666666666667",2026-03-01,"Shreveport, Louisiana","Mar 2026","2026-05-18 10:10:31 EDT",176906,1,"Individual Agencies"
"Burglaries",217,260,"-16.5384615384615",2026-03-01,"Shreveport, Louisiana","Mar 2026","2026-05-18 10:10:31 EDT",176906,1,"Individual Agencies"
"Motor Vehicle Thefts",147,210,"-30",2026-03-01,"Shreveport, Louisiana","Mar 2026","2026-05-18 10:10:31 EDT",176906,1,"Individual Agencies"
"Murders",3,9,"-66.6666666666667",2026-03-01,"Shreveport, Louisiana","Mar 2026","2026-05-18 10:10:31 EDT",176906,1,"Individual Agencies"
"Property Crimes",1250,1503,"-16.833000665336",2026-03-01,"Shreveport, Louisiana","Mar 2026","2026-05-18 10:10:31 EDT",176906,1,"Individual Agencies"
"Rapes",22,46,"-52.1739130434783",2026-03-01,"Shreveport, Louisiana","Mar 2026","2026-05-18 10:10:31 EDT",176906,1,"Individual Agencies"
"Robberies",31,16,"93.75",2026-03-01,"Shreveport, Louisiana","Mar 2026","2026-05-18 10:10:31 EDT",176906,1,"Individual Agencies"
"Thefts",886,1033,"-14.2303969022265",2026-03-01,"Shreveport, Louisiana","Mar 2026","2026-05-18 10:10:31 EDT",176906,1,"Individual Agencies"
"Violent Crimes",385,446,"-13.6771300448431",2026-03-01,"Shreveport, Louisiana","Mar 2026","2026-05-18 10:10:31 EDT",176906,1,"Individual Agencies"
"Aggravated Assaults",17,20,"-15",2026-03-01,"Simi Valley, California","Mar 2026","2026-05-18 10:10:31 EDT",123443,1,"Individual Agencies"
"Burglaries",27,43,"-37.2093023255814",2026-03-01,"Simi Valley, California","Mar 2026","2026-05-18 10:10:31 EDT",123443,1,"Individual Agencies"
"Motor Vehicle Thefts",28,23,"21.7391304347826",2026-03-01,"Simi Valley, California","Mar 2026","2026-05-18 10:10:31 EDT",123443,1,"Individual Agencies"
"Murders",0,0,"0",2026-03-01,"Simi Valley, California","Mar 2026","2026-05-18 10:10:31 EDT",123443,1,"Individual Agencies"
"Property Crimes",198,242,"-18.1818181818182",2026-03-01,"Simi Valley, California","Mar 2026","2026-05-18 10:10:31 EDT",123443,1,"Individual Agencies"
"Rapes",9,10,"-10",2026-03-01,"Simi Valley, California","Mar 2026","2026-05-18 10:10:31 EDT",123443,1,"Individual Agencies"
"Robberies",6,7,"-14.2857142857143",2026-03-01,"Simi Valley, California","Mar 2026","2026-05-18 10:10:31 EDT",123443,1,"Individual Agencies"
"Thefts",143,176,"-18.75",2026-03-01,"Simi Valley, California","Mar 2026","2026-05-18 10:10:31 EDT",123443,1,"Individual Agencies"
"Violent Crimes",32,37,"-13.5135135135135",2026-03-01,"Simi Valley, California","Mar 2026","2026-05-18 10:10:31 EDT",123443,1,"Individual Agencies"
"Aggravated Assaults",53,80,"-33.75",2026-03-01,"Sioux City, Iowa","Mar 2026","2026-05-18 10:10:31 EDT",85365,1,"Individual Agencies"
"Burglaries",75,79,"-5.06329113924051",2026-03-01,"Sioux City, Iowa","Mar 2026","2026-05-18 10:10:31 EDT",85365,1,"Individual Agencies"
"Motor Vehicle Thefts",48,48,"0",2026-03-01,"Sioux City, Iowa","Mar 2026","2026-05-18 10:10:31 EDT",85365,1,"Individual Agencies"
"Murders",2,0,"Undefined",2026-03-01,"Sioux City, Iowa","Mar 2026","2026-05-18 10:10:31 EDT",85365,1,"Individual Agencies"
"Property Crimes",572,591,"-3.21489001692047",2026-03-01,"Sioux City, Iowa","Mar 2026","2026-05-18 10:10:31 EDT",85365,1,"Individual Agencies"
"Rapes",19,8,"137.5",2026-03-01,"Sioux City, Iowa","Mar 2026","2026-05-18 10:10:31 EDT",85365,1,"Individual Agencies"
"Robberies",10,13,"-23.0769230769231",2026-03-01,"Sioux City, Iowa","Mar 2026","2026-05-18 10:10:31 EDT",85365,1,"Individual Agencies"
"Thefts",449,464,"-3.23275862068966",2026-03-01,"Sioux City, Iowa","Mar 2026","2026-05-18 10:10:31 EDT",85365,1,"Individual Agencies"
"Violent Crimes",84,101,"-16.8316831683168",2026-03-01,"Sioux City, Iowa","Mar 2026","2026-05-18 10:10:31 EDT",85365,1,"Individual Agencies"
"Aggravated Assaults",97,119,"-18.4873949579832",2026-02-01,"Sioux Falls, South Dakota","Feb 2026","2026-05-18 10:10:31 EDT",206559,1,"Individual Agencies"
"Burglaries",58,84,"-30.952380952381",2026-02-01,"Sioux Falls, South Dakota","Feb 2026","2026-05-18 10:10:31 EDT",206559,1,"Individual Agencies"
"Motor Vehicle Thefts",83,155,"-46.4516129032258",2026-02-01,"Sioux Falls, South Dakota","Feb 2026","2026-05-18 10:10:31 EDT",206559,1,"Individual Agencies"
"Murders",0,1,"-100",2026-02-01,"Sioux Falls, South Dakota","Feb 2026","2026-05-18 10:10:31 EDT",206559,1,"Individual Agencies"
"Rapes",2,8,"-75",2026-02-01,"Sioux Falls, South Dakota","Feb 2026","2026-05-18 10:10:31 EDT",206559,1,"Individual Agencies"
"Robberies",8,18,"-55.5555555555556",2026-02-01,"Sioux Falls, South Dakota","Feb 2026","2026-05-18 10:10:31 EDT",206559,1,"Individual Agencies"
"Thefts",583,672,"-13.2440476190476",2026-02-01,"Sioux Falls, South Dakota","Feb 2026","2026-05-18 10:10:31 EDT",206559,1,"Individual Agencies"
"Aggravated Assaults",6,13,"-53.8461538461538",2026-03-01,"Skokie, Illinois","Mar 2026","2026-05-18 10:10:31 EDT",64417,1,"Individual Agencies"
"Burglaries",21,33,"-36.3636363636364",2026-03-01,"Skokie, Illinois","Mar 2026","2026-05-18 10:10:31 EDT",64417,1,"Individual Agencies"
"Motor Vehicle Thefts",20,31,"-35.4838709677419",2026-03-01,"Skokie, Illinois","Mar 2026","2026-05-18 10:10:31 EDT",64417,1,"Individual Agencies"
"Murders",0,0,"0",2026-03-01,"Skokie, Illinois","Mar 2026","2026-05-18 10:10:31 EDT",64417,1,"Individual Agencies"
"Property Crimes",404,344,"17.4418604651163",2026-03-01,"Skokie, Illinois","Mar 2026","2026-05-18 10:10:31 EDT",64417,1,"Individual Agencies"
"Rapes",6,5,"20",2026-03-01,"Skokie, Illinois","Mar 2026","2026-05-18 10:10:31 EDT",64417,1,"Individual Agencies"
"Robberies",5,5,"0",2026-03-01,"Skokie, Illinois","Mar 2026","2026-05-18 10:10:31 EDT",64417,1,"Individual Agencies"
"Thefts",363,280,"29.6428571428571",2026-03-01,"Skokie, Illinois","Mar 2026","2026-05-18 10:10:31 EDT",64417,1,"Individual Agencies"
"Violent Crimes",17,23,"-26.0869565217391",2026-03-01,"Skokie, Illinois","Mar 2026","2026-05-18 10:10:31 EDT",64417,1,"Individual Agencies"
"Aggravated Assaults",35,54,"-35.1851851851852",2026-03-01,"Smith County, Texas","Mar 2026","2026-05-18 10:10:31 EDT",111489,1,"Individual Agencies"
"Burglaries",25,42,"-40.4761904761905",2026-03-01,"Smith County, Texas","Mar 2026","2026-05-18 10:10:31 EDT",111489,1,"Individual Agencies"
"Motor Vehicle Thefts",20,28,"-28.5714285714286",2026-03-01,"Smith County, Texas","Mar 2026","2026-05-18 10:10:31 EDT",111489,1,"Individual Agencies"
"Murders",3,1,"200",2026-03-01,"Smith County, Texas","Mar 2026","2026-05-18 10:10:31 EDT",111489,1,"Individual Agencies"
"Property Crimes",130,168,"-22.6190476190476",2026-03-01,"Smith County, Texas","Mar 2026","2026-05-18 10:10:31 EDT",111489,1,"Individual Agencies"
"Rapes",9,16,"-43.75",2026-03-01,"Smith County, Texas","Mar 2026","2026-05-18 10:10:31 EDT",111489,1,"Individual Agencies"
"Robberies",2,2,"0",2026-03-01,"Smith County, Texas","Mar 2026","2026-05-18 10:10:31 EDT",111489,1,"Individual Agencies"
"Thefts",85,98,"-13.265306122449",2026-03-01,"Smith County, Texas","Mar 2026","2026-05-18 10:10:31 EDT",111489,1,"Individual Agencies"
"Violent Crimes",49,73,"-32.8767123287671",2026-03-01,"Smith County, Texas","Mar 2026","2026-05-18 10:10:31 EDT",111489,1,"Individual Agencies"
"Aggravated Assaults",25,37,"-32.4324324324324",2026-03-01,"Smyrna, Tennessee","Mar 2026","2026-05-18 10:10:31 EDT",58096,1,"Individual Agencies"
"Burglaries",9,20,"-55",2026-03-01,"Smyrna, Tennessee","Mar 2026","2026-05-18 10:10:31 EDT",58096,1,"Individual Agencies"
"Motor Vehicle Thefts",30,31,"-3.2258064516129",2026-03-01,"Smyrna, Tennessee","Mar 2026","2026-05-18 10:10:31 EDT",58096,1,"Individual Agencies"
"Murders",0,0,"0",2026-03-01,"Smyrna, Tennessee","Mar 2026","2026-05-18 10:10:31 EDT",58096,1,"Individual Agencies"
"Property Crimes",227,300,"-24.3333333333333",2026-03-01,"Smyrna, Tennessee","Mar 2026","2026-05-18 10:10:31 EDT",58096,1,"Individual Agencies"
"Rapes",8,8,"0",2026-03-01,"Smyrna, Tennessee","Mar 2026","2026-05-18 10:10:31 EDT",58096,1,"Individual Agencies"
"Robberies",0,6,"-100",2026-03-01,"Smyrna, Tennessee","Mar 2026","2026-05-18 10:10:31 EDT",58096,1,"Individual Agencies"
"Thefts",188,249,"-24.4979919678715",2026-03-01,"Smyrna, Tennessee","Mar 2026","2026-05-18 10:10:31 EDT",58096,1,"Individual Agencies"
"Violent Crimes",33,51,"-35.2941176470588",2026-03-01,"Smyrna, Tennessee","Mar 2026","2026-05-18 10:10:31 EDT",58096,1,"Individual Agencies"
"Aggravated Assaults",38,34,"11.7647058823529",2026-03-01,"Sonoma County, California","Mar 2026","2026-05-18 10:10:31 EDT",131522,1,"Individual Agencies"
"Burglaries",59,55,"7.27272727272727",2026-03-01,"Sonoma County, California","Mar 2026","2026-05-18 10:10:31 EDT",131522,1,"Individual Agencies"
"Motor Vehicle Thefts",7,2,"250",2026-03-01,"Sonoma County, California","Mar 2026","2026-05-18 10:10:31 EDT",131522,1,"Individual Agencies"
"Murders",1,1,"0",2026-03-01,"Sonoma County, California","Mar 2026","2026-05-18 10:10:31 EDT",131522,1,"Individual Agencies"
"Property Crimes",176,165,"6.66666666666667",2026-03-01,"Sonoma County, California","Mar 2026","2026-05-18 10:10:31 EDT",131522,1,"Individual Agencies"
"Rapes",16,18,"-11.1111111111111",2026-03-01,"Sonoma County, California","Mar 2026","2026-05-18 10:10:31 EDT",131522,1,"Individual Agencies"
"Robberies",10,4,"150",2026-03-01,"Sonoma County, California","Mar 2026","2026-05-18 10:10:31 EDT",131522,1,"Individual Agencies"
"Thefts",110,108,"1.85185185185185",2026-03-01,"Sonoma County, California","Mar 2026","2026-05-18 10:10:31 EDT",131522,1,"Individual Agencies"
"Violent Crimes",65,57,"14.0350877192982",2026-03-01,"Sonoma County, California","Mar 2026","2026-05-18 10:10:31 EDT",131522,1,"Individual Agencies"
"Aggravated Assaults",153,143,"6.99300699300699",2026-03-01,"South Bend, Indiana","Mar 2026","2026-05-18 10:10:31 EDT",102999,1,"Individual Agencies"
"Burglaries",120,79,"51.8987341772152",2026-03-01,"South Bend, Indiana","Mar 2026","2026-05-18 10:10:31 EDT",102999,1,"Individual Agencies"
"Motor Vehicle Thefts",61,77,"-20.7792207792208",2026-03-01,"South Bend, Indiana","Mar 2026","2026-05-18 10:10:31 EDT",102999,1,"Individual Agencies"
"Murders",8,1,"700",2026-03-01,"South Bend, Indiana","Mar 2026","2026-05-18 10:10:31 EDT",102999,1,"Individual Agencies"
"Property Crimes",563,563,"0",2026-03-01,"South Bend, Indiana","Mar 2026","2026-05-18 10:10:31 EDT",102999,1,"Individual Agencies"
"Rapes",15,21,"-28.5714285714286",2026-03-01,"South Bend, Indiana","Mar 2026","2026-05-18 10:10:31 EDT",102999,1,"Individual Agencies"
"Robberies",17,19,"-10.5263157894737",2026-03-01,"South Bend, Indiana","Mar 2026","2026-05-18 10:10:31 EDT",102999,1,"Individual Agencies"
"Thefts",382,407,"-6.14250614250614",2026-03-01,"South Bend, Indiana","Mar 2026","2026-05-18 10:10:31 EDT",102999,1,"Individual Agencies"
"Violent Crimes",193,184,"4.89130434782609",2026-03-01,"South Bend, Indiana","Mar 2026","2026-05-18 10:10:31 EDT",102999,1,"Individual Agencies"
"Aggravated Assaults",14,16,"-12.5",2026-03-01,"South Jordan, Utah","Mar 2026","2026-05-18 10:10:31 EDT",86444,1,"Individual Agencies"
"Burglaries",14,8,"75",2026-03-01,"South Jordan, Utah","Mar 2026","2026-05-18 10:10:31 EDT",86444,1,"Individual Agencies"
"Motor Vehicle Thefts",16,13,"23.0769230769231",2026-03-01,"South Jordan, Utah","Mar 2026","2026-05-18 10:10:31 EDT",86444,1,"Individual Agencies"
"Murders",0,0,"0",2026-03-01,"South Jordan, Utah","Mar 2026","2026-05-18 10:10:31 EDT",86444,1,"Individual Agencies"
"Property Crimes",209,191,"9.42408376963351",2026-03-01,"South Jordan, Utah","Mar 2026","2026-05-18 10:10:31 EDT",86444,1,"Individual Agencies"
"Rapes",7,5,"40",2026-03-01,"South Jordan, Utah","Mar 2026","2026-05-18 10:10:31 EDT",86444,1,"Individual Agencies"
"Robberies",2,3,"-33.3333333333333",2026-03-01,"South Jordan, Utah","Mar 2026","2026-05-18 10:10:31 EDT",86444,1,"Individual Agencies"
"Thefts",179,170,"5.29411764705882",2026-03-01,"South Jordan, Utah","Mar 2026","2026-05-18 10:10:31 EDT",86444,1,"Individual Agencies"
"Violent Crimes",23,24,"-4.16666666666667",2026-03-01,"South Jordan, Utah","Mar 2026","2026-05-18 10:10:31 EDT",86444,1,"Individual Agencies"
"Aggravated Assaults",34,43,"-20.9302325581395",2026-03-01,"South San Francisco, California","Mar 2026","2026-05-18 10:10:31 EDT",62205,1,"Individual Agencies"
"Burglaries",11,7,"57.1428571428571",2026-03-01,"South San Francisco, California","Mar 2026","2026-05-18 10:10:31 EDT",62205,1,"Individual Agencies"
"Motor Vehicle Thefts",17,32,"-46.875",2026-03-01,"South San Francisco, California","Mar 2026","2026-05-18 10:10:31 EDT",62205,1,"Individual Agencies"
"Murders",0,0,"0",2026-03-01,"South San Francisco, California","Mar 2026","2026-05-18 10:10:31 EDT",62205,1,"Individual Agencies"
"Property Crimes",168,190,"-11.5789473684211",2026-03-01,"South San Francisco, California","Mar 2026","2026-05-18 10:10:31 EDT",62205,1,"Individual Agencies"
"Rapes",1,4,"-75",2026-03-01,"South San Francisco, California","Mar 2026","2026-05-18 10:10:31 EDT",62205,1,"Individual Agencies"
"Robberies",0,1,"-100",2026-03-01,"South San Francisco, California","Mar 2026","2026-05-18 10:10:31 EDT",62205,1,"Individual Agencies"
"Thefts",140,151,"-7.28476821192053",2026-03-01,"South San Francisco, California","Mar 2026","2026-05-18 10:10:31 EDT",62205,1,"Individual Agencies"
"Violent Crimes",35,48,"-27.0833333333333",2026-03-01,"South San Francisco, California","Mar 2026","2026-05-18 10:10:31 EDT",62205,1,"Individual Agencies"
"Aggravated Assaults",28619,30474,"-6.0871562643565",2026-03-01,"South, Nationwide","Mar 2026","2026-05-18 10:10:31 EDT",42299157,194,"National Samples"
"Burglaries",23312,27413,"-14.960055448145",2026-03-01,"South, Nationwide","Mar 2026","2026-05-18 10:10:31 EDT",42299157,194,"National Samples"
"Motor Vehicle Thefts",24972,33314,"-25.0405235036321",2026-03-01,"South, Nationwide","Mar 2026","2026-05-18 10:10:31 EDT",42299157,194,"National Samples"
"Murders",629,803,"-21.6687422166874",2026-03-01,"South, Nationwide","Mar 2026","2026-05-18 10:10:31 EDT",42299157,194,"National Samples"
"Property Crimes",191098,221349,"-13.6666531134091",2026-03-01,"South, Nationwide","Mar 2026","2026-05-18 10:10:31 EDT",42299157,194,"National Samples"
"Rapes",3687,4136,"-10.8558994197292",2026-03-01,"South, Nationwide","Mar 2026","2026-05-18 10:10:31 EDT",42299157,194,"National Samples"
"Robberies",6030,7949,"-24.1414014341427",2026-03-01,"South, Nationwide","Mar 2026","2026-05-18 10:10:31 EDT",42299157,194,"National Samples"
"Thefts",142814,160622,"-11.0868996775037",2026-03-01,"South, Nationwide","Mar 2026","2026-05-18 10:10:31 EDT",42299157,194,"National Samples"
"Violent Crimes",38965,43362,"-10.1402149347355",2026-03-01,"South, Nationwide","Mar 2026","2026-05-18 10:10:31 EDT",42299157,194,"National Samples"
"Aggravated Assaults",25,25,"0",2026-03-01,"Southaven, Mississippi","Mar 2026","2026-05-18 10:10:31 EDT",57135,1,"Individual Agencies"
"Burglaries",9,9,"0",2026-03-01,"Southaven, Mississippi","Mar 2026","2026-05-18 10:10:31 EDT",57135,1,"Individual Agencies"
"Motor Vehicle Thefts",28,28,"0",2026-03-01,"Southaven, Mississippi","Mar 2026","2026-05-18 10:10:31 EDT",57135,1,"Individual Agencies"
"Murders",1,1,"0",2026-03-01,"Southaven, Mississippi","Mar 2026","2026-05-18 10:10:31 EDT",57135,1,"Individual Agencies"
"Property Crimes",217,217,"0",2026-03-01,"Southaven, Mississippi","Mar 2026","2026-05-18 10:10:31 EDT",57135,1,"Individual Agencies"
"Rapes",4,4,"0",2026-03-01,"Southaven, Mississippi","Mar 2026","2026-05-18 10:10:31 EDT",57135,1,"Individual Agencies"
"Robberies",9,9,"0",2026-03-01,"Southaven, Mississippi","Mar 2026","2026-05-18 10:10:31 EDT",57135,1,"Individual Agencies"
"Thefts",180,180,"0",2026-03-01,"Southaven, Mississippi","Mar 2026","2026-05-18 10:10:31 EDT",57135,1,"Individual Agencies"
"Violent Crimes",39,39,"0",2026-03-01,"Southaven, Mississippi","Mar 2026","2026-05-18 10:10:31 EDT",57135,1,"Individual Agencies"
"Aggravated Assaults",67,71,"-5.63380281690141",2026-03-01,"Southfield, Michigan","Mar 2026","2026-05-18 10:10:31 EDT",74960,1,"Individual Agencies"
"Burglaries",37,51,"-27.4509803921569",2026-03-01,"Southfield, Michigan","Mar 2026","2026-05-18 10:10:31 EDT",74960,1,"Individual Agencies"
"Motor Vehicle Thefts",67,99,"-32.3232323232323",2026-03-01,"Southfield, Michigan","Mar 2026","2026-05-18 10:10:31 EDT",74960,1,"Individual Agencies"
"Murders",2,1,"100",2026-03-01,"Southfield, Michigan","Mar 2026","2026-05-18 10:10:31 EDT",74960,1,"Individual Agencies"
"Property Crimes",374,383,"-2.34986945169713",2026-03-01,"Southfield, Michigan","Mar 2026","2026-05-18 10:10:31 EDT",74960,1,"Individual Agencies"
"Rapes",7,4,"75",2026-03-01,"Southfield, Michigan","Mar 2026","2026-05-18 10:10:31 EDT",74960,1,"Individual Agencies"
"Robberies",5,2,"150",2026-03-01,"Southfield, Michigan","Mar 2026","2026-05-18 10:10:31 EDT",74960,1,"Individual Agencies"
"Thefts",270,233,"15.8798283261803",2026-03-01,"Southfield, Michigan","Mar 2026","2026-05-18 10:10:31 EDT",74960,1,"Individual Agencies"
"Violent Crimes",81,78,"3.84615384615385",2026-03-01,"Southfield, Michigan","Mar 2026","2026-05-18 10:10:31 EDT",74960,1,"Individual Agencies"
"Aggravated Assaults",50,48,"4.16666666666667",2026-03-01,"Sparks, Nevada","Mar 2026","2026-05-18 10:10:31 EDT",109403,1,"Individual Agencies"
"Burglaries",38,123,"-69.1056910569106",2026-03-01,"Sparks, Nevada","Mar 2026","2026-05-18 10:10:31 EDT",109403,1,"Individual Agencies"
"Motor Vehicle Thefts",58,61,"-4.91803278688525",2026-03-01,"Sparks, Nevada","Mar 2026","2026-05-18 10:10:31 EDT",109403,1,"Individual Agencies"
"Murders",0,1,"-100",2026-03-01,"Sparks, Nevada","Mar 2026","2026-05-18 10:10:31 EDT",109403,1,"Individual Agencies"
"Property Crimes",552,640,"-13.75",2026-03-01,"Sparks, Nevada","Mar 2026","2026-05-18 10:10:31 EDT",109403,1,"Individual Agencies"
"Rapes",21,26,"-19.2307692307692",2026-03-01,"Sparks, Nevada","Mar 2026","2026-05-18 10:10:31 EDT",109403,1,"Individual Agencies"
"Robberies",14,13,"7.69230769230769",2026-03-01,"Sparks, Nevada","Mar 2026","2026-05-18 10:10:31 EDT",109403,1,"Individual Agencies"
"Thefts",456,456,"0",2026-03-01,"Sparks, Nevada","Mar 2026","2026-05-18 10:10:31 EDT",109403,1,"Individual Agencies"
"Violent Crimes",85,88,"-3.40909090909091",2026-03-01,"Sparks, Nevada","Mar 2026","2026-05-18 10:10:31 EDT",109403,1,"Individual Agencies"
"Aggravated Assaults",44,34,"29.4117647058824",2026-03-01,"Spokane Valley, Washington","Mar 2026","2026-05-18 10:10:31 EDT",109278,1,"Individual Agencies"
"Burglaries",100,127,"-21.259842519685",2026-03-01,"Spokane Valley, Washington","Mar 2026","2026-05-18 10:10:31 EDT",109278,1,"Individual Agencies"
"Motor Vehicle Thefts",69,62,"11.2903225806452",2026-03-01,"Spokane Valley, Washington","Mar 2026","2026-05-18 10:10:31 EDT",109278,1,"Individual Agencies"
"Murders",0,0,"0",2026-03-01,"Spokane Valley, Washington","Mar 2026","2026-05-18 10:10:31 EDT",109278,1,"Individual Agencies"
"Property Crimes",739,830,"-10.9638554216867",2026-03-01,"Spokane Valley, Washington","Mar 2026","2026-05-18 10:10:31 EDT",109278,1,"Individual Agencies"
"Rapes",2,4,"-50",2026-03-01,"Spokane Valley, Washington","Mar 2026","2026-05-18 10:10:31 EDT",109278,1,"Individual Agencies"
"Robberies",11,8,"37.5",2026-03-01,"Spokane Valley, Washington","Mar 2026","2026-05-18 10:10:31 EDT",109278,1,"Individual Agencies"
"Thefts",570,641,"-11.0764430577223",2026-03-01,"Spokane Valley, Washington","Mar 2026","2026-05-18 10:10:31 EDT",109278,1,"Individual Agencies"
"Violent Crimes",57,46,"23.9130434782609",2026-03-01,"Spokane Valley, Washington","Mar 2026","2026-05-18 10:10:31 EDT",109278,1,"Individual Agencies"
"Aggravated Assaults",105,128,"-17.96875",2026-02-01,"Spokane, Washington","Feb 2026","2026-05-18 10:10:31 EDT",230648,1,"Individual Agencies"
"Burglaries",0,174,"-100",2026-02-01,"Spokane, Washington","Feb 2026","2026-05-18 10:10:31 EDT",230648,1,"Individual Agencies"
"Motor Vehicle Thefts",0,104,"-100",2026-02-01,"Spokane, Washington","Feb 2026","2026-05-18 10:10:31 EDT",230648,1,"Individual Agencies"
"Murders",2,1,"100",2026-02-01,"Spokane, Washington","Feb 2026","2026-05-18 10:10:31 EDT",230648,1,"Individual Agencies"
"Rapes",19,31,"-38.7096774193548",2026-02-01,"Spokane, Washington","Feb 2026","2026-05-18 10:10:31 EDT",230648,1,"Individual Agencies"
"Robberies",0,41,"-100",2026-02-01,"Spokane, Washington","Feb 2026","2026-05-18 10:10:31 EDT",230648,1,"Individual Agencies"
"Thefts",1194,1237,"-3.47615198059822",2026-02-01,"Spokane, Washington","Feb 2026","2026-05-18 10:10:31 EDT",230648,1,"Individual Agencies"
"Aggravated Assaults",17,14,"21.4285714285714",2026-01-01,"Spotsylvania County, Virginia","Jan 2026","2026-05-18 10:10:31 EDT",149957,1,"Individual Agencies"
"Burglaries",2,3,"-33.3333333333333",2026-01-01,"Spotsylvania County, Virginia","Jan 2026","2026-05-18 10:10:31 EDT",149957,1,"Individual Agencies"
"Motor Vehicle Thefts",4,4,"0",2026-01-01,"Spotsylvania County, Virginia","Jan 2026","2026-05-18 10:10:31 EDT",149957,1,"Individual Agencies"
"Murders",0,2,"-100",2026-01-01,"Spotsylvania County, Virginia","Jan 2026","2026-05-18 10:10:31 EDT",149957,1,"Individual Agencies"
"Rapes",1,2,"-50",2026-01-01,"Spotsylvania County, Virginia","Jan 2026","2026-05-18 10:10:31 EDT",149957,1,"Individual Agencies"
"Robberies",1,0,"Undefined",2026-01-01,"Spotsylvania County, Virginia","Jan 2026","2026-05-18 10:10:31 EDT",149957,1,"Individual Agencies"
"Thefts",39,71,"-45.0704225352113",2026-01-01,"Spotsylvania County, Virginia","Jan 2026","2026-05-18 10:10:31 EDT",149957,1,"Individual Agencies"
"Aggravated Assaults",14,21,"-33.3333333333333",2026-03-01,"Spring Hill, Tennessee","Mar 2026","2026-05-18 10:10:31 EDT",58200,1,"Individual Agencies"
"Burglaries",11,6,"83.3333333333333",2026-03-01,"Spring Hill, Tennessee","Mar 2026","2026-05-18 10:10:31 EDT",58200,1,"Individual Agencies"
"Motor Vehicle Thefts",5,2,"150",2026-03-01,"Spring Hill, Tennessee","Mar 2026","2026-05-18 10:10:31 EDT",58200,1,"Individual Agencies"
"Murders",0,1,"-100",2026-03-01,"Spring Hill, Tennessee","Mar 2026","2026-05-18 10:10:31 EDT",58200,1,"Individual Agencies"
"Property Crimes",70,55,"27.2727272727273",2026-03-01,"Spring Hill, Tennessee","Mar 2026","2026-05-18 10:10:31 EDT",58200,1,"Individual Agencies"
"Rapes",2,2,"0",2026-03-01,"Spring Hill, Tennessee","Mar 2026","2026-05-18 10:10:31 EDT",58200,1,"Individual Agencies"
"Robberies",1,0,"Undefined",2026-03-01,"Spring Hill, Tennessee","Mar 2026","2026-05-18 10:10:31 EDT",58200,1,"Individual Agencies"
"Thefts",54,47,"14.8936170212766",2026-03-01,"Spring Hill, Tennessee","Mar 2026","2026-05-18 10:10:31 EDT",58200,1,"Individual Agencies"
"Violent Crimes",17,24,"-29.1666666666667",2026-03-01,"Spring Hill, Tennessee","Mar 2026","2026-05-18 10:10:31 EDT",58200,1,"Individual Agencies"
"Aggravated Assaults",122,158,"-22.7848101265823",2026-03-01,"Springfield, Illinois","Mar 2026","2026-05-18 10:10:31 EDT",112781,1,"Individual Agencies"
"Burglaries",130,173,"-24.8554913294798",2026-03-01,"Springfield, Illinois","Mar 2026","2026-05-18 10:10:31 EDT",112781,1,"Individual Agencies"
"Motor Vehicle Thefts",109,150,"-27.3333333333333",2026-03-01,"Springfield, Illinois","Mar 2026","2026-05-18 10:10:31 EDT",112781,1,"Individual Agencies"
"Murders",2,4,"-50",2026-03-01,"Springfield, Illinois","Mar 2026","2026-05-18 10:10:31 EDT",112781,1,"Individual Agencies"
"Property Crimes",898,1090,"-17.6146788990826",2026-03-01,"Springfield, Illinois","Mar 2026","2026-05-18 10:10:31 EDT",112781,1,"Individual Agencies"
"Rapes",30,38,"-21.0526315789474",2026-03-01,"Springfield, Illinois","Mar 2026","2026-05-18 10:10:31 EDT",112781,1,"Individual Agencies"
"Robberies",18,17,"5.88235294117647",2026-03-01,"Springfield, Illinois","Mar 2026","2026-05-18 10:10:31 EDT",112781,1,"Individual Agencies"
"Thefts",659,767,"-14.0808344198175",2026-03-01,"Springfield, Illinois","Mar 2026","2026-05-18 10:10:31 EDT",112781,1,"Individual Agencies"
"Violent Crimes",172,217,"-20.7373271889401",2026-03-01,"Springfield, Illinois","Mar 2026","2026-05-18 10:10:31 EDT",112781,1,"Individual Agencies"
"Aggravated Assaults",374,366,"2.18579234972678",2026-03-01,"Springfield, Missouri","Mar 2026","2026-05-18 10:10:31 EDT",170521,1,"Individual Agencies"
"Burglaries",250,241,"3.7344398340249",2026-03-01,"Springfield, Missouri","Mar 2026","2026-05-18 10:10:31 EDT",170521,1,"Individual Agencies"
"Motor Vehicle Thefts",149,145,"2.75862068965517",2026-03-01,"Springfield, Missouri","Mar 2026","2026-05-18 10:10:31 EDT",170521,1,"Individual Agencies"
"Murders",2,2,"0",2026-03-01,"Springfield, Missouri","Mar 2026","2026-05-18 10:10:31 EDT",170521,1,"Individual Agencies"
"Property Crimes",1589,1529,"3.9241334205363",2026-03-01,"Springfield, Missouri","Mar 2026","2026-05-18 10:10:31 EDT",170521,1,"Individual Agencies"
"Rapes",50,49,"2.04081632653061",2026-03-01,"Springfield, Missouri","Mar 2026","2026-05-18 10:10:31 EDT",170521,1,"Individual Agencies"
"Robberies",50,50,"0",2026-03-01,"Springfield, Missouri","Mar 2026","2026-05-18 10:10:31 EDT",170521,1,"Individual Agencies"
"Thefts",1190,1143,"4.11198600174978",2026-03-01,"Springfield, Missouri","Mar 2026","2026-05-18 10:10:31 EDT",170521,1,"Individual Agencies"
"Violent Crimes",476,467,"1.9271948608137",2026-03-01,"Springfield, Missouri","Mar 2026","2026-05-18 10:10:31 EDT",170521,1,"Individual Agencies"
"Aggravated Assaults",37,28,"32.1428571428571",2026-03-01,"Springfield, Oregon","Mar 2026","2026-05-18 10:10:31 EDT",61185,1,"Individual Agencies"
"Burglaries",19,31,"-38.7096774193548",2026-03-01,"Springfield, Oregon","Mar 2026","2026-05-18 10:10:31 EDT",61185,1,"Individual Agencies"
"Motor Vehicle Thefts",23,33,"-30.3030303030303",2026-03-01,"Springfield, Oregon","Mar 2026","2026-05-18 10:10:31 EDT",61185,1,"Individual Agencies"
"Murders",0,0,"0",2026-03-01,"Springfield, Oregon","Mar 2026","2026-05-18 10:10:31 EDT",61185,1,"Individual Agencies"
"Property Crimes",356,416,"-14.4230769230769",2026-03-01,"Springfield, Oregon","Mar 2026","2026-05-18 10:10:31 EDT",61185,1,"Individual Agencies"
"Rapes",7,7,"0",2026-03-01,"Springfield, Oregon","Mar 2026","2026-05-18 10:10:31 EDT",61185,1,"Individual Agencies"
"Robberies",4,5,"-20",2026-03-01,"Springfield, Oregon","Mar 2026","2026-05-18 10:10:31 EDT",61185,1,"Individual Agencies"
"Thefts",314,352,"-10.7954545454545",2026-03-01,"Springfield, Oregon","Mar 2026","2026-05-18 10:10:31 EDT",61185,1,"Individual Agencies"
"Violent Crimes",48,40,"20",2026-03-01,"Springfield, Oregon","Mar 2026","2026-05-18 10:10:31 EDT",61185,1,"Individual Agencies"
"Aggravated Assaults",33,33,"0",2026-03-01,"St Charles, Missouri","Mar 2026","2026-05-18 10:10:31 EDT",71408,1,"Individual Agencies"
"Burglaries",2,2,"0",2026-03-01,"St Charles, Missouri","Mar 2026","2026-05-18 10:10:31 EDT",71408,1,"Individual Agencies"
"Motor Vehicle Thefts",9,9,"0",2026-03-01,"St Charles, Missouri","Mar 2026","2026-05-18 10:10:31 EDT",71408,1,"Individual Agencies"
"Murders",0,0,"0",2026-03-01,"St Charles, Missouri","Mar 2026","2026-05-18 10:10:31 EDT",71408,1,"Individual Agencies"
"Property Crimes",126,126,"0",2026-03-01,"St Charles, Missouri","Mar 2026","2026-05-18 10:10:31 EDT",71408,1,"Individual Agencies"
"Rapes",4,4,"0",2026-03-01,"St Charles, Missouri","Mar 2026","2026-05-18 10:10:31 EDT",71408,1,"Individual Agencies"
"Robberies",3,3,"0",2026-03-01,"St Charles, Missouri","Mar 2026","2026-05-18 10:10:31 EDT",71408,1,"Individual Agencies"
"Thefts",115,115,"0",2026-03-01,"St Charles, Missouri","Mar 2026","2026-05-18 10:10:31 EDT",71408,1,"Individual Agencies"
"Violent Crimes",40,40,"0",2026-03-01,"St Charles, Missouri","Mar 2026","2026-05-18 10:10:31 EDT",71408,1,"Individual Agencies"
"Aggravated Assaults",9,7,"28.5714285714286",2026-02-01,"St Joseph County, Indiana","Feb 2026","2026-05-18 10:10:31 EDT",109381,1,"Individual Agencies"
"Burglaries",11,13,"-15.3846153846154",2026-02-01,"St Joseph County, Indiana","Feb 2026","2026-05-18 10:10:31 EDT",109381,1,"Individual Agencies"
"Motor Vehicle Thefts",10,7,"42.8571428571429",2026-02-01,"St Joseph County, Indiana","Feb 2026","2026-05-18 10:10:31 EDT",109381,1,"Individual Agencies"
"Murders",0,1,"-100",2026-02-01,"St Joseph County, Indiana","Feb 2026","2026-05-18 10:10:31 EDT",109381,1,"Individual Agencies"
"Rapes",1,1,"0",2026-02-01,"St Joseph County, Indiana","Feb 2026","2026-05-18 10:10:31 EDT",109381,1,"Individual Agencies"
"Robberies",1,0,"Undefined",2026-02-01,"St Joseph County, Indiana","Feb 2026","2026-05-18 10:10:31 EDT",109381,1,"Individual Agencies"
"Thefts",36,61,"-40.9836065573771",2026-02-01,"St Joseph County, Indiana","Feb 2026","2026-05-18 10:10:31 EDT",109381,1,"Individual Agencies"
"Aggravated Assaults",56,56,"0",2026-03-01,"St Joseph, Missouri","Mar 2026","2026-05-18 10:10:31 EDT",69925,1,"Individual Agencies"
"Burglaries",79,75,"5.33333333333333",2026-03-01,"St Joseph, Missouri","Mar 2026","2026-05-18 10:10:31 EDT",69925,1,"Individual Agencies"
"Motor Vehicle Thefts",50,49,"2.04081632653061",2026-03-01,"St Joseph, Missouri","Mar 2026","2026-05-18 10:10:31 EDT",69925,1,"Individual Agencies"
"Murders",1,1,"0",2026-03-01,"St Joseph, Missouri","Mar 2026","2026-05-18 10:10:31 EDT",69925,1,"Individual Agencies"
"Property Crimes",538,529,"1.70132325141777",2026-03-01,"St Joseph, Missouri","Mar 2026","2026-05-18 10:10:31 EDT",69925,1,"Individual Agencies"
"Rapes",33,32,"3.125",2026-03-01,"St Joseph, Missouri","Mar 2026","2026-05-18 10:10:31 EDT",69925,1,"Individual Agencies"
"Robberies",7,7,"0",2026-03-01,"St Joseph, Missouri","Mar 2026","2026-05-18 10:10:31 EDT",69925,1,"Individual Agencies"
"Thefts",409,405,"0.987654320987654",2026-03-01,"St Joseph, Missouri","Mar 2026","2026-05-18 10:10:31 EDT",69925,1,"Individual Agencies"
"Violent Crimes",97,96,"1.04166666666667",2026-03-01,"St Joseph, Missouri","Mar 2026","2026-05-18 10:10:31 EDT",69925,1,"Individual Agencies"
"Aggravated Assaults",304,304,"0",2026-03-01,"St Louis County, Missouri","Mar 2026","2026-05-18 10:10:31 EDT",398969,1,"Individual Agencies"
"Burglaries",241,241,"0",2026-03-01,"St Louis County, Missouri","Mar 2026","2026-05-18 10:10:31 EDT",398969,1,"Individual Agencies"
"Motor Vehicle Thefts",226,226,"0",2026-03-01,"St Louis County, Missouri","Mar 2026","2026-05-18 10:10:31 EDT",398969,1,"Individual Agencies"
"Murders",6,7,"-14.2857142857143",2026-03-01,"St Louis County, Missouri","Mar 2026","2026-05-18 10:10:31 EDT",398969,1,"Individual Agencies"
"Property Crimes",1251,1250,"0.08",2026-03-01,"St Louis County, Missouri","Mar 2026","2026-05-18 10:10:31 EDT",398969,1,"Individual Agencies"
"Rapes",29,28,"3.57142857142857",2026-03-01,"St Louis County, Missouri","Mar 2026","2026-05-18 10:10:31 EDT",398969,1,"Individual Agencies"
"Robberies",54,54,"0",2026-03-01,"St Louis County, Missouri","Mar 2026","2026-05-18 10:10:31 EDT",398969,1,"Individual Agencies"
"Thefts",784,783,"0.127713920817369",2026-03-01,"St Louis County, Missouri","Mar 2026","2026-05-18 10:10:31 EDT",398969,1,"Individual Agencies"
"Violent Crimes",393,393,"0",2026-03-01,"St Louis County, Missouri","Mar 2026","2026-05-18 10:10:31 EDT",398969,1,"Individual Agencies"
"Aggravated Assaults",535,530,"0.943396226415094",2026-03-01,"St Louis, Missouri","Mar 2026","2026-05-18 10:10:31 EDT",280108,1,"Individual Agencies"
"Burglaries",371,369,"0.5420054200542",2026-03-01,"St Louis, Missouri","Mar 2026","2026-05-18 10:10:31 EDT",280108,1,"Individual Agencies"
"Motor Vehicle Thefts",645,641,"0.62402496099844",2026-03-01,"St Louis, Missouri","Mar 2026","2026-05-18 10:10:31 EDT",280108,1,"Individual Agencies"
"Murders",25,25,"0",2026-03-01,"St Louis, Missouri","Mar 2026","2026-05-18 10:10:31 EDT",280108,1,"Individual Agencies"
"Property Crimes",2812,2799,"0.464451589853519",2026-03-01,"St Louis, Missouri","Mar 2026","2026-05-18 10:10:31 EDT",280108,1,"Individual Agencies"
"Rapes",28,27,"3.7037037037037",2026-03-01,"St Louis, Missouri","Mar 2026","2026-05-18 10:10:31 EDT",280108,1,"Individual Agencies"
"Robberies",122,122,"0",2026-03-01,"St Louis, Missouri","Mar 2026","2026-05-18 10:10:31 EDT",280108,1,"Individual Agencies"
"Thefts",1796,1789,"0.391280044717719",2026-03-01,"St Louis, Missouri","Mar 2026","2026-05-18 10:10:31 EDT",280108,1,"Individual Agencies"
"Violent Crimes",710,704,"0.852272727272727",2026-03-01,"St Louis, Missouri","Mar 2026","2026-05-18 10:10:31 EDT",280108,1,"Individual Agencies"
"Aggravated Assaults",24,24,"0",2026-03-01,"St Peters, Missouri","Mar 2026","2026-05-18 10:10:31 EDT",58937,1,"Individual Agencies"
"Burglaries",12,12,"0",2026-03-01,"St Peters, Missouri","Mar 2026","2026-05-18 10:10:31 EDT",58937,1,"Individual Agencies"
"Motor Vehicle Thefts",5,5,"0",2026-03-01,"St Peters, Missouri","Mar 2026","2026-05-18 10:10:31 EDT",58937,1,"Individual Agencies"
"Murders",0,0,"0",2026-03-01,"St Peters, Missouri","Mar 2026","2026-05-18 10:10:31 EDT",58937,1,"Individual Agencies"
"Property Crimes",111,110,"0.909090909090909",2026-03-01,"St Peters, Missouri","Mar 2026","2026-05-18 10:10:31 EDT",58937,1,"Individual Agencies"
"Rapes",6,6,"0",2026-03-01,"St Peters, Missouri","Mar 2026","2026-05-18 10:10:31 EDT",58937,1,"Individual Agencies"
"Robberies",3,3,"0",2026-03-01,"St Peters, Missouri","Mar 2026","2026-05-18 10:10:31 EDT",58937,1,"Individual Agencies"
"Thefts",94,93,"1.0752688172043",2026-03-01,"St Peters, Missouri","Mar 2026","2026-05-18 10:10:31 EDT",58937,1,"Individual Agencies"
"Violent Crimes",33,33,"0",2026-03-01,"St Peters, Missouri","Mar 2026","2026-05-18 10:10:31 EDT",58937,1,"Individual Agencies"
"Aggravated Assaults",16,17,"-5.88235294117647",2026-03-01,"St. Clair Shores, Michigan","Mar 2026","2026-05-18 10:10:31 EDT",57257,1,"Individual Agencies"
"Burglaries",12,13,"-7.69230769230769",2026-03-01,"St. Clair Shores, Michigan","Mar 2026","2026-05-18 10:10:31 EDT",57257,1,"Individual Agencies"
"Motor Vehicle Thefts",14,19,"-26.3157894736842",2026-03-01,"St. Clair Shores, Michigan","Mar 2026","2026-05-18 10:10:31 EDT",57257,1,"Individual Agencies"
"Murders",0,0,"0",2026-03-01,"St. Clair Shores, Michigan","Mar 2026","2026-05-18 10:10:31 EDT",57257,1,"Individual Agencies"
"Property Crimes",96,109,"-11.9266055045872",2026-03-01,"St. Clair Shores, Michigan","Mar 2026","2026-05-18 10:10:31 EDT",57257,1,"Individual Agencies"
"Rapes",0,2,"-100",2026-03-01,"St. Clair Shores, Michigan","Mar 2026","2026-05-18 10:10:31 EDT",57257,1,"Individual Agencies"
"Robberies",0,2,"-100",2026-03-01,"St. Clair Shores, Michigan","Mar 2026","2026-05-18 10:10:31 EDT",57257,1,"Individual Agencies"
"Thefts",70,77,"-9.09090909090909",2026-03-01,"St. Clair Shores, Michigan","Mar 2026","2026-05-18 10:10:31 EDT",57257,1,"Individual Agencies"
"Violent Crimes",16,21,"-23.8095238095238",2026-03-01,"St. Clair Shores, Michigan","Mar 2026","2026-05-18 10:10:31 EDT",57257,1,"Individual Agencies"
"Aggravated Assaults",29,40,"-27.5",2026-03-01,"St. Cloud, Minnesota","Mar 2026","2026-05-18 10:10:31 EDT",69922,1,"Individual Agencies"
"Burglaries",47,56,"-16.0714285714286",2026-03-01,"St. Cloud, Minnesota","Mar 2026","2026-05-18 10:10:31 EDT",69922,1,"Individual Agencies"
"Motor Vehicle Thefts",36,51,"-29.4117647058824",2026-03-01,"St. Cloud, Minnesota","Mar 2026","2026-05-18 10:10:31 EDT",69922,1,"Individual Agencies"
"Murders",1,2,"-50",2026-03-01,"St. Cloud, Minnesota","Mar 2026","2026-05-18 10:10:31 EDT",69922,1,"Individual Agencies"
"Property Crimes",350,471,"-25.6900212314225",2026-03-01,"St. Cloud, Minnesota","Mar 2026","2026-05-18 10:10:31 EDT",69922,1,"Individual Agencies"
"Rapes",2,11,"-81.8181818181818",2026-03-01,"St. Cloud, Minnesota","Mar 2026","2026-05-18 10:10:31 EDT",69922,1,"Individual Agencies"
"Robberies",5,7,"-28.5714285714286",2026-03-01,"St. Cloud, Minnesota","Mar 2026","2026-05-18 10:10:31 EDT",69922,1,"Individual Agencies"
"Thefts",267,364,"-26.6483516483516",2026-03-01,"St. Cloud, Minnesota","Mar 2026","2026-05-18 10:10:31 EDT",69922,1,"Individual Agencies"
"Violent Crimes",37,60,"-38.3333333333333",2026-03-01,"St. Cloud, Minnesota","Mar 2026","2026-05-18 10:10:31 EDT",69922,1,"Individual Agencies"
"Aggravated Assaults",24,19,"26.3157894736842",2026-03-01,"St. George, Utah","Mar 2026","2026-05-18 10:10:31 EDT",105930,1,"Individual Agencies"
"Burglaries",18,15,"20",2026-03-01,"St. George, Utah","Mar 2026","2026-05-18 10:10:31 EDT",105930,1,"Individual Agencies"
"Motor Vehicle Thefts",13,8,"62.5",2026-03-01,"St. George, Utah","Mar 2026","2026-05-18 10:10:31 EDT",105930,1,"Individual Agencies"
"Murders",0,3,"-100",2026-03-01,"St. George, Utah","Mar 2026","2026-05-18 10:10:31 EDT",105930,1,"Individual Agencies"
"Property Crimes",230,187,"22.9946524064171",2026-03-01,"St. George, Utah","Mar 2026","2026-05-18 10:10:31 EDT",105930,1,"Individual Agencies"
"Rapes",24,17,"41.1764705882353",2026-03-01,"St. George, Utah","Mar 2026","2026-05-18 10:10:31 EDT",105930,1,"Individual Agencies"
"Robberies",6,2,"200",2026-03-01,"St. George, Utah","Mar 2026","2026-05-18 10:10:31 EDT",105930,1,"Individual Agencies"
"Thefts",199,164,"21.3414634146341",2026-03-01,"St. George, Utah","Mar 2026","2026-05-18 10:10:31 EDT",105930,1,"Individual Agencies"
"Violent Crimes",54,41,"31.7073170731707",2026-03-01,"St. George, Utah","Mar 2026","2026-05-18 10:10:31 EDT",105930,1,"Individual Agencies"
"Aggravated Assaults",43,38,"13.1578947368421",2026-03-01,"St. Mary's County, Maryland","Mar 2026","2026-05-18 10:10:31 EDT",115684,1,"Individual Agencies"
"Burglaries",47,39,"20.5128205128205",2026-03-01,"St. Mary's County, Maryland","Mar 2026","2026-05-18 10:10:31 EDT",115684,1,"Individual Agencies"
"Motor Vehicle Thefts",16,24,"-33.3333333333333",2026-03-01,"St. Mary's County, Maryland","Mar 2026","2026-05-18 10:10:31 EDT",115684,1,"Individual Agencies"
"Murders",0,2,"-100",2026-03-01,"St. Mary's County, Maryland","Mar 2026","2026-05-18 10:10:31 EDT",115684,1,"Individual Agencies"
"Property Crimes",268,303,"-11.5511551155116",2026-03-01,"St. Mary's County, Maryland","Mar 2026","2026-05-18 10:10:31 EDT",115684,1,"Individual Agencies"
"Rapes",8,21,"-61.9047619047619",2026-03-01,"St. Mary's County, Maryland","Mar 2026","2026-05-18 10:10:31 EDT",115684,1,"Individual Agencies"
"Robberies",2,4,"-50",2026-03-01,"St. Mary's County, Maryland","Mar 2026","2026-05-18 10:10:31 EDT",115684,1,"Individual Agencies"
"Thefts",205,240,"-14.5833333333333",2026-03-01,"St. Mary's County, Maryland","Mar 2026","2026-05-18 10:10:31 EDT",115684,1,"Individual Agencies"
"Violent Crimes",53,65,"-18.4615384615385",2026-03-01,"St. Mary's County, Maryland","Mar 2026","2026-05-18 10:10:31 EDT",115684,1,"Individual Agencies"
"Aggravated Assaults",215,201,"6.96517412935323",2026-03-01,"St. Paul, Minnesota","Mar 2026","2026-05-18 10:10:31 EDT",300368,1,"Individual Agencies"
"Burglaries",262,214,"22.4299065420561",2026-03-01,"St. Paul, Minnesota","Mar 2026","2026-05-18 10:10:31 EDT",300368,1,"Individual Agencies"
"Motor Vehicle Thefts",299,243,"23.0452674897119",2026-03-01,"St. Paul, Minnesota","Mar 2026","2026-05-18 10:10:31 EDT",300368,1,"Individual Agencies"
"Murders",3,2,"50",2026-03-01,"St. Paul, Minnesota","Mar 2026","2026-05-18 10:10:31 EDT",300368,1,"Individual Agencies"
"Property Crimes",1721,1680,"2.44047619047619",2026-03-01,"St. Paul, Minnesota","Mar 2026","2026-05-18 10:10:31 EDT",300368,1,"Individual Agencies"
"Rapes",54,56,"-3.57142857142857",2026-03-01,"St. Paul, Minnesota","Mar 2026","2026-05-18 10:10:31 EDT",300368,1,"Individual Agencies"
"Robberies",38,62,"-38.7096774193548",2026-03-01,"St. Paul, Minnesota","Mar 2026","2026-05-18 10:10:31 EDT",300368,1,"Individual Agencies"
"Thefts",1160,1223,"-5.15126737530662",2026-03-01,"St. Paul, Minnesota","Mar 2026","2026-05-18 10:10:31 EDT",300368,1,"Individual Agencies"
"Violent Crimes",310,321,"-3.42679127725857",2026-03-01,"St. Paul, Minnesota","Mar 2026","2026-05-18 10:10:31 EDT",300368,1,"Individual Agencies"
"Aggravated Assaults",34,34,"0",2026-03-01,"Stamford, Connecticut","Mar 2026","2026-05-18 10:10:31 EDT",136512,1,"Individual Agencies"
"Burglaries",10,16,"-37.5",2026-03-01,"Stamford, Connecticut","Mar 2026","2026-05-18 10:10:31 EDT",136512,1,"Individual Agencies"
"Motor Vehicle Thefts",26,27,"-3.7037037037037",2026-03-01,"Stamford, Connecticut","Mar 2026","2026-05-18 10:10:31 EDT",136512,1,"Individual Agencies"
"Murders",0,0,"0",2026-03-01,"Stamford, Connecticut","Mar 2026","2026-05-18 10:10:31 EDT",136512,1,"Individual Agencies"
"Property Crimes",314,308,"1.94805194805195",2026-03-01,"Stamford, Connecticut","Mar 2026","2026-05-18 10:10:31 EDT",136512,1,"Individual Agencies"
"Rapes",3,4,"-25",2026-03-01,"Stamford, Connecticut","Mar 2026","2026-05-18 10:10:31 EDT",136512,1,"Individual Agencies"
"Robberies",6,13,"-53.8461538461538",2026-03-01,"Stamford, Connecticut","Mar 2026","2026-05-18 10:10:31 EDT",136512,1,"Individual Agencies"
"Thefts",278,265,"4.90566037735849",2026-03-01,"Stamford, Connecticut","Mar 2026","2026-05-18 10:10:31 EDT",136512,1,"Individual Agencies"
"Violent Crimes",43,51,"-15.6862745098039",2026-03-01,"Stamford, Connecticut","Mar 2026","2026-05-18 10:10:31 EDT",136512,1,"Individual Agencies"
"Aggravated Assaults",46,41,"12.1951219512195",2026-03-01,"Stark County, Ohio","Mar 2026","2026-05-18 10:10:31 EDT",117590,1,"Individual Agencies"
"Burglaries",64,25,"156",2026-03-01,"Stark County, Ohio","Mar 2026","2026-05-18 10:10:31 EDT",117590,1,"Individual Agencies"
"Motor Vehicle Thefts",34,22,"54.5454545454545",2026-03-01,"Stark County, Ohio","Mar 2026","2026-05-18 10:10:31 EDT",117590,1,"Individual Agencies"
"Murders",0,0,"0",2026-03-01,"Stark County, Ohio","Mar 2026","2026-05-18 10:10:31 EDT",117590,1,"Individual Agencies"
"Property Crimes",376,197,"90.8629441624365",2026-03-01,"Stark County, Ohio","Mar 2026","2026-05-18 10:10:31 EDT",117590,1,"Individual Agencies"
"Rapes",22,13,"69.2307692307692",2026-03-01,"Stark County, Ohio","Mar 2026","2026-05-18 10:10:31 EDT",117590,1,"Individual Agencies"
"Robberies",8,3,"166.666666666667",2026-03-01,"Stark County, Ohio","Mar 2026","2026-05-18 10:10:31 EDT",117590,1,"Individual Agencies"
"Thefts",278,150,"85.3333333333333",2026-03-01,"Stark County, Ohio","Mar 2026","2026-05-18 10:10:31 EDT",117590,1,"Individual Agencies"
"Violent Crimes",76,57,"33.3333333333333",2026-03-01,"Stark County, Ohio","Mar 2026","2026-05-18 10:10:31 EDT",117590,1,"Individual Agencies"
"Aggravated Assaults",12,6,"100",2026-03-01,"State College, Pennsylvania","Mar 2026","2026-05-18 10:10:31 EDT",58532,1,"Individual Agencies"
"Burglaries",8,3,"166.666666666667",2026-03-01,"State College, Pennsylvania","Mar 2026","2026-05-18 10:10:31 EDT",58532,1,"Individual Agencies"
"Motor Vehicle Thefts",0,2,"-100",2026-03-01,"State College, Pennsylvania","Mar 2026","2026-05-18 10:10:31 EDT",58532,1,"Individual Agencies"
"Murders",0,0,"0",2026-03-01,"State College, Pennsylvania","Mar 2026","2026-05-18 10:10:31 EDT",58532,1,"Individual Agencies"
"Property Crimes",128,118,"8.47457627118644",2026-03-01,"State College, Pennsylvania","Mar 2026","2026-05-18 10:10:31 EDT",58532,1,"Individual Agencies"
"Rapes",8,12,"-33.3333333333333",2026-03-01,"State College, Pennsylvania","Mar 2026","2026-05-18 10:10:31 EDT",58532,1,"Individual Agencies"
"Robberies",3,2,"50",2026-03-01,"State College, Pennsylvania","Mar 2026","2026-05-18 10:10:31 EDT",58532,1,"Individual Agencies"
"Thefts",120,113,"6.19469026548673",2026-03-01,"State College, Pennsylvania","Mar 2026","2026-05-18 10:10:31 EDT",58532,1,"Individual Agencies"
"Violent Crimes",23,20,"15",2026-03-01,"State College, Pennsylvania","Mar 2026","2026-05-18 10:10:31 EDT",58532,1,"Individual Agencies"
"Aggravated Assaults",56,53,"5.66037735849057",2026-03-01,"Sterling Heights, Michigan","Mar 2026","2026-05-18 10:10:31 EDT",131801,1,"Individual Agencies"
"Burglaries",12,19,"-36.8421052631579",2026-03-01,"Sterling Heights, Michigan","Mar 2026","2026-05-18 10:10:31 EDT",131801,1,"Individual Agencies"
"Motor Vehicle Thefts",24,72,"-66.6666666666667",2026-03-01,"Sterling Heights, Michigan","Mar 2026","2026-05-18 10:10:31 EDT",131801,1,"Individual Agencies"
"Murders",0,1,"-100",2026-03-01,"Sterling Heights, Michigan","Mar 2026","2026-05-18 10:10:31 EDT",131801,1,"Individual Agencies"
"Property Crimes",296,405,"-26.9135802469136",2026-03-01,"Sterling Heights, Michigan","Mar 2026","2026-05-18 10:10:31 EDT",131801,1,"Individual Agencies"
"Rapes",12,7,"71.4285714285714",2026-03-01,"Sterling Heights, Michigan","Mar 2026","2026-05-18 10:10:31 EDT",131801,1,"Individual Agencies"
"Robberies",1,3,"-66.6666666666667",2026-03-01,"Sterling Heights, Michigan","Mar 2026","2026-05-18 10:10:31 EDT",131801,1,"Individual Agencies"
"Thefts",260,314,"-17.1974522292994",2026-03-01,"Sterling Heights, Michigan","Mar 2026","2026-05-18 10:10:31 EDT",131801,1,"Individual Agencies"
"Violent Crimes",69,64,"7.8125",2026-03-01,"Sterling Heights, Michigan","Mar 2026","2026-05-18 10:10:31 EDT",131801,1,"Individual Agencies"
"Aggravated Assaults",506,566,"-10.6007067137809",2026-03-01,"Stockton, California","Mar 2026","2026-05-18 10:10:31 EDT",322220,1,"Individual Agencies"
"Burglaries",270,322,"-16.1490683229814",2026-03-01,"Stockton, California","Mar 2026","2026-05-18 10:10:31 EDT",322220,1,"Individual Agencies"
"Motor Vehicle Thefts",260,353,"-26.3456090651558",2026-03-01,"Stockton, California","Mar 2026","2026-05-18 10:10:31 EDT",322220,1,"Individual Agencies"
"Murders",7,9,"-22.2222222222222",2026-03-01,"Stockton, California","Mar 2026","2026-05-18 10:10:31 EDT",322220,1,"Individual Agencies"
"Property Crimes",1752,1840,"-4.78260869565217",2026-03-01,"Stockton, California","Mar 2026","2026-05-18 10:10:31 EDT",322220,1,"Individual Agencies"
"Rapes",29,36,"-19.4444444444444",2026-03-01,"Stockton, California","Mar 2026","2026-05-18 10:10:31 EDT",322220,1,"Individual Agencies"
"Robberies",202,193,"4.66321243523316",2026-03-01,"Stockton, California","Mar 2026","2026-05-18 10:10:31 EDT",322220,1,"Individual Agencies"
"Thefts",1222,1165,"4.89270386266094",2026-03-01,"Stockton, California","Mar 2026","2026-05-18 10:10:31 EDT",322220,1,"Individual Agencies"
"Violent Crimes",744,804,"-7.46268656716418",2026-03-01,"Stockton, California","Mar 2026","2026-05-18 10:10:31 EDT",322220,1,"Individual Agencies"
"Aggravated Assaults",0,2,"-100",2026-03-01,"Stratford, Connecticut","Mar 2026","2026-05-18 10:10:31 EDT",52596,1,"Individual Agencies"
"Burglaries",6,4,"50",2026-03-01,"Stratford, Connecticut","Mar 2026","2026-05-18 10:10:31 EDT",52596,1,"Individual Agencies"
"Motor Vehicle Thefts",28,28,"0",2026-03-01,"Stratford, Connecticut","Mar 2026","2026-05-18 10:10:31 EDT",52596,1,"Individual Agencies"
"Murders",0,0,"0",2026-03-01,"Stratford, Connecticut","Mar 2026","2026-05-18 10:10:31 EDT",52596,1,"Individual Agencies"
"Property Crimes",202,227,"-11.0132158590308",2026-03-01,"Stratford, Connecticut","Mar 2026","2026-05-18 10:10:31 EDT",52596,1,"Individual Agencies"
"Rapes",0,0,"0",2026-03-01,"Stratford, Connecticut","Mar 2026","2026-05-18 10:10:31 EDT",52596,1,"Individual Agencies"
"Robberies",7,3,"133.333333333333",2026-03-01,"Stratford, Connecticut","Mar 2026","2026-05-18 10:10:31 EDT",52596,1,"Individual Agencies"
"Thefts",168,195,"-13.8461538461538",2026-03-01,"Stratford, Connecticut","Mar 2026","2026-05-18 10:10:31 EDT",52596,1,"Individual Agencies"
"Violent Crimes",7,5,"40",2026-03-01,"Stratford, Connecticut","Mar 2026","2026-05-18 10:10:31 EDT",52596,1,"Individual Agencies"
"Aggravated Assaults",3,21,"-85.7142857142857",2026-03-01,"Sugar Land, Texas","Mar 2026","2026-05-18 10:10:31 EDT",108718,1,"Individual Agencies"
"Burglaries",34,26,"30.7692307692308",2026-03-01,"Sugar Land, Texas","Mar 2026","2026-05-18 10:10:31 EDT",108718,1,"Individual Agencies"
"Motor Vehicle Thefts",9,18,"-50",2026-03-01,"Sugar Land, Texas","Mar 2026","2026-05-18 10:10:31 EDT",108718,1,"Individual Agencies"
"Murders",0,0,"0",2026-03-01,"Sugar Land, Texas","Mar 2026","2026-05-18 10:10:31 EDT",108718,1,"Individual Agencies"
"Property Crimes",326,329,"-0.911854103343465",2026-03-01,"Sugar Land, Texas","Mar 2026","2026-05-18 10:10:31 EDT",108718,1,"Individual Agencies"
"Rapes",3,4,"-25",2026-03-01,"Sugar Land, Texas","Mar 2026","2026-05-18 10:10:31 EDT",108718,1,"Individual Agencies"
"Robberies",5,5,"0",2026-03-01,"Sugar Land, Texas","Mar 2026","2026-05-18 10:10:31 EDT",108718,1,"Individual Agencies"
"Thefts",283,285,"-0.701754385964912",2026-03-01,"Sugar Land, Texas","Mar 2026","2026-05-18 10:10:31 EDT",108718,1,"Individual Agencies"
"Violent Crimes",11,30,"-63.3333333333333",2026-03-01,"Sugar Land, Texas","Mar 2026","2026-05-18 10:10:31 EDT",108718,1,"Individual Agencies"
"Aggravated Assaults",26,26,"0",2026-02-01,"Sunnyvale, California","Feb 2026","2026-05-18 10:10:31 EDT",152031,1,"Individual Agencies"
"Burglaries",89,79,"12.6582278481013",2026-02-01,"Sunnyvale, California","Feb 2026","2026-05-18 10:10:31 EDT",152031,1,"Individual Agencies"
"Motor Vehicle Thefts",43,41,"4.8780487804878",2026-02-01,"Sunnyvale, California","Feb 2026","2026-05-18 10:10:31 EDT",152031,1,"Individual Agencies"
"Murders",1,0,"Undefined",2026-02-01,"Sunnyvale, California","Feb 2026","2026-05-18 10:10:31 EDT",152031,1,"Individual Agencies"
"Rapes",5,2,"150",2026-02-01,"Sunnyvale, California","Feb 2026","2026-05-18 10:10:31 EDT",152031,1,"Individual Agencies"
"Robberies",5,8,"-37.5",2026-02-01,"Sunnyvale, California","Feb 2026","2026-05-18 10:10:31 EDT",152031,1,"Individual Agencies"
"Thefts",258,358,"-27.9329608938547",2026-02-01,"Sunnyvale, California","Feb 2026","2026-05-18 10:10:31 EDT",152031,1,"Individual Agencies"
"Aggravated Assaults",29,24,"20.8333333333333",2026-02-01,"Surprise, Arizona","Feb 2026","2026-05-18 10:10:31 EDT",159346,1,"Individual Agencies"
"Burglaries",22,31,"-29.0322580645161",2026-02-01,"Surprise, Arizona","Feb 2026","2026-05-18 10:10:31 EDT",159346,1,"Individual Agencies"
"Motor Vehicle Thefts",9,39,"-76.9230769230769",2026-02-01,"Surprise, Arizona","Feb 2026","2026-05-18 10:10:31 EDT",159346,1,"Individual Agencies"
"Murders",0,2,"-100",2026-02-01,"Surprise, Arizona","Feb 2026","2026-05-18 10:10:31 EDT",159346,1,"Individual Agencies"
"Rapes",3,0,"Undefined",2026-02-01,"Surprise, Arizona","Feb 2026","2026-05-18 10:10:31 EDT",159346,1,"Individual Agencies"
"Robberies",4,6,"-33.3333333333333",2026-02-01,"Surprise, Arizona","Feb 2026","2026-05-18 10:10:31 EDT",159346,1,"Individual Agencies"
"Thefts",191,174,"9.77011494252874",2026-02-01,"Surprise, Arizona","Feb 2026","2026-05-18 10:10:31 EDT",159346,1,"Individual Agencies"
"Aggravated Assaults",107,112,"-4.46428571428571",2026-02-01,"Tacoma, Washington","Feb 2026","2026-05-18 10:10:31 EDT",222828,1,"Individual Agencies"
"Burglaries",176,159,"10.6918238993711",2026-02-01,"Tacoma, Washington","Feb 2026","2026-05-18 10:10:31 EDT",222828,1,"Individual Agencies"
"Motor Vehicle Thefts",232,294,"-21.0884353741497",2026-02-01,"Tacoma, Washington","Feb 2026","2026-05-18 10:10:31 EDT",222828,1,"Individual Agencies"
"Murders",4,5,"-20",2026-02-01,"Tacoma, Washington","Feb 2026","2026-05-18 10:10:31 EDT",222828,1,"Individual Agencies"
"Robberies",40,39,"2.56410256410256",2026-02-01,"Tacoma, Washington","Feb 2026","2026-05-18 10:10:31 EDT",222828,1,"Individual Agencies"
"Thefts",859,1019,"-15.7016683022571",2026-02-01,"Tacoma, Washington","Feb 2026","2026-05-18 10:10:31 EDT",222828,1,"Individual Agencies"
"Aggravated Assaults",57,54,"5.55555555555556",2026-03-01,"Taunton, Massachusetts","Mar 2026","2026-05-18 10:10:31 EDT",60356,1,"Individual Agencies"
"Burglaries",15,12,"25",2026-03-01,"Taunton, Massachusetts","Mar 2026","2026-05-18 10:10:31 EDT",60356,1,"Individual Agencies"
"Motor Vehicle Thefts",15,11,"36.3636363636364",2026-03-01,"Taunton, Massachusetts","Mar 2026","2026-05-18 10:10:31 EDT",60356,1,"Individual Agencies"
"Murders",0,0,"0",2026-03-01,"Taunton, Massachusetts","Mar 2026","2026-05-18 10:10:31 EDT",60356,1,"Individual Agencies"
"Property Crimes",102,106,"-3.77358490566038",2026-03-01,"Taunton, Massachusetts","Mar 2026","2026-05-18 10:10:31 EDT",60356,1,"Individual Agencies"
"Rapes",1,1,"0",2026-03-01,"Taunton, Massachusetts","Mar 2026","2026-05-18 10:10:31 EDT",60356,1,"Individual Agencies"
"Robberies",5,1,"400",2026-03-01,"Taunton, Massachusetts","Mar 2026","2026-05-18 10:10:31 EDT",60356,1,"Individual Agencies"
"Thefts",72,83,"-13.2530120481928",2026-03-01,"Taunton, Massachusetts","Mar 2026","2026-05-18 10:10:31 EDT",60356,1,"Individual Agencies"
"Violent Crimes",63,56,"12.5",2026-03-01,"Taunton, Massachusetts","Mar 2026","2026-05-18 10:10:31 EDT",60356,1,"Individual Agencies"
"Aggravated Assaults",84,68,"23.5294117647059",2026-03-01,"Taylor, Michigan","Mar 2026","2026-05-18 10:10:31 EDT",61781,1,"Individual Agencies"
"Burglaries",26,34,"-23.5294117647059",2026-03-01,"Taylor, Michigan","Mar 2026","2026-05-18 10:10:31 EDT",61781,1,"Individual Agencies"
"Motor Vehicle Thefts",22,50,"-56",2026-03-01,"Taylor, Michigan","Mar 2026","2026-05-18 10:10:31 EDT",61781,1,"Individual Agencies"
"Murders",0,0,"0",2026-03-01,"Taylor, Michigan","Mar 2026","2026-05-18 10:10:31 EDT",61781,1,"Individual Agencies"
"Property Crimes",184,258,"-28.6821705426357",2026-03-01,"Taylor, Michigan","Mar 2026","2026-05-18 10:10:31 EDT",61781,1,"Individual Agencies"
"Rapes",10,14,"-28.5714285714286",2026-03-01,"Taylor, Michigan","Mar 2026","2026-05-18 10:10:31 EDT",61781,1,"Individual Agencies"
"Robberies",5,4,"25",2026-03-01,"Taylor, Michigan","Mar 2026","2026-05-18 10:10:31 EDT",61781,1,"Individual Agencies"
"Thefts",136,174,"-21.8390804597701",2026-03-01,"Taylor, Michigan","Mar 2026","2026-05-18 10:10:31 EDT",61781,1,"Individual Agencies"
"Violent Crimes",99,86,"15.1162790697674",2026-03-01,"Taylor, Michigan","Mar 2026","2026-05-18 10:10:31 EDT",61781,1,"Individual Agencies"
"Aggravated Assaults",135,119,"13.4453781512605",2026-03-01,"Tempe, Arizona","Mar 2026","2026-05-18 10:10:31 EDT",188144,1,"Individual Agencies"
"Burglaries",116,134,"-13.4328358208955",2026-03-01,"Tempe, Arizona","Mar 2026","2026-05-18 10:10:31 EDT",188144,1,"Individual Agencies"
"Motor Vehicle Thefts",105,140,"-25",2026-03-01,"Tempe, Arizona","Mar 2026","2026-05-18 10:10:31 EDT",188144,1,"Individual Agencies"
"Murders",5,2,"150",2026-03-01,"Tempe, Arizona","Mar 2026","2026-05-18 10:10:31 EDT",188144,1,"Individual Agencies"
"Property Crimes",1335,1318,"1.28983308042489",2026-03-01,"Tempe, Arizona","Mar 2026","2026-05-18 10:10:31 EDT",188144,1,"Individual Agencies"
"Rapes",33,32,"3.125",2026-03-01,"Tempe, Arizona","Mar 2026","2026-05-18 10:10:31 EDT",188144,1,"Individual Agencies"
"Robberies",22,19,"15.7894736842105",2026-03-01,"Tempe, Arizona","Mar 2026","2026-05-18 10:10:31 EDT",188144,1,"Individual Agencies"
"Thefts",1114,1044,"6.70498084291188",2026-03-01,"Tempe, Arizona","Mar 2026","2026-05-18 10:10:31 EDT",188144,1,"Individual Agencies"
"Violent Crimes",195,172,"13.3720930232558",2026-03-01,"Tempe, Arizona","Mar 2026","2026-05-18 10:10:31 EDT",188144,1,"Individual Agencies"
"Aggravated Assaults",36,35,"2.85714285714286",2026-02-01,"Terre Haute, Indiana","Feb 2026","2026-05-18 10:10:31 EDT",58309,1,"Individual Agencies"
"Burglaries",38,37,"2.7027027027027",2026-02-01,"Terre Haute, Indiana","Feb 2026","2026-05-18 10:10:31 EDT",58309,1,"Individual Agencies"
"Motor Vehicle Thefts",20,31,"-35.4838709677419",2026-02-01,"Terre Haute, Indiana","Feb 2026","2026-05-18 10:10:31 EDT",58309,1,"Individual Agencies"
"Murders",0,0,"0",2026-02-01,"Terre Haute, Indiana","Feb 2026","2026-05-18 10:10:31 EDT",58309,1,"Individual Agencies"
"Rapes",6,5,"20",2026-02-01,"Terre Haute, Indiana","Feb 2026","2026-05-18 10:10:31 EDT",58309,1,"Individual Agencies"
"Robberies",6,8,"-25",2026-02-01,"Terre Haute, Indiana","Feb 2026","2026-05-18 10:10:31 EDT",58309,1,"Individual Agencies"
"Thefts",158,188,"-15.9574468085106",2026-02-01,"Terre Haute, Indiana","Feb 2026","2026-05-18 10:10:31 EDT",58309,1,"Individual Agencies"
"Aggravated Assaults",32,25,"28",2026-03-01,"Texas City, Texas","Mar 2026","2026-05-18 10:10:31 EDT",57448,1,"Individual Agencies"
"Burglaries",12,47,"-74.468085106383",2026-03-01,"Texas City, Texas","Mar 2026","2026-05-18 10:10:31 EDT",57448,1,"Individual Agencies"
"Motor Vehicle Thefts",17,25,"-32",2026-03-01,"Texas City, Texas","Mar 2026","2026-05-18 10:10:31 EDT",57448,1,"Individual Agencies"
"Murders",1,1,"0",2026-03-01,"Texas City, Texas","Mar 2026","2026-05-18 10:10:31 EDT",57448,1,"Individual Agencies"
"Property Crimes",171,254,"-32.6771653543307",2026-03-01,"Texas City, Texas","Mar 2026","2026-05-18 10:10:31 EDT",57448,1,"Individual Agencies"
"Rapes",8,7,"14.2857142857143",2026-03-01,"Texas City, Texas","Mar 2026","2026-05-18 10:10:31 EDT",57448,1,"Individual Agencies"
"Robberies",1,5,"-80",2026-03-01,"Texas City, Texas","Mar 2026","2026-05-18 10:10:31 EDT",57448,1,"Individual Agencies"
"Thefts",142,182,"-21.978021978022",2026-03-01,"Texas City, Texas","Mar 2026","2026-05-18 10:10:31 EDT",57448,1,"Individual Agencies"
"Violent Crimes",42,38,"10.5263157894737",2026-03-01,"Texas City, Texas","Mar 2026","2026-05-18 10:10:31 EDT",57448,1,"Individual Agencies"
"Aggravated Assaults",47,46,"2.17391304347826",2026-03-01,"Thornton, Colorado","Mar 2026","2026-05-18 10:10:31 EDT",143838,1,"Individual Agencies"
"Burglaries",56,60,"-6.66666666666667",2026-03-01,"Thornton, Colorado","Mar 2026","2026-05-18 10:10:31 EDT",143838,1,"Individual Agencies"
"Motor Vehicle Thefts",100,160,"-37.5",2026-03-01,"Thornton, Colorado","Mar 2026","2026-05-18 10:10:31 EDT",143838,1,"Individual Agencies"
"Murders",2,2,"0",2026-03-01,"Thornton, Colorado","Mar 2026","2026-05-18 10:10:31 EDT",143838,1,"Individual Agencies"
"Property Crimes",764,852,"-10.3286384976526",2026-03-01,"Thornton, Colorado","Mar 2026","2026-05-18 10:10:31 EDT",143838,1,"Individual Agencies"
"Rapes",18,24,"-25",2026-03-01,"Thornton, Colorado","Mar 2026","2026-05-18 10:10:31 EDT",143838,1,"Individual Agencies"
"Robberies",10,11,"-9.09090909090909",2026-03-01,"Thornton, Colorado","Mar 2026","2026-05-18 10:10:31 EDT",143838,1,"Individual Agencies"
"Thefts",608,632,"-3.79746835443038",2026-03-01,"Thornton, Colorado","Mar 2026","2026-05-18 10:10:31 EDT",143838,1,"Individual Agencies"
"Violent Crimes",77,83,"-7.2289156626506",2026-03-01,"Thornton, Colorado","Mar 2026","2026-05-18 10:10:31 EDT",143838,1,"Individual Agencies"
"Aggravated Assaults",19,28,"-32.1428571428571",2026-03-01,"Thousand Oaks, California","Mar 2026","2026-05-18 10:10:31 EDT",123032,1,"Individual Agencies"
"Burglaries",13,33,"-60.6060606060606",2026-03-01,"Thousand Oaks, California","Mar 2026","2026-05-18 10:10:31 EDT",123032,1,"Individual Agencies"
"Motor Vehicle Thefts",12,12,"0",2026-03-01,"Thousand Oaks, California","Mar 2026","2026-05-18 10:10:31 EDT",123032,1,"Individual Agencies"
"Murders",0,1,"-100",2026-03-01,"Thousand Oaks, California","Mar 2026","2026-05-18 10:10:31 EDT",123032,1,"Individual Agencies"
"Property Crimes",299,290,"3.10344827586207",2026-03-01,"Thousand Oaks, California","Mar 2026","2026-05-18 10:10:31 EDT",123032,1,"Individual Agencies"
"Rapes",0,0,"0",2026-03-01,"Thousand Oaks, California","Mar 2026","2026-05-18 10:10:31 EDT",123032,1,"Individual Agencies"
"Robberies",4,5,"-20",2026-03-01,"Thousand Oaks, California","Mar 2026","2026-05-18 10:10:31 EDT",123032,1,"Individual Agencies"
"Thefts",274,245,"11.8367346938776",2026-03-01,"Thousand Oaks, California","Mar 2026","2026-05-18 10:10:31 EDT",123032,1,"Individual Agencies"
"Violent Crimes",23,34,"-32.3529411764706",2026-03-01,"Thousand Oaks, California","Mar 2026","2026-05-18 10:10:31 EDT",123032,1,"Individual Agencies"
"Aggravated Assaults",21,18,"16.6666666666667",2026-03-01,"Tigard, Oregon","Mar 2026","2026-05-18 10:10:31 EDT",56142,1,"Individual Agencies"
"Burglaries",34,32,"6.25",2026-03-01,"Tigard, Oregon","Mar 2026","2026-05-18 10:10:31 EDT",56142,1,"Individual Agencies"
"Motor Vehicle Thefts",26,20,"30",2026-03-01,"Tigard, Oregon","Mar 2026","2026-05-18 10:10:31 EDT",56142,1,"Individual Agencies"
"Murders",0,0,"0",2026-03-01,"Tigard, Oregon","Mar 2026","2026-05-18 10:10:31 EDT",56142,1,"Individual Agencies"
"Property Crimes",461,482,"-4.35684647302905",2026-03-01,"Tigard, Oregon","Mar 2026","2026-05-18 10:10:31 EDT",56142,1,"Individual Agencies"
"Rapes",8,0,"Undefined",2026-03-01,"Tigard, Oregon","Mar 2026","2026-05-18 10:10:31 EDT",56142,1,"Individual Agencies"
"Robberies",9,6,"50",2026-03-01,"Tigard, Oregon","Mar 2026","2026-05-18 10:10:31 EDT",56142,1,"Individual Agencies"
"Thefts",401,430,"-6.74418604651163",2026-03-01,"Tigard, Oregon","Mar 2026","2026-05-18 10:10:31 EDT",56142,1,"Individual Agencies"
"Violent Crimes",38,24,"58.3333333333333",2026-03-01,"Tigard, Oregon","Mar 2026","2026-05-18 10:10:31 EDT",56142,1,"Individual Agencies"
"Aggravated Assaults",7,4,"75",2026-03-01,"Tinley Park, Illinois","Mar 2026","2026-05-18 10:10:31 EDT",53528,1,"Individual Agencies"
"Burglaries",19,11,"72.7272727272727",2026-03-01,"Tinley Park, Illinois","Mar 2026","2026-05-18 10:10:31 EDT",53528,1,"Individual Agencies"
"Motor Vehicle Thefts",6,19,"-68.4210526315789",2026-03-01,"Tinley Park, Illinois","Mar 2026","2026-05-18 10:10:31 EDT",53528,1,"Individual Agencies"
"Murders",0,0,"0",2026-03-01,"Tinley Park, Illinois","Mar 2026","2026-05-18 10:10:31 EDT",53528,1,"Individual Agencies"
"Property Crimes",143,147,"-2.72108843537415",2026-03-01,"Tinley Park, Illinois","Mar 2026","2026-05-18 10:10:31 EDT",53528,1,"Individual Agencies"
"Rapes",6,1,"500",2026-03-01,"Tinley Park, Illinois","Mar 2026","2026-05-18 10:10:31 EDT",53528,1,"Individual Agencies"
"Robberies",4,0,"Undefined",2026-03-01,"Tinley Park, Illinois","Mar 2026","2026-05-18 10:10:31 EDT",53528,1,"Individual Agencies"
"Thefts",118,117,"0.854700854700855",2026-03-01,"Tinley Park, Illinois","Mar 2026","2026-05-18 10:10:31 EDT",53528,1,"Individual Agencies"
"Violent Crimes",17,5,"240",2026-03-01,"Tinley Park, Illinois","Mar 2026","2026-05-18 10:10:31 EDT",53528,1,"Individual Agencies"
"Aggravated Assaults",54,63,"-14.2857142857143",2026-03-01,"Torrance, California","Mar 2026","2026-05-18 10:10:31 EDT",138472,1,"Individual Agencies"
"Burglaries",117,165,"-29.0909090909091",2026-03-01,"Torrance, California","Mar 2026","2026-05-18 10:10:31 EDT",138472,1,"Individual Agencies"
"Motor Vehicle Thefts",100,164,"-39.0243902439024",2026-03-01,"Torrance, California","Mar 2026","2026-05-18 10:10:31 EDT",138472,1,"Individual Agencies"
"Murders",1,0,"Undefined",2026-03-01,"Torrance, California","Mar 2026","2026-05-18 10:10:31 EDT",138472,1,"Individual Agencies"
"Property Crimes",804,1025,"-21.5609756097561",2026-03-01,"Torrance, California","Mar 2026","2026-05-18 10:10:31 EDT",138472,1,"Individual Agencies"
"Rapes",7,10,"-30",2026-03-01,"Torrance, California","Mar 2026","2026-05-18 10:10:31 EDT",138472,1,"Individual Agencies"
"Robberies",31,30,"3.33333333333333",2026-03-01,"Torrance, California","Mar 2026","2026-05-18 10:10:31 EDT",138472,1,"Individual Agencies"
"Thefts",587,696,"-15.6609195402299",2026-03-01,"Torrance, California","Mar 2026","2026-05-18 10:10:31 EDT",138472,1,"Individual Agencies"
"Violent Crimes",93,103,"-9.70873786407767",2026-03-01,"Torrance, California","Mar 2026","2026-05-18 10:10:31 EDT",138472,1,"Individual Agencies"
"Aggravated Assaults",38,25,"52",2026-03-01,"Tracy, California","Mar 2026","2026-05-18 10:10:31 EDT",99347,1,"Individual Agencies"
"Burglaries",29,39,"-25.6410256410256",2026-03-01,"Tracy, California","Mar 2026","2026-05-18 10:10:31 EDT",99347,1,"Individual Agencies"
"Motor Vehicle Thefts",45,74,"-39.1891891891892",2026-03-01,"Tracy, California","Mar 2026","2026-05-18 10:10:31 EDT",99347,1,"Individual Agencies"
"Murders",0,0,"0",2026-03-01,"Tracy, California","Mar 2026","2026-05-18 10:10:31 EDT",99347,1,"Individual Agencies"
"Property Crimes",336,363,"-7.43801652892562",2026-03-01,"Tracy, California","Mar 2026","2026-05-18 10:10:31 EDT",99347,1,"Individual Agencies"
"Rapes",1,14,"-92.8571428571429",2026-03-01,"Tracy, California","Mar 2026","2026-05-18 10:10:31 EDT",99347,1,"Individual Agencies"
"Robberies",16,12,"33.3333333333333",2026-03-01,"Tracy, California","Mar 2026","2026-05-18 10:10:31 EDT",99347,1,"Individual Agencies"
"Thefts",262,250,"4.8",2026-03-01,"Tracy, California","Mar 2026","2026-05-18 10:10:31 EDT",99347,1,"Individual Agencies"
"Violent Crimes",55,51,"7.84313725490196",2026-03-01,"Tracy, California","Mar 2026","2026-05-18 10:10:31 EDT",99347,1,"Individual Agencies"
"Aggravated Assaults",129,144,"-10.4166666666667",2026-03-01,"Travis County, Texas","Mar 2026","2026-05-18 10:10:31 EDT",277111,1,"Individual Agencies"
"Burglaries",175,167,"4.79041916167665",2026-03-01,"Travis County, Texas","Mar 2026","2026-05-18 10:10:31 EDT",277111,1,"Individual Agencies"
"Motor Vehicle Thefts",133,160,"-16.875",2026-03-01,"Travis County, Texas","Mar 2026","2026-05-18 10:10:31 EDT",277111,1,"Individual Agencies"
"Murders",3,1,"200",2026-03-01,"Travis County, Texas","Mar 2026","2026-05-18 10:10:31 EDT",277111,1,"Individual Agencies"
"Property Crimes",840,902,"-6.87361419068736",2026-03-01,"Travis County, Texas","Mar 2026","2026-05-18 10:10:31 EDT",277111,1,"Individual Agencies"
"Rapes",34,20,"70",2026-03-01,"Travis County, Texas","Mar 2026","2026-05-18 10:10:31 EDT",277111,1,"Individual Agencies"
"Robberies",6,22,"-72.7272727272727",2026-03-01,"Travis County, Texas","Mar 2026","2026-05-18 10:10:31 EDT",277111,1,"Individual Agencies"
"Thefts",532,575,"-7.47826086956522",2026-03-01,"Travis County, Texas","Mar 2026","2026-05-18 10:10:31 EDT",277111,1,"Individual Agencies"
"Violent Crimes",172,187,"-8.02139037433155",2026-03-01,"Travis County, Texas","Mar 2026","2026-05-18 10:10:31 EDT",277111,1,"Individual Agencies"
"Aggravated Assaults",23,18,"27.7777777777778",2026-03-01,"Troy, Michigan","Mar 2026","2026-05-18 10:10:31 EDT",87265,1,"Individual Agencies"
"Burglaries",11,13,"-15.3846153846154",2026-03-01,"Troy, Michigan","Mar 2026","2026-05-18 10:10:31 EDT",87265,1,"Individual Agencies"
"Motor Vehicle Thefts",9,12,"-25",2026-03-01,"Troy, Michigan","Mar 2026","2026-05-18 10:10:31 EDT",87265,1,"Individual Agencies"
"Murders",0,1,"-100",2026-03-01,"Troy, Michigan","Mar 2026","2026-05-18 10:10:31 EDT",87265,1,"Individual Agencies"
"Property Crimes",204,190,"7.36842105263158",2026-03-01,"Troy, Michigan","Mar 2026","2026-05-18 10:10:31 EDT",87265,1,"Individual Agencies"
"Rapes",3,2,"50",2026-03-01,"Troy, Michigan","Mar 2026","2026-05-18 10:10:31 EDT",87265,1,"Individual Agencies"
"Robberies",0,1,"-100",2026-03-01,"Troy, Michigan","Mar 2026","2026-05-18 10:10:31 EDT",87265,1,"Individual Agencies"
"Thefts",184,165,"11.5151515151515",2026-03-01,"Troy, Michigan","Mar 2026","2026-05-18 10:10:31 EDT",87265,1,"Individual Agencies"
"Violent Crimes",26,22,"18.1818181818182",2026-03-01,"Troy, Michigan","Mar 2026","2026-05-18 10:10:31 EDT",87265,1,"Individual Agencies"
"Aggravated Assaults",470,507,"-7.29783037475345",2026-03-01,"Tucson, Arizona","Mar 2026","2026-05-18 10:10:31 EDT",548544,1,"Individual Agencies"
"Burglaries",129,453,"-71.523178807947",2026-03-01,"Tucson, Arizona","Mar 2026","2026-05-18 10:10:31 EDT",548544,1,"Individual Agencies"
"Motor Vehicle Thefts",181,528,"-65.719696969697",2026-03-01,"Tucson, Arizona","Mar 2026","2026-05-18 10:10:31 EDT",548544,1,"Individual Agencies"
"Murders",6,14,"-57.1428571428571",2026-03-01,"Tucson, Arizona","Mar 2026","2026-05-18 10:10:31 EDT",548544,1,"Individual Agencies"
"Property Crimes",2984,3936,"-24.1869918699187",2026-03-01,"Tucson, Arizona","Mar 2026","2026-05-18 10:10:31 EDT",548544,1,"Individual Agencies"
"Rapes",51,70,"-27.1428571428571",2026-03-01,"Tucson, Arizona","Mar 2026","2026-05-18 10:10:31 EDT",548544,1,"Individual Agencies"
"Robberies",93,141,"-34.0425531914894",2026-03-01,"Tucson, Arizona","Mar 2026","2026-05-18 10:10:31 EDT",548544,1,"Individual Agencies"
"Thefts",2674,2955,"-9.5093062605753",2026-03-01,"Tucson, Arizona","Mar 2026","2026-05-18 10:10:31 EDT",548544,1,"Individual Agencies"
"Violent Crimes",620,732,"-15.3005464480874",2026-03-01,"Tucson, Arizona","Mar 2026","2026-05-18 10:10:31 EDT",548544,1,"Individual Agencies"
"Aggravated Assaults",41,65,"-36.9230769230769",2026-02-01,"Tulare County, California","Feb 2026","2026-05-18 10:10:31 EDT",135511,1,"Individual Agencies"
"Burglaries",50,46,"8.69565217391304",2026-02-01,"Tulare County, California","Feb 2026","2026-05-18 10:10:31 EDT",135511,1,"Individual Agencies"
"Motor Vehicle Thefts",14,24,"-41.6666666666667",2026-02-01,"Tulare County, California","Feb 2026","2026-05-18 10:10:31 EDT",135511,1,"Individual Agencies"
"Murders",1,0,"Undefined",2026-02-01,"Tulare County, California","Feb 2026","2026-05-18 10:10:31 EDT",135511,1,"Individual Agencies"
"Rapes",6,4,"50",2026-02-01,"Tulare County, California","Feb 2026","2026-05-18 10:10:31 EDT",135511,1,"Individual Agencies"
"Robberies",5,12,"-58.3333333333333",2026-02-01,"Tulare County, California","Feb 2026","2026-05-18 10:10:31 EDT",135511,1,"Individual Agencies"
"Thefts",191,213,"-10.3286384976526",2026-02-01,"Tulare County, California","Feb 2026","2026-05-18 10:10:31 EDT",135511,1,"Individual Agencies"
"Aggravated Assaults",59,51,"15.6862745098039",2026-03-01,"Tulare, California","Mar 2026","2026-05-18 10:10:31 EDT",71428,1,"Individual Agencies"
"Burglaries",46,73,"-36.986301369863",2026-03-01,"Tulare, California","Mar 2026","2026-05-18 10:10:31 EDT",71428,1,"Individual Agencies"
"Motor Vehicle Thefts",63,54,"16.6666666666667",2026-03-01,"Tulare, California","Mar 2026","2026-05-18 10:10:31 EDT",71428,1,"Individual Agencies"
"Murders",0,1,"-100",2026-03-01,"Tulare, California","Mar 2026","2026-05-18 10:10:31 EDT",71428,1,"Individual Agencies"
"Property Crimes",254,317,"-19.8738170347003",2026-03-01,"Tulare, California","Mar 2026","2026-05-18 10:10:31 EDT",71428,1,"Individual Agencies"
"Rapes",12,14,"-14.2857142857143",2026-03-01,"Tulare, California","Mar 2026","2026-05-18 10:10:31 EDT",71428,1,"Individual Agencies"
"Robberies",8,13,"-38.4615384615385",2026-03-01,"Tulare, California","Mar 2026","2026-05-18 10:10:31 EDT",71428,1,"Individual Agencies"
"Thefts",145,190,"-23.6842105263158",2026-03-01,"Tulare, California","Mar 2026","2026-05-18 10:10:31 EDT",71428,1,"Individual Agencies"
"Violent Crimes",79,79,"0",2026-03-01,"Tulare, California","Mar 2026","2026-05-18 10:10:31 EDT",71428,1,"Individual Agencies"
"Aggravated Assaults",614,585,"4.95726495726496",2026-03-01,"Tulsa, Oklahoma","Mar 2026","2026-05-18 10:10:31 EDT",411002,1,"Individual Agencies"
"Burglaries",491,644,"-23.7577639751553",2026-03-01,"Tulsa, Oklahoma","Mar 2026","2026-05-18 10:10:31 EDT",411002,1,"Individual Agencies"
"Motor Vehicle Thefts",303,337,"-10.0890207715134",2026-03-01,"Tulsa, Oklahoma","Mar 2026","2026-05-18 10:10:31 EDT",411002,1,"Individual Agencies"
"Murders",7,8,"-12.5",2026-03-01,"Tulsa, Oklahoma","Mar 2026","2026-05-18 10:10:31 EDT",411002,1,"Individual Agencies"
"Property Crimes",2966,3354,"-11.5682766845558",2026-03-01,"Tulsa, Oklahoma","Mar 2026","2026-05-18 10:10:31 EDT",411002,1,"Individual Agencies"
"Rapes",90,96,"-6.25",2026-03-01,"Tulsa, Oklahoma","Mar 2026","2026-05-18 10:10:31 EDT",411002,1,"Individual Agencies"
"Robberies",107,83,"28.9156626506024",2026-03-01,"Tulsa, Oklahoma","Mar 2026","2026-05-18 10:10:31 EDT",411002,1,"Individual Agencies"
"Thefts",2172,2373,"-8.47029077117573",2026-03-01,"Tulsa, Oklahoma","Mar 2026","2026-05-18 10:10:31 EDT",411002,1,"Individual Agencies"
"Violent Crimes",818,772,"5.95854922279793",2026-03-01,"Tulsa, Oklahoma","Mar 2026","2026-05-18 10:10:31 EDT",411002,1,"Individual Agencies"
"Aggravated Assaults",22,13,"69.2307692307692",2026-02-01,"Tustin, California","Feb 2026","2026-05-18 10:10:31 EDT",77690,1,"Individual Agencies"
"Burglaries",17,19,"-10.5263157894737",2026-02-01,"Tustin, California","Feb 2026","2026-05-18 10:10:31 EDT",77690,1,"Individual Agencies"
"Motor Vehicle Thefts",14,20,"-30",2026-02-01,"Tustin, California","Feb 2026","2026-05-18 10:10:31 EDT",77690,1,"Individual Agencies"
"Murders",0,1,"-100",2026-02-01,"Tustin, California","Feb 2026","2026-05-18 10:10:31 EDT",77690,1,"Individual Agencies"
"Rapes",3,4,"-25",2026-02-01,"Tustin, California","Feb 2026","2026-05-18 10:10:31 EDT",77690,1,"Individual Agencies"
"Robberies",3,6,"-50",2026-02-01,"Tustin, California","Feb 2026","2026-05-18 10:10:31 EDT",77690,1,"Individual Agencies"
"Thefts",122,233,"-47.6394849785408",2026-02-01,"Tustin, California","Feb 2026","2026-05-18 10:10:31 EDT",77690,1,"Individual Agencies"
"Aggravated Assaults",60,39,"53.8461538461538",2026-03-01,"Twin Falls, Idaho","Mar 2026","2026-05-18 10:10:31 EDT",55447,1,"Individual Agencies"
"Burglaries",11,15,"-26.6666666666667",2026-03-01,"Twin Falls, Idaho","Mar 2026","2026-05-18 10:10:31 EDT",55447,1,"Individual Agencies"
"Motor Vehicle Thefts",7,11,"-36.3636363636364",2026-03-01,"Twin Falls, Idaho","Mar 2026","2026-05-18 10:10:31 EDT",55447,1,"Individual Agencies"
"Murders",1,0,"Undefined",2026-03-01,"Twin Falls, Idaho","Mar 2026","2026-05-18 10:10:31 EDT",55447,1,"Individual Agencies"
"Property Crimes",137,159,"-13.8364779874214",2026-03-01,"Twin Falls, Idaho","Mar 2026","2026-05-18 10:10:31 EDT",55447,1,"Individual Agencies"
"Rapes",6,6,"0",2026-03-01,"Twin Falls, Idaho","Mar 2026","2026-05-18 10:10:31 EDT",55447,1,"Individual Agencies"
"Robberies",1,0,"Undefined",2026-03-01,"Twin Falls, Idaho","Mar 2026","2026-05-18 10:10:31 EDT",55447,1,"Individual Agencies"
"Thefts",119,133,"-10.5263157894737",2026-03-01,"Twin Falls, Idaho","Mar 2026","2026-05-18 10:10:31 EDT",55447,1,"Individual Agencies"
"Violent Crimes",68,45,"51.1111111111111",2026-03-01,"Twin Falls, Idaho","Mar 2026","2026-05-18 10:10:31 EDT",55447,1,"Individual Agencies"
"Aggravated Assaults",69,74,"-6.75675675675676",2026-03-01,"Tyler, Texas","Mar 2026","2026-05-18 10:10:31 EDT",110824,1,"Individual Agencies"
"Burglaries",34,55,"-38.1818181818182",2026-03-01,"Tyler, Texas","Mar 2026","2026-05-18 10:10:31 EDT",110824,1,"Individual Agencies"
"Motor Vehicle Thefts",18,34,"-47.0588235294118",2026-03-01,"Tyler, Texas","Mar 2026","2026-05-18 10:10:31 EDT",110824,1,"Individual Agencies"
"Murders",1,1,"0",2026-03-01,"Tyler, Texas","Mar 2026","2026-05-18 10:10:31 EDT",110824,1,"Individual Agencies"
"Property Crimes",412,493,"-16.4300202839757",2026-03-01,"Tyler, Texas","Mar 2026","2026-05-18 10:10:31 EDT",110824,1,"Individual Agencies"
"Rapes",18,28,"-35.7142857142857",2026-03-01,"Tyler, Texas","Mar 2026","2026-05-18 10:10:31 EDT",110824,1,"Individual Agencies"
"Robberies",3,7,"-57.1428571428571",2026-03-01,"Tyler, Texas","Mar 2026","2026-05-18 10:10:31 EDT",110824,1,"Individual Agencies"
"Thefts",360,404,"-10.8910891089109",2026-03-01,"Tyler, Texas","Mar 2026","2026-05-18 10:10:31 EDT",110824,1,"Individual Agencies"
"Violent Crimes",91,110,"-17.2727272727273",2026-03-01,"Tyler, Texas","Mar 2026","2026-05-18 10:10:31 EDT",110824,1,"Individual Agencies"
"Aggravated Assaults",13,21,"-38.0952380952381",2026-02-01,"Union County, North Carolina","Feb 2026","2026-05-18 10:10:31 EDT",170556,1,"Individual Agencies"
"Burglaries",35,31,"12.9032258064516",2026-02-01,"Union County, North Carolina","Feb 2026","2026-05-18 10:10:31 EDT",170556,1,"Individual Agencies"
"Motor Vehicle Thefts",9,14,"-35.7142857142857",2026-02-01,"Union County, North Carolina","Feb 2026","2026-05-18 10:10:31 EDT",170556,1,"Individual Agencies"
"Murders",0,0,"0",2026-02-01,"Union County, North Carolina","Feb 2026","2026-05-18 10:10:31 EDT",170556,1,"Individual Agencies"
"Rapes",8,8,"0",2026-02-01,"Union County, North Carolina","Feb 2026","2026-05-18 10:10:31 EDT",170556,1,"Individual Agencies"
"Robberies",4,1,"300",2026-02-01,"Union County, North Carolina","Feb 2026","2026-05-18 10:10:31 EDT",170556,1,"Individual Agencies"
"Thefts",119,119,"0",2026-02-01,"Union County, North Carolina","Feb 2026","2026-05-18 10:10:31 EDT",170556,1,"Individual Agencies"
"Aggravated Assaults",22,17,"29.4117647058824",2026-03-01,"Upper Darby, Pennsylvania","Mar 2026","2026-05-18 10:10:31 EDT",84468,1,"Individual Agencies"
"Burglaries",8,22,"-63.6363636363636",2026-03-01,"Upper Darby, Pennsylvania","Mar 2026","2026-05-18 10:10:31 EDT",84468,1,"Individual Agencies"
"Motor Vehicle Thefts",53,46,"15.2173913043478",2026-03-01,"Upper Darby, Pennsylvania","Mar 2026","2026-05-18 10:10:31 EDT",84468,1,"Individual Agencies"
"Murders",0,1,"-100",2026-03-01,"Upper Darby, Pennsylvania","Mar 2026","2026-05-18 10:10:31 EDT",84468,1,"Individual Agencies"
"Property Crimes",309,679,"-54.4918998527246",2026-03-01,"Upper Darby, Pennsylvania","Mar 2026","2026-05-18 10:10:31 EDT",84468,1,"Individual Agencies"
"Rapes",1,1,"0",2026-03-01,"Upper Darby, Pennsylvania","Mar 2026","2026-05-18 10:10:31 EDT",84468,1,"Individual Agencies"
"Robberies",22,24,"-8.33333333333333",2026-03-01,"Upper Darby, Pennsylvania","Mar 2026","2026-05-18 10:10:31 EDT",84468,1,"Individual Agencies"
"Thefts",248,611,"-59.4108019639935",2026-03-01,"Upper Darby, Pennsylvania","Mar 2026","2026-05-18 10:10:31 EDT",84468,1,"Individual Agencies"
"Violent Crimes",45,43,"4.65116279069767",2026-03-01,"Upper Darby, Pennsylvania","Mar 2026","2026-05-18 10:10:31 EDT",84468,1,"Individual Agencies"
"Aggravated Assaults",25,37,"-32.4324324324324",2026-03-01,"Utica, New York","Mar 2026","2026-05-18 10:10:31 EDT",63548,1,"Individual Agencies"
"Burglaries",28,38,"-26.3157894736842",2026-03-01,"Utica, New York","Mar 2026","2026-05-18 10:10:31 EDT",63548,1,"Individual Agencies"
"Motor Vehicle Thefts",6,21,"-71.4285714285714",2026-03-01,"Utica, New York","Mar 2026","2026-05-18 10:10:31 EDT",63548,1,"Individual Agencies"
"Murders",0,0,"0",2026-03-01,"Utica, New York","Mar 2026","2026-05-18 10:10:31 EDT",63548,1,"Individual Agencies"
"Property Crimes",297,424,"-29.9528301886792",2026-03-01,"Utica, New York","Mar 2026","2026-05-18 10:10:31 EDT",63548,1,"Individual Agencies"
"Rapes",5,9,"-44.4444444444444",2026-03-01,"Utica, New York","Mar 2026","2026-05-18 10:10:31 EDT",63548,1,"Individual Agencies"
"Robberies",10,4,"150",2026-03-01,"Utica, New York","Mar 2026","2026-05-18 10:10:31 EDT",63548,1,"Individual Agencies"
"Thefts",263,365,"-27.9452054794521",2026-03-01,"Utica, New York","Mar 2026","2026-05-18 10:10:31 EDT",63548,1,"Individual Agencies"
"Violent Crimes",40,50,"-20",2026-03-01,"Utica, New York","Mar 2026","2026-05-18 10:10:31 EDT",63548,1,"Individual Agencies"
"Aggravated Assaults",24,26,"-7.69230769230769",2026-02-01,"Vacaville, California","Feb 2026","2026-05-18 10:10:31 EDT",101975,1,"Individual Agencies"
"Burglaries",25,38,"-34.2105263157895",2026-02-01,"Vacaville, California","Feb 2026","2026-05-18 10:10:31 EDT",101975,1,"Individual Agencies"
"Motor Vehicle Thefts",11,9,"22.2222222222222",2026-02-01,"Vacaville, California","Feb 2026","2026-05-18 10:10:31 EDT",101975,1,"Individual Agencies"
"Murders",1,0,"Undefined",2026-02-01,"Vacaville, California","Feb 2026","2026-05-18 10:10:31 EDT",101975,1,"Individual Agencies"
"Rapes",4,5,"-20",2026-02-01,"Vacaville, California","Feb 2026","2026-05-18 10:10:31 EDT",101975,1,"Individual Agencies"
"Robberies",3,8,"-62.5",2026-02-01,"Vacaville, California","Feb 2026","2026-05-18 10:10:31 EDT",101975,1,"Individual Agencies"
"Thefts",196,214,"-8.41121495327103",2026-02-01,"Vacaville, California","Feb 2026","2026-05-18 10:10:31 EDT",101975,1,"Individual Agencies"
"Aggravated Assaults",137,115,"19.1304347826087",2026-03-01,"Vallejo, California","Mar 2026","2026-05-18 10:10:31 EDT",122419,1,"Individual Agencies"
"Burglaries",114,165,"-30.9090909090909",2026-03-01,"Vallejo, California","Mar 2026","2026-05-18 10:10:31 EDT",122419,1,"Individual Agencies"
"Motor Vehicle Thefts",179,169,"5.91715976331361",2026-03-01,"Vallejo, California","Mar 2026","2026-05-18 10:10:31 EDT",122419,1,"Individual Agencies"
"Murders",1,2,"-50",2026-03-01,"Vallejo, California","Mar 2026","2026-05-18 10:10:31 EDT",122419,1,"Individual Agencies"
"Property Crimes",750,999,"-24.9249249249249",2026-03-01,"Vallejo, California","Mar 2026","2026-05-18 10:10:31 EDT",122419,1,"Individual Agencies"
"Rapes",13,14,"-7.14285714285714",2026-03-01,"Vallejo, California","Mar 2026","2026-05-18 10:10:31 EDT",122419,1,"Individual Agencies"
"Robberies",42,87,"-51.7241379310345",2026-03-01,"Vallejo, California","Mar 2026","2026-05-18 10:10:31 EDT",122419,1,"Individual Agencies"
"Thefts",457,665,"-31.2781954887218",2026-03-01,"Vallejo, California","Mar 2026","2026-05-18 10:10:31 EDT",122419,1,"Individual Agencies"
"Violent Crimes",193,218,"-11.4678899082569",2026-03-01,"Vallejo, California","Mar 2026","2026-05-18 10:10:31 EDT",122419,1,"Individual Agencies"
"Aggravated Assaults",67,64,"4.6875",2026-03-01,"Ventura, California","Mar 2026","2026-05-18 10:10:31 EDT",109035,1,"Individual Agencies"
"Burglaries",41,57,"-28.0701754385965",2026-03-01,"Ventura, California","Mar 2026","2026-05-18 10:10:31 EDT",109035,1,"Individual Agencies"
"Motor Vehicle Thefts",32,36,"-11.1111111111111",2026-03-01,"Ventura, California","Mar 2026","2026-05-18 10:10:31 EDT",109035,1,"Individual Agencies"
"Murders",0,0,"0",2026-03-01,"Ventura, California","Mar 2026","2026-05-18 10:10:31 EDT",109035,1,"Individual Agencies"
"Property Crimes",425,485,"-12.3711340206186",2026-03-01,"Ventura, California","Mar 2026","2026-05-18 10:10:31 EDT",109035,1,"Individual Agencies"
"Rapes",9,16,"-43.75",2026-03-01,"Ventura, California","Mar 2026","2026-05-18 10:10:31 EDT",109035,1,"Individual Agencies"
"Robberies",11,21,"-47.6190476190476",2026-03-01,"Ventura, California","Mar 2026","2026-05-18 10:10:31 EDT",109035,1,"Individual Agencies"
"Thefts",352,392,"-10.2040816326531",2026-03-01,"Ventura, California","Mar 2026","2026-05-18 10:10:31 EDT",109035,1,"Individual Agencies"
"Violent Crimes",87,101,"-13.8613861386139",2026-03-01,"Ventura, California","Mar 2026","2026-05-18 10:10:31 EDT",109035,1,"Individual Agencies"
"Aggravated Assaults",51,44,"15.9090909090909",2026-03-01,"Victoria, Texas","Mar 2026","2026-05-18 10:10:31 EDT",65298,1,"Individual Agencies"
"Burglaries",37,62,"-40.3225806451613",2026-03-01,"Victoria, Texas","Mar 2026","2026-05-18 10:10:31 EDT",65298,1,"Individual Agencies"
"Motor Vehicle Thefts",24,15,"60",2026-03-01,"Victoria, Texas","Mar 2026","2026-05-18 10:10:31 EDT",65298,1,"Individual Agencies"
"Murders",1,0,"Undefined",2026-03-01,"Victoria, Texas","Mar 2026","2026-05-18 10:10:31 EDT",65298,1,"Individual Agencies"
"Property Crimes",282,304,"-7.23684210526316",2026-03-01,"Victoria, Texas","Mar 2026","2026-05-18 10:10:31 EDT",65298,1,"Individual Agencies"
"Rapes",4,7,"-42.8571428571429",2026-03-01,"Victoria, Texas","Mar 2026","2026-05-18 10:10:31 EDT",65298,1,"Individual Agencies"
"Robberies",5,7,"-28.5714285714286",2026-03-01,"Victoria, Texas","Mar 2026","2026-05-18 10:10:31 EDT",65298,1,"Individual Agencies"
"Thefts",221,227,"-2.6431718061674",2026-03-01,"Victoria, Texas","Mar 2026","2026-05-18 10:10:31 EDT",65298,1,"Individual Agencies"
"Violent Crimes",61,58,"5.17241379310345",2026-03-01,"Victoria, Texas","Mar 2026","2026-05-18 10:10:31 EDT",65298,1,"Individual Agencies"
"Aggravated Assaults",21,13,"61.5384615384615",2026-01-01,"Virginia Beach, Virginia","Jan 2026","2026-05-18 10:10:31 EDT",453991,1,"Individual Agencies"
"Burglaries",20,37,"-45.945945945946",2026-01-01,"Virginia Beach, Virginia","Jan 2026","2026-05-18 10:10:31 EDT",453991,1,"Individual Agencies"
"Motor Vehicle Thefts",22,37,"-40.5405405405405",2026-01-01,"Virginia Beach, Virginia","Jan 2026","2026-05-18 10:10:31 EDT",453991,1,"Individual Agencies"
"Murders",1,1,"0",2026-01-01,"Virginia Beach, Virginia","Jan 2026","2026-05-18 10:10:31 EDT",453991,1,"Individual Agencies"
"Rapes",5,3,"66.6666666666667",2026-01-01,"Virginia Beach, Virginia","Jan 2026","2026-05-18 10:10:31 EDT",453991,1,"Individual Agencies"
"Robberies",9,10,"-10",2026-01-01,"Virginia Beach, Virginia","Jan 2026","2026-05-18 10:10:31 EDT",453991,1,"Individual Agencies"
"Thefts",391,469,"-16.6311300639659",2026-01-01,"Virginia Beach, Virginia","Jan 2026","2026-05-18 10:10:31 EDT",453991,1,"Individual Agencies"
"Aggravated Assaults",74,106,"-30.188679245283",2026-03-01,"Visalia, California","Mar 2026","2026-05-18 10:10:31 EDT",145031,1,"Individual Agencies"
"Burglaries",52,73,"-28.7671232876712",2026-03-01,"Visalia, California","Mar 2026","2026-05-18 10:10:31 EDT",145031,1,"Individual Agencies"
"Motor Vehicle Thefts",64,80,"-20",2026-03-01,"Visalia, California","Mar 2026","2026-05-18 10:10:31 EDT",145031,1,"Individual Agencies"
"Murders",1,1,"0",2026-03-01,"Visalia, California","Mar 2026","2026-05-18 10:10:31 EDT",145031,1,"Individual Agencies"
"Property Crimes",535,697,"-23.2424677187948",2026-03-01,"Visalia, California","Mar 2026","2026-05-18 10:10:31 EDT",145031,1,"Individual Agencies"
"Rapes",25,23,"8.69565217391304",2026-03-01,"Visalia, California","Mar 2026","2026-05-18 10:10:31 EDT",145031,1,"Individual Agencies"
"Robberies",12,39,"-69.2307692307692",2026-03-01,"Visalia, California","Mar 2026","2026-05-18 10:10:31 EDT",145031,1,"Individual Agencies"
"Thefts",419,544,"-22.9779411764706",2026-03-01,"Visalia, California","Mar 2026","2026-05-18 10:10:31 EDT",145031,1,"Individual Agencies"
"Violent Crimes",112,169,"-33.7278106508876",2026-03-01,"Visalia, California","Mar 2026","2026-05-18 10:10:31 EDT",145031,1,"Individual Agencies"
"Aggravated Assaults",97,92,"5.43478260869565",2026-03-01,"Waco, Texas","Mar 2026","2026-05-18 10:10:31 EDT",145741,1,"Individual Agencies"
"Burglaries",77,115,"-33.0434782608696",2026-03-01,"Waco, Texas","Mar 2026","2026-05-18 10:10:31 EDT",145741,1,"Individual Agencies"
"Motor Vehicle Thefts",43,55,"-21.8181818181818",2026-03-01,"Waco, Texas","Mar 2026","2026-05-18 10:10:31 EDT",145741,1,"Individual Agencies"
"Murders",1,2,"-50",2026-03-01,"Waco, Texas","Mar 2026","2026-05-18 10:10:31 EDT",145741,1,"Individual Agencies"
"Property Crimes",592,674,"-12.1661721068249",2026-03-01,"Waco, Texas","Mar 2026","2026-05-18 10:10:31 EDT",145741,1,"Individual Agencies"
"Rapes",30,26,"15.3846153846154",2026-03-01,"Waco, Texas","Mar 2026","2026-05-18 10:10:31 EDT",145741,1,"Individual Agencies"
"Robberies",10,15,"-33.3333333333333",2026-03-01,"Waco, Texas","Mar 2026","2026-05-18 10:10:31 EDT",145741,1,"Individual Agencies"
"Thefts",472,504,"-6.34920634920635",2026-03-01,"Waco, Texas","Mar 2026","2026-05-18 10:10:31 EDT",145741,1,"Individual Agencies"
"Violent Crimes",138,135,"2.22222222222222",2026-03-01,"Waco, Texas","Mar 2026","2026-05-18 10:10:31 EDT",145741,1,"Individual Agencies"
"Aggravated Assaults",38,43,"-11.6279069767442",2026-03-01,"Wake County, North Carolina","Mar 2026","2026-05-18 10:10:31 EDT",198748,1,"Individual Agencies"
"Burglaries",72,40,"80",2026-03-01,"Wake County, North Carolina","Mar 2026","2026-05-18 10:10:31 EDT",198748,1,"Individual Agencies"
"Motor Vehicle Thefts",39,49,"-20.4081632653061",2026-03-01,"Wake County, North Carolina","Mar 2026","2026-05-18 10:10:31 EDT",198748,1,"Individual Agencies"
"Murders",4,1,"300",2026-03-01,"Wake County, North Carolina","Mar 2026","2026-05-18 10:10:31 EDT",198748,1,"Individual Agencies"
"Property Crimes",227,218,"4.12844036697248",2026-03-01,"Wake County, North Carolina","Mar 2026","2026-05-18 10:10:31 EDT",198748,1,"Individual Agencies"
"Rapes",4,7,"-42.8571428571429",2026-03-01,"Wake County, North Carolina","Mar 2026","2026-05-18 10:10:31 EDT",198748,1,"Individual Agencies"
"Robberies",6,5,"20",2026-03-01,"Wake County, North Carolina","Mar 2026","2026-05-18 10:10:31 EDT",198748,1,"Individual Agencies"
"Thefts",116,129,"-10.077519379845",2026-03-01,"Wake County, North Carolina","Mar 2026","2026-05-18 10:10:31 EDT",198748,1,"Individual Agencies"
"Violent Crimes",52,56,"-7.14285714285714",2026-03-01,"Wake County, North Carolina","Mar 2026","2026-05-18 10:10:31 EDT",198748,1,"Individual Agencies"
"Aggravated Assaults",10,7,"42.8571428571429",2026-03-01,"Wake Forest, North Carolina","Mar 2026","2026-05-18 10:10:31 EDT",52609,1,"Individual Agencies"
"Burglaries",5,12,"-58.3333333333333",2026-03-01,"Wake Forest, North Carolina","Mar 2026","2026-05-18 10:10:31 EDT",52609,1,"Individual Agencies"
"Motor Vehicle Thefts",4,11,"-63.6363636363636",2026-03-01,"Wake Forest, North Carolina","Mar 2026","2026-05-18 10:10:31 EDT",52609,1,"Individual Agencies"
"Murders",0,0,"0",2026-03-01,"Wake Forest, North Carolina","Mar 2026","2026-05-18 10:10:31 EDT",52609,1,"Individual Agencies"
"Property Crimes",119,185,"-35.6756756756757",2026-03-01,"Wake Forest, North Carolina","Mar 2026","2026-05-18 10:10:31 EDT",52609,1,"Individual Agencies"
"Rapes",3,2,"50",2026-03-01,"Wake Forest, North Carolina","Mar 2026","2026-05-18 10:10:31 EDT",52609,1,"Individual Agencies"
"Robberies",2,2,"0",2026-03-01,"Wake Forest, North Carolina","Mar 2026","2026-05-18 10:10:31 EDT",52609,1,"Individual Agencies"
"Thefts",110,162,"-32.0987654320988",2026-03-01,"Wake Forest, North Carolina","Mar 2026","2026-05-18 10:10:31 EDT",52609,1,"Individual Agencies"
"Violent Crimes",15,11,"36.3636363636364",2026-03-01,"Wake Forest, North Carolina","Mar 2026","2026-05-18 10:10:31 EDT",52609,1,"Individual Agencies"
"Aggravated Assaults",19,19,"0",2026-02-01,"Walnut Creek, California","Feb 2026","2026-05-18 10:10:31 EDT",68441,1,"Individual Agencies"
"Burglaries",29,49,"-40.8163265306122",2026-02-01,"Walnut Creek, California","Feb 2026","2026-05-18 10:10:31 EDT",68441,1,"Individual Agencies"
"Motor Vehicle Thefts",4,28,"-85.7142857142857",2026-02-01,"Walnut Creek, California","Feb 2026","2026-05-18 10:10:31 EDT",68441,1,"Individual Agencies"
"Murders",0,0,"0",2026-02-01,"Walnut Creek, California","Feb 2026","2026-05-18 10:10:31 EDT",68441,1,"Individual Agencies"
"Rapes",2,1,"100",2026-02-01,"Walnut Creek, California","Feb 2026","2026-05-18 10:10:31 EDT",68441,1,"Individual Agencies"
"Robberies",6,13,"-53.8461538461538",2026-02-01,"Walnut Creek, California","Feb 2026","2026-05-18 10:10:31 EDT",68441,1,"Individual Agencies"
"Thefts",188,244,"-22.9508196721311",2026-02-01,"Walnut Creek, California","Feb 2026","2026-05-18 10:10:31 EDT",68441,1,"Individual Agencies"
"Aggravated Assaults",21,26,"-19.2307692307692",2026-03-01,"Waltham, Massachusetts","Mar 2026","2026-05-18 10:10:31 EDT",63797,1,"Individual Agencies"
"Burglaries",12,10,"20",2026-03-01,"Waltham, Massachusetts","Mar 2026","2026-05-18 10:10:31 EDT",63797,1,"Individual Agencies"
"Motor Vehicle Thefts",4,3,"33.3333333333333",2026-03-01,"Waltham, Massachusetts","Mar 2026","2026-05-18 10:10:31 EDT",63797,1,"Individual Agencies"
"Murders",0,0,"0",2026-03-01,"Waltham, Massachusetts","Mar 2026","2026-05-18 10:10:31 EDT",63797,1,"Individual Agencies"
"Property Crimes",85,102,"-16.6666666666667",2026-03-01,"Waltham, Massachusetts","Mar 2026","2026-05-18 10:10:31 EDT",63797,1,"Individual Agencies"
"Rapes",5,3,"66.6666666666667",2026-03-01,"Waltham, Massachusetts","Mar 2026","2026-05-18 10:10:31 EDT",63797,1,"Individual Agencies"
"Robberies",0,1,"-100",2026-03-01,"Waltham, Massachusetts","Mar 2026","2026-05-18 10:10:31 EDT",63797,1,"Individual Agencies"
"Thefts",69,89,"-22.4719101123595",2026-03-01,"Waltham, Massachusetts","Mar 2026","2026-05-18 10:10:31 EDT",63797,1,"Individual Agencies"
"Violent Crimes",26,30,"-13.3333333333333",2026-03-01,"Waltham, Massachusetts","Mar 2026","2026-05-18 10:10:31 EDT",63797,1,"Individual Agencies"
"Aggravated Assaults",116,57,"103.508771929825",2026-03-01,"Warner Robins, Georgia","Mar 2026","2026-05-18 10:10:31 EDT",82991,1,"Individual Agencies"
"Burglaries",30,41,"-26.8292682926829",2026-03-01,"Warner Robins, Georgia","Mar 2026","2026-05-18 10:10:31 EDT",82991,1,"Individual Agencies"
"Motor Vehicle Thefts",32,41,"-21.9512195121951",2026-03-01,"Warner Robins, Georgia","Mar 2026","2026-05-18 10:10:31 EDT",82991,1,"Individual Agencies"
"Murders",0,4,"-100",2026-03-01,"Warner Robins, Georgia","Mar 2026","2026-05-18 10:10:31 EDT",82991,1,"Individual Agencies"
"Property Crimes",377,428,"-11.9158878504673",2026-03-01,"Warner Robins, Georgia","Mar 2026","2026-05-18 10:10:31 EDT",82991,1,"Individual Agencies"
"Rapes",7,7,"0",2026-03-01,"Warner Robins, Georgia","Mar 2026","2026-05-18 10:10:31 EDT",82991,1,"Individual Agencies"
"Robberies",18,17,"5.88235294117647",2026-03-01,"Warner Robins, Georgia","Mar 2026","2026-05-18 10:10:31 EDT",82991,1,"Individual Agencies"
"Thefts",315,346,"-8.95953757225434",2026-03-01,"Warner Robins, Georgia","Mar 2026","2026-05-18 10:10:31 EDT",82991,1,"Individual Agencies"
"Violent Crimes",141,85,"65.8823529411765",2026-03-01,"Warner Robins, Georgia","Mar 2026","2026-05-18 10:10:31 EDT",82991,1,"Individual Agencies"
"Aggravated Assaults",150,110,"36.3636363636364",2026-03-01,"Warren, Michigan","Mar 2026","2026-05-18 10:10:31 EDT",136121,1,"Individual Agencies"
"Burglaries",39,54,"-27.7777777777778",2026-03-01,"Warren, Michigan","Mar 2026","2026-05-18 10:10:31 EDT",136121,1,"Individual Agencies"
"Motor Vehicle Thefts",70,90,"-22.2222222222222",2026-03-01,"Warren, Michigan","Mar 2026","2026-05-18 10:10:31 EDT",136121,1,"Individual Agencies"
"Murders",0,0,"0",2026-03-01,"Warren, Michigan","Mar 2026","2026-05-18 10:10:31 EDT",136121,1,"Individual Agencies"
"Property Crimes",397,427,"-7.02576112412178",2026-03-01,"Warren, Michigan","Mar 2026","2026-05-18 10:10:31 EDT",136121,1,"Individual Agencies"
"Rapes",27,25,"8",2026-03-01,"Warren, Michigan","Mar 2026","2026-05-18 10:10:31 EDT",136121,1,"Individual Agencies"
"Robberies",8,7,"14.2857142857143",2026-03-01,"Warren, Michigan","Mar 2026","2026-05-18 10:10:31 EDT",136121,1,"Individual Agencies"
"Thefts",288,283,"1.76678445229682",2026-03-01,"Warren, Michigan","Mar 2026","2026-05-18 10:10:31 EDT",136121,1,"Individual Agencies"
"Violent Crimes",185,142,"30.2816901408451",2026-03-01,"Warren, Michigan","Mar 2026","2026-05-18 10:10:31 EDT",136121,1,"Individual Agencies"
"Aggravated Assaults",6,5,"20",2026-03-01,"Warwick, Rhode Island","Mar 2026","2026-05-18 10:10:31 EDT",83369,1,"Individual Agencies"
"Burglaries",5,14,"-64.2857142857143",2026-03-01,"Warwick, Rhode Island","Mar 2026","2026-05-18 10:10:31 EDT",83369,1,"Individual Agencies"
"Motor Vehicle Thefts",9,9,"0",2026-03-01,"Warwick, Rhode Island","Mar 2026","2026-05-18 10:10:31 EDT",83369,1,"Individual Agencies"
"Murders",0,0,"0",2026-03-01,"Warwick, Rhode Island","Mar 2026","2026-05-18 10:10:31 EDT",83369,1,"Individual Agencies"
"Property Crimes",135,181,"-25.414364640884",2026-03-01,"Warwick, Rhode Island","Mar 2026","2026-05-18 10:10:31 EDT",83369,1,"Individual Agencies"
"Rapes",8,3,"166.666666666667",2026-03-01,"Warwick, Rhode Island","Mar 2026","2026-05-18 10:10:31 EDT",83369,1,"Individual Agencies"
"Robberies",1,4,"-75",2026-03-01,"Warwick, Rhode Island","Mar 2026","2026-05-18 10:10:31 EDT",83369,1,"Individual Agencies"
"Thefts",121,158,"-23.4177215189873",2026-03-01,"Warwick, Rhode Island","Mar 2026","2026-05-18 10:10:31 EDT",83369,1,"Individual Agencies"
"Violent Crimes",15,12,"25",2026-03-01,"Warwick, Rhode Island","Mar 2026","2026-05-18 10:10:31 EDT",83369,1,"Individual Agencies"
"Aggravated Assaults",51,31,"64.5161290322581",2026-03-01,"Washington County, Maryland","Mar 2026","2026-05-18 10:10:31 EDT",104179,1,"Individual Agencies"
"Burglaries",13,17,"-23.5294117647059",2026-03-01,"Washington County, Maryland","Mar 2026","2026-05-18 10:10:31 EDT",104179,1,"Individual Agencies"
"Motor Vehicle Thefts",12,17,"-29.4117647058824",2026-03-01,"Washington County, Maryland","Mar 2026","2026-05-18 10:10:31 EDT",104179,1,"Individual Agencies"
"Murders",0,0,"0",2026-03-01,"Washington County, Maryland","Mar 2026","2026-05-18 10:10:31 EDT",104179,1,"Individual Agencies"
"Property Crimes",127,163,"-22.0858895705521",2026-03-01,"Washington County, Maryland","Mar 2026","2026-05-18 10:10:31 EDT",104179,1,"Individual Agencies"
"Rapes",1,2,"-50",2026-03-01,"Washington County, Maryland","Mar 2026","2026-05-18 10:10:31 EDT",104179,1,"Individual Agencies"
"Robberies",0,4,"-100",2026-03-01,"Washington County, Maryland","Mar 2026","2026-05-18 10:10:31 EDT",104179,1,"Individual Agencies"
"Thefts",102,129,"-20.9302325581395",2026-03-01,"Washington County, Maryland","Mar 2026","2026-05-18 10:10:31 EDT",104179,1,"Individual Agencies"
"Violent Crimes",52,37,"40.5405405405405",2026-03-01,"Washington County, Maryland","Mar 2026","2026-05-18 10:10:31 EDT",104179,1,"Individual Agencies"
"Aggravated Assaults",57,80,"-28.75",2026-03-01,"Washington County, Oregon","Mar 2026","2026-05-18 10:10:31 EDT",239309,1,"Individual Agencies"
"Burglaries",44,66,"-33.3333333333333",2026-03-01,"Washington County, Oregon","Mar 2026","2026-05-18 10:10:31 EDT",239309,1,"Individual Agencies"
"Motor Vehicle Thefts",31,80,"-61.25",2026-03-01,"Washington County, Oregon","Mar 2026","2026-05-18 10:10:31 EDT",239309,1,"Individual Agencies"
"Murders",0,0,"0",2026-03-01,"Washington County, Oregon","Mar 2026","2026-05-18 10:10:31 EDT",239309,1,"Individual Agencies"
"Property Crimes",425,570,"-25.4385964912281",2026-03-01,"Washington County, Oregon","Mar 2026","2026-05-18 10:10:31 EDT",239309,1,"Individual Agencies"
"Rapes",22,19,"15.7894736842105",2026-03-01,"Washington County, Oregon","Mar 2026","2026-05-18 10:10:31 EDT",239309,1,"Individual Agencies"
"Robberies",9,14,"-35.7142857142857",2026-03-01,"Washington County, Oregon","Mar 2026","2026-05-18 10:10:31 EDT",239309,1,"Individual Agencies"
"Thefts",350,424,"-17.4528301886792",2026-03-01,"Washington County, Oregon","Mar 2026","2026-05-18 10:10:31 EDT",239309,1,"Individual Agencies"
"Violent Crimes",88,113,"-22.1238938053097",2026-03-01,"Washington County, Oregon","Mar 2026","2026-05-18 10:10:31 EDT",239309,1,"Individual Agencies"
"Burglaries",166,223,"-25.5605381165919",2026-03-01,"Washington, District of Columbia","Mar 2026","2026-05-18 10:10:31 EDT",678972,1,"Individual Agencies"
"Motor Vehicle Thefts",539,1200,"-55.0833333333333",2026-03-01,"Washington, District of Columbia","Mar 2026","2026-05-18 10:10:31 EDT",678972,1,"Individual Agencies"
"Murders",12,34,"-64.7058823529412",2026-03-01,"Washington, District of Columbia","Mar 2026","2026-05-18 10:10:31 EDT",678972,1,"Individual Agencies"
"Property Crimes",3854,5353,"-28.0029889781431",2026-03-01,"Washington, District of Columbia","Mar 2026","2026-05-18 10:10:31 EDT",678972,1,"Individual Agencies"
"Robberies",269,369,"-27.10027100271",2026-03-01,"Washington, District of Columbia","Mar 2026","2026-05-18 10:10:31 EDT",678972,1,"Individual Agencies"
"Thefts",3149,3930,"-19.8727735368957",2026-03-01,"Washington, District of Columbia","Mar 2026","2026-05-18 10:10:31 EDT",678972,1,"Individual Agencies"
"Violent Crimes",281,403,"-30.272952853598",2026-03-01,"Washington, District of Columbia","Mar 2026","2026-05-18 10:10:31 EDT",678972,1,"Individual Agencies"
"Aggravated Assaults",71,68,"4.41176470588235",2026-03-01,"Washoe County, Nevada","Mar 2026","2026-05-18 10:10:31 EDT",111776,1,"Individual Agencies"
"Burglaries",18,28,"-35.7142857142857",2026-03-01,"Washoe County, Nevada","Mar 2026","2026-05-18 10:10:31 EDT",111776,1,"Individual Agencies"
"Motor Vehicle Thefts",15,24,"-37.5",2026-03-01,"Washoe County, Nevada","Mar 2026","2026-05-18 10:10:31 EDT",111776,1,"Individual Agencies"
"Murders",0,2,"-100",2026-03-01,"Washoe County, Nevada","Mar 2026","2026-05-18 10:10:31 EDT",111776,1,"Individual Agencies"
"Property Crimes",142,185,"-23.2432432432432",2026-03-01,"Washoe County, Nevada","Mar 2026","2026-05-18 10:10:31 EDT",111776,1,"Individual Agencies"
"Rapes",8,24,"-66.6666666666667",2026-03-01,"Washoe County, Nevada","Mar 2026","2026-05-18 10:10:31 EDT",111776,1,"Individual Agencies"
"Robberies",1,2,"-50",2026-03-01,"Washoe County, Nevada","Mar 2026","2026-05-18 10:10:31 EDT",111776,1,"Individual Agencies"
"Thefts",109,133,"-18.0451127819549",2026-03-01,"Washoe County, Nevada","Mar 2026","2026-05-18 10:10:31 EDT",111776,1,"Individual Agencies"
"Violent Crimes",80,96,"-16.6666666666667",2026-03-01,"Washoe County, Nevada","Mar 2026","2026-05-18 10:10:31 EDT",111776,1,"Individual Agencies"
"Aggravated Assaults",109,111,"-1.8018018018018",2026-03-01,"Washtenaw County, Michigan","Mar 2026","2026-05-18 10:10:31 EDT",161396,1,"Individual Agencies"
"Burglaries",30,37,"-18.9189189189189",2026-03-01,"Washtenaw County, Michigan","Mar 2026","2026-05-18 10:10:31 EDT",161396,1,"Individual Agencies"
"Motor Vehicle Thefts",47,35,"34.2857142857143",2026-03-01,"Washtenaw County, Michigan","Mar 2026","2026-05-18 10:10:31 EDT",161396,1,"Individual Agencies"
"Murders",1,0,"Undefined",2026-03-01,"Washtenaw County, Michigan","Mar 2026","2026-05-18 10:10:31 EDT",161396,1,"Individual Agencies"
"Property Crimes",225,183,"22.9508196721311",2026-03-01,"Washtenaw County, Michigan","Mar 2026","2026-05-18 10:10:31 EDT",161396,1,"Individual Agencies"
"Rapes",9,12,"-25",2026-03-01,"Washtenaw County, Michigan","Mar 2026","2026-05-18 10:10:31 EDT",161396,1,"Individual Agencies"
"Robberies",4,6,"-33.3333333333333",2026-03-01,"Washtenaw County, Michigan","Mar 2026","2026-05-18 10:10:31 EDT",161396,1,"Individual Agencies"
"Thefts",148,111,"33.3333333333333",2026-03-01,"Washtenaw County, Michigan","Mar 2026","2026-05-18 10:10:31 EDT",161396,1,"Individual Agencies"
"Violent Crimes",123,129,"-4.65116279069767",2026-03-01,"Washtenaw County, Michigan","Mar 2026","2026-05-18 10:10:31 EDT",161396,1,"Individual Agencies"
"Aggravated Assaults",37,33,"12.1212121212121",2026-03-01,"Waterbury, Connecticut","Mar 2026","2026-05-18 10:10:31 EDT",115380,1,"Individual Agencies"
"Burglaries",25,47,"-46.8085106382979",2026-03-01,"Waterbury, Connecticut","Mar 2026","2026-05-18 10:10:31 EDT",115380,1,"Individual Agencies"
"Motor Vehicle Thefts",41,78,"-47.4358974358974",2026-03-01,"Waterbury, Connecticut","Mar 2026","2026-05-18 10:10:31 EDT",115380,1,"Individual Agencies"
"Murders",0,3,"-100",2026-03-01,"Waterbury, Connecticut","Mar 2026","2026-05-18 10:10:31 EDT",115380,1,"Individual Agencies"
"Property Crimes",498,647,"-23.0293663060278",2026-03-01,"Waterbury, Connecticut","Mar 2026","2026-05-18 10:10:31 EDT",115380,1,"Individual Agencies"
"Rapes",3,6,"-50",2026-03-01,"Waterbury, Connecticut","Mar 2026","2026-05-18 10:10:31 EDT",115380,1,"Individual Agencies"
"Robberies",15,19,"-21.0526315789474",2026-03-01,"Waterbury, Connecticut","Mar 2026","2026-05-18 10:10:31 EDT",115380,1,"Individual Agencies"
"Thefts",432,522,"-17.2413793103448",2026-03-01,"Waterbury, Connecticut","Mar 2026","2026-05-18 10:10:31 EDT",115380,1,"Individual Agencies"
"Violent Crimes",55,61,"-9.83606557377049",2026-03-01,"Waterbury, Connecticut","Mar 2026","2026-05-18 10:10:31 EDT",115380,1,"Individual Agencies"
"Aggravated Assaults",29,33,"-12.1212121212121",2026-03-01,"Waterford Township, Michigan","Mar 2026","2026-05-18 10:10:31 EDT",69153,1,"Individual Agencies"
"Burglaries",15,16,"-6.25",2026-03-01,"Waterford Township, Michigan","Mar 2026","2026-05-18 10:10:31 EDT",69153,1,"Individual Agencies"
"Motor Vehicle Thefts",7,11,"-36.3636363636364",2026-03-01,"Waterford Township, Michigan","Mar 2026","2026-05-18 10:10:31 EDT",69153,1,"Individual Agencies"
"Murders",0,0,"0",2026-03-01,"Waterford Township, Michigan","Mar 2026","2026-05-18 10:10:31 EDT",69153,1,"Individual Agencies"
"Property Crimes",92,84,"9.52380952380952",2026-03-01,"Waterford Township, Michigan","Mar 2026","2026-05-18 10:10:31 EDT",69153,1,"Individual Agencies"
"Rapes",10,7,"42.8571428571429",2026-03-01,"Waterford Township, Michigan","Mar 2026","2026-05-18 10:10:31 EDT",69153,1,"Individual Agencies"
"Robberies",1,2,"-50",2026-03-01,"Waterford Township, Michigan","Mar 2026","2026-05-18 10:10:31 EDT",69153,1,"Individual Agencies"
"Thefts",70,57,"22.8070175438596",2026-03-01,"Waterford Township, Michigan","Mar 2026","2026-05-18 10:10:31 EDT",69153,1,"Individual Agencies"
"Violent Crimes",40,42,"-4.76190476190476",2026-03-01,"Waterford Township, Michigan","Mar 2026","2026-05-18 10:10:31 EDT",69153,1,"Individual Agencies"
"Aggravated Assaults",62,38,"63.1578947368421",2026-03-01,"Waterloo, Iowa","Mar 2026","2026-05-18 10:10:31 EDT",66211,1,"Individual Agencies"
"Burglaries",49,74,"-33.7837837837838",2026-03-01,"Waterloo, Iowa","Mar 2026","2026-05-18 10:10:31 EDT",66211,1,"Individual Agencies"
"Motor Vehicle Thefts",41,28,"46.4285714285714",2026-03-01,"Waterloo, Iowa","Mar 2026","2026-05-18 10:10:31 EDT",66211,1,"Individual Agencies"
"Murders",0,1,"-100",2026-03-01,"Waterloo, Iowa","Mar 2026","2026-05-18 10:10:31 EDT",66211,1,"Individual Agencies"
"Property Crimes",362,381,"-4.98687664041995",2026-03-01,"Waterloo, Iowa","Mar 2026","2026-05-18 10:10:31 EDT",66211,1,"Individual Agencies"
"Rapes",3,8,"-62.5",2026-03-01,"Waterloo, Iowa","Mar 2026","2026-05-18 10:10:31 EDT",66211,1,"Individual Agencies"
"Robberies",7,7,"0",2026-03-01,"Waterloo, Iowa","Mar 2026","2026-05-18 10:10:31 EDT",66211,1,"Individual Agencies"
"Thefts",272,279,"-2.5089605734767",2026-03-01,"Waterloo, Iowa","Mar 2026","2026-05-18 10:10:31 EDT",66211,1,"Individual Agencies"
"Violent Crimes",72,54,"33.3333333333333",2026-03-01,"Waterloo, Iowa","Mar 2026","2026-05-18 10:10:31 EDT",66211,1,"Individual Agencies"
"Aggravated Assaults",10,18,"-44.4444444444444",2026-03-01,"Waukesha, Wisconsin","Mar 2026","2026-05-18 10:10:31 EDT",70095,1,"Individual Agencies"
"Burglaries",1,4,"-75",2026-03-01,"Waukesha, Wisconsin","Mar 2026","2026-05-18 10:10:31 EDT",70095,1,"Individual Agencies"
"Motor Vehicle Thefts",9,7,"28.5714285714286",2026-03-01,"Waukesha, Wisconsin","Mar 2026","2026-05-18 10:10:31 EDT",70095,1,"Individual Agencies"
"Murders",0,0,"0",2026-03-01,"Waukesha, Wisconsin","Mar 2026","2026-05-18 10:10:31 EDT",70095,1,"Individual Agencies"
"Property Crimes",134,116,"15.5172413793103",2026-03-01,"Waukesha, Wisconsin","Mar 2026","2026-05-18 10:10:31 EDT",70095,1,"Individual Agencies"
"Rapes",6,10,"-40",2026-03-01,"Waukesha, Wisconsin","Mar 2026","2026-05-18 10:10:31 EDT",70095,1,"Individual Agencies"
"Robberies",1,0,"Undefined",2026-03-01,"Waukesha, Wisconsin","Mar 2026","2026-05-18 10:10:31 EDT",70095,1,"Individual Agencies"
"Thefts",124,105,"18.0952380952381",2026-03-01,"Waukesha, Wisconsin","Mar 2026","2026-05-18 10:10:31 EDT",70095,1,"Individual Agencies"
"Violent Crimes",17,28,"-39.2857142857143",2026-03-01,"Waukesha, Wisconsin","Mar 2026","2026-05-18 10:10:31 EDT",70095,1,"Individual Agencies"
"Aggravated Assaults",16,8,"100",2026-03-01,"Wayne Township, New Jersey","Mar 2026","2026-05-18 10:10:31 EDT",52317,1,"Individual Agencies"
"Burglaries",6,10,"-40",2026-03-01,"Wayne Township, New Jersey","Mar 2026","2026-05-18 10:10:31 EDT",52317,1,"Individual Agencies"
"Motor Vehicle Thefts",5,8,"-37.5",2026-03-01,"Wayne Township, New Jersey","Mar 2026","2026-05-18 10:10:31 EDT",52317,1,"Individual Agencies"
"Murders",0,0,"0",2026-03-01,"Wayne Township, New Jersey","Mar 2026","2026-05-18 10:10:31 EDT",52317,1,"Individual Agencies"
"Rapes",0,1,"-100",2026-03-01,"Wayne Township, New Jersey","Mar 2026","2026-05-18 10:10:31 EDT",52317,1,"Individual Agencies"
"Robberies",1,0,"Undefined",2026-03-01,"Wayne Township, New Jersey","Mar 2026","2026-05-18 10:10:31 EDT",52317,1,"Individual Agencies"
"Thefts",144,193,"-25.3886010362694",2026-03-01,"Wayne Township, New Jersey","Mar 2026","2026-05-18 10:10:31 EDT",52317,1,"Individual Agencies"
"Aggravated Assaults",6,11,"-45.4545454545455",2026-02-01,"West Allis, Wisconsin","Feb 2026","2026-05-18 10:10:31 EDT",58505,1,"Individual Agencies"
"Burglaries",12,21,"-42.8571428571429",2026-02-01,"West Allis, Wisconsin","Feb 2026","2026-05-18 10:10:31 EDT",58505,1,"Individual Agencies"
"Motor Vehicle Thefts",16,17,"-5.88235294117647",2026-02-01,"West Allis, Wisconsin","Feb 2026","2026-05-18 10:10:31 EDT",58505,1,"Individual Agencies"
"Murders",0,0,"0",2026-02-01,"West Allis, Wisconsin","Feb 2026","2026-05-18 10:10:31 EDT",58505,1,"Individual Agencies"
"Rapes",4,2,"100",2026-02-01,"West Allis, Wisconsin","Feb 2026","2026-05-18 10:10:31 EDT",58505,1,"Individual Agencies"
"Robberies",3,8,"-62.5",2026-02-01,"West Allis, Wisconsin","Feb 2026","2026-05-18 10:10:31 EDT",58505,1,"Individual Agencies"
"Thefts",87,108,"-19.4444444444444",2026-02-01,"West Allis, Wisconsin","Feb 2026","2026-05-18 10:10:31 EDT",58505,1,"Individual Agencies"
"Aggravated Assaults",17,20,"-15",2026-03-01,"West Bloomfield Township, Michigan","Mar 2026","2026-05-18 10:10:31 EDT",64904,1,"Individual Agencies"
"Burglaries",7,5,"40",2026-03-01,"West Bloomfield Township, Michigan","Mar 2026","2026-05-18 10:10:31 EDT",64904,1,"Individual Agencies"
"Motor Vehicle Thefts",1,10,"-90",2026-03-01,"West Bloomfield Township, Michigan","Mar 2026","2026-05-18 10:10:31 EDT",64904,1,"Individual Agencies"
"Murders",0,0,"0",2026-03-01,"West Bloomfield Township, Michigan","Mar 2026","2026-05-18 10:10:31 EDT",64904,1,"Individual Agencies"
"Property Crimes",43,77,"-44.1558441558442",2026-03-01,"West Bloomfield Township, Michigan","Mar 2026","2026-05-18 10:10:31 EDT",64904,1,"Individual Agencies"
"Rapes",3,4,"-25",2026-03-01,"West Bloomfield Township, Michigan","Mar 2026","2026-05-18 10:10:31 EDT",64904,1,"Individual Agencies"
"Robberies",2,1,"100",2026-03-01,"West Bloomfield Township, Michigan","Mar 2026","2026-05-18 10:10:31 EDT",64904,1,"Individual Agencies"
"Thefts",35,62,"-43.5483870967742",2026-03-01,"West Bloomfield Township, Michigan","Mar 2026","2026-05-18 10:10:31 EDT",64904,1,"Individual Agencies"
"Violent Crimes",22,25,"-12",2026-03-01,"West Bloomfield Township, Michigan","Mar 2026","2026-05-18 10:10:31 EDT",64904,1,"Individual Agencies"
"Aggravated Assaults",12,11,"9.09090909090909",2026-03-01,"West Chester Township, Ohio","Mar 2026","2026-05-18 10:10:31 EDT",62860,1,"Individual Agencies"
"Burglaries",11,8,"37.5",2026-03-01,"West Chester Township, Ohio","Mar 2026","2026-05-18 10:10:31 EDT",62860,1,"Individual Agencies"
"Motor Vehicle Thefts",16,29,"-44.8275862068966",2026-03-01,"West Chester Township, Ohio","Mar 2026","2026-05-18 10:10:31 EDT",62860,1,"Individual Agencies"
"Murders",0,0,"0",2026-03-01,"West Chester Township, Ohio","Mar 2026","2026-05-18 10:10:31 EDT",62860,1,"Individual Agencies"
"Property Crimes",181,212,"-14.622641509434",2026-03-01,"West Chester Township, Ohio","Mar 2026","2026-05-18 10:10:31 EDT",62860,1,"Individual Agencies"
"Rapes",9,2,"350",2026-03-01,"West Chester Township, Ohio","Mar 2026","2026-05-18 10:10:31 EDT",62860,1,"Individual Agencies"
"Robberies",5,2,"150",2026-03-01,"West Chester Township, Ohio","Mar 2026","2026-05-18 10:10:31 EDT",62860,1,"Individual Agencies"
"Thefts",154,175,"-12",2026-03-01,"West Chester Township, Ohio","Mar 2026","2026-05-18 10:10:31 EDT",62860,1,"Individual Agencies"
"Violent Crimes",26,15,"73.3333333333333",2026-03-01,"West Chester Township, Ohio","Mar 2026","2026-05-18 10:10:31 EDT",62860,1,"Individual Agencies"
"Aggravated Assaults",46,38,"21.0526315789474",2026-03-01,"West Covina, California","Mar 2026","2026-05-18 10:10:31 EDT",103014,1,"Individual Agencies"
"Burglaries",33,55,"-40",2026-03-01,"West Covina, California","Mar 2026","2026-05-18 10:10:31 EDT",103014,1,"Individual Agencies"
"Motor Vehicle Thefts",62,53,"16.9811320754717",2026-03-01,"West Covina, California","Mar 2026","2026-05-18 10:10:31 EDT",103014,1,"Individual Agencies"
"Murders",0,2,"-100",2026-03-01,"West Covina, California","Mar 2026","2026-05-18 10:10:31 EDT",103014,1,"Individual Agencies"
"Property Crimes",427,460,"-7.17391304347826",2026-03-01,"West Covina, California","Mar 2026","2026-05-18 10:10:31 EDT",103014,1,"Individual Agencies"
"Rapes",5,5,"0",2026-03-01,"West Covina, California","Mar 2026","2026-05-18 10:10:31 EDT",103014,1,"Individual Agencies"
"Robberies",23,17,"35.2941176470588",2026-03-01,"West Covina, California","Mar 2026","2026-05-18 10:10:31 EDT",103014,1,"Individual Agencies"
"Thefts",332,352,"-5.68181818181818",2026-03-01,"West Covina, California","Mar 2026","2026-05-18 10:10:31 EDT",103014,1,"Individual Agencies"
"Violent Crimes",74,62,"19.3548387096774",2026-03-01,"West Covina, California","Mar 2026","2026-05-18 10:10:31 EDT",103014,1,"Individual Agencies"
"Aggravated Assaults",36,22,"63.6363636363636",2026-03-01,"West Des Moines, Iowa","Mar 2026","2026-05-18 10:10:31 EDT",71674,1,"Individual Agencies"
"Burglaries",11,33,"-66.6666666666667",2026-03-01,"West Des Moines, Iowa","Mar 2026","2026-05-18 10:10:31 EDT",71674,1,"Individual Agencies"
"Motor Vehicle Thefts",15,16,"-6.25",2026-03-01,"West Des Moines, Iowa","Mar 2026","2026-05-18 10:10:31 EDT",71674,1,"Individual Agencies"
"Murders",0,0,"0",2026-03-01,"West Des Moines, Iowa","Mar 2026","2026-05-18 10:10:31 EDT",71674,1,"Individual Agencies"
"Property Crimes",236,269,"-12.2676579925651",2026-03-01,"West Des Moines, Iowa","Mar 2026","2026-05-18 10:10:31 EDT",71674,1,"Individual Agencies"
"Rapes",3,7,"-57.1428571428571",2026-03-01,"West Des Moines, Iowa","Mar 2026","2026-05-18 10:10:31 EDT",71674,1,"Individual Agencies"
"Robberies",3,1,"200",2026-03-01,"West Des Moines, Iowa","Mar 2026","2026-05-18 10:10:31 EDT",71674,1,"Individual Agencies"
"Thefts",210,220,"-4.54545454545455",2026-03-01,"West Des Moines, Iowa","Mar 2026","2026-05-18 10:10:31 EDT",71674,1,"Individual Agencies"
"Violent Crimes",42,30,"40",2026-03-01,"West Des Moines, Iowa","Mar 2026","2026-05-18 10:10:31 EDT",71674,1,"Individual Agencies"
"Aggravated Assaults",0,2,"-100",2026-03-01,"West Hartford, Connecticut","Mar 2026","2026-05-18 10:10:31 EDT",64423,1,"Individual Agencies"
"Burglaries",17,15,"13.3333333333333",2026-03-01,"West Hartford, Connecticut","Mar 2026","2026-05-18 10:10:31 EDT",64423,1,"Individual Agencies"
"Motor Vehicle Thefts",19,32,"-40.625",2026-03-01,"West Hartford, Connecticut","Mar 2026","2026-05-18 10:10:31 EDT",64423,1,"Individual Agencies"
"Murders",0,0,"0",2026-03-01,"West Hartford, Connecticut","Mar 2026","2026-05-18 10:10:31 EDT",64423,1,"Individual Agencies"
"Property Crimes",302,292,"3.42465753424658",2026-03-01,"West Hartford, Connecticut","Mar 2026","2026-05-18 10:10:31 EDT",64423,1,"Individual Agencies"
"Rapes",0,0,"0",2026-03-01,"West Hartford, Connecticut","Mar 2026","2026-05-18 10:10:31 EDT",64423,1,"Individual Agencies"
"Robberies",1,5,"-80",2026-03-01,"West Hartford, Connecticut","Mar 2026","2026-05-18 10:10:31 EDT",64423,1,"Individual Agencies"
"Thefts",266,245,"8.57142857142857",2026-03-01,"West Hartford, Connecticut","Mar 2026","2026-05-18 10:10:31 EDT",64423,1,"Individual Agencies"
"Violent Crimes",1,7,"-85.7142857142857",2026-03-01,"West Hartford, Connecticut","Mar 2026","2026-05-18 10:10:31 EDT",64423,1,"Individual Agencies"
"Aggravated Assaults",1,1,"0",2026-03-01,"West Haven, Connecticut","Mar 2026","2026-05-18 10:10:31 EDT",54791,1,"Individual Agencies"
"Burglaries",9,9,"0",2026-03-01,"West Haven, Connecticut","Mar 2026","2026-05-18 10:10:31 EDT",54791,1,"Individual Agencies"
"Motor Vehicle Thefts",15,29,"-48.2758620689655",2026-03-01,"West Haven, Connecticut","Mar 2026","2026-05-18 10:10:31 EDT",54791,1,"Individual Agencies"
"Murders",0,0,"0",2026-03-01,"West Haven, Connecticut","Mar 2026","2026-05-18 10:10:31 EDT",54791,1,"Individual Agencies"
"Property Crimes",116,129,"-10.077519379845",2026-03-01,"West Haven, Connecticut","Mar 2026","2026-05-18 10:10:31 EDT",54791,1,"Individual Agencies"
"Rapes",3,0,"Undefined",2026-03-01,"West Haven, Connecticut","Mar 2026","2026-05-18 10:10:31 EDT",54791,1,"Individual Agencies"
"Robberies",3,6,"-50",2026-03-01,"West Haven, Connecticut","Mar 2026","2026-05-18 10:10:31 EDT",54791,1,"Individual Agencies"
"Thefts",92,91,"1.0989010989011",2026-03-01,"West Haven, Connecticut","Mar 2026","2026-05-18 10:10:31 EDT",54791,1,"Individual Agencies"
"Violent Crimes",7,7,"0",2026-03-01,"West Haven, Connecticut","Mar 2026","2026-05-18 10:10:31 EDT",54791,1,"Individual Agencies"
"Aggravated Assaults",57,64,"-10.9375",2026-03-01,"West Jordan, Utah","Mar 2026","2026-05-18 10:10:31 EDT",116485,1,"Individual Agencies"
"Burglaries",32,24,"33.3333333333333",2026-03-01,"West Jordan, Utah","Mar 2026","2026-05-18 10:10:31 EDT",116485,1,"Individual Agencies"
"Motor Vehicle Thefts",27,38,"-28.9473684210526",2026-03-01,"West Jordan, Utah","Mar 2026","2026-05-18 10:10:31 EDT",116485,1,"Individual Agencies"
"Murders",0,1,"-100",2026-03-01,"West Jordan, Utah","Mar 2026","2026-05-18 10:10:31 EDT",116485,1,"Individual Agencies"
"Property Crimes",333,306,"8.82352941176471",2026-03-01,"West Jordan, Utah","Mar 2026","2026-05-18 10:10:31 EDT",116485,1,"Individual Agencies"
"Rapes",16,25,"-36",2026-03-01,"West Jordan, Utah","Mar 2026","2026-05-18 10:10:31 EDT",116485,1,"Individual Agencies"
"Robberies",5,4,"25",2026-03-01,"West Jordan, Utah","Mar 2026","2026-05-18 10:10:31 EDT",116485,1,"Individual Agencies"
"Thefts",274,244,"12.2950819672131",2026-03-01,"West Jordan, Utah","Mar 2026","2026-05-18 10:10:31 EDT",116485,1,"Individual Agencies"
"Violent Crimes",78,94,"-17.0212765957447",2026-03-01,"West Jordan, Utah","Mar 2026","2026-05-18 10:10:31 EDT",116485,1,"Individual Agencies"
"Aggravated Assaults",13,20,"-35",2026-03-01,"West New York, New Jersey","Mar 2026","2026-05-18 10:10:31 EDT",51884,1,"Individual Agencies"
"Burglaries",5,14,"-64.2857142857143",2026-03-01,"West New York, New Jersey","Mar 2026","2026-05-18 10:10:31 EDT",51884,1,"Individual Agencies"
"Motor Vehicle Thefts",9,11,"-18.1818181818182",2026-03-01,"West New York, New Jersey","Mar 2026","2026-05-18 10:10:31 EDT",51884,1,"Individual Agencies"
"Murders",0,0,"0",2026-03-01,"West New York, New Jersey","Mar 2026","2026-05-18 10:10:31 EDT",51884,1,"Individual Agencies"
"Property Crimes",122,162,"-24.6913580246914",2026-03-01,"West New York, New Jersey","Mar 2026","2026-05-18 10:10:31 EDT",51884,1,"Individual Agencies"
"Rapes",5,4,"25",2026-03-01,"West New York, New Jersey","Mar 2026","2026-05-18 10:10:31 EDT",51884,1,"Individual Agencies"
"Robberies",8,6,"33.3333333333333",2026-03-01,"West New York, New Jersey","Mar 2026","2026-05-18 10:10:31 EDT",51884,1,"Individual Agencies"
"Thefts",108,137,"-21.1678832116788",2026-03-01,"West New York, New Jersey","Mar 2026","2026-05-18 10:10:31 EDT",51884,1,"Individual Agencies"
"Violent Crimes",26,30,"-13.3333333333333",2026-03-01,"West New York, New Jersey","Mar 2026","2026-05-18 10:10:31 EDT",51884,1,"Individual Agencies"
"Aggravated Assaults",73,86,"-15.1162790697674",2026-03-01,"West Valley, Utah","Mar 2026","2026-05-18 10:10:31 EDT",135023,1,"Individual Agencies"
"Burglaries",37,42,"-11.9047619047619",2026-03-01,"West Valley, Utah","Mar 2026","2026-05-18 10:10:31 EDT",135023,1,"Individual Agencies"
"Motor Vehicle Thefts",47,73,"-35.6164383561644",2026-03-01,"West Valley, Utah","Mar 2026","2026-05-18 10:10:31 EDT",135023,1,"Individual Agencies"
"Murders",3,2,"50",2026-03-01,"West Valley, Utah","Mar 2026","2026-05-18 10:10:31 EDT",135023,1,"Individual Agencies"
"Property Crimes",522,575,"-9.21739130434783",2026-03-01,"West Valley, Utah","Mar 2026","2026-05-18 10:10:31 EDT",135023,1,"Individual Agencies"
"Rapes",14,20,"-30",2026-03-01,"West Valley, Utah","Mar 2026","2026-05-18 10:10:31 EDT",135023,1,"Individual Agencies"
"Robberies",9,17,"-47.0588235294118",2026-03-01,"West Valley, Utah","Mar 2026","2026-05-18 10:10:31 EDT",135023,1,"Individual Agencies"
"Thefts",438,460,"-4.78260869565217",2026-03-01,"West Valley, Utah","Mar 2026","2026-05-18 10:10:31 EDT",135023,1,"Individual Agencies"
"Violent Crimes",99,125,"-20.8",2026-03-01,"West Valley, Utah","Mar 2026","2026-05-18 10:10:31 EDT",135023,1,"Individual Agencies"
"Aggravated Assaults",28218,28112,"0.377063175867957",2026-03-01,"West, Nationwide","Mar 2026","2026-05-18 10:10:31 EDT",37276875,168,"National Samples"
"Burglaries",22782,29043,"-21.5576903212478",2026-03-01,"West, Nationwide","Mar 2026","2026-05-18 10:10:31 EDT",37276875,168,"National Samples"
"Motor Vehicle Thefts",26361,35080,"-24.8546180159635",2026-03-01,"West, Nationwide","Mar 2026","2026-05-18 10:10:31 EDT",37276875,168,"National Samples"
"Murders",322,389,"-17.2236503856041",2026-03-01,"West, Nationwide","Mar 2026","2026-05-18 10:10:31 EDT",37276875,168,"National Samples"
"Property Crimes",177682,200179,"-11.2384415947727",2026-03-01,"West, Nationwide","Mar 2026","2026-05-18 10:10:31 EDT",37276875,168,"National Samples"
"Rapes",3348,3723,"-10.0725221595488",2026-03-01,"West, Nationwide","Mar 2026","2026-05-18 10:10:31 EDT",37276875,168,"National Samples"
"Robberies",8415,9211,"-8.64184127673434",2026-03-01,"West, Nationwide","Mar 2026","2026-05-18 10:10:31 EDT",37276875,168,"National Samples"
"Thefts",128539,136056,"-5.52493091080143",2026-03-01,"West, Nationwide","Mar 2026","2026-05-18 10:10:31 EDT",37276875,168,"National Samples"
"Violent Crimes",40303,41435,"-2.73198986364185",2026-03-01,"West, Nationwide","Mar 2026","2026-05-18 10:10:31 EDT",37276875,168,"National Samples"
"Aggravated Assaults",1,4,"-75",2026-03-01,"Westfield, Indiana","Mar 2026","2026-05-18 10:10:31 EDT",58858,1,"Individual Agencies"
"Burglaries",5,7,"-28.5714285714286",2026-03-01,"Westfield, Indiana","Mar 2026","2026-05-18 10:10:31 EDT",58858,1,"Individual Agencies"
"Motor Vehicle Thefts",11,3,"266.666666666667",2026-03-01,"Westfield, Indiana","Mar 2026","2026-05-18 10:10:31 EDT",58858,1,"Individual Agencies"
"Murders",2,0,"Undefined",2026-03-01,"Westfield, Indiana","Mar 2026","2026-05-18 10:10:31 EDT",58858,1,"Individual Agencies"
"Property Crimes",82,84,"-2.38095238095238",2026-03-01,"Westfield, Indiana","Mar 2026","2026-05-18 10:10:31 EDT",58858,1,"Individual Agencies"
"Rapes",3,2,"50",2026-03-01,"Westfield, Indiana","Mar 2026","2026-05-18 10:10:31 EDT",58858,1,"Individual Agencies"
"Robberies",0,0,"0",2026-03-01,"Westfield, Indiana","Mar 2026","2026-05-18 10:10:31 EDT",58858,1,"Individual Agencies"
"Thefts",66,74,"-10.8108108108108",2026-03-01,"Westfield, Indiana","Mar 2026","2026-05-18 10:10:31 EDT",58858,1,"Individual Agencies"
"Violent Crimes",6,6,"0",2026-03-01,"Westfield, Indiana","Mar 2026","2026-05-18 10:10:31 EDT",58858,1,"Individual Agencies"
"Aggravated Assaults",61,60,"1.66666666666667",2026-03-01,"Westland, Michigan","Mar 2026","2026-05-18 10:10:31 EDT",83463,1,"Individual Agencies"
"Burglaries",22,27,"-18.5185185185185",2026-03-01,"Westland, Michigan","Mar 2026","2026-05-18 10:10:31 EDT",83463,1,"Individual Agencies"
"Motor Vehicle Thefts",26,26,"0",2026-03-01,"Westland, Michigan","Mar 2026","2026-05-18 10:10:31 EDT",83463,1,"Individual Agencies"
"Murders",0,0,"0",2026-03-01,"Westland, Michigan","Mar 2026","2026-05-18 10:10:31 EDT",83463,1,"Individual Agencies"
"Property Crimes",218,194,"12.3711340206186",2026-03-01,"Westland, Michigan","Mar 2026","2026-05-18 10:10:31 EDT",83463,1,"Individual Agencies"
"Rapes",10,15,"-33.3333333333333",2026-03-01,"Westland, Michigan","Mar 2026","2026-05-18 10:10:31 EDT",83463,1,"Individual Agencies"
"Robberies",4,5,"-20",2026-03-01,"Westland, Michigan","Mar 2026","2026-05-18 10:10:31 EDT",83463,1,"Individual Agencies"
"Thefts",170,141,"20.5673758865248",2026-03-01,"Westland, Michigan","Mar 2026","2026-05-18 10:10:31 EDT",83463,1,"Individual Agencies"
"Violent Crimes",75,80,"-6.25",2026-03-01,"Westland, Michigan","Mar 2026","2026-05-18 10:10:31 EDT",83463,1,"Individual Agencies"
"Aggravated Assaults",69,51,"35.2941176470588",2026-03-01,"Westminster, California","Mar 2026","2026-05-18 10:10:31 EDT",88710,1,"Individual Agencies"
"Burglaries",53,77,"-31.1688311688312",2026-03-01,"Westminster, California","Mar 2026","2026-05-18 10:10:31 EDT",88710,1,"Individual Agencies"
"Motor Vehicle Thefts",60,58,"3.44827586206897",2026-03-01,"Westminster, California","Mar 2026","2026-05-18 10:10:31 EDT",88710,1,"Individual Agencies"
"Murders",0,1,"-100",2026-03-01,"Westminster, California","Mar 2026","2026-05-18 10:10:31 EDT",88710,1,"Individual Agencies"
"Property Crimes",469,572,"-18.006993006993",2026-03-01,"Westminster, California","Mar 2026","2026-05-18 10:10:31 EDT",88710,1,"Individual Agencies"
"Rapes",7,9,"-22.2222222222222",2026-03-01,"Westminster, California","Mar 2026","2026-05-18 10:10:31 EDT",88710,1,"Individual Agencies"
"Robberies",27,15,"80",2026-03-01,"Westminster, California","Mar 2026","2026-05-18 10:10:31 EDT",88710,1,"Individual Agencies"
"Thefts",356,437,"-18.5354691075515",2026-03-01,"Westminster, California","Mar 2026","2026-05-18 10:10:31 EDT",88710,1,"Individual Agencies"
"Violent Crimes",103,76,"35.5263157894737",2026-03-01,"Westminster, California","Mar 2026","2026-05-18 10:10:31 EDT",88710,1,"Individual Agencies"
"Aggravated Assaults",39,60,"-35",2026-03-01,"Westminster, Colorado","Mar 2026","2026-05-18 10:10:31 EDT",113660,1,"Individual Agencies"
"Burglaries",46,56,"-17.8571428571429",2026-03-01,"Westminster, Colorado","Mar 2026","2026-05-18 10:10:31 EDT",113660,1,"Individual Agencies"
"Motor Vehicle Thefts",66,170,"-61.1764705882353",2026-03-01,"Westminster, Colorado","Mar 2026","2026-05-18 10:10:31 EDT",113660,1,"Individual Agencies"
"Murders",1,1,"0",2026-03-01,"Westminster, Colorado","Mar 2026","2026-05-18 10:10:31 EDT",113660,1,"Individual Agencies"
"Property Crimes",803,827,"-2.90205562273277",2026-03-01,"Westminster, Colorado","Mar 2026","2026-05-18 10:10:31 EDT",113660,1,"Individual Agencies"
"Rapes",12,9,"33.3333333333333",2026-03-01,"Westminster, Colorado","Mar 2026","2026-05-18 10:10:31 EDT",113660,1,"Individual Agencies"
"Robberies",9,17,"-47.0588235294118",2026-03-01,"Westminster, Colorado","Mar 2026","2026-05-18 10:10:31 EDT",113660,1,"Individual Agencies"
"Thefts",691,601,"14.9750415973378",2026-03-01,"Westminster, Colorado","Mar 2026","2026-05-18 10:10:31 EDT",113660,1,"Individual Agencies"
"Violent Crimes",61,87,"-29.8850574712644",2026-03-01,"Westminster, Colorado","Mar 2026","2026-05-18 10:10:31 EDT",113660,1,"Individual Agencies"
"Aggravated Assaults",18,21,"-14.2857142857143",2026-03-01,"Weymouth, Massachusetts","Mar 2026","2026-05-18 10:10:31 EDT",57725,1,"Individual Agencies"
"Burglaries",18,17,"5.88235294117647",2026-03-01,"Weymouth, Massachusetts","Mar 2026","2026-05-18 10:10:31 EDT",57725,1,"Individual Agencies"
"Motor Vehicle Thefts",3,8,"-62.5",2026-03-01,"Weymouth, Massachusetts","Mar 2026","2026-05-18 10:10:31 EDT",57725,1,"Individual Agencies"
"Murders",0,0,"0",2026-03-01,"Weymouth, Massachusetts","Mar 2026","2026-05-18 10:10:31 EDT",57725,1,"Individual Agencies"
"Property Crimes",64,92,"-30.4347826086957",2026-03-01,"Weymouth, Massachusetts","Mar 2026","2026-05-18 10:10:31 EDT",57725,1,"Individual Agencies"
"Rapes",1,2,"-50",2026-03-01,"Weymouth, Massachusetts","Mar 2026","2026-05-18 10:10:31 EDT",57725,1,"Individual Agencies"
"Robberies",3,0,"Undefined",2026-03-01,"Weymouth, Massachusetts","Mar 2026","2026-05-18 10:10:31 EDT",57725,1,"Individual Agencies"
"Thefts",43,67,"-35.8208955223881",2026-03-01,"Weymouth, Massachusetts","Mar 2026","2026-05-18 10:10:31 EDT",57725,1,"Individual Agencies"
"Violent Crimes",22,23,"-4.34782608695652",2026-03-01,"Weymouth, Massachusetts","Mar 2026","2026-05-18 10:10:31 EDT",57725,1,"Individual Agencies"
"Aggravated Assaults",56,36,"55.5555555555556",2026-03-01,"Wichita Falls, Texas","Mar 2026","2026-05-18 10:10:31 EDT",102740,1,"Individual Agencies"
"Burglaries",57,82,"-30.4878048780488",2026-03-01,"Wichita Falls, Texas","Mar 2026","2026-05-18 10:10:31 EDT",102740,1,"Individual Agencies"
"Motor Vehicle Thefts",30,57,"-47.3684210526316",2026-03-01,"Wichita Falls, Texas","Mar 2026","2026-05-18 10:10:31 EDT",102740,1,"Individual Agencies"
"Murders",0,0,"0",2026-03-01,"Wichita Falls, Texas","Mar 2026","2026-05-18 10:10:31 EDT",102740,1,"Individual Agencies"
"Property Crimes",374,536,"-30.2238805970149",2026-03-01,"Wichita Falls, Texas","Mar 2026","2026-05-18 10:10:31 EDT",102740,1,"Individual Agencies"
"Rapes",13,10,"30",2026-03-01,"Wichita Falls, Texas","Mar 2026","2026-05-18 10:10:31 EDT",102740,1,"Individual Agencies"
"Robberies",6,13,"-53.8461538461538",2026-03-01,"Wichita Falls, Texas","Mar 2026","2026-05-18 10:10:31 EDT",102740,1,"Individual Agencies"
"Thefts",287,397,"-27.7078085642317",2026-03-01,"Wichita Falls, Texas","Mar 2026","2026-05-18 10:10:31 EDT",102740,1,"Individual Agencies"
"Violent Crimes",75,59,"27.1186440677966",2026-03-01,"Wichita Falls, Texas","Mar 2026","2026-05-18 10:10:31 EDT",102740,1,"Individual Agencies"
"Aggravated Assaults",39,29,"34.4827586206897",2026-03-01,"Will County, Illinois","Mar 2026","2026-05-18 10:10:31 EDT",104475,1,"Individual Agencies"
"Burglaries",19,15,"26.6666666666667",2026-03-01,"Will County, Illinois","Mar 2026","2026-05-18 10:10:31 EDT",104475,1,"Individual Agencies"
"Motor Vehicle Thefts",20,12,"66.6666666666667",2026-03-01,"Will County, Illinois","Mar 2026","2026-05-18 10:10:31 EDT",104475,1,"Individual Agencies"
"Murders",3,0,"Undefined",2026-03-01,"Will County, Illinois","Mar 2026","2026-05-18 10:10:31 EDT",104475,1,"Individual Agencies"
"Property Crimes",115,104,"10.5769230769231",2026-03-01,"Will County, Illinois","Mar 2026","2026-05-18 10:10:31 EDT",104475,1,"Individual Agencies"
"Rapes",5,12,"-58.3333333333333",2026-03-01,"Will County, Illinois","Mar 2026","2026-05-18 10:10:31 EDT",104475,1,"Individual Agencies"
"Robberies",1,2,"-50",2026-03-01,"Will County, Illinois","Mar 2026","2026-05-18 10:10:31 EDT",104475,1,"Individual Agencies"
"Thefts",76,77,"-1.2987012987013",2026-03-01,"Will County, Illinois","Mar 2026","2026-05-18 10:10:31 EDT",104475,1,"Individual Agencies"
"Violent Crimes",48,43,"11.6279069767442",2026-03-01,"Will County, Illinois","Mar 2026","2026-05-18 10:10:31 EDT",104475,1,"Individual Agencies"
"Aggravated Assaults",28,25,"12",2026-03-01,"Williamson County, Texas","Mar 2026","2026-05-18 10:10:31 EDT",202897,1,"Individual Agencies"
"Burglaries",54,103,"-47.5728155339806",2026-03-01,"Williamson County, Texas","Mar 2026","2026-05-18 10:10:31 EDT",202897,1,"Individual Agencies"
"Motor Vehicle Thefts",20,31,"-35.4838709677419",2026-03-01,"Williamson County, Texas","Mar 2026","2026-05-18 10:10:31 EDT",202897,1,"Individual Agencies"
"Murders",2,3,"-33.3333333333333",2026-03-01,"Williamson County, Texas","Mar 2026","2026-05-18 10:10:31 EDT",202897,1,"Individual Agencies"
"Property Crimes",317,405,"-21.7283950617284",2026-03-01,"Williamson County, Texas","Mar 2026","2026-05-18 10:10:31 EDT",202897,1,"Individual Agencies"
"Rapes",8,17,"-52.9411764705882",2026-03-01,"Williamson County, Texas","Mar 2026","2026-05-18 10:10:31 EDT",202897,1,"Individual Agencies"
"Robberies",0,0,"0",2026-03-01,"Williamson County, Texas","Mar 2026","2026-05-18 10:10:31 EDT",202897,1,"Individual Agencies"
"Thefts",243,271,"-10.3321033210332",2026-03-01,"Williamson County, Texas","Mar 2026","2026-05-18 10:10:31 EDT",202897,1,"Individual Agencies"
"Violent Crimes",38,45,"-15.5555555555556",2026-03-01,"Williamson County, Texas","Mar 2026","2026-05-18 10:10:31 EDT",202897,1,"Individual Agencies"
"Aggravated Assaults",79,92,"-14.1304347826087",2026-03-01,"Wilmington, North Carolina","Mar 2026","2026-05-18 10:10:31 EDT",122675,1,"Individual Agencies"
"Burglaries",121,122,"-0.819672131147541",2026-03-01,"Wilmington, North Carolina","Mar 2026","2026-05-18 10:10:31 EDT",122675,1,"Individual Agencies"
"Motor Vehicle Thefts",82,74,"10.8108108108108",2026-03-01,"Wilmington, North Carolina","Mar 2026","2026-05-18 10:10:31 EDT",122675,1,"Individual Agencies"
"Murders",5,0,"Undefined",2026-03-01,"Wilmington, North Carolina","Mar 2026","2026-05-18 10:10:31 EDT",122675,1,"Individual Agencies"
"Property Crimes",918,945,"-2.85714285714286",2026-03-01,"Wilmington, North Carolina","Mar 2026","2026-05-18 10:10:31 EDT",122675,1,"Individual Agencies"
"Rapes",13,11,"18.1818181818182",2026-03-01,"Wilmington, North Carolina","Mar 2026","2026-05-18 10:10:31 EDT",122675,1,"Individual Agencies"
"Robberies",29,27,"7.40740740740741",2026-03-01,"Wilmington, North Carolina","Mar 2026","2026-05-18 10:10:31 EDT",122675,1,"Individual Agencies"
"Thefts",715,749,"-4.53938584779706",2026-03-01,"Wilmington, North Carolina","Mar 2026","2026-05-18 10:10:31 EDT",122675,1,"Individual Agencies"
"Violent Crimes",126,130,"-3.07692307692308",2026-03-01,"Wilmington, North Carolina","Mar 2026","2026-05-18 10:10:31 EDT",122675,1,"Individual Agencies"
"Aggravated Assaults",3,3,"0",2026-03-01,"Woodbury, Minnesota","Mar 2026","2026-05-18 10:10:31 EDT",80153,1,"Individual Agencies"
"Burglaries",17,14,"21.4285714285714",2026-03-01,"Woodbury, Minnesota","Mar 2026","2026-05-18 10:10:31 EDT",80153,1,"Individual Agencies"
"Motor Vehicle Thefts",1,8,"-87.5",2026-03-01,"Woodbury, Minnesota","Mar 2026","2026-05-18 10:10:31 EDT",80153,1,"Individual Agencies"
"Murders",0,0,"0",2026-03-01,"Woodbury, Minnesota","Mar 2026","2026-05-18 10:10:31 EDT",80153,1,"Individual Agencies"
"Property Crimes",191,186,"2.68817204301075",2026-03-01,"Woodbury, Minnesota","Mar 2026","2026-05-18 10:10:31 EDT",80153,1,"Individual Agencies"
"Rapes",7,6,"16.6666666666667",2026-03-01,"Woodbury, Minnesota","Mar 2026","2026-05-18 10:10:31 EDT",80153,1,"Individual Agencies"
"Robberies",2,2,"0",2026-03-01,"Woodbury, Minnesota","Mar 2026","2026-05-18 10:10:31 EDT",80153,1,"Individual Agencies"
"Thefts",173,164,"5.48780487804878",2026-03-01,"Woodbury, Minnesota","Mar 2026","2026-05-18 10:10:31 EDT",80153,1,"Individual Agencies"
"Violent Crimes",12,11,"9.09090909090909",2026-03-01,"Woodbury, Minnesota","Mar 2026","2026-05-18 10:10:31 EDT",80153,1,"Individual Agencies"
"Aggravated Assaults",6,8,"-25",2026-03-01,"Wright County, Minnesota","Mar 2026","2026-05-18 10:10:31 EDT",129359,1,"Individual Agencies"
"Burglaries",6,8,"-25",2026-03-01,"Wright County, Minnesota","Mar 2026","2026-05-18 10:10:31 EDT",129359,1,"Individual Agencies"
"Motor Vehicle Thefts",1,2,"-50",2026-03-01,"Wright County, Minnesota","Mar 2026","2026-05-18 10:10:31 EDT",129359,1,"Individual Agencies"
"Murders",0,0,"0",2026-03-01,"Wright County, Minnesota","Mar 2026","2026-05-18 10:10:31 EDT",129359,1,"Individual Agencies"
"Property Crimes",91,138,"-34.0579710144928",2026-03-01,"Wright County, Minnesota","Mar 2026","2026-05-18 10:10:31 EDT",129359,1,"Individual Agencies"
"Rapes",3,5,"-40",2026-03-01,"Wright County, Minnesota","Mar 2026","2026-05-18 10:10:31 EDT",129359,1,"Individual Agencies"
"Robberies",0,3,"-100",2026-03-01,"Wright County, Minnesota","Mar 2026","2026-05-18 10:10:31 EDT",129359,1,"Individual Agencies"
"Thefts",84,128,"-34.375",2026-03-01,"Wright County, Minnesota","Mar 2026","2026-05-18 10:10:31 EDT",129359,1,"Individual Agencies"
"Violent Crimes",9,16,"-43.75",2026-03-01,"Wright County, Minnesota","Mar 2026","2026-05-18 10:10:31 EDT",129359,1,"Individual Agencies"
"Aggravated Assaults",1,1,"0",2026-01-01,"Wylie, Texas","Jan 2026","2026-05-18 10:10:31 EDT",62539,1,"Individual Agencies"
"Burglaries",0,13,"-100",2026-01-01,"Wylie, Texas","Jan 2026","2026-05-18 10:10:31 EDT",62539,1,"Individual Agencies"
"Motor Vehicle Thefts",0,0,"0",2026-01-01,"Wylie, Texas","Jan 2026","2026-05-18 10:10:31 EDT",62539,1,"Individual Agencies"
"Murders",0,0,"0",2026-01-01,"Wylie, Texas","Jan 2026","2026-05-18 10:10:31 EDT",62539,1,"Individual Agencies"
"Rapes",0,0,"0",2026-01-01,"Wylie, Texas","Jan 2026","2026-05-18 10:10:31 EDT",62539,1,"Individual Agencies"
"Robberies",0,0,"0",2026-01-01,"Wylie, Texas","Jan 2026","2026-05-18 10:10:31 EDT",62539,1,"Individual Agencies"
"Thefts",25,33,"-24.2424242424242",2026-01-01,"Wylie, Texas","Jan 2026","2026-05-18 10:10:31 EDT",62539,1,"Individual Agencies"
"Aggravated Assaults",60,58,"3.44827586206897",2026-03-01,"Wyoming, Michigan","Mar 2026","2026-05-18 10:10:31 EDT",76712,1,"Individual Agencies"
"Burglaries",15,24,"-37.5",2026-03-01,"Wyoming, Michigan","Mar 2026","2026-05-18 10:10:31 EDT",76712,1,"Individual Agencies"
"Motor Vehicle Thefts",16,37,"-56.7567567567568",2026-03-01,"Wyoming, Michigan","Mar 2026","2026-05-18 10:10:31 EDT",76712,1,"Individual Agencies"
"Murders",0,1,"-100",2026-03-01,"Wyoming, Michigan","Mar 2026","2026-05-18 10:10:31 EDT",76712,1,"Individual Agencies"
"Property Crimes",320,353,"-9.34844192634561",2026-03-01,"Wyoming, Michigan","Mar 2026","2026-05-18 10:10:31 EDT",76712,1,"Individual Agencies"
"Rapes",17,15,"13.3333333333333",2026-03-01,"Wyoming, Michigan","Mar 2026","2026-05-18 10:10:31 EDT",76712,1,"Individual Agencies"
"Robberies",3,2,"50",2026-03-01,"Wyoming, Michigan","Mar 2026","2026-05-18 10:10:31 EDT",76712,1,"Individual Agencies"
"Thefts",289,292,"-1.02739726027397",2026-03-01,"Wyoming, Michigan","Mar 2026","2026-05-18 10:10:31 EDT",76712,1,"Individual Agencies"
"Violent Crimes",80,76,"5.26315789473684",2026-03-01,"Wyoming, Michigan","Mar 2026","2026-05-18 10:10:31 EDT",76712,1,"Individual Agencies"
"Aggravated Assaults",20,27,"-25.9259259259259",2026-01-01,"Yakima, Washington","Jan 2026","2026-05-18 10:10:31 EDT",96991,1,"Individual Agencies"
"Burglaries",14,22,"-36.3636363636364",2026-01-01,"Yakima, Washington","Jan 2026","2026-05-18 10:10:31 EDT",96991,1,"Individual Agencies"
"Motor Vehicle Thefts",14,28,"-50",2026-01-01,"Yakima, Washington","Jan 2026","2026-05-18 10:10:31 EDT",96991,1,"Individual Agencies"
"Murders",0,0,"0",2026-01-01,"Yakima, Washington","Jan 2026","2026-05-18 10:10:31 EDT",96991,1,"Individual Agencies"
"Rapes",0,4,"-100",2026-01-01,"Yakima, Washington","Jan 2026","2026-05-18 10:10:31 EDT",96991,1,"Individual Agencies"
"Robberies",2,6,"-66.6666666666667",2026-01-01,"Yakima, Washington","Jan 2026","2026-05-18 10:10:31 EDT",96991,1,"Individual Agencies"
"Thefts",92,102,"-9.80392156862745",2026-01-01,"Yakima, Washington","Jan 2026","2026-05-18 10:10:31 EDT",96991,1,"Individual Agencies"
"Aggravated Assaults",18,34,"-47.0588235294118",2026-02-01,"Yavapai County, Arizona","Feb 2026","2026-05-18 10:10:31 EDT",97526,1,"Individual Agencies"
"Burglaries",7,9,"-22.2222222222222",2026-02-01,"Yavapai County, Arizona","Feb 2026","2026-05-18 10:10:31 EDT",97526,1,"Individual Agencies"
"Motor Vehicle Thefts",3,7,"-57.1428571428571",2026-02-01,"Yavapai County, Arizona","Feb 2026","2026-05-18 10:10:31 EDT",97526,1,"Individual Agencies"
"Murders",0,0,"0",2026-02-01,"Yavapai County, Arizona","Feb 2026","2026-05-18 10:10:31 EDT",97526,1,"Individual Agencies"
"Rapes",0,2,"-100",2026-02-01,"Yavapai County, Arizona","Feb 2026","2026-05-18 10:10:31 EDT",97526,1,"Individual Agencies"
"Robberies",0,2,"-100",2026-02-01,"Yavapai County, Arizona","Feb 2026","2026-05-18 10:10:31 EDT",97526,1,"Individual Agencies"
"Thefts",27,45,"-40",2026-02-01,"Yavapai County, Arizona","Feb 2026","2026-05-18 10:10:31 EDT",97526,1,"Individual Agencies"
"Aggravated Assaults",8,4,"100",2026-03-01,"Yorba Linda, California","Mar 2026","2026-05-18 10:10:31 EDT",66477,1,"Individual Agencies"
"Burglaries",5,20,"-75",2026-03-01,"Yorba Linda, California","Mar 2026","2026-05-18 10:10:31 EDT",66477,1,"Individual Agencies"
"Motor Vehicle Thefts",10,19,"-47.3684210526316",2026-03-01,"Yorba Linda, California","Mar 2026","2026-05-18 10:10:31 EDT",66477,1,"Individual Agencies"
"Murders",0,0,"0",2026-03-01,"Yorba Linda, California","Mar 2026","2026-05-18 10:10:31 EDT",66477,1,"Individual Agencies"
"Property Crimes",81,125,"-35.2",2026-03-01,"Yorba Linda, California","Mar 2026","2026-05-18 10:10:31 EDT",66477,1,"Individual Agencies"
"Rapes",2,0,"Undefined",2026-03-01,"Yorba Linda, California","Mar 2026","2026-05-18 10:10:31 EDT",66477,1,"Individual Agencies"
"Robberies",1,0,"Undefined",2026-03-01,"Yorba Linda, California","Mar 2026","2026-05-18 10:10:31 EDT",66477,1,"Individual Agencies"
"Thefts",66,86,"-23.2558139534884",2026-03-01,"Yorba Linda, California","Mar 2026","2026-05-18 10:10:31 EDT",66477,1,"Individual Agencies"
"Violent Crimes",11,4,"175",2026-03-01,"Yorba Linda, California","Mar 2026","2026-05-18 10:10:31 EDT",66477,1,"Individual Agencies"
"Aggravated Assaults",49,75,"-34.6666666666667",2026-03-01,"Yuma, Arizona","Mar 2026","2026-05-18 10:10:31 EDT",99610,1,"Individual Agencies"
"Burglaries",28,41,"-31.7073170731707",2026-03-01,"Yuma, Arizona","Mar 2026","2026-05-18 10:10:31 EDT",99610,1,"Individual Agencies"
"Motor Vehicle Thefts",15,29,"-48.2758620689655",2026-03-01,"Yuma, Arizona","Mar 2026","2026-05-18 10:10:31 EDT",99610,1,"Individual Agencies"
"Murders",0,1,"-100",2026-03-01,"Yuma, Arizona","Mar 2026","2026-05-18 10:10:31 EDT",99610,1,"Individual Agencies"
"Property Crimes",276,291,"-5.15463917525773",2026-03-01,"Yuma, Arizona","Mar 2026","2026-05-18 10:10:31 EDT",99610,1,"Individual Agencies"
"Rapes",6,7,"-14.2857142857143",2026-03-01,"Yuma, Arizona","Mar 2026","2026-05-18 10:10:31 EDT",99610,1,"Individual Agencies"
"Robberies",1,6,"-83.3333333333333",2026-03-01,"Yuma, Arizona","Mar 2026","2026-05-18 10:10:31 EDT",99610,1,"Individual Agencies"
"Thefts",233,221,"5.42986425339367",2026-03-01,"Yuma, Arizona","Mar 2026","2026-05-18 10:10:31 EDT",99610,1,"Individual Agencies"
"Violent Crimes",56,89,"-37.0786516853933",2026-03-01,"Yuma, Arizona","Mar 2026","2026-05-18 10:10:31 EDT",99610,1,"Individual Agencies"
