"agency_name","state_name","crime_type","ytd_month_range","two_years_prior_full","previous_year_full","two_years_prior_previous_year_full_pct_change","two_years_prior_ytd","previous_year_ytd","current_year_ytd","two_years_prior_current_year_ytd_pct_change","previous_year_current_year_ytd_pct_change","population","number_of_agencies","last_updated"
"Abilene","Texas","aggravated_assault","Jan - Mar 2026",395,453,14.6835443037975,85,83,109,28.2352941176471,31.3253012048193,124413,1,"2026-05-18 11:01:22 EDT"
"Abilene","Texas","burglary","Jan - Mar 2026",417,410,-1.67865707434053,109,92,79,-27.5229357798165,-14.1304347826087,124413,1,"2026-05-18 11:01:22 EDT"
"Abilene","Texas","motor_vehicle_theft","Jan - Mar 2026",180,153,-15,49,25,61,24.4897959183673,144,124413,1,"2026-05-18 11:01:22 EDT"
"Abilene","Texas","murder","Jan - Mar 2026",7,7,0,2,1,3,50,200,124413,1,"2026-05-18 11:01:22 EDT"
"Abilene","Texas","property_crime","Jan - Mar 2026",2297,2125,-7.48802786242926,540,492,522,-3.33333333333333,6.09756097560976,124413,1,"2026-05-18 11:01:22 EDT"
"Abilene","Texas","rape","Jan - Mar 2026",93,85,-8.60215053763441,21,27,12,-42.8571428571429,-55.5555555555556,124413,1,"2026-05-18 11:01:22 EDT"
"Abilene","Texas","robbery","Jan - Mar 2026",60,52,-13.3333333333333,12,14,6,-50,-57.1428571428571,124413,1,"2026-05-18 11:01:22 EDT"
"Abilene","Texas","theft","Jan - Mar 2026",1700,1562,-8.11764705882353,382,375,382,0,1.86666666666667,124413,1,"2026-05-18 11:01:22 EDT"
"Abilene","Texas","violent_crime","Jan - Mar 2026",555,597,7.56756756756757,120,125,130,8.33333333333333,4,124413,1,"2026-05-18 11:01:22 EDT"
"Abington","Pennsylvania","aggravated_assault","Jan - Mar 2026",36,21,-41.6666666666667,8,1,7,-12.5,600,58429,1,"2026-05-18 11:01:22 EDT"
"Abington","Pennsylvania","burglary","Jan - Mar 2026",28,22,-21.4285714285714,4,4,13,225,225,58429,1,"2026-05-18 11:01:22 EDT"
"Abington","Pennsylvania","motor_vehicle_theft","Jan - Mar 2026",74,65,-12.1621621621622,13,18,10,-23.0769230769231,-44.4444444444444,58429,1,"2026-05-18 11:01:22 EDT"
"Abington","Pennsylvania","murder","Jan - Mar 2026",0,1,Inf,0,0,0,NA,NA,58429,1,"2026-05-18 11:01:22 EDT"
"Abington","Pennsylvania","property_crime","Jan - Mar 2026",1208,1020,-15.5629139072848,259,227,194,-25.0965250965251,-14.5374449339207,58429,1,"2026-05-18 11:01:22 EDT"
"Abington","Pennsylvania","rape","Jan - Mar 2026",8,7,-12.5,4,1,3,-25,200,58429,1,"2026-05-18 11:01:22 EDT"
"Abington","Pennsylvania","robbery","Jan - Mar 2026",29,9,-68.9655172413793,5,5,5,0,0,58429,1,"2026-05-18 11:01:22 EDT"
"Abington","Pennsylvania","theft","Jan - Mar 2026",1106,933,-15.6419529837251,242,205,171,-29.3388429752066,-16.5853658536585,58429,1,"2026-05-18 11:01:22 EDT"
"Abington","Pennsylvania","violent_crime","Jan - Mar 2026",73,38,-47.945205479452,17,7,15,-11.7647058823529,114.285714285714,58429,1,"2026-05-18 11:01:22 EDT"
"Ada County","Idaho","aggravated_assault","Jan - Mar 2026",147,153,4.08163265306122,38,36,34,-10.5263157894737,-5.55555555555556,144346,1,"2026-05-18 11:01:22 EDT"
"Ada County","Idaho","burglary","Jan - Mar 2026",78,67,-14.1025641025641,23,18,16,-30.4347826086957,-11.1111111111111,144346,1,"2026-05-18 11:01:22 EDT"
"Ada County","Idaho","motor_vehicle_theft","Jan - Mar 2026",62,35,-43.5483870967742,18,7,7,-61.1111111111111,0,144346,1,"2026-05-18 11:01:22 EDT"
"Ada County","Idaho","murder","Jan - Mar 2026",2,1,-50,0,0,0,NA,NA,144346,1,"2026-05-18 11:01:22 EDT"
"Ada County","Idaho","property_crime","Jan - Mar 2026",561,474,-15.5080213903743,160,96,89,-44.375,-7.29166666666667,144346,1,"2026-05-18 11:01:22 EDT"
"Ada County","Idaho","rape","Jan - Mar 2026",61,68,11.4754098360656,15,9,4,-73.3333333333333,-55.5555555555556,144346,1,"2026-05-18 11:01:22 EDT"
"Ada County","Idaho","robbery","Jan - Mar 2026",6,2,-66.6666666666667,1,0,1,0,Inf,144346,1,"2026-05-18 11:01:22 EDT"
"Ada County","Idaho","theft","Jan - Mar 2026",421,372,-11.6389548693587,119,71,66,-44.5378151260504,-7.04225352112676,144346,1,"2026-05-18 11:01:22 EDT"
"Ada County","Idaho","violent_crime","Jan - Mar 2026",216,224,3.7037037037037,54,45,39,-27.7777777777778,-13.3333333333333,144346,1,"2026-05-18 11:01:22 EDT"
"Adams County","Colorado","aggravated_assault","Jan - Mar 2026",328,285,-13.109756097561,66,38,63,-4.54545454545455,65.7894736842105,103829,1,"2026-05-18 11:01:22 EDT"
"Adams County","Colorado","burglary","Jan - Mar 2026",231,219,-5.19480519480519,38,52,52,36.8421052631579,0,103829,1,"2026-05-18 11:01:22 EDT"
"Adams County","Colorado","motor_vehicle_theft","Jan - Mar 2026",764,565,-26.0471204188482,131,151,94,-28.2442748091603,-37.7483443708609,103829,1,"2026-05-18 11:01:22 EDT"
"Adams County","Colorado","murder","Jan - Mar 2026",6,2,-66.6666666666667,2,0,6,200,Inf,103829,1,"2026-05-18 11:01:22 EDT"
"Adams County","Colorado","property_crime","Jan - Mar 2026",2181,1952,-10.4997707473636,327,490,385,17.737003058104,-21.4285714285714,103829,1,"2026-05-18 11:01:22 EDT"
"Adams County","Colorado","rape","Jan - Mar 2026",54,60,11.1111111111111,9,5,12,33.3333333333333,140,103829,1,"2026-05-18 11:01:22 EDT"
"Adams County","Colorado","robbery","Jan - Mar 2026",53,36,-32.0754716981132,12,7,13,8.33333333333333,85.7142857142857,103829,1,"2026-05-18 11:01:22 EDT"
"Adams County","Colorado","theft","Jan - Mar 2026",1186,1168,-1.5177065767285,158,287,239,51.2658227848101,-16.7247386759582,103829,1,"2026-05-18 11:01:22 EDT"
"Adams County","Colorado","violent_crime","Jan - Mar 2026",441,383,-13.1519274376417,89,50,94,5.61797752808989,88,103829,1,"2026-05-18 11:01:22 EDT"
"Agencies of 100K - 250K","Nationwide","aggravated_assault","Jan - Mar 2026",68803,65621,-4.6247983372818,15405,14874,14436,-6.29016553067186,-2.94473578055668,25269667,179,"2026-05-18 11:01:22 EDT"
"Agencies of 100K - 250K","Nationwide","burglary","Jan - Mar 2026",62936,51754,-17.7672556247617,15453,13033,10389,-32.7703358571151,-20.2869638609683,25269667,179,"2026-05-18 11:01:22 EDT"
"Agencies of 100K - 250K","Nationwide","motor_vehicle_theft","Jan - Mar 2026",68394,50361,-26.3663479252566,16939,13129,9853,-41.8324576421276,-24.9523954604311,25269667,179,"2026-05-18 11:01:22 EDT"
"Agencies of 100K - 250K","Nationwide","murder","Jan - Mar 2026",1306,1159,-11.2557427258806,318,312,238,-25.1572327044025,-23.7179487179487,25269667,179,"2026-05-18 11:01:22 EDT"
"Agencies of 100K - 250K","Nationwide","property_crime","Jan - Mar 2026",460513,398739,-13.4141707183076,111014,97696,84556,-23.8330300682797,-13.4498853586636,25269667,179,"2026-05-18 11:01:22 EDT"
"Agencies of 100K - 250K","Nationwide","rape","Jan - Mar 2026",10424,10036,-3.72217958557176,2544,2463,2125,-16.4701257861635,-13.723101908242,25269667,179,"2026-05-18 11:01:22 EDT"
"Agencies of 100K - 250K","Nationwide","robbery","Jan - Mar 2026",14600,12005,-17.7739726027397,3413,2937,2397,-29.7685320832113,-18.3861082737487,25269667,179,"2026-05-18 11:01:22 EDT"
"Agencies of 100K - 250K","Nationwide","theft","Jan - Mar 2026",329183,296624,-9.89085098562198,78622,71534,64314,-18.1984686220142,-10.093102580591,25269667,179,"2026-05-18 11:01:22 EDT"
"Agencies of 100K - 250K","Nationwide","violent_crime","Jan - Mar 2026",95133,88821,-6.63492163602535,21680,20586,19196,-11.4575645756458,-6.7521616632663,25269667,179,"2026-05-18 11:01:22 EDT"
"Agencies of 1M+","Nationwide","aggravated_assault","Jan - Mar 2026",142029,129828,-8.59049912341846,32346,29975,29109,-10.0074197736969,-2.88907422852377,31356426,14,"2026-05-18 11:01:22 EDT"
"Agencies of 1M+","Nationwide","burglary","Jan - Mar 2026",104160,89749,-13.83544546851,26072,23650,18801,-27.8881558760356,-20.5031712473573,31356426,14,"2026-05-18 11:01:22 EDT"
"Agencies of 1M+","Nationwide","motor_vehicle_theft","Jan - Mar 2026",171158,140974,-17.635167506047,45051,35074,29202,-35.1801291869215,-16.7417460226949,31356426,14,"2026-05-18 11:01:22 EDT"
"Agencies of 1M+","Nationwide","murder","Jan - Mar 2026",2886,2374,-17.7408177408177,695,564,462,-33.5251798561151,-18.0851063829787,31356426,14,"2026-05-18 11:01:22 EDT"
"Agencies of 1M+","Nationwide","property_crime","Jan - Mar 2026",790905,703316,-11.074528546412,197819,173329,154354,-21.9721058139006,-10.9473890693421,31356426,14,"2026-05-18 11:01:22 EDT"
"Agencies of 1M+","Nationwide","rape","Jan - Mar 2026",12605,12099,-4.01428004760016,2947,2919,2811,-4.61486257210723,-3.69989722507708,31356426,14,"2026-05-18 11:01:22 EDT"
"Agencies of 1M+","Nationwide","robbery","Jan - Mar 2026",60738,49847,-17.9311139648984,14862,11796,10285,-30.796662629525,-12.8094269243811,31356426,14,"2026-05-18 11:01:22 EDT"
"Agencies of 1M+","Nationwide","theft","Jan - Mar 2026",515587,472593,-8.33884485062657,126696,114605,106351,-16.0581233819537,-7.20212905196108,31356426,14,"2026-05-18 11:01:22 EDT"
"Agencies of 1M+","Nationwide","violent_crime","Jan - Mar 2026",218258,194148,-11.0465595762813,50850,45254,42667,-16.0924287118977,-5.71662173509524,31356426,14,"2026-05-18 11:01:22 EDT"
"Agencies of 250K - 1M","Nationwide","aggravated_assault","Jan - Mar 2026",153503,141489,-7.82655713569116,34222,32124,31315,-8.49453567880311,-2.51836633046943,37714372,79,"2026-05-18 11:01:22 EDT"
"Agencies of 250K - 1M","Nationwide","burglary","Jan - Mar 2026",139446,119677,-14.1768139638283,33707,29456,24881,-26.1844720681164,-15.5316404128191,37714372,79,"2026-05-18 11:01:22 EDT"
"Agencies of 250K - 1M","Nationwide","motor_vehicle_theft","Jan - Mar 2026",209958,154358,-26.4814867735452,54389,39650,31069,-42.8763169023148,-21.6418663303909,37714372,79,"2026-05-18 11:01:22 EDT"
"Agencies of 250K - 1M","Nationwide","murder","Jan - Mar 2026",3806,3002,-21.1245401996847,899,728,563,-37.3748609566185,-22.6648351648352,37714372,79,"2026-05-18 11:01:22 EDT"
"Agencies of 250K - 1M","Nationwide","property_crime","Jan - Mar 2026",1061118,925260,-12.8032886069221,254791,223676,198279,-22.1797473223152,-11.3543697133354,37714372,79,"2026-05-18 11:01:22 EDT"
"Agencies of 250K - 1M","Nationwide","rape","Jan - Mar 2026",18910,16997,-10.11634056055,4608,4124,3755,-18.5112847222222,-8.94762366634336,37714372,79,"2026-05-18 11:01:22 EDT"
"Agencies of 250K - 1M","Nationwide","robbery","Jan - Mar 2026",48416,38456,-20.5717118307997,11426,9489,7746,-32.2072466304919,-18.3686373695858,37714372,79,"2026-05-18 11:01:22 EDT"
"Agencies of 250K - 1M","Nationwide","theft","Jan - Mar 2026",711714,651225,-8.49906001568046,166695,154570,142329,-14.6171150904346,-7.91938927346833,37714372,79,"2026-05-18 11:01:22 EDT"
"Agencies of 250K - 1M","Nationwide","violent_crime","Jan - Mar 2026",224635,199944,-10.9916086095221,51155,46465,43379,-15.2008601309745,-6.64155816205746,37714372,79,"2026-05-18 11:01:22 EDT"
"Agencies of < 100K","Nationwide","aggravated_assault","Jan - Mar 2026",43885,41793,-4.76700467129999,10005,9241,9096,-9.08545727136432,-1.56909425386863,19726595,285,"2026-05-18 11:01:22 EDT"
"Agencies of < 100K","Nationwide","burglary","Jan - Mar 2026",44935,36067,-19.7351730277067,10706,8648,7398,-30.8985615542686,-14.4542090656799,19726595,285,"2026-05-18 11:01:22 EDT"
"Agencies of < 100K","Nationwide","motor_vehicle_theft","Jan - Mar 2026",41362,31564,-23.6884096513708,10808,7887,6040,-44.1154700222058,-23.4182832509192,19726595,285,"2026-05-18 11:01:22 EDT"
"Agencies of < 100K","Nationwide","murder","Jan - Mar 2026",717,602,-16.0390516039052,178,141,135,-24.1573033707865,-4.25531914893617,19726595,285,"2026-05-18 11:01:22 EDT"
"Agencies of < 100K","Nationwide","property_crime","Jan - Mar 2026",383964,338326,-11.8860101467846,92858,80246,70934,-23.6102435977514,-11.6043167260673,19726595,285,"2026-05-18 11:01:22 EDT"
"Agencies of < 100K","Nationwide","rape","Jan - Mar 2026",8165,8119,-0.563380281690141,1962,1950,1738,-11.4169215086646,-10.8717948717949,19726595,285,"2026-05-18 11:01:22 EDT"
"Agencies of < 100K","Nationwide","robbery","Jan - Mar 2026",9287,7577,-18.4128351459029,2240,1790,1551,-30.7589285714286,-13.3519553072626,19726595,285,"2026-05-18 11:01:22 EDT"
"Agencies of < 100K","Nationwide","theft","Jan - Mar 2026",297667,270695,-9.06113207040082,71344,63711,57496,-19.4101816550796,-9.75498736481926,19726595,285,"2026-05-18 11:01:22 EDT"
"Agencies of < 100K","Nationwide","violent_crime","Jan - Mar 2026",62054,58091,-6.38637315886164,14385,13122,12520,-12.9648939867918,-4.58771528730376,19726595,285,"2026-05-18 11:01:22 EDT"
"Aiken County","South Carolina","aggravated_assault","Jan - Mar 2026",239,258,7.94979079497908,65,61,58,-10.7692307692308,-4.91803278688525,112764,1,"2026-05-18 11:01:22 EDT"
"Aiken County","South Carolina","burglary","Jan - Mar 2026",488,366,-25,131,87,58,-55.7251908396947,-33.3333333333333,112764,1,"2026-05-18 11:01:22 EDT"
"Aiken County","South Carolina","motor_vehicle_theft","Jan - Mar 2026",293,253,-13.6518771331058,76,54,70,-7.89473684210526,29.6296296296296,112764,1,"2026-05-18 11:01:22 EDT"
"Aiken County","South Carolina","murder","Jan - Mar 2026",8,10,25,2,4,2,0,-50,112764,1,"2026-05-18 11:01:22 EDT"
"Aiken County","South Carolina","property_crime","Jan - Mar 2026",2058,1721,-16.3751214771623,540,367,391,-27.5925925925926,6.53950953678474,112764,1,"2026-05-18 11:01:22 EDT"
"Aiken County","South Carolina","rape","Jan - Mar 2026",31,34,9.67741935483871,5,11,8,60,-27.2727272727273,112764,1,"2026-05-18 11:01:22 EDT"
"Aiken County","South Carolina","robbery","Jan - Mar 2026",23,17,-26.0869565217391,5,2,0,-100,-100,112764,1,"2026-05-18 11:01:22 EDT"
"Aiken County","South Carolina","theft","Jan - Mar 2026",1277,1102,-13.7039937353171,333,226,263,-21.021021021021,16.3716814159292,112764,1,"2026-05-18 11:01:22 EDT"
"Aiken County","South Carolina","violent_crime","Jan - Mar 2026",301,319,5.98006644518272,77,78,68,-11.6883116883117,-12.8205128205128,112764,1,"2026-05-18 11:01:22 EDT"
"Akron","Ohio","aggravated_assault","Jan - Jan 2026",1209,1330,10.0082712985939,70,66,86,22.8571428571429,30.3030303030303,188223,1,"2026-05-18 11:01:22 EDT"
"Akron","Ohio","burglary","Jan - Jan 2026",708,680,-3.95480225988701,49,57,47,-4.08163265306122,-17.5438596491228,188223,1,"2026-05-18 11:01:22 EDT"
"Akron","Ohio","motor_vehicle_theft","Jan - Jan 2026",843,648,-23.1316725978648,51,57,60,17.6470588235294,5.26315789473684,188223,1,"2026-05-18 11:01:22 EDT"
"Akron","Ohio","murder","Jan - Jan 2026",24,24,0,0,0,2,Inf,Inf,188223,1,"2026-05-18 11:01:22 EDT"
"Akron","Ohio","property_crime","Jan - Jan 2026",0,0,NA,0,0,0,NA,NA,188223,1,"2026-05-18 11:01:22 EDT"
"Akron","Ohio","rape","Jan - Jan 2026",231,229,-0.865800865800866,10,20,18,80,-10,188223,1,"2026-05-18 11:01:22 EDT"
"Akron","Ohio","robbery","Jan - Jan 2026",173,161,-6.9364161849711,10,8,13,30,62.5,188223,1,"2026-05-18 11:01:22 EDT"
"Akron","Ohio","theft","Jan - Jan 2026",4853,4579,-5.64599216979188,266,386,304,14.2857142857143,-21.2435233160622,188223,1,"2026-05-18 11:01:22 EDT"
"Akron","Ohio","violent_crime","Jan - Jan 2026",0,0,NA,0,0,0,NA,NA,188223,1,"2026-05-18 11:01:22 EDT"
"Alameda","California","aggravated_assault","Jan - Mar 2026",122,164,34.4262295081967,27,31,28,3.7037037037037,-9.67741935483871,74458,1,"2026-05-18 11:01:22 EDT"
"Alameda","California","burglary","Jan - Mar 2026",194,185,-4.63917525773196,43,68,62,44.1860465116279,-8.82352941176471,74458,1,"2026-05-18 11:01:22 EDT"
"Alameda","California","motor_vehicle_theft","Jan - Mar 2026",955,517,-45.8638743455497,329,107,95,-71.1246200607903,-11.214953271028,74458,1,"2026-05-18 11:01:22 EDT"
"Alameda","California","murder","Jan - Mar 2026",6,0,-100,0,0,0,NA,NA,74458,1,"2026-05-18 11:01:22 EDT"
"Alameda","California","property_crime","Jan - Mar 2026",3678,2793,-24.0619902120718,1065,647,684,-35.7746478873239,5.71870170015456,74458,1,"2026-05-18 11:01:22 EDT"
"Alameda","California","rape","Jan - Mar 2026",19,21,10.5263157894737,2,4,6,200,50,74458,1,"2026-05-18 11:01:22 EDT"
"Alameda","California","robbery","Jan - Mar 2026",93,89,-4.3010752688172,20,32,22,10,-31.25,74458,1,"2026-05-18 11:01:22 EDT"
"Alameda","California","theft","Jan - Mar 2026",2529,2091,-17.3190984578885,693,472,527,-23.953823953824,11.6525423728814,74458,1,"2026-05-18 11:01:22 EDT"
"Alameda","California","violent_crime","Jan - Mar 2026",240,274,14.1666666666667,49,67,56,14.2857142857143,-16.4179104477612,74458,1,"2026-05-18 11:01:22 EDT"
"Alameda County","California","aggravated_assault","Jan - Mar 2026",541,460,-14.9722735674677,132,117,111,-15.9090909090909,-5.12820512820513,165271,1,"2026-05-18 11:01:22 EDT"
"Alameda County","California","burglary","Jan - Mar 2026",258,183,-29.0697674418605,68,50,27,-60.2941176470588,-46,165271,1,"2026-05-18 11:01:22 EDT"
"Alameda County","California","motor_vehicle_theft","Jan - Mar 2026",715,451,-36.9230769230769,243,124,97,-60.082304526749,-21.7741935483871,165271,1,"2026-05-18 11:01:22 EDT"
"Alameda County","California","murder","Jan - Mar 2026",8,3,-62.5,5,1,1,-80,0,165271,1,"2026-05-18 11:01:22 EDT"
"Alameda County","California","property_crime","Jan - Mar 2026",2186,1945,-11.0247026532479,635,451,464,-26.9291338582677,2.88248337028825,165271,1,"2026-05-18 11:01:22 EDT"
"Alameda County","California","rape","Jan - Mar 2026",36,24,-33.3333333333333,11,7,9,-18.1818181818182,28.5714285714286,165271,1,"2026-05-18 11:01:22 EDT"
"Alameda County","California","robbery","Jan - Mar 2026",196,143,-27.0408163265306,67,38,38,-43.2835820895522,0,165271,1,"2026-05-18 11:01:22 EDT"
"Alameda County","California","theft","Jan - Mar 2026",1213,1311,8.07914262159934,324,277,340,4.93827160493827,22.7436823104693,165271,1,"2026-05-18 11:01:22 EDT"
"Alameda County","California","violent_crime","Jan - Mar 2026",781,630,-19.3341869398207,215,163,159,-26.046511627907,-2.45398773006135,165271,1,"2026-05-18 11:01:22 EDT"
"Albany","Georgia","aggravated_assault","Jan - Mar 2026",494,522,5.66801619433198,110,128,104,-5.45454545454545,-18.75,66169,1,"2026-05-18 11:01:22 EDT"
"Albany","Georgia","burglary","Jan - Mar 2026",362,407,12.4309392265193,68,74,74,8.82352941176471,0,66169,1,"2026-05-18 11:01:22 EDT"
"Albany","Georgia","motor_vehicle_theft","Jan - Mar 2026",235,213,-9.36170212765957,44,61,59,34.0909090909091,-3.27868852459016,66169,1,"2026-05-18 11:01:22 EDT"
"Albany","Georgia","murder","Jan - Mar 2026",17,22,29.4117647058824,3,4,3,0,-25,66169,1,"2026-05-18 11:01:22 EDT"
"Albany","Georgia","property_crime","Jan - Mar 2026",2581,2529,-2.01472297559086,567,557,522,-7.93650793650794,-6.28366247755835,66169,1,"2026-05-18 11:01:22 EDT"
"Albany","Georgia","rape","Jan - Mar 2026",39,62,58.974358974359,6,20,12,100,-40,66169,1,"2026-05-18 11:01:22 EDT"
"Albany","Georgia","robbery","Jan - Mar 2026",81,71,-12.3456790123457,24,13,13,-45.8333333333333,0,66169,1,"2026-05-18 11:01:22 EDT"
"Albany","Georgia","theft","Jan - Mar 2026",1984,1909,-3.78024193548387,455,422,389,-14.5054945054945,-7.81990521327014,66169,1,"2026-05-18 11:01:22 EDT"
"Albany","Georgia","violent_crime","Jan - Mar 2026",631,677,7.29001584786054,143,165,132,-7.69230769230769,-20,66169,1,"2026-05-18 11:01:22 EDT"
"Albany","New York","aggravated_assault","Jan - Mar 2026",570,541,-5.08771929824561,126,124,71,-43.6507936507937,-42.741935483871,102095,1,"2026-05-18 11:01:22 EDT"
"Albany","New York","burglary","Jan - Mar 2026",319,324,1.56739811912226,77,76,42,-45.4545454545455,-44.7368421052632,102095,1,"2026-05-18 11:01:22 EDT"
"Albany","New York","motor_vehicle_theft","Jan - Mar 2026",294,225,-23.469387755102,68,51,33,-51.4705882352941,-35.2941176470588,102095,1,"2026-05-18 11:01:22 EDT"
"Albany","New York","murder","Jan - Mar 2026",9,10,11.1111111111111,4,3,1,-75,-66.6666666666667,102095,1,"2026-05-18 11:01:22 EDT"
"Albany","New York","property_crime","Jan - Mar 2026",0,0,NA,0,0,0,NA,NA,102095,1,"2026-05-18 11:01:22 EDT"
"Albany","New York","rape","Jan - Mar 2026",78,53,-32.0512820512821,12,18,7,-41.6666666666667,-61.1111111111111,102095,1,"2026-05-18 11:01:22 EDT"
"Albany","New York","robbery","Jan - Mar 2026",183,235,28.4153005464481,42,33,23,-45.2380952380952,-30.3030303030303,102095,1,"2026-05-18 11:01:22 EDT"
"Albany","New York","theft","Jan - Mar 2026",2322,2121,-8.65633074935401,550,416,313,-43.0909090909091,-24.7596153846154,102095,1,"2026-05-18 11:01:22 EDT"
"Albany","New York","violent_crime","Jan - Mar 2026",0,0,NA,0,0,0,NA,NA,102095,1,"2026-05-18 11:01:22 EDT"
"Albany","Oregon","aggravated_assault","Jan - Mar 2026",70,55,-21.4285714285714,16,10,12,-25,20,47795,1,"2026-05-18 11:01:22 EDT"
"Albany","Oregon","burglary","Jan - Mar 2026",94,66,-29.7872340425532,24,21,10,-58.3333333333333,-52.3809523809524,47795,1,"2026-05-18 11:01:22 EDT"
"Albany","Oregon","motor_vehicle_theft","Jan - Mar 2026",46,42,-8.69565217391304,8,7,11,37.5,57.1428571428571,47795,1,"2026-05-18 11:01:22 EDT"
"Albany","Oregon","murder","Jan - Mar 2026",0,0,NA,0,0,0,NA,NA,47795,1,"2026-05-18 11:01:22 EDT"
"Albany","Oregon","property_crime","Jan - Mar 2026",1064,874,-17.8571428571429,230,153,259,12.6086956521739,69.281045751634,47795,1,"2026-05-18 11:01:22 EDT"
"Albany","Oregon","rape","Jan - Mar 2026",21,19,-9.52380952380952,4,5,5,25,0,47795,1,"2026-05-18 11:01:22 EDT"
"Albany","Oregon","robbery","Jan - Mar 2026",21,15,-28.5714285714286,2,3,1,-50,-66.6666666666667,47795,1,"2026-05-18 11:01:22 EDT"
"Albany","Oregon","theft","Jan - Mar 2026",924,766,-17.0995670995671,198,125,238,20.2020202020202,90.4,47795,1,"2026-05-18 11:01:22 EDT"
"Albany","Oregon","violent_crime","Jan - Mar 2026",112,89,-20.5357142857143,22,18,18,-18.1818181818182,0,47795,1,"2026-05-18 11:01:22 EDT"
"Albemarle County","Virginia","aggravated_assault","Jan - Mar 2026",74,52,-29.7297297297297,25,6,12,-52,100,117655,1,"2026-05-18 11:01:22 EDT"
"Albemarle County","Virginia","burglary","Jan - Mar 2026",73,57,-21.9178082191781,13,17,1,-92.3076923076923,-94.1176470588235,117655,1,"2026-05-18 11:01:22 EDT"
"Albemarle County","Virginia","motor_vehicle_theft","Jan - Mar 2026",118,73,-38.135593220339,35,15,9,-74.2857142857143,-40,117655,1,"2026-05-18 11:01:22 EDT"
"Albemarle County","Virginia","murder","Jan - Mar 2026",2,5,150,1,4,0,-100,-100,117655,1,"2026-05-18 11:01:22 EDT"
"Albemarle County","Virginia","property_crime","Jan - Mar 2026",1540,1383,-10.1948051948052,358,318,200,-44.1340782122905,-37.1069182389937,117655,1,"2026-05-18 11:01:22 EDT"
"Albemarle County","Virginia","rape","Jan - Mar 2026",33,31,-6.06060606060606,8,5,6,-25,20,117655,1,"2026-05-18 11:01:22 EDT"
"Albemarle County","Virginia","robbery","Jan - Mar 2026",15,5,-66.6666666666667,3,3,3,0,0,117655,1,"2026-05-18 11:01:22 EDT"
"Albemarle County","Virginia","theft","Jan - Mar 2026",1349,1253,-7.11638250555967,310,286,190,-38.7096774193548,-33.5664335664336,117655,1,"2026-05-18 11:01:22 EDT"
"Albemarle County","Virginia","violent_crime","Jan - Mar 2026",124,93,-25,37,18,21,-43.2432432432432,16.6666666666667,117655,1,"2026-05-18 11:01:22 EDT"
"Albuquerque","New Mexico","aggravated_assault","Jan - Mar 2026",0,0,NA,0,0,0,NA,NA,558745,1,"2026-05-18 11:01:22 EDT"
"Albuquerque","New Mexico","burglary","Jan - Mar 2026",0,0,NA,0,0,0,NA,NA,558745,1,"2026-05-18 11:01:22 EDT"
"Albuquerque","New Mexico","motor_vehicle_theft","Jan - Mar 2026",0,0,NA,0,0,0,NA,NA,558745,1,"2026-05-18 11:01:22 EDT"
"Albuquerque","New Mexico","murder","Jan - Mar 2026",96,66,-31.25,21,11,11,-47.6190476190476,0,558745,1,"2026-05-18 11:01:22 EDT"
"Albuquerque","New Mexico","property_crime","Jan - Mar 2026",0,0,NA,0,0,0,NA,NA,558745,1,"2026-05-18 11:01:22 EDT"
"Albuquerque","New Mexico","rape","Jan - Mar 2026",0,0,NA,0,0,0,NA,NA,558745,1,"2026-05-18 11:01:22 EDT"
"Albuquerque","New Mexico","robbery","Jan - Mar 2026",0,0,NA,0,0,0,NA,NA,558745,1,"2026-05-18 11:01:22 EDT"
"Albuquerque","New Mexico","theft","Jan - Mar 2026",0,0,NA,0,0,0,NA,NA,558745,1,"2026-05-18 11:01:22 EDT"
"Albuquerque","New Mexico","violent_crime","Jan - Mar 2026",96,66,-31.25,21,11,11,-47.6190476190476,0,558745,1,"2026-05-18 11:01:22 EDT"
"Alhambra","California","aggravated_assault","Jan - Mar 2026",92,71,-22.8260869565217,21,17,32,52.3809523809524,88.2352941176471,78840,1,"2026-05-18 11:01:22 EDT"
"Alhambra","California","burglary","Jan - Mar 2026",266,209,-21.4285714285714,66,74,29,-56.0606060606061,-60.8108108108108,78840,1,"2026-05-18 11:01:22 EDT"
"Alhambra","California","motor_vehicle_theft","Jan - Mar 2026",217,164,-24.4239631336406,75,61,20,-73.3333333333333,-67.2131147540984,78840,1,"2026-05-18 11:01:22 EDT"
"Alhambra","California","murder","Jan - Mar 2026",1,2,100,0,0,0,NA,NA,78840,1,"2026-05-18 11:01:22 EDT"
"Alhambra","California","property_crime","Jan - Mar 2026",1961,1562,-20.3467618561958,527,466,350,-33.5863377609108,-24.8927038626609,78840,1,"2026-05-18 11:01:22 EDT"
"Alhambra","California","rape","Jan - Mar 2026",8,12,50,2,1,0,-100,-100,78840,1,"2026-05-18 11:01:22 EDT"
"Alhambra","California","robbery","Jan - Mar 2026",75,56,-25.3333333333333,27,15,12,-55.5555555555556,-20,78840,1,"2026-05-18 11:01:22 EDT"
"Alhambra","California","theft","Jan - Mar 2026",1478,1189,-19.553450608931,386,331,301,-22.020725388601,-9.06344410876133,78840,1,"2026-05-18 11:01:22 EDT"
"Alhambra","California","violent_crime","Jan - Mar 2026",176,141,-19.8863636363636,50,33,44,-12,33.3333333333333,78840,1,"2026-05-18 11:01:22 EDT"
"Aliso Viejo","California","aggravated_assault","Jan - Mar 2026",55,51,-7.27272727272727,8,14,14,75,0,50736,1,"2026-05-18 11:01:22 EDT"
"Aliso Viejo","California","burglary","Jan - Mar 2026",43,24,-44.1860465116279,3,8,4,33.3333333333333,-50,50736,1,"2026-05-18 11:01:22 EDT"
"Aliso Viejo","California","motor_vehicle_theft","Jan - Mar 2026",67,42,-37.3134328358209,11,2,13,18.1818181818182,550,50736,1,"2026-05-18 11:01:22 EDT"
"Aliso Viejo","California","murder","Jan - Mar 2026",0,0,NA,0,0,0,NA,NA,50736,1,"2026-05-18 11:01:22 EDT"
"Aliso Viejo","California","property_crime","Jan - Mar 2026",431,308,-28.538283062645,99,78,65,-34.3434343434343,-16.6666666666667,50736,1,"2026-05-18 11:01:22 EDT"
"Aliso Viejo","California","rape","Jan - Mar 2026",0,2,Inf,0,0,0,NA,NA,50736,1,"2026-05-18 11:01:22 EDT"
"Aliso Viejo","California","robbery","Jan - Mar 2026",13,7,-46.1538461538462,1,1,1,0,0,50736,1,"2026-05-18 11:01:22 EDT"
"Aliso Viejo","California","theft","Jan - Mar 2026",321,242,-24.6105919003115,85,68,48,-43.5294117647059,-29.4117647058824,50736,1,"2026-05-18 11:01:22 EDT"
"Aliso Viejo","California","violent_crime","Jan - Mar 2026",68,60,-11.7647058823529,9,15,15,66.6666666666667,0,50736,1,"2026-05-18 11:01:22 EDT"
"Allen","Texas","aggravated_assault","Jan - Mar 2026",83,66,-20.4819277108434,18,10,11,-38.8888888888889,10,113737,1,"2026-05-18 11:01:22 EDT"
"Allen","Texas","burglary","Jan - Mar 2026",71,57,-19.7183098591549,21,11,8,-61.9047619047619,-27.2727272727273,113737,1,"2026-05-18 11:01:22 EDT"
"Allen","Texas","motor_vehicle_theft","Jan - Mar 2026",101,40,-60.3960396039604,25,17,6,-76,-64.7058823529412,113737,1,"2026-05-18 11:01:22 EDT"
"Allen","Texas","murder","Jan - Mar 2026",0,1,Inf,0,0,0,NA,NA,113737,1,"2026-05-18 11:01:22 EDT"
"Allen","Texas","property_crime","Jan - Mar 2026",1005,811,-19.3034825870647,241,204,154,-36.0995850622407,-24.5098039215686,113737,1,"2026-05-18 11:01:22 EDT"
"Allen","Texas","rape","Jan - Mar 2026",29,12,-58.6206896551724,9,2,2,-77.7777777777778,0,113737,1,"2026-05-18 11:01:22 EDT"
"Allen","Texas","robbery","Jan - Mar 2026",11,9,-18.1818181818182,4,1,2,-50,100,113737,1,"2026-05-18 11:01:22 EDT"
"Allen","Texas","theft","Jan - Mar 2026",833,714,-14.2857142857143,195,176,140,-28.2051282051282,-20.4545454545455,113737,1,"2026-05-18 11:01:22 EDT"
"Allen","Texas","violent_crime","Jan - Mar 2026",123,88,-28.4552845528455,31,13,15,-51.6129032258064,15.3846153846154,113737,1,"2026-05-18 11:01:22 EDT"
"Allentown","Pennsylvania","aggravated_assault","Jan - Mar 2026",231,186,-19.4805194805195,52,43,53,1.92307692307692,23.2558139534884,124599,1,"2026-05-18 11:01:22 EDT"
"Allentown","Pennsylvania","burglary","Jan - Mar 2026",153,135,-11.7647058823529,46,32,29,-36.9565217391304,-9.375,124599,1,"2026-05-18 11:01:22 EDT"
"Allentown","Pennsylvania","motor_vehicle_theft","Jan - Mar 2026",246,205,-16.6666666666667,66,33,43,-34.8484848484849,30.3030303030303,124599,1,"2026-05-18 11:01:22 EDT"
"Allentown","Pennsylvania","murder","Jan - Mar 2026",4,4,0,1,1,1,0,0,124599,1,"2026-05-18 11:01:22 EDT"
"Allentown","Pennsylvania","property_crime","Jan - Mar 2026",1970,1812,-8.02030456852792,531,392,391,-26.3653483992467,-0.255102040816327,124599,1,"2026-05-18 11:01:22 EDT"
"Allentown","Pennsylvania","rape","Jan - Mar 2026",33,55,66.6666666666667,6,17,3,-50,-82.3529411764706,124599,1,"2026-05-18 11:01:22 EDT"
"Allentown","Pennsylvania","robbery","Jan - Mar 2026",72,91,26.3888888888889,21,22,11,-47.6190476190476,-50,124599,1,"2026-05-18 11:01:22 EDT"
"Allentown","Pennsylvania","theft","Jan - Mar 2026",1571,1472,-6.30171865054106,419,327,319,-23.8663484486874,-2.44648318042813,124599,1,"2026-05-18 11:01:22 EDT"
"Allentown","Pennsylvania","violent_crime","Jan - Mar 2026",340,336,-1.17647058823529,80,83,68,-15,-18.0722891566265,124599,1,"2026-05-18 11:01:22 EDT"
"Alpharetta","Georgia","aggravated_assault","Jan - Mar 2026",144,125,-13.1944444444444,36,23,21,-41.6666666666667,-8.69565217391304,67788,1,"2026-05-18 11:01:22 EDT"
"Alpharetta","Georgia","burglary","Jan - Mar 2026",52,40,-23.0769230769231,19,12,7,-63.1578947368421,-41.6666666666667,67788,1,"2026-05-18 11:01:22 EDT"
"Alpharetta","Georgia","motor_vehicle_theft","Jan - Mar 2026",39,28,-28.2051282051282,7,7,3,-57.1428571428571,-57.1428571428571,67788,1,"2026-05-18 11:01:22 EDT"
"Alpharetta","Georgia","murder","Jan - Mar 2026",1,0,-100,0,0,0,NA,NA,67788,1,"2026-05-18 11:01:22 EDT"
"Alpharetta","Georgia","property_crime","Jan - Mar 2026",781,700,-10.371318822023,248,151,110,-55.6451612903226,-27.1523178807947,67788,1,"2026-05-18 11:01:22 EDT"
"Alpharetta","Georgia","rape","Jan - Mar 2026",15,18,20,3,1,1,-66.6666666666667,0,67788,1,"2026-05-18 11:01:22 EDT"
"Alpharetta","Georgia","robbery","Jan - Mar 2026",8,6,-25,4,1,1,-75,0,67788,1,"2026-05-18 11:01:22 EDT"
"Alpharetta","Georgia","theft","Jan - Mar 2026",690,632,-8.40579710144928,222,132,100,-54.954954954955,-24.2424242424242,67788,1,"2026-05-18 11:01:22 EDT"
"Alpharetta","Georgia","violent_crime","Jan - Mar 2026",168,149,-11.3095238095238,43,25,23,-46.5116279069767,-8,67788,1,"2026-05-18 11:01:22 EDT"
"Amarillo","Texas","aggravated_assault","Jan - Feb 2026",1059,825,-22.0963172804533,144,101,125,-13.1944444444444,23.7623762376238,105068,1,"2026-05-18 11:01:22 EDT"
"Amarillo","Texas","burglary","Jan - Feb 2026",769,666,-13.3940182054616,153,85,83,-45.7516339869281,-2.35294117647059,105068,1,"2026-05-18 11:01:22 EDT"
"Amarillo","Texas","motor_vehicle_theft","Jan - Feb 2026",529,480,-9.26275992438563,105,72,62,-40.9523809523809,-13.8888888888889,105068,1,"2026-05-18 11:01:22 EDT"
"Amarillo","Texas","murder","Jan - Feb 2026",17,12,-29.4117647058824,5,1,1,-80,0,105068,1,"2026-05-18 11:01:22 EDT"
"Amarillo","Texas","property_crime","Jan - Feb 2026",0,0,NA,0,0,0,NA,NA,105068,1,"2026-05-18 11:01:22 EDT"
"Amarillo","Texas","rape","Jan - Feb 2026",151,146,-3.3112582781457,29,14,16,-44.8275862068966,14.2857142857143,105068,1,"2026-05-18 11:01:22 EDT"
"Amarillo","Texas","robbery","Jan - Feb 2026",176,141,-19.8863636363636,31,16,10,-67.741935483871,-37.5,105068,1,"2026-05-18 11:01:22 EDT"
"Amarillo","Texas","theft","Jan - Feb 2026",4100,3759,-8.31707317073171,666,688,496,-25.5255255255255,-27.906976744186,105068,1,"2026-05-18 11:01:22 EDT"
"Amarillo","Texas","violent_crime","Jan - Feb 2026",0,0,NA,0,0,0,NA,NA,105068,1,"2026-05-18 11:01:22 EDT"
"Ames","Iowa","aggravated_assault","Jan - Mar 2026",46,30,-34.7826086956522,10,7,7,-30,0,65426,1,"2026-05-18 11:01:22 EDT"
"Ames","Iowa","burglary","Jan - Mar 2026",113,114,0.884955752212389,13,31,24,84.6153846153846,-22.5806451612903,65426,1,"2026-05-18 11:01:22 EDT"
"Ames","Iowa","motor_vehicle_theft","Jan - Mar 2026",58,65,12.0689655172414,9,19,7,-22.2222222222222,-63.1578947368421,65426,1,"2026-05-18 11:01:22 EDT"
"Ames","Iowa","murder","Jan - Mar 2026",0,1,Inf,0,1,2,Inf,100,65426,1,"2026-05-18 11:01:22 EDT"
"Ames","Iowa","property_crime","Jan - Mar 2026",0,0,NA,0,0,0,NA,NA,65426,1,"2026-05-18 11:01:22 EDT"
"Ames","Iowa","rape","Jan - Mar 2026",48,39,-18.75,11,15,9,-18.1818181818182,-40,65426,1,"2026-05-18 11:01:22 EDT"
"Ames","Iowa","robbery","Jan - Mar 2026",5,0,-100,2,0,0,-100,NA,65426,1,"2026-05-18 11:01:22 EDT"
"Ames","Iowa","theft","Jan - Mar 2026",815,701,-13.9877300613497,166,185,106,-36.144578313253,-42.7027027027027,65426,1,"2026-05-18 11:01:22 EDT"
"Ames","Iowa","violent_crime","Jan - Mar 2026",0,0,NA,0,0,0,NA,NA,65426,1,"2026-05-18 11:01:22 EDT"
"Anaheim","California","aggravated_assault","Jan - Mar 2026",1482,1475,-0.472334682860999,365,283,528,44.6575342465753,86.5724381625442,338488,1,"2026-05-18 11:01:22 EDT"
"Anaheim","California","burglary","Jan - Mar 2026",1190,834,-29.9159663865546,317,202,219,-30.9148264984227,8.41584158415842,338488,1,"2026-05-18 11:01:22 EDT"
"Anaheim","California","motor_vehicle_theft","Jan - Mar 2026",1196,979,-18.1438127090301,352,255,190,-46.0227272727273,-25.4901960784314,338488,1,"2026-05-18 11:01:22 EDT"
"Anaheim","California","murder","Jan - Mar 2026",12,9,-25,3,3,2,-33.3333333333333,-33.3333333333333,338488,1,"2026-05-18 11:01:22 EDT"
"Anaheim","California","property_crime","Jan - Mar 2026",7528,6015,-20.0982996811902,1892,1700,1482,-21.6701902748414,-12.8235294117647,338488,1,"2026-05-18 11:01:22 EDT"
"Anaheim","California","rape","Jan - Mar 2026",172,112,-34.8837209302326,34,37,29,-14.7058823529412,-21.6216216216216,338488,1,"2026-05-18 11:01:22 EDT"
"Anaheim","California","robbery","Jan - Mar 2026",359,287,-20.0557103064067,74,87,62,-16.2162162162162,-28.735632183908,338488,1,"2026-05-18 11:01:22 EDT"
"Anaheim","California","theft","Jan - Mar 2026",5142,4202,-18.2808245818748,1223,1243,1073,-12.2649223221586,-13.6765888978278,338488,1,"2026-05-18 11:01:22 EDT"
"Anaheim","California","violent_crime","Jan - Mar 2026",2025,1883,-7.01234567901235,476,410,621,30.4621848739496,51.4634146341463,338488,1,"2026-05-18 11:01:22 EDT"
"Anderson","Indiana","aggravated_assault","Jan - Feb 2026",137,153,11.6788321167883,15,16,22,46.6666666666667,37.5,55355,1,"2026-05-18 11:01:22 EDT"
"Anderson","Indiana","burglary","Jan - Feb 2026",154,164,6.49350649350649,19,26,42,121.052631578947,61.5384615384615,55355,1,"2026-05-18 11:01:22 EDT"
"Anderson","Indiana","motor_vehicle_theft","Jan - Feb 2026",181,173,-4.41988950276243,23,46,18,-21.7391304347826,-60.8695652173913,55355,1,"2026-05-18 11:01:22 EDT"
"Anderson","Indiana","murder","Jan - Feb 2026",4,0,-100,1,0,0,-100,NA,55355,1,"2026-05-18 11:01:22 EDT"
"Anderson","Indiana","property_crime","Jan - Feb 2026",0,0,NA,0,0,0,NA,NA,55355,1,"2026-05-18 11:01:22 EDT"
"Anderson","Indiana","rape","Jan - Feb 2026",38,40,5.26315789473684,3,5,3,0,-40,55355,1,"2026-05-18 11:01:22 EDT"
"Anderson","Indiana","robbery","Jan - Feb 2026",32,25,-21.875,3,0,1,-66.6666666666667,Inf,55355,1,"2026-05-18 11:01:22 EDT"
"Anderson","Indiana","theft","Jan - Feb 2026",980,697,-28.8775510204082,144,112,92,-36.1111111111111,-17.8571428571429,55355,1,"2026-05-18 11:01:22 EDT"
"Anderson","Indiana","violent_crime","Jan - Feb 2026",0,0,NA,0,0,0,NA,NA,55355,1,"2026-05-18 11:01:22 EDT"
"Anderson County","South Carolina","aggravated_assault","Jan - Mar 2026",512,470,-8.203125,93,112,121,30.1075268817204,8.03571428571429,172689,1,"2026-05-18 11:01:22 EDT"
"Anderson County","South Carolina","burglary","Jan - Mar 2026",617,472,-23.5008103727715,153,109,107,-30.0653594771242,-1.8348623853211,172689,1,"2026-05-18 11:01:22 EDT"
"Anderson County","South Carolina","motor_vehicle_theft","Jan - Mar 2026",304,230,-24.3421052631579,66,66,48,-27.2727272727273,-27.2727272727273,172689,1,"2026-05-18 11:01:22 EDT"
"Anderson County","South Carolina","murder","Jan - Mar 2026",7,10,42.8571428571429,2,4,2,0,-50,172689,1,"2026-05-18 11:01:22 EDT"
"Anderson County","South Carolina","property_crime","Jan - Mar 2026",3387,2790,-17.6262178919398,799,642,657,-17.7722152690864,2.33644859813084,172689,1,"2026-05-18 11:01:22 EDT"
"Anderson County","South Carolina","rape","Jan - Mar 2026",85,64,-24.7058823529412,19,20,7,-63.1578947368421,-65,172689,1,"2026-05-18 11:01:22 EDT"
"Anderson County","South Carolina","robbery","Jan - Mar 2026",39,31,-20.5128205128205,7,9,9,28.5714285714286,0,172689,1,"2026-05-18 11:01:22 EDT"
"Anderson County","South Carolina","theft","Jan - Mar 2026",2466,2088,-15.3284671532847,580,467,502,-13.448275862069,7.49464668094218,172689,1,"2026-05-18 11:01:22 EDT"
"Anderson County","South Carolina","violent_crime","Jan - Mar 2026",643,575,-10.5754276827372,121,145,139,14.8760330578512,-4.13793103448276,172689,1,"2026-05-18 11:01:22 EDT"
"Ankeny","Iowa","aggravated_assault","Jan - Mar 2026",91,81,-10.989010989011,34,18,15,-55.8823529411765,-16.6666666666667,76547,1,"2026-05-18 11:01:22 EDT"
"Ankeny","Iowa","burglary","Jan - Mar 2026",49,52,6.12244897959184,10,13,11,10,-15.3846153846154,76547,1,"2026-05-18 11:01:22 EDT"
"Ankeny","Iowa","motor_vehicle_theft","Jan - Mar 2026",66,45,-31.8181818181818,14,14,8,-42.8571428571429,-42.8571428571429,76547,1,"2026-05-18 11:01:22 EDT"
"Ankeny","Iowa","murder","Jan - Mar 2026",0,0,NA,0,0,2,Inf,Inf,76547,1,"2026-05-18 11:01:22 EDT"
"Ankeny","Iowa","property_crime","Jan - Mar 2026",788,811,2.91878172588833,184,177,161,-12.5,-9.03954802259887,76547,1,"2026-05-18 11:01:22 EDT"
"Ankeny","Iowa","rape","Jan - Mar 2026",33,29,-12.1212121212121,3,10,10,233.333333333333,0,76547,1,"2026-05-18 11:01:22 EDT"
"Ankeny","Iowa","robbery","Jan - Mar 2026",5,7,40,2,0,4,100,Inf,76547,1,"2026-05-18 11:01:22 EDT"
"Ankeny","Iowa","theft","Jan - Mar 2026",673,714,6.09212481426449,160,150,142,-11.25,-5.33333333333333,76547,1,"2026-05-18 11:01:22 EDT"
"Ankeny","Iowa","violent_crime","Jan - Mar 2026",129,117,-9.30232558139535,39,28,31,-20.5128205128205,10.7142857142857,76547,1,"2026-05-18 11:01:22 EDT"
"Ann Arbor","Michigan","aggravated_assault","Jan - Mar 2026",279,268,-3.9426523297491,59,46,44,-25.4237288135593,-4.34782608695652,118025,1,"2026-05-18 11:01:22 EDT"
"Ann Arbor","Michigan","burglary","Jan - Mar 2026",187,180,-3.74331550802139,35,31,36,2.85714285714286,16.1290322580645,118025,1,"2026-05-18 11:01:22 EDT"
"Ann Arbor","Michigan","motor_vehicle_theft","Jan - Mar 2026",105,89,-15.2380952380952,27,26,22,-18.5185185185185,-15.3846153846154,118025,1,"2026-05-18 11:01:22 EDT"
"Ann Arbor","Michigan","murder","Jan - Mar 2026",0,2,Inf,0,0,0,NA,NA,118025,1,"2026-05-18 11:01:22 EDT"
"Ann Arbor","Michigan","property_crime","Jan - Mar 2026",2044,2076,1.56555772994129,470,379,453,-3.61702127659574,19.5250659630607,118025,1,"2026-05-18 11:01:22 EDT"
"Ann Arbor","Michigan","rape","Jan - Mar 2026",60,53,-11.6666666666667,16,16,11,-31.25,-31.25,118025,1,"2026-05-18 11:01:22 EDT"
"Ann Arbor","Michigan","robbery","Jan - Mar 2026",24,39,62.5,10,8,6,-40,-25,118025,1,"2026-05-18 11:01:22 EDT"
"Ann Arbor","Michigan","theft","Jan - Mar 2026",1752,1807,3.13926940639269,408,322,395,-3.18627450980392,22.6708074534161,118025,1,"2026-05-18 11:01:22 EDT"
"Ann Arbor","Michigan","violent_crime","Jan - Mar 2026",363,362,-0.275482093663912,85,70,61,-28.2352941176471,-12.8571428571429,118025,1,"2026-05-18 11:01:22 EDT"
"Antioch","California","aggravated_assault","Jan - Mar 2026",506,633,25.098814229249,112,130,136,21.4285714285714,4.61538461538462,117675,1,"2026-05-18 11:01:22 EDT"
"Antioch","California","burglary","Jan - Mar 2026",546,302,-44.6886446886447,159,95,68,-57.2327044025157,-28.4210526315789,117675,1,"2026-05-18 11:01:22 EDT"
"Antioch","California","motor_vehicle_theft","Jan - Mar 2026",1683,927,-44.9197860962567,382,288,144,-62.303664921466,-50,117675,1,"2026-05-18 11:01:22 EDT"
"Antioch","California","murder","Jan - Mar 2026",16,6,-62.5,5,2,1,-80,-50,117675,1,"2026-05-18 11:01:22 EDT"
"Antioch","California","property_crime","Jan - Mar 2026",3943,2748,-30.3068729393863,1022,698,638,-37.573385518591,-8.59598853868195,117675,1,"2026-05-18 11:01:22 EDT"
"Antioch","California","rape","Jan - Mar 2026",36,43,19.4444444444444,8,11,20,150,81.8181818181818,117675,1,"2026-05-18 11:01:22 EDT"
"Antioch","California","robbery","Jan - Mar 2026",241,180,-25.3112033195021,38,39,35,-7.89473684210526,-10.2564102564103,117675,1,"2026-05-18 11:01:22 EDT"
"Antioch","California","theft","Jan - Mar 2026",1714,1519,-11.3768961493582,481,315,426,-11.4345114345114,35.2380952380952,117675,1,"2026-05-18 11:01:22 EDT"
"Antioch","California","violent_crime","Jan - Mar 2026",799,862,7.88485607008761,163,182,192,17.7914110429448,5.49450549450549,117675,1,"2026-05-18 11:01:22 EDT"
"Apex","North Carolina","aggravated_assault","Jan - Mar 2026",27,28,3.7037037037037,17,2,7,-58.8235294117647,250,74767,1,"2026-05-18 11:01:22 EDT"
"Apex","North Carolina","burglary","Jan - Mar 2026",26,37,42.3076923076923,7,1,13,85.7142857142857,1200,74767,1,"2026-05-18 11:01:22 EDT"
"Apex","North Carolina","motor_vehicle_theft","Jan - Mar 2026",25,32,28,14,5,2,-85.7142857142857,-60,74767,1,"2026-05-18 11:01:22 EDT"
"Apex","North Carolina","murder","Jan - Mar 2026",3,1,-66.6666666666667,3,0,0,-100,NA,74767,1,"2026-05-18 11:01:22 EDT"
"Apex","North Carolina","property_crime","Jan - Mar 2026",392,567,44.6428571428571,196,77,112,-42.8571428571429,45.4545454545455,74767,1,"2026-05-18 11:01:22 EDT"
"Apex","North Carolina","rape","Jan - Mar 2026",2,5,150,1,1,4,300,300,74767,1,"2026-05-18 11:01:22 EDT"
"Apex","North Carolina","robbery","Jan - Mar 2026",10,3,-70,7,1,1,-85.7142857142857,0,74767,1,"2026-05-18 11:01:22 EDT"
"Apex","North Carolina","theft","Jan - Mar 2026",341,498,46.0410557184751,175,71,97,-44.5714285714286,36.6197183098592,74767,1,"2026-05-18 11:01:22 EDT"
"Apex","North Carolina","violent_crime","Jan - Mar 2026",42,37,-11.9047619047619,28,4,12,-57.1428571428571,200,74767,1,"2026-05-18 11:01:22 EDT"
"Apple Valley","Minnesota","aggravated_assault","Jan - Mar 2026",98,86,-12.2448979591837,17,16,18,5.88235294117647,12.5,55028,1,"2026-05-18 11:01:22 EDT"
"Apple Valley","Minnesota","burglary","Jan - Mar 2026",54,53,-1.85185185185185,8,11,12,50,9.09090909090909,55028,1,"2026-05-18 11:01:22 EDT"
"Apple Valley","Minnesota","motor_vehicle_theft","Jan - Mar 2026",46,37,-19.5652173913043,14,5,9,-35.7142857142857,80,55028,1,"2026-05-18 11:01:22 EDT"
"Apple Valley","Minnesota","murder","Jan - Mar 2026",0,1,Inf,0,0,0,NA,NA,55028,1,"2026-05-18 11:01:22 EDT"
"Apple Valley","Minnesota","property_crime","Jan - Mar 2026",921,811,-11.943539630836,255,182,191,-25.0980392156863,4.94505494505495,55028,1,"2026-05-18 11:01:22 EDT"
"Apple Valley","Minnesota","rape","Jan - Mar 2026",11,13,18.1818181818182,4,2,2,-50,0,55028,1,"2026-05-18 11:01:22 EDT"
"Apple Valley","Minnesota","robbery","Jan - Mar 2026",9,9,0,2,0,1,-50,Inf,55028,1,"2026-05-18 11:01:22 EDT"
"Apple Valley","Minnesota","theft","Jan - Mar 2026",821,721,-12.1802679658953,233,166,170,-27.0386266094421,2.40963855421687,55028,1,"2026-05-18 11:01:22 EDT"
"Apple Valley","Minnesota","violent_crime","Jan - Mar 2026",118,109,-7.6271186440678,23,18,21,-8.69565217391304,16.6666666666667,55028,1,"2026-05-18 11:01:22 EDT"
"Appleton","Wisconsin","aggravated_assault","Jan - Mar 2026",105,97,-7.61904761904762,26,26,16,-38.4615384615385,-38.4615384615385,62337,1,"2026-05-18 11:01:22 EDT"
"Appleton","Wisconsin","burglary","Jan - Mar 2026",115,44,-61.7391304347826,59,11,4,-93.2203389830508,-63.6363636363636,62337,1,"2026-05-18 11:01:22 EDT"
"Appleton","Wisconsin","motor_vehicle_theft","Jan - Mar 2026",47,29,-38.2978723404255,16,10,13,-18.75,30,62337,1,"2026-05-18 11:01:22 EDT"
"Appleton","Wisconsin","murder","Jan - Mar 2026",2,0,-100,0,0,0,NA,NA,62337,1,"2026-05-18 11:01:22 EDT"
"Appleton","Wisconsin","property_crime","Jan - Mar 2026",1018,728,-28.4872298624754,294,170,136,-53.7414965986395,-20,62337,1,"2026-05-18 11:01:22 EDT"
"Appleton","Wisconsin","rape","Jan - Mar 2026",39,36,-7.69230769230769,4,7,3,-25,-57.1428571428571,62337,1,"2026-05-18 11:01:22 EDT"
"Appleton","Wisconsin","robbery","Jan - Mar 2026",7,9,28.5714285714286,0,2,2,Inf,0,62337,1,"2026-05-18 11:01:22 EDT"
"Appleton","Wisconsin","theft","Jan - Mar 2026",856,655,-23.481308411215,219,149,119,-45.662100456621,-20.1342281879195,62337,1,"2026-05-18 11:01:22 EDT"
"Appleton","Wisconsin","violent_crime","Jan - Mar 2026",153,142,-7.18954248366013,30,35,21,-30,-40,62337,1,"2026-05-18 11:01:22 EDT"
"Arapahoe County","Colorado","aggravated_assault","Jan - Feb 2026",278,237,-14.7482014388489,49,38,13,-73.469387755102,-65.7894736842105,108211,1,"2026-05-18 11:01:22 EDT"
"Arapahoe County","Colorado","burglary","Jan - Feb 2026",372,291,-21.7741935483871,49,73,29,-40.8163265306122,-60.2739726027397,108211,1,"2026-05-18 11:01:22 EDT"
"Arapahoe County","Colorado","motor_vehicle_theft","Jan - Feb 2026",513,279,-45.6140350877193,98,56,29,-70.4081632653061,-48.2142857142857,108211,1,"2026-05-18 11:01:22 EDT"
"Arapahoe County","Colorado","murder","Jan - Feb 2026",2,2,0,0,0,0,NA,NA,108211,1,"2026-05-18 11:01:22 EDT"
"Arapahoe County","Colorado","property_crime","Jan - Feb 2026",0,0,NA,0,0,0,NA,NA,108211,1,"2026-05-18 11:01:22 EDT"
"Arapahoe County","Colorado","rape","Jan - Feb 2026",17,11,-35.2941176470588,6,1,4,-33.3333333333333,300,108211,1,"2026-05-18 11:01:22 EDT"
"Arapahoe County","Colorado","robbery","Jan - Feb 2026",29,37,27.5862068965517,4,9,4,0,-55.5555555555556,108211,1,"2026-05-18 11:01:22 EDT"
"Arapahoe County","Colorado","theft","Jan - Feb 2026",1419,1173,-17.3361522198731,208,211,94,-54.8076923076923,-55.4502369668246,108211,1,"2026-05-18 11:01:22 EDT"
"Arapahoe County","Colorado","violent_crime","Jan - Feb 2026",0,0,NA,0,0,0,NA,NA,108211,1,"2026-05-18 11:01:22 EDT"
"Arcadia","California","aggravated_assault","Jan - Mar 2026",58,46,-20.6896551724138,22,11,15,-31.8181818181818,36.3636363636364,53397,1,"2026-05-18 11:01:22 EDT"
"Arcadia","California","burglary","Jan - Mar 2026",333,290,-12.9129129129129,79,77,48,-39.2405063291139,-37.6623376623377,53397,1,"2026-05-18 11:01:22 EDT"
"Arcadia","California","motor_vehicle_theft","Jan - Mar 2026",132,97,-26.5151515151515,21,34,16,-23.8095238095238,-52.9411764705882,53397,1,"2026-05-18 11:01:22 EDT"
"Arcadia","California","murder","Jan - Mar 2026",0,1,Inf,0,1,0,NA,-100,53397,1,"2026-05-18 11:01:22 EDT"
"Arcadia","California","property_crime","Jan - Mar 2026",1506,1312,-12.8818061088977,346,345,264,-23.6994219653179,-23.4782608695652,53397,1,"2026-05-18 11:01:22 EDT"
"Arcadia","California","rape","Jan - Mar 2026",11,8,-27.2727272727273,2,2,2,0,0,53397,1,"2026-05-18 11:01:22 EDT"
"Arcadia","California","robbery","Jan - Mar 2026",54,50,-7.40740740740741,7,10,7,0,-30,53397,1,"2026-05-18 11:01:22 EDT"
"Arcadia","California","theft","Jan - Mar 2026",1041,925,-11.1431316042267,246,234,200,-18.6991869918699,-14.5299145299145,53397,1,"2026-05-18 11:01:22 EDT"
"Arcadia","California","violent_crime","Jan - Mar 2026",123,105,-14.6341463414634,31,24,24,-22.5806451612903,0,53397,1,"2026-05-18 11:01:22 EDT"
"Arlington","Texas","aggravated_assault","Jan - Mar 2026",1391,1181,-15.09705248023,297,287,206,-30.6397306397306,-28.2229965156794,399840,1,"2026-05-18 11:01:22 EDT"
"Arlington","Texas","burglary","Jan - Mar 2026",1057,815,-22.8949858088931,305,205,175,-42.6229508196721,-14.6341463414634,399840,1,"2026-05-18 11:01:22 EDT"
"Arlington","Texas","motor_vehicle_theft","Jan - Mar 2026",1648,918,-44.2961165048544,466,236,140,-69.9570815450644,-40.6779661016949,399840,1,"2026-05-18 11:01:22 EDT"
"Arlington","Texas","murder","Jan - Mar 2026",17,14,-17.6470588235294,6,4,4,-33.3333333333333,0,399840,1,"2026-05-18 11:01:22 EDT"
"Arlington","Texas","property_crime","Jan - Mar 2026",9677,8045,-16.8647308050015,2355,2112,1642,-30.276008492569,-22.2537878787879,399840,1,"2026-05-18 11:01:22 EDT"
"Arlington","Texas","rape","Jan - Mar 2026",287,263,-8.36236933797909,68,66,62,-8.82352941176471,-6.06060606060606,399840,1,"2026-05-18 11:01:22 EDT"
"Arlington","Texas","robbery","Jan - Mar 2026",240,180,-25,61,39,29,-52.4590163934426,-25.6410256410256,399840,1,"2026-05-18 11:01:22 EDT"
"Arlington","Texas","theft","Jan - Mar 2026",6972,6312,-9.46643717728055,1584,1671,1327,-16.2247474747475,-20.5864751645721,399840,1,"2026-05-18 11:01:22 EDT"
"Arlington","Texas","violent_crime","Jan - Mar 2026",1935,1638,-15.3488372093023,432,396,301,-30.3240740740741,-23.989898989899,399840,1,"2026-05-18 11:01:22 EDT"
"Arlington County","Virginia","aggravated_assault","Jan - Mar 2026",395,418,5.82278481012658,75,97,70,-6.66666666666667,-27.8350515463918,234449,1,"2026-05-18 11:01:22 EDT"
"Arlington County","Virginia","burglary","Jan - Mar 2026",211,178,-15.6398104265403,39,62,28,-28.2051282051282,-54.8387096774194,234449,1,"2026-05-18 11:01:22 EDT"
"Arlington County","Virginia","motor_vehicle_theft","Jan - Mar 2026",420,221,-47.3809523809524,92,52,51,-44.5652173913043,-1.92307692307692,234449,1,"2026-05-18 11:01:22 EDT"
"Arlington County","Virginia","murder","Jan - Mar 2026",1,1,0,0,0,0,NA,NA,234449,1,"2026-05-18 11:01:22 EDT"
"Arlington County","Virginia","property_crime","Jan - Mar 2026",4999,4124,-17.50350070014,1071,1035,825,-22.96918767507,-20.2898550724638,234449,1,"2026-05-18 11:01:22 EDT"
"Arlington County","Virginia","rape","Jan - Mar 2026",63,46,-26.984126984127,16,16,8,-50,-50,234449,1,"2026-05-18 11:01:22 EDT"
"Arlington County","Virginia","robbery","Jan - Mar 2026",283,203,-28.2685512367491,58,57,39,-32.7586206896552,-31.5789473684211,234449,1,"2026-05-18 11:01:22 EDT"
"Arlington County","Virginia","theft","Jan - Mar 2026",4368,3725,-14.720695970696,940,921,746,-20.6382978723404,-19.0010857763301,234449,1,"2026-05-18 11:01:22 EDT"
"Arlington County","Virginia","violent_crime","Jan - Mar 2026",742,668,-9.97304582210243,149,170,117,-21.4765100671141,-31.1764705882353,234449,1,"2026-05-18 11:01:22 EDT"
"Arlington Heights","Illinois","aggravated_assault","Jan - Mar 2026",19,14,-26.3157894736842,6,4,8,33.3333333333333,100,73545,1,"2026-05-18 11:01:22 EDT"
"Arlington Heights","Illinois","burglary","Jan - Mar 2026",119,46,-61.3445378151261,31,8,11,-64.5161290322581,37.5,73545,1,"2026-05-18 11:01:22 EDT"
"Arlington Heights","Illinois","motor_vehicle_theft","Jan - Mar 2026",59,28,-52.5423728813559,11,8,12,9.09090909090909,50,73545,1,"2026-05-18 11:01:22 EDT"
"Arlington Heights","Illinois","murder","Jan - Mar 2026",0,1,Inf,0,0,0,NA,NA,73545,1,"2026-05-18 11:01:22 EDT"
"Arlington Heights","Illinois","property_crime","Jan - Mar 2026",658,569,-13.5258358662614,137,123,170,24.0875912408759,38.2113821138211,73545,1,"2026-05-18 11:01:22 EDT"
"Arlington Heights","Illinois","rape","Jan - Mar 2026",11,6,-45.4545454545455,2,2,1,-50,-50,73545,1,"2026-05-18 11:01:22 EDT"
"Arlington Heights","Illinois","robbery","Jan - Mar 2026",8,7,-12.5,3,0,2,-33.3333333333333,Inf,73545,1,"2026-05-18 11:01:22 EDT"
"Arlington Heights","Illinois","theft","Jan - Mar 2026",480,495,3.125,95,107,147,54.7368421052632,37.3831775700935,73545,1,"2026-05-18 11:01:22 EDT"
"Arlington Heights","Illinois","violent_crime","Jan - Mar 2026",38,28,-26.3157894736842,11,6,11,0,83.3333333333333,73545,1,"2026-05-18 11:01:22 EDT"
"Arvada","Colorado","aggravated_assault","Jan - Feb 2026",263,290,10.2661596958175,21,38,40,90.4761904761905,5.26315789473684,117704,1,"2026-05-18 11:01:22 EDT"
"Arvada","Colorado","burglary","Jan - Feb 2026",407,350,-14.004914004914,51,57,34,-33.3333333333333,-40.3508771929825,117704,1,"2026-05-18 11:01:22 EDT"
"Arvada","Colorado","motor_vehicle_theft","Jan - Feb 2026",460,372,-19.1304347826087,86,76,30,-65.1162790697674,-60.5263157894737,117704,1,"2026-05-18 11:01:22 EDT"
"Arvada","Colorado","murder","Jan - Feb 2026",0,1,Inf,0,0,0,NA,NA,117704,1,"2026-05-18 11:01:22 EDT"
"Arvada","Colorado","property_crime","Jan - Feb 2026",0,0,NA,0,0,0,NA,NA,117704,1,"2026-05-18 11:01:22 EDT"
"Arvada","Colorado","rape","Jan - Feb 2026",25,26,4,6,4,8,33.3333333333333,100,117704,1,"2026-05-18 11:01:22 EDT"
"Arvada","Colorado","robbery","Jan - Feb 2026",56,56,0,14,10,3,-78.5714285714286,-70,117704,1,"2026-05-18 11:01:22 EDT"
"Arvada","Colorado","theft","Jan - Feb 2026",2217,2135,-3.69869192602616,374,293,344,-8.02139037433155,17.4061433447099,117704,1,"2026-05-18 11:01:22 EDT"
"Arvada","Colorado","violent_crime","Jan - Feb 2026",0,0,NA,0,0,0,NA,NA,117704,1,"2026-05-18 11:01:22 EDT"
"Asheville","North Carolina","aggravated_assault","Jan - Mar 2026",561,568,1.24777183600713,135,119,146,8.14814814814815,22.6890756302521,95219,1,"2026-05-18 11:01:22 EDT"
"Asheville","North Carolina","burglary","Jan - Mar 2026",575,590,2.60869565217391,128,122,131,2.34375,7.37704918032787,95219,1,"2026-05-18 11:01:22 EDT"
"Asheville","North Carolina","motor_vehicle_theft","Jan - Mar 2026",325,332,2.15384615384615,98,77,55,-43.8775510204082,-28.5714285714286,95219,1,"2026-05-18 11:01:22 EDT"
"Asheville","North Carolina","murder","Jan - Mar 2026",12,4,-66.6666666666667,2,1,2,0,100,95219,1,"2026-05-18 11:01:22 EDT"
"Asheville","North Carolina","property_crime","Jan - Mar 2026",3781,4206,11.2404125892621,938,917,861,-8.2089552238806,-6.10687022900763,95219,1,"2026-05-18 11:01:22 EDT"
"Asheville","North Carolina","rape","Jan - Mar 2026",83,57,-31.3253012048193,21,12,7,-66.6666666666667,-41.6666666666667,95219,1,"2026-05-18 11:01:22 EDT"
"Asheville","North Carolina","robbery","Jan - Mar 2026",108,88,-18.5185185185185,27,13,16,-40.7407407407407,23.0769230769231,95219,1,"2026-05-18 11:01:22 EDT"
"Asheville","North Carolina","theft","Jan - Mar 2026",2881,3284,13.9881985421729,712,718,675,-5.19662921348315,-5.98885793871866,95219,1,"2026-05-18 11:01:22 EDT"
"Asheville","North Carolina","violent_crime","Jan - Mar 2026",764,717,-6.15183246073298,185,145,171,-7.56756756756757,17.9310344827586,95219,1,"2026-05-18 11:01:22 EDT"
"Atlanta","Georgia","aggravated_assault","Jan - Mar 2026",1945,3013,54.9100257069409,428,596,814,90.1869158878505,36.5771812080537,475865,1,"2026-05-18 11:01:22 EDT"
"Atlanta","Georgia","burglary","Jan - Mar 2026",1718,1683,-2.0372526193248,454,416,305,-32.8193832599119,-26.6826923076923,475865,1,"2026-05-18 11:01:22 EDT"
"Atlanta","Georgia","motor_vehicle_theft","Jan - Mar 2026",4163,2417,-41.9409079990392,1092,566,442,-59.5238095238095,-21.9081272084806,475865,1,"2026-05-18 11:01:22 EDT"
"Atlanta","Georgia","murder","Jan - Mar 2026",122,95,-22.1311475409836,25,21,16,-36,-23.8095238095238,475865,1,"2026-05-18 11:01:22 EDT"
"Atlanta","Georgia","property_crime","Jan - Mar 2026",20054,17025,-15.1042186097537,4888,3890,3122,-36.1292962356792,-19.7429305912596,475865,1,"2026-05-18 11:01:22 EDT"
"Atlanta","Georgia","rape","Jan - Mar 2026",0,0,NA,0,0,0,NA,NA,475865,1,"2026-05-18 11:01:22 EDT"
"Atlanta","Georgia","robbery","Jan - Mar 2026",566,659,16.4310954063604,119,155,129,8.40336134453782,-16.7741935483871,475865,1,"2026-05-18 11:01:22 EDT"
"Atlanta","Georgia","theft","Jan - Mar 2026",14173,12925,-8.80547519932266,3342,2908,2375,-28.9347695990425,-18.3287482806052,475865,1,"2026-05-18 11:01:22 EDT"
"Atlanta","Georgia","violent_crime","Jan - Mar 2026",2633,3767,43.0687428788454,572,772,959,67.6573426573427,24.2227979274611,475865,1,"2026-05-18 11:01:22 EDT"
"Aurora","Colorado","aggravated_assault","Jan - Mar 2026",2946,2453,-16.73455532926,622,555,519,-16.5594855305466,-6.48648648648649,337365,1,"2026-05-18 11:01:22 EDT"
"Aurora","Colorado","burglary","Jan - Mar 2026",1385,983,-29.0252707581227,344,272,187,-45.6395348837209,-31.25,337365,1,"2026-05-18 11:01:22 EDT"
"Aurora","Colorado","motor_vehicle_theft","Jan - Mar 2026",3619,2089,-42.2768720641061,1049,657,357,-65.9675881792183,-45.662100456621,337365,1,"2026-05-18 11:01:22 EDT"
"Aurora","Colorado","murder","Jan - Mar 2026",40,36,-10,12,7,2,-83.3333333333333,-71.4285714285714,337365,1,"2026-05-18 11:01:22 EDT"
"Aurora","Colorado","property_crime","Jan - Mar 2026",12630,10190,-19.3190815518606,3299,2724,2250,-31.7975143983025,-17.4008810572687,337365,1,"2026-05-18 11:01:22 EDT"
"Aurora","Colorado","rape","Jan - Mar 2026",292,275,-5.82191780821918,89,68,57,-35.9550561797753,-16.1764705882353,337365,1,"2026-05-18 11:01:22 EDT"
"Aurora","Colorado","robbery","Jan - Mar 2026",547,364,-33.45521023766,115,76,80,-30.4347826086957,5.26315789473684,337365,1,"2026-05-18 11:01:22 EDT"
"Aurora","Colorado","theft","Jan - Mar 2026",7626,7118,-6.66142145292421,1906,1795,1706,-10.4931794333683,-4.95821727019499,337365,1,"2026-05-18 11:01:22 EDT"
"Aurora","Colorado","violent_crime","Jan - Mar 2026",3825,3128,-18.2222222222222,838,706,658,-21.4797136038186,-6.79886685552408,337365,1,"2026-05-18 11:01:22 EDT"
"Austin","Texas","aggravated_assault","Jan - Mar 2026",2488,2629,5.66720257234727,612,664,613,0.163398692810458,-7.68072289156626,913699,1,"2026-05-18 11:01:22 EDT"
"Austin","Texas","burglary","Jan - Mar 2026",4127,4365,5.76690089653501,1075,953,1022,-4.93023255813953,7.24029380902413,913699,1,"2026-05-18 11:01:22 EDT"
"Austin","Texas","motor_vehicle_theft","Jan - Mar 2026",5851,4329,-26.012647410699,1787,1156,776,-56.5752658086178,-32.8719723183391,913699,1,"2026-05-18 11:01:22 EDT"
"Austin","Texas","murder","Jan - Mar 2026",57,52,-8.7719298245614,12,12,15,25,25,913699,1,"2026-05-18 11:01:22 EDT"
"Austin","Texas","property_crime","Jan - Mar 2026",31671,30722,-2.99643206719081,8211,7444,6665,-18.8284009255876,-10.4648038688877,913699,1,"2026-05-18 11:01:22 EDT"
"Austin","Texas","rape","Jan - Mar 2026",710,727,2.3943661971831,147,168,152,3.40136054421769,-9.52380952380952,913699,1,"2026-05-18 11:01:22 EDT"
"Austin","Texas","robbery","Jan - Mar 2026",817,789,-3.42717258261934,186,191,186,0,-2.61780104712042,913699,1,"2026-05-18 11:01:22 EDT"
"Austin","Texas","theft","Jan - Mar 2026",21693,22028,1.5442769557,5349,5335,4867,-9.01103009908394,-8.77225866916589,913699,1,"2026-05-18 11:01:22 EDT"
"Austin","Texas","violent_crime","Jan - Mar 2026",4072,4197,3.06974459724951,957,1035,966,0.940438871473354,-6.66666666666667,913699,1,"2026-05-18 11:01:22 EDT"
"Avondale","Arizona","aggravated_assault","Jan - Mar 2026",265,246,-7.16981132075472,34,74,54,58.8235294117647,-27.027027027027,94911,1,"2026-05-18 11:01:22 EDT"
"Avondale","Arizona","burglary","Jan - Mar 2026",187,186,-0.53475935828877,45,35,44,-2.22222222222222,25.7142857142857,94911,1,"2026-05-18 11:01:22 EDT"
"Avondale","Arizona","motor_vehicle_theft","Jan - Mar 2026",260,230,-11.5384615384615,64,49,40,-37.5,-18.3673469387755,94911,1,"2026-05-18 11:01:22 EDT"
"Avondale","Arizona","murder","Jan - Mar 2026",5,3,-40,0,0,2,Inf,Inf,94911,1,"2026-05-18 11:01:22 EDT"
"Avondale","Arizona","property_crime","Jan - Mar 2026",2128,2203,3.52443609022556,577,516,447,-22.5303292894281,-13.3720930232558,94911,1,"2026-05-18 11:01:22 EDT"
"Avondale","Arizona","rape","Jan - Mar 2026",48,45,-6.25,13,16,17,30.7692307692308,6.25,94911,1,"2026-05-18 11:01:22 EDT"
"Avondale","Arizona","robbery","Jan - Mar 2026",37,43,16.2162162162162,11,11,24,118.181818181818,118.181818181818,94911,1,"2026-05-18 11:01:22 EDT"
"Avondale","Arizona","theft","Jan - Mar 2026",1681,1787,6.30577037477692,468,432,363,-22.4358974358974,-15.9722222222222,94911,1,"2026-05-18 11:01:22 EDT"
"Avondale","Arizona","violent_crime","Jan - Mar 2026",355,337,-5.07042253521127,58,101,97,67.2413793103448,-3.96039603960396,94911,1,"2026-05-18 11:01:22 EDT"
"Bakersfield","California","aggravated_assault","Jan - Mar 2026",1577,1449,-8.11667723525682,435,316,349,-19.7701149425287,10.4430379746835,416120,1,"2026-05-18 11:01:22 EDT"
"Bakersfield","California","burglary","Jan - Mar 2026",2135,1669,-21.8266978922717,731,464,346,-52.6675786593707,-25.4310344827586,416120,1,"2026-05-18 11:01:22 EDT"
"Bakersfield","California","motor_vehicle_theft","Jan - Mar 2026",2717,1941,-28.5609127714391,828,462,483,-41.6666666666667,4.54545454545455,416120,1,"2026-05-18 11:01:22 EDT"
"Bakersfield","California","murder","Jan - Mar 2026",25,33,32,9,7,4,-55.5555555555556,-42.8571428571429,416120,1,"2026-05-18 11:01:22 EDT"
"Bakersfield","California","property_crime","Jan - Mar 2026",9518,9061,-4.80142887161168,2978,2101,2385,-19.9126930826058,13.5173726796763,416120,1,"2026-05-18 11:01:22 EDT"
"Bakersfield","California","rape","Jan - Mar 2026",172,107,-37.7906976744186,40,31,23,-42.5,-25.8064516129032,416120,1,"2026-05-18 11:01:22 EDT"
"Bakersfield","California","robbery","Jan - Mar 2026",476,458,-3.78151260504202,116,87,122,5.17241379310345,40.2298850574713,416120,1,"2026-05-18 11:01:22 EDT"
"Bakersfield","California","theft","Jan - Mar 2026",4666,5451,16.8238319759966,1419,1175,1556,9.65468639887245,32.4255319148936,416120,1,"2026-05-18 11:01:22 EDT"
"Bakersfield","California","violent_crime","Jan - Mar 2026",2250,2047,-9.02222222222222,600,441,498,-17,12.9251700680272,416120,1,"2026-05-18 11:01:22 EDT"
"Baldwin Park","California","aggravated_assault","Jan - Mar 2026",198,181,-8.58585858585858,67,37,36,-46.2686567164179,-2.7027027027027,67791,1,"2026-05-18 11:01:22 EDT"
"Baldwin Park","California","burglary","Jan - Mar 2026",130,141,8.46153846153846,26,33,16,-38.4615384615385,-51.5151515151515,67791,1,"2026-05-18 11:01:22 EDT"
"Baldwin Park","California","motor_vehicle_theft","Jan - Mar 2026",211,164,-22.2748815165877,66,43,33,-50,-23.2558139534884,67791,1,"2026-05-18 11:01:22 EDT"
"Baldwin Park","California","murder","Jan - Mar 2026",6,5,-16.6666666666667,1,0,0,-100,NA,67791,1,"2026-05-18 11:01:22 EDT"
"Baldwin Park","California","property_crime","Jan - Mar 2026",972,896,-7.81893004115226,281,223,206,-26.6903914590747,-7.62331838565022,67791,1,"2026-05-18 11:01:22 EDT"
"Baldwin Park","California","rape","Jan - Mar 2026",16,14,-12.5,3,1,0,-100,-100,67791,1,"2026-05-18 11:01:22 EDT"
"Baldwin Park","California","robbery","Jan - Mar 2026",54,52,-3.7037037037037,14,7,10,-28.5714285714286,42.8571428571429,67791,1,"2026-05-18 11:01:22 EDT"
"Baldwin Park","California","theft","Jan - Mar 2026",631,591,-6.3391442155309,189,147,157,-16.9312169312169,6.80272108843537,67791,1,"2026-05-18 11:01:22 EDT"
"Baldwin Park","California","violent_crime","Jan - Mar 2026",274,252,-8.02919708029197,85,45,46,-45.8823529411765,2.22222222222222,67791,1,"2026-05-18 11:01:22 EDT"
"Baltimore","Maryland","aggravated_assault","Jan - Mar 2026",5411,4889,-9.64701533912401,1201,1050,1193,-0.666111573688593,13.6190476190476,566632,1,"2026-05-18 11:01:22 EDT"
"Baltimore","Maryland","burglary","Jan - Mar 2026",3337,3346,0.269703326341025,733,746,629,-14.1882673942701,-15.6836461126005,566632,1,"2026-05-18 11:01:22 EDT"
"Baltimore","Maryland","motor_vehicle_theft","Jan - Mar 2026",6077,4481,-26.2629586967254,1963,1092,940,-52.1141110545084,-13.9194139194139,566632,1,"2026-05-18 11:01:22 EDT"
"Baltimore","Maryland","murder","Jan - Mar 2026",197,133,-32.48730964467,44,32,29,-34.0909090909091,-9.375,566632,1,"2026-05-18 11:01:22 EDT"
"Baltimore","Maryland","property_crime","Jan - Mar 2026",24777,23478,-5.24276546797433,6166,5271,5085,-17.5316250405449,-3.5287421741605,566632,1,"2026-05-18 11:01:22 EDT"
"Baltimore","Maryland","rape","Jan - Mar 2026",350,269,-23.1428571428571,86,62,62,-27.906976744186,0,566632,1,"2026-05-18 11:01:22 EDT"
"Baltimore","Maryland","robbery","Jan - Mar 2026",4283,3096,-27.7142190053701,1036,787,620,-40.1544401544402,-21.2198221092757,566632,1,"2026-05-18 11:01:22 EDT"
"Baltimore","Maryland","theft","Jan - Mar 2026",15363,15651,1.87463386057411,3470,3433,3516,1.32564841498559,2.41771045732595,566632,1,"2026-05-18 11:01:22 EDT"
"Baltimore","Maryland","violent_crime","Jan - Mar 2026",10241,8387,-18.1037008104677,2367,1931,1904,-19.5606252640473,-1.3982392542724,566632,1,"2026-05-18 11:01:22 EDT"
"Baltimore County","Maryland","aggravated_assault","Jan - Mar 2026",1919,2242,16.8316831683168,412,443,572,38.8349514563107,29.1196388261851,852726,1,"2026-05-18 11:01:22 EDT"
"Baltimore County","Maryland","burglary","Jan - Mar 2026",1600,1329,-16.9375,320,340,268,-16.25,-21.1764705882353,852726,1,"2026-05-18 11:01:22 EDT"
"Baltimore County","Maryland","motor_vehicle_theft","Jan - Mar 2026",3684,2912,-20.9554831704669,891,625,495,-44.4444444444444,-20.8,852726,1,"2026-05-18 11:01:22 EDT"
"Baltimore County","Maryland","murder","Jan - Mar 2026",25,27,8,5,9,2,-60,-77.7777777777778,852726,1,"2026-05-18 11:01:22 EDT"
"Baltimore County","Maryland","property_crime","Jan - Mar 2026",22684,20587,-9.24440134015165,4855,4772,4288,-11.6786817713697,-10.1424979044426,852726,1,"2026-05-18 11:01:22 EDT"
"Baltimore County","Maryland","rape","Jan - Mar 2026",221,193,-12.6696832579186,58,49,37,-36.2068965517241,-24.4897959183673,852726,1,"2026-05-18 11:01:22 EDT"
"Baltimore County","Maryland","robbery","Jan - Mar 2026",831,688,-17.208182912154,218,178,134,-38.5321100917431,-24.7191011235955,852726,1,"2026-05-18 11:01:22 EDT"
"Baltimore County","Maryland","theft","Jan - Mar 2026",17400,16346,-6.05747126436782,3644,3807,3525,-3.26564215148189,-7.40740740740741,852726,1,"2026-05-18 11:01:22 EDT"
"Baltimore County","Maryland","violent_crime","Jan - Mar 2026",2996,3150,5.14018691588785,693,679,745,7.5036075036075,9.72017673048601,852726,1,"2026-05-18 11:01:22 EDT"
"Barnstable","Massachusetts","aggravated_assault","Jan - Jan 2026",170,150,-11.7647058823529,15,17,12,-20,-29.4117647058824,50928,1,"2026-05-18 11:01:22 EDT"
"Barnstable","Massachusetts","burglary","Jan - Jan 2026",68,48,-29.4117647058824,7,5,6,-14.2857142857143,20,50928,1,"2026-05-18 11:01:22 EDT"
"Barnstable","Massachusetts","motor_vehicle_theft","Jan - Jan 2026",37,40,8.10810810810811,3,2,3,0,50,50928,1,"2026-05-18 11:01:22 EDT"
"Barnstable","Massachusetts","murder","Jan - Jan 2026",1,2,100,0,0,0,NA,NA,50928,1,"2026-05-18 11:01:22 EDT"
"Barnstable","Massachusetts","property_crime","Jan - Jan 2026",0,0,NA,0,0,0,NA,NA,50928,1,"2026-05-18 11:01:22 EDT"
"Barnstable","Massachusetts","rape","Jan - Jan 2026",34,36,5.88235294117647,2,4,1,-50,-75,50928,1,"2026-05-18 11:01:22 EDT"
"Barnstable","Massachusetts","robbery","Jan - Jan 2026",9,14,55.5555555555556,4,0,0,-100,NA,50928,1,"2026-05-18 11:01:22 EDT"
"Barnstable","Massachusetts","theft","Jan - Jan 2026",298,308,3.35570469798658,20,24,16,-20,-33.3333333333333,50928,1,"2026-05-18 11:01:22 EDT"
"Barnstable","Massachusetts","violent_crime","Jan - Jan 2026",0,0,NA,0,0,0,NA,NA,50928,1,"2026-05-18 11:01:22 EDT"
"Bartlett","Tennessee","aggravated_assault","Jan - Mar 2026",127,136,7.08661417322835,30,28,17,-43.3333333333333,-39.2857142857143,55494,1,"2026-05-18 11:01:22 EDT"
"Bartlett","Tennessee","burglary","Jan - Mar 2026",51,63,23.5294117647059,8,13,14,75,7.69230769230769,55494,1,"2026-05-18 11:01:22 EDT"
"Bartlett","Tennessee","motor_vehicle_theft","Jan - Mar 2026",137,84,-38.6861313868613,27,32,6,-77.7777777777778,-81.25,55494,1,"2026-05-18 11:01:22 EDT"
"Bartlett","Tennessee","murder","Jan - Mar 2026",0,0,NA,0,0,0,NA,NA,55494,1,"2026-05-18 11:01:22 EDT"
"Bartlett","Tennessee","property_crime","Jan - Mar 2026",725,654,-9.79310344827586,177,166,93,-47.4576271186441,-43.9759036144578,55494,1,"2026-05-18 11:01:22 EDT"
"Bartlett","Tennessee","rape","Jan - Mar 2026",5,5,0,1,1,3,200,200,55494,1,"2026-05-18 11:01:22 EDT"
"Bartlett","Tennessee","robbery","Jan - Mar 2026",9,6,-33.3333333333333,1,1,0,-100,-100,55494,1,"2026-05-18 11:01:22 EDT"
"Bartlett","Tennessee","theft","Jan - Mar 2026",537,507,-5.58659217877095,142,121,73,-48.5915492957746,-39.6694214876033,55494,1,"2026-05-18 11:01:22 EDT"
"Bartlett","Tennessee","violent_crime","Jan - Mar 2026",141,147,4.25531914893617,32,30,20,-37.5,-33.3333333333333,55494,1,"2026-05-18 11:01:22 EDT"
"Baton Rouge","Louisiana","aggravated_assault","Jan - Mar 2026",2479,2406,-2.94473578055668,627,616,536,-14.5135566188198,-12.987012987013,217387,1,"2026-05-18 11:01:22 EDT"
"Baton Rouge","Louisiana","burglary","Jan - Mar 2026",2431,1887,-22.3776223776224,718,469,389,-45.8217270194986,-17.0575692963753,217387,1,"2026-05-18 11:01:22 EDT"
"Baton Rouge","Louisiana","motor_vehicle_theft","Jan - Mar 2026",2230,1357,-39.1479820627803,668,338,312,-53.2934131736527,-7.69230769230769,217387,1,"2026-05-18 11:01:22 EDT"
"Baton Rouge","Louisiana","murder","Jan - Mar 2026",83,71,-14.4578313253012,28,19,19,-32.1428571428571,0,217387,1,"2026-05-18 11:01:22 EDT"
"Baton Rouge","Louisiana","property_crime","Jan - Mar 2026",12870,10599,-17.6456876456876,3389,2643,2222,-34.4349365594571,-15.9288687097995,217387,1,"2026-05-18 11:01:22 EDT"
"Baton Rouge","Louisiana","rape","Jan - Mar 2026",158,126,-20.253164556962,31,29,32,3.2258064516129,10.3448275862069,217387,1,"2026-05-18 11:01:22 EDT"
"Baton Rouge","Louisiana","robbery","Jan - Mar 2026",603,512,-15.0912106135987,160,137,109,-31.875,-20.4379562043796,217387,1,"2026-05-18 11:01:22 EDT"
"Baton Rouge","Louisiana","theft","Jan - Mar 2026",8209,7355,-10.4032159824583,2003,1836,1521,-24.0639041437843,-17.156862745098,217387,1,"2026-05-18 11:01:22 EDT"
"Baton Rouge","Louisiana","violent_crime","Jan - Mar 2026",3323,3115,-6.25940415287391,846,801,696,-17.7304964539007,-13.1086142322097,217387,1,"2026-05-18 11:01:22 EDT"
"Battle Creek","Michigan","aggravated_assault","Jan - Mar 2026",582,539,-7.38831615120275,127,148,110,-13.3858267716535,-25.6756756756757,61163,1,"2026-05-18 11:01:22 EDT"
"Battle Creek","Michigan","burglary","Jan - Mar 2026",316,207,-34.4936708860759,76,44,24,-68.4210526315789,-45.4545454545455,61163,1,"2026-05-18 11:01:22 EDT"
"Battle Creek","Michigan","motor_vehicle_theft","Jan - Mar 2026",185,128,-30.8108108108108,64,30,14,-78.125,-53.3333333333333,61163,1,"2026-05-18 11:01:22 EDT"
"Battle Creek","Michigan","murder","Jan - Mar 2026",5,2,-60,2,0,0,-100,NA,61163,1,"2026-05-18 11:01:22 EDT"
"Battle Creek","Michigan","property_crime","Jan - Mar 2026",1555,1432,-7.90996784565916,353,279,281,-20.3966005665722,0.716845878136201,61163,1,"2026-05-18 11:01:22 EDT"
"Battle Creek","Michigan","rape","Jan - Mar 2026",69,83,20.2898550724638,17,17,12,-29.4117647058824,-29.4117647058824,61163,1,"2026-05-18 11:01:22 EDT"
"Battle Creek","Michigan","robbery","Jan - Mar 2026",34,20,-41.1764705882353,7,3,6,-14.2857142857143,100,61163,1,"2026-05-18 11:01:22 EDT"
"Battle Creek","Michigan","theft","Jan - Mar 2026",1054,1097,4.07969639468691,213,205,243,14.0845070422535,18.5365853658537,61163,1,"2026-05-18 11:01:22 EDT"
"Battle Creek","Michigan","violent_crime","Jan - Mar 2026",690,644,-6.66666666666667,153,168,128,-16.3398692810458,-23.8095238095238,61163,1,"2026-05-18 11:01:22 EDT"
"Baytown","Texas","aggravated_assault","Jan - Mar 2026",244,237,-2.86885245901639,49,44,66,34.6938775510204,50,78692,1,"2026-05-18 11:01:22 EDT"
"Baytown","Texas","burglary","Jan - Mar 2026",329,274,-16.7173252279635,78,81,64,-17.9487179487179,-20.9876543209877,78692,1,"2026-05-18 11:01:22 EDT"
"Baytown","Texas","motor_vehicle_theft","Jan - Mar 2026",376,298,-20.7446808510638,94,84,51,-45.7446808510638,-39.2857142857143,78692,1,"2026-05-18 11:01:22 EDT"
"Baytown","Texas","murder","Jan - Mar 2026",6,7,16.6666666666667,0,1,1,Inf,0,78692,1,"2026-05-18 11:01:22 EDT"
"Baytown","Texas","property_crime","Jan - Mar 2026",2346,2038,-13.1287297527707,534,536,444,-16.8539325842697,-17.1641791044776,78692,1,"2026-05-18 11:01:22 EDT"
"Baytown","Texas","rape","Jan - Mar 2026",64,62,-3.125,15,11,13,-13.3333333333333,18.1818181818182,78692,1,"2026-05-18 11:01:22 EDT"
"Baytown","Texas","robbery","Jan - Mar 2026",54,37,-31.4814814814815,8,7,9,12.5,28.5714285714286,78692,1,"2026-05-18 11:01:22 EDT"
"Baytown","Texas","theft","Jan - Mar 2026",1641,1466,-10.6642291285801,362,371,329,-9.11602209944751,-11.3207547169811,78692,1,"2026-05-18 11:01:22 EDT"
"Baytown","Texas","violent_crime","Jan - Mar 2026",368,343,-6.79347826086956,72,63,89,23.6111111111111,41.2698412698413,78692,1,"2026-05-18 11:01:22 EDT"
"Beaufort County","South Carolina","aggravated_assault","Jan - Mar 2026",360,205,-43.0555555555556,62,71,50,-19.3548387096774,-29.5774647887324,134553,1,"2026-05-18 11:01:22 EDT"
"Beaufort County","South Carolina","burglary","Jan - Mar 2026",222,123,-44.5945945945946,49,34,53,8.16326530612245,55.8823529411765,134553,1,"2026-05-18 11:01:22 EDT"
"Beaufort County","South Carolina","motor_vehicle_theft","Jan - Mar 2026",155,97,-37.4193548387097,38,29,22,-42.1052631578947,-24.1379310344828,134553,1,"2026-05-18 11:01:22 EDT"
"Beaufort County","South Carolina","murder","Jan - Mar 2026",14,6,-57.1428571428571,5,1,2,-60,100,134553,1,"2026-05-18 11:01:22 EDT"
"Beaufort County","South Carolina","property_crime","Jan - Mar 2026",1659,1086,-34.5388788426763,407,341,261,-35.8722358722359,-23.4604105571848,134553,1,"2026-05-18 11:01:22 EDT"
"Beaufort County","South Carolina","rape","Jan - Mar 2026",38,31,-18.4210526315789,11,12,2,-81.8181818181818,-83.3333333333333,134553,1,"2026-05-18 11:01:22 EDT"
"Beaufort County","South Carolina","robbery","Jan - Mar 2026",21,18,-14.2857142857143,6,4,1,-83.3333333333333,-75,134553,1,"2026-05-18 11:01:22 EDT"
"Beaufort County","South Carolina","theft","Jan - Mar 2026",1282,866,-32.4492979719189,320,278,186,-41.875,-33.0935251798561,134553,1,"2026-05-18 11:01:22 EDT"
"Beaufort County","South Carolina","violent_crime","Jan - Mar 2026",433,260,-39.9538106235566,84,88,55,-34.5238095238095,-37.5,134553,1,"2026-05-18 11:01:22 EDT"
"Beaumont","California","aggravated_assault","Jan - Mar 2026",90,112,24.4444444444444,13,26,15,15.3846153846154,-42.3076923076923,60294,1,"2026-05-18 11:01:22 EDT"
"Beaumont","California","burglary","Jan - Mar 2026",77,59,-23.3766233766234,15,8,12,-20,50,60294,1,"2026-05-18 11:01:22 EDT"
"Beaumont","California","motor_vehicle_theft","Jan - Mar 2026",59,46,-22.0338983050847,13,13,15,15.3846153846154,15.3846153846154,60294,1,"2026-05-18 11:01:22 EDT"
"Beaumont","California","murder","Jan - Mar 2026",0,1,Inf,0,1,0,NA,-100,60294,1,"2026-05-18 11:01:22 EDT"
"Beaumont","California","property_crime","Jan - Mar 2026",615,502,-18.3739837398374,150,125,113,-24.6666666666667,-9.6,60294,1,"2026-05-18 11:01:22 EDT"
"Beaumont","California","rape","Jan - Mar 2026",11,7,-36.3636363636364,0,2,0,NA,-100,60294,1,"2026-05-18 11:01:22 EDT"
"Beaumont","California","robbery","Jan - Mar 2026",22,11,-50,5,5,1,-80,-80,60294,1,"2026-05-18 11:01:22 EDT"
"Beaumont","California","theft","Jan - Mar 2026",479,397,-17.1189979123173,122,104,86,-29.5081967213115,-17.3076923076923,60294,1,"2026-05-18 11:01:22 EDT"
"Beaumont","California","violent_crime","Jan - Mar 2026",123,131,6.50406504065041,18,34,16,-11.1111111111111,-52.9411764705882,60294,1,"2026-05-18 11:01:22 EDT"
"Beaumont","Texas","aggravated_assault","Jan - Mar 2026",974,790,-18.8911704312115,221,191,185,-16.289592760181,-3.1413612565445,111320,1,"2026-05-18 11:01:22 EDT"
"Beaumont","Texas","burglary","Jan - Mar 2026",876,743,-15.1826484018265,184,177,120,-34.7826086956522,-32.2033898305085,111320,1,"2026-05-18 11:01:22 EDT"
"Beaumont","Texas","motor_vehicle_theft","Jan - Mar 2026",274,224,-18.2481751824818,75,69,40,-46.6666666666667,-42.0289855072464,111320,1,"2026-05-18 11:01:22 EDT"
"Beaumont","Texas","murder","Jan - Mar 2026",14,12,-14.2857142857143,5,2,5,0,150,111320,1,"2026-05-18 11:01:22 EDT"
"Beaumont","Texas","property_crime","Jan - Mar 2026",3681,3320,-9.80711763107851,878,765,670,-23.6902050113895,-12.4183006535948,111320,1,"2026-05-18 11:01:22 EDT"
"Beaumont","Texas","rape","Jan - Mar 2026",110,86,-21.8181818181818,31,18,18,-41.9354838709677,0,111320,1,"2026-05-18 11:01:22 EDT"
"Beaumont","Texas","robbery","Jan - Mar 2026",172,165,-4.06976744186047,39,40,43,10.2564102564103,7.5,111320,1,"2026-05-18 11:01:22 EDT"
"Beaumont","Texas","theft","Jan - Mar 2026",2531,2353,-7.03279336230739,619,519,510,-17.6090468497577,-1.73410404624277,111320,1,"2026-05-18 11:01:22 EDT"
"Beaumont","Texas","violent_crime","Jan - Mar 2026",1270,1053,-17.0866141732283,296,251,251,-15.2027027027027,0,111320,1,"2026-05-18 11:01:22 EDT"
"Beaverton","Oregon","aggravated_assault","Jan - Feb 2026",188,138,-26.5957446808511,24,15,27,12.5,80,96762,1,"2026-05-18 11:01:22 EDT"
"Beaverton","Oregon","burglary","Jan - Feb 2026",279,241,-13.6200716845878,49,38,41,-16.3265306122449,7.89473684210526,96762,1,"2026-05-18 11:01:22 EDT"
"Beaverton","Oregon","motor_vehicle_theft","Jan - Feb 2026",218,165,-24.3119266055046,47,31,22,-53.1914893617021,-29.0322580645161,96762,1,"2026-05-18 11:01:22 EDT"
"Beaverton","Oregon","murder","Jan - Feb 2026",1,1,0,0,1,0,NA,-100,96762,1,"2026-05-18 11:01:22 EDT"
"Beaverton","Oregon","property_crime","Jan - Feb 2026",0,0,NA,0,0,0,NA,NA,96762,1,"2026-05-18 11:01:22 EDT"
"Beaverton","Oregon","rape","Jan - Feb 2026",72,50,-30.5555555555556,6,4,10,66.6666666666667,150,96762,1,"2026-05-18 11:01:22 EDT"
"Beaverton","Oregon","robbery","Jan - Feb 2026",62,45,-27.4193548387097,8,12,9,12.5,-25,96762,1,"2026-05-18 11:01:22 EDT"
"Beaverton","Oregon","theft","Jan - Feb 2026",2073,2059,-0.675349734684033,247,363,325,31.5789473684211,-10.4683195592287,96762,1,"2026-05-18 11:01:22 EDT"
"Beaverton","Oregon","violent_crime","Jan - Feb 2026",0,0,NA,0,0,0,NA,NA,96762,1,"2026-05-18 11:01:22 EDT"
"Bellevue","Nebraska","aggravated_assault","Jan - Mar 2026",7,18,157.142857142857,0,1,4,Inf,300,63510,1,"2026-05-18 11:01:22 EDT"
"Bellevue","Nebraska","burglary","Jan - Mar 2026",65,57,-12.3076923076923,9,18,8,-11.1111111111111,-55.5555555555556,63510,1,"2026-05-18 11:01:22 EDT"
"Bellevue","Nebraska","motor_vehicle_theft","Jan - Mar 2026",76,79,3.94736842105263,26,23,24,-7.69230769230769,4.34782608695652,63510,1,"2026-05-18 11:01:22 EDT"
"Bellevue","Nebraska","murder","Jan - Mar 2026",0,3,Inf,0,2,0,NA,-100,63510,1,"2026-05-18 11:01:22 EDT"
"Bellevue","Nebraska","property_crime","Jan - Mar 2026",691,732,5.93342981186686,159,209,181,13.8364779874214,-13.3971291866029,63510,1,"2026-05-18 11:01:22 EDT"
"Bellevue","Nebraska","rape","Jan - Mar 2026",34,43,26.4705882352941,6,11,12,100,9.09090909090909,63510,1,"2026-05-18 11:01:22 EDT"
"Bellevue","Nebraska","robbery","Jan - Mar 2026",6,5,-16.6666666666667,1,2,0,-100,-100,63510,1,"2026-05-18 11:01:22 EDT"
"Bellevue","Nebraska","theft","Jan - Mar 2026",550,596,8.36363636363636,124,168,149,20.1612903225806,-11.3095238095238,63510,1,"2026-05-18 11:01:22 EDT"
"Bellevue","Nebraska","violent_crime","Jan - Mar 2026",47,69,46.8085106382979,7,16,16,128.571428571429,0,63510,1,"2026-05-18 11:01:22 EDT"
"Bellingham","Washington","aggravated_assault","Jan - Mar 2026",0,0,NA,0,0,0,NA,NA,95717,1,"2026-05-18 11:01:22 EDT"
"Bellingham","Washington","burglary","Jan - Mar 2026",0,0,NA,0,0,0,NA,NA,95717,1,"2026-05-18 11:01:22 EDT"
"Bellingham","Washington","motor_vehicle_theft","Jan - Mar 2026",156,82,-47.4358974358974,35,28,13,-62.8571428571429,-53.5714285714286,95717,1,"2026-05-18 11:01:22 EDT"
"Bellingham","Washington","murder","Jan - Mar 2026",5,2,-60,2,0,0,-100,NA,95717,1,"2026-05-18 11:01:22 EDT"
"Bellingham","Washington","property_crime","Jan - Mar 2026",2626,2424,-7.69230769230769,527,600,530,0.569259962049336,-11.6666666666667,95717,1,"2026-05-18 11:01:22 EDT"
"Bellingham","Washington","rape","Jan - Mar 2026",0,0,NA,0,0,0,NA,NA,95717,1,"2026-05-18 11:01:22 EDT"
"Bellingham","Washington","robbery","Jan - Mar 2026",74,51,-31.0810810810811,15,13,9,-40,-30.7692307692308,95717,1,"2026-05-18 11:01:22 EDT"
"Bellingham","Washington","theft","Jan - Mar 2026",2470,2342,-5.18218623481781,492,572,517,5.08130081300813,-9.61538461538462,95717,1,"2026-05-18 11:01:22 EDT"
"Bellingham","Washington","violent_crime","Jan - Mar 2026",79,53,-32.9113924050633,17,13,9,-47.0588235294118,-30.7692307692308,95717,1,"2026-05-18 11:01:22 EDT"
"Bend","Oregon","aggravated_assault","Jan - Mar 2026",117,143,22.2222222222222,19,32,30,57.8947368421053,-6.25,106241,1,"2026-05-18 11:01:22 EDT"
"Bend","Oregon","burglary","Jan - Mar 2026",145,90,-37.9310344827586,45,18,15,-66.6666666666667,-16.6666666666667,106241,1,"2026-05-18 11:01:22 EDT"
"Bend","Oregon","motor_vehicle_theft","Jan - Mar 2026",95,110,15.7894736842105,28,16,24,-14.2857142857143,50,106241,1,"2026-05-18 11:01:22 EDT"
"Bend","Oregon","murder","Jan - Mar 2026",3,1,-66.6666666666667,1,1,0,-100,-100,106241,1,"2026-05-18 11:01:22 EDT"
"Bend","Oregon","property_crime","Jan - Mar 2026",1581,1533,-3.03605313092979,409,331,329,-19.559902200489,-0.604229607250755,106241,1,"2026-05-18 11:01:22 EDT"
"Bend","Oregon","rape","Jan - Mar 2026",27,25,-7.40740740740741,8,6,3,-62.5,-50,106241,1,"2026-05-18 11:01:22 EDT"
"Bend","Oregon","robbery","Jan - Mar 2026",24,16,-33.3333333333333,7,7,1,-85.7142857142857,-85.7142857142857,106241,1,"2026-05-18 11:01:22 EDT"
"Bend","Oregon","theft","Jan - Mar 2026",1341,1333,-0.596569724086503,336,297,290,-13.6904761904762,-2.35690235690236,106241,1,"2026-05-18 11:01:22 EDT"
"Bend","Oregon","violent_crime","Jan - Mar 2026",171,185,8.18713450292398,35,46,34,-2.85714285714286,-26.0869565217391,106241,1,"2026-05-18 11:01:22 EDT"
"Bensalem","Pennsylvania","aggravated_assault","Jan - Mar 2026",28,36,28.5714285714286,8,9,1,-87.5,-88.8888888888889,62843,1,"2026-05-18 11:01:22 EDT"
"Bensalem","Pennsylvania","burglary","Jan - Mar 2026",56,29,-48.2142857142857,11,7,8,-27.2727272727273,14.2857142857143,62843,1,"2026-05-18 11:01:22 EDT"
"Bensalem","Pennsylvania","motor_vehicle_theft","Jan - Mar 2026",186,160,-13.9784946236559,36,40,29,-19.4444444444444,-27.5,62843,1,"2026-05-18 11:01:22 EDT"
"Bensalem","Pennsylvania","murder","Jan - Mar 2026",1,1,0,0,1,1,Inf,0,62843,1,"2026-05-18 11:01:22 EDT"
"Bensalem","Pennsylvania","property_crime","Jan - Mar 2026",1808,1322,-26.8805309734513,410,353,279,-31.9512195121951,-20.9631728045326,62843,1,"2026-05-18 11:01:22 EDT"
"Bensalem","Pennsylvania","rape","Jan - Mar 2026",3,11,266.666666666667,1,2,2,100,0,62843,1,"2026-05-18 11:01:22 EDT"
"Bensalem","Pennsylvania","robbery","Jan - Mar 2026",27,10,-62.962962962963,6,2,3,-50,50,62843,1,"2026-05-18 11:01:22 EDT"
"Bensalem","Pennsylvania","theft","Jan - Mar 2026",1566,1133,-27.6500638569604,363,306,242,-33.3333333333333,-20.9150326797386,62843,1,"2026-05-18 11:01:22 EDT"
"Bensalem","Pennsylvania","violent_crime","Jan - Mar 2026",59,58,-1.69491525423729,15,14,7,-53.3333333333333,-50,62843,1,"2026-05-18 11:01:22 EDT"
"Bentonville","Arkansas","aggravated_assault","Jan - Mar 2026",128,93,-27.34375,27,28,22,-18.5185185185185,-21.4285714285714,61109,1,"2026-05-18 11:01:22 EDT"
"Bentonville","Arkansas","burglary","Jan - Mar 2026",54,53,-1.85185185185185,20,8,13,-35,62.5,61109,1,"2026-05-18 11:01:22 EDT"
"Bentonville","Arkansas","motor_vehicle_theft","Jan - Mar 2026",30,24,-20,8,8,4,-50,-50,61109,1,"2026-05-18 11:01:22 EDT"
"Bentonville","Arkansas","murder","Jan - Mar 2026",3,1,-66.6666666666667,1,0,0,-100,NA,61109,1,"2026-05-18 11:01:22 EDT"
"Bentonville","Arkansas","property_crime","Jan - Mar 2026",505,462,-8.51485148514852,139,117,92,-33.8129496402878,-21.3675213675214,61109,1,"2026-05-18 11:01:22 EDT"
"Bentonville","Arkansas","rape","Jan - Mar 2026",24,16,-33.3333333333333,3,2,1,-66.6666666666667,-50,61109,1,"2026-05-18 11:01:22 EDT"
"Bentonville","Arkansas","robbery","Jan - Mar 2026",2,2,0,0,0,5,Inf,Inf,61109,1,"2026-05-18 11:01:22 EDT"
"Bentonville","Arkansas","theft","Jan - Mar 2026",421,385,-8.55106888361045,111,101,75,-32.4324324324324,-25.7425742574257,61109,1,"2026-05-18 11:01:22 EDT"
"Bentonville","Arkansas","violent_crime","Jan - Mar 2026",157,112,-28.6624203821656,31,30,28,-9.67741935483871,-6.66666666666667,61109,1,"2026-05-18 11:01:22 EDT"
"Berkeley","California","aggravated_assault","Jan - Feb 2026",471,539,14.4373673036093,70,88,90,28.5714285714286,2.27272727272727,117400,1,"2026-05-18 11:01:22 EDT"
"Berkeley","California","burglary","Jan - Feb 2026",782,708,-9.46291560102302,141,119,90,-36.1702127659575,-24.3697478991597,117400,1,"2026-05-18 11:01:22 EDT"
"Berkeley","California","motor_vehicle_theft","Jan - Feb 2026",1073,551,-48.6486486486487,245,96,89,-63.6734693877551,-7.29166666666667,117400,1,"2026-05-18 11:01:22 EDT"
"Berkeley","California","murder","Jan - Feb 2026",6,1,-83.3333333333333,0,1,0,NA,-100,117400,1,"2026-05-18 11:01:22 EDT"
"Berkeley","California","property_crime","Jan - Feb 2026",0,0,NA,0,0,0,NA,NA,117400,1,"2026-05-18 11:01:22 EDT"
"Berkeley","California","rape","Jan - Feb 2026",54,83,53.7037037037037,8,15,2,-75,-86.6666666666667,117400,1,"2026-05-18 11:01:22 EDT"
"Berkeley","California","robbery","Jan - Feb 2026",219,150,-31.5068493150685,41,24,16,-60.9756097560976,-33.3333333333333,117400,1,"2026-05-18 11:01:22 EDT"
"Berkeley","California","theft","Jan - Feb 2026",4306,3635,-15.5829075708314,718,578,594,-17.2701949860724,2.7681660899654,117400,1,"2026-05-18 11:01:22 EDT"
"Berkeley","California","violent_crime","Jan - Feb 2026",0,0,NA,0,0,0,NA,NA,117400,1,"2026-05-18 11:01:22 EDT"
"Berkeley County","South Carolina","aggravated_assault","Jan - Mar 2026",419,416,-0.715990453460621,117,75,64,-45.2991452991453,-14.6666666666667,150616,1,"2026-05-18 11:01:22 EDT"
"Berkeley County","South Carolina","burglary","Jan - Mar 2026",458,360,-21.3973799126638,79,63,57,-27.8481012658228,-9.52380952380952,150616,1,"2026-05-18 11:01:22 EDT"
"Berkeley County","South Carolina","motor_vehicle_theft","Jan - Mar 2026",333,211,-36.6366366366366,94,51,61,-35.1063829787234,19.6078431372549,150616,1,"2026-05-18 11:01:22 EDT"
"Berkeley County","South Carolina","murder","Jan - Mar 2026",10,12,20,1,6,0,-100,-100,150616,1,"2026-05-18 11:01:22 EDT"
"Berkeley County","South Carolina","property_crime","Jan - Mar 2026",2241,1797,-19.8125836680054,537,423,405,-24.5810055865922,-4.25531914893617,150616,1,"2026-05-18 11:01:22 EDT"
"Berkeley County","South Carolina","rape","Jan - Mar 2026",36,36,0,8,6,9,12.5,50,150616,1,"2026-05-18 11:01:22 EDT"
"Berkeley County","South Carolina","robbery","Jan - Mar 2026",32,23,-28.125,8,8,5,-37.5,-37.5,150616,1,"2026-05-18 11:01:22 EDT"
"Berkeley County","South Carolina","theft","Jan - Mar 2026",1450,1226,-15.448275862069,364,309,287,-21.1538461538462,-7.11974110032362,150616,1,"2026-05-18 11:01:22 EDT"
"Berkeley County","South Carolina","violent_crime","Jan - Mar 2026",497,487,-2.01207243460765,134,95,78,-41.7910447761194,-17.8947368421053,150616,1,"2026-05-18 11:01:22 EDT"
"Bethlehem","Pennsylvania","aggravated_assault","Jan - Mar 2026",107,87,-18.6915887850467,46,22,10,-78.2608695652174,-54.5454545454545,59181,1,"2026-05-18 11:01:22 EDT"
"Bethlehem","Pennsylvania","burglary","Jan - Mar 2026",67,61,-8.95522388059701,9,13,12,33.3333333333333,-7.69230769230769,59181,1,"2026-05-18 11:01:22 EDT"
"Bethlehem","Pennsylvania","motor_vehicle_theft","Jan - Mar 2026",116,98,-15.5172413793103,48,19,8,-83.3333333333333,-57.8947368421053,59181,1,"2026-05-18 11:01:22 EDT"
"Bethlehem","Pennsylvania","murder","Jan - Mar 2026",2,0,-100,0,0,1,Inf,Inf,59181,1,"2026-05-18 11:01:22 EDT"
"Bethlehem","Pennsylvania","property_crime","Jan - Mar 2026",1112,991,-10.8812949640288,261,233,192,-26.4367816091954,-17.5965665236052,59181,1,"2026-05-18 11:01:22 EDT"
"Bethlehem","Pennsylvania","rape","Jan - Mar 2026",32,39,21.875,9,6,4,-55.5555555555556,-33.3333333333333,59181,1,"2026-05-18 11:01:22 EDT"
"Bethlehem","Pennsylvania","robbery","Jan - Mar 2026",23,30,30.4347826086957,5,5,0,-100,-100,59181,1,"2026-05-18 11:01:22 EDT"
"Bethlehem","Pennsylvania","theft","Jan - Mar 2026",929,832,-10.4413347685684,204,201,172,-15.6862745098039,-14.4278606965174,59181,1,"2026-05-18 11:01:22 EDT"
"Bethlehem","Pennsylvania","violent_crime","Jan - Mar 2026",164,156,-4.8780487804878,60,33,15,-75,-54.5454545454545,59181,1,"2026-05-18 11:01:22 EDT"
"Bexar County","Texas","aggravated_assault","Jan - Jan 2026",793,641,-19.1677175283733,50,41,41,-18,0,462282,1,"2026-05-18 11:01:22 EDT"
"Bexar County","Texas","burglary","Jan - Jan 2026",1123,1159,3.20569902048085,96,78,123,28.125,57.6923076923077,462282,1,"2026-05-18 11:01:22 EDT"
"Bexar County","Texas","motor_vehicle_theft","Jan - Jan 2026",1230,1062,-13.6585365853659,131,108,59,-54.9618320610687,-45.3703703703704,462282,1,"2026-05-18 11:01:22 EDT"
"Bexar County","Texas","murder","Jan - Jan 2026",19,11,-42.1052631578947,1,1,1,0,0,462282,1,"2026-05-18 11:01:22 EDT"
"Bexar County","Texas","property_crime","Jan - Jan 2026",0,0,NA,0,0,0,NA,NA,462282,1,"2026-05-18 11:01:22 EDT"
"Bexar County","Texas","rape","Jan - Jan 2026",111,79,-28.8288288288288,7,7,10,42.8571428571429,42.8571428571429,462282,1,"2026-05-18 11:01:22 EDT"
"Bexar County","Texas","robbery","Jan - Jan 2026",132,105,-20.4545454545455,11,10,8,-27.2727272727273,-20,462282,1,"2026-05-18 11:01:22 EDT"
"Bexar County","Texas","theft","Jan - Jan 2026",3846,3060,-20.4368174726989,385,274,162,-57.9220779220779,-40.8759124087591,462282,1,"2026-05-18 11:01:22 EDT"
"Bexar County","Texas","violent_crime","Jan - Jan 2026",0,0,NA,0,0,0,NA,NA,462282,1,"2026-05-18 11:01:22 EDT"
"Billings","Montana","aggravated_assault","Jan - Mar 2026",699,734,5.0071530758226,149,187,147,-1.34228187919463,-21.3903743315508,122105,1,"2026-05-18 11:01:22 EDT"
"Billings","Montana","burglary","Jan - Mar 2026",446,294,-34.0807174887892,91,55,45,-50.5494505494505,-18.1818181818182,122105,1,"2026-05-18 11:01:22 EDT"
"Billings","Montana","motor_vehicle_theft","Jan - Mar 2026",513,351,-31.5789473684211,104,84,61,-41.3461538461538,-27.3809523809524,122105,1,"2026-05-18 11:01:22 EDT"
"Billings","Montana","murder","Jan - Mar 2026",10,4,-60,2,0,0,-100,NA,122105,1,"2026-05-18 11:01:22 EDT"
"Billings","Montana","property_crime","Jan - Mar 2026",3774,3047,-19.2633810280869,809,699,621,-23.238566131026,-11.1587982832618,122105,1,"2026-05-18 11:01:22 EDT"
"Billings","Montana","rape","Jan - Mar 2026",97,103,6.18556701030928,28,31,17,-39.2857142857143,-45.1612903225806,122105,1,"2026-05-18 11:01:22 EDT"
"Billings","Montana","robbery","Jan - Mar 2026",105,90,-14.2857142857143,26,21,9,-65.3846153846154,-57.1428571428571,122105,1,"2026-05-18 11:01:22 EDT"
"Billings","Montana","theft","Jan - Mar 2026",2815,2402,-14.6714031971581,614,560,515,-16.1237785016287,-8.03571428571429,122105,1,"2026-05-18 11:01:22 EDT"
"Billings","Montana","violent_crime","Jan - Mar 2026",911,931,2.1953896816685,205,239,173,-15.609756097561,-27.6150627615063,122105,1,"2026-05-18 11:01:22 EDT"
"Birmingham","Alabama","aggravated_assault","Jan - Mar 2026",0,0,NA,0,0,0,NA,NA,193470,1,"2026-05-18 11:01:22 EDT"
"Birmingham","Alabama","burglary","Jan - Mar 2026",0,0,NA,0,0,0,NA,NA,193470,1,"2026-05-18 11:01:22 EDT"
"Birmingham","Alabama","motor_vehicle_theft","Jan - Mar 2026",0,0,NA,0,0,0,NA,NA,193470,1,"2026-05-18 11:01:22 EDT"
"Birmingham","Alabama","murder","Jan - Mar 2026",139,84,-39.568345323741,30,16,12,-60,-25,193470,1,"2026-05-18 11:01:22 EDT"
"Birmingham","Alabama","property_crime","Jan - Mar 2026",0,0,NA,0,0,0,NA,NA,193470,1,"2026-05-18 11:01:22 EDT"
"Birmingham","Alabama","rape","Jan - Mar 2026",0,0,NA,0,0,0,NA,NA,193470,1,"2026-05-18 11:01:22 EDT"
"Birmingham","Alabama","robbery","Jan - Mar 2026",0,0,NA,0,0,0,NA,NA,193470,1,"2026-05-18 11:01:22 EDT"
"Birmingham","Alabama","theft","Jan - Mar 2026",0,0,NA,0,0,0,NA,NA,193470,1,"2026-05-18 11:01:22 EDT"
"Birmingham","Alabama","violent_crime","Jan - Mar 2026",139,84,-39.568345323741,30,16,12,-60,-25,193470,1,"2026-05-18 11:01:22 EDT"
"Bismarck","North Dakota","aggravated_assault","Jan - Mar 2026",128,219,71.09375,28,24,28,0,16.6666666666667,75546,1,"2026-05-18 11:01:22 EDT"
"Bismarck","North Dakota","burglary","Jan - Mar 2026",191,343,79.5811518324607,57,59,37,-35.0877192982456,-37.2881355932203,75546,1,"2026-05-18 11:01:22 EDT"
"Bismarck","North Dakota","motor_vehicle_theft","Jan - Mar 2026",185,223,20.5405405405405,68,34,28,-58.8235294117647,-17.6470588235294,75546,1,"2026-05-18 11:01:22 EDT"
"Bismarck","North Dakota","murder","Jan - Mar 2026",1,0,-100,0,0,1,Inf,Inf,75546,1,"2026-05-18 11:01:22 EDT"
"Bismarck","North Dakota","property_crime","Jan - Mar 2026",1845,2425,31.4363143631436,464,400,304,-34.4827586206897,-24,75546,1,"2026-05-18 11:01:22 EDT"
"Bismarck","North Dakota","rape","Jan - Mar 2026",34,69,102.941176470588,10,11,7,-30,-36.3636363636364,75546,1,"2026-05-18 11:01:22 EDT"
"Bismarck","North Dakota","robbery","Jan - Mar 2026",46,39,-15.2173913043478,4,5,12,200,140,75546,1,"2026-05-18 11:01:22 EDT"
"Bismarck","North Dakota","theft","Jan - Mar 2026",1469,1859,26.5486725663717,339,307,239,-29.4985250737463,-22.1498371335505,75546,1,"2026-05-18 11:01:22 EDT"
"Bismarck","North Dakota","violent_crime","Jan - Mar 2026",209,327,56.4593301435407,42,40,48,14.2857142857143,20,75546,1,"2026-05-18 11:01:22 EDT"
"Blaine","Minnesota","aggravated_assault","Jan - Mar 2026",43,30,-30.2325581395349,17,7,4,-76.4705882352941,-42.8571428571429,74913,1,"2026-05-18 11:01:22 EDT"
"Blaine","Minnesota","burglary","Jan - Mar 2026",77,47,-38.961038961039,21,11,9,-57.1428571428571,-18.1818181818182,74913,1,"2026-05-18 11:01:22 EDT"
"Blaine","Minnesota","motor_vehicle_theft","Jan - Mar 2026",54,68,25.9259259259259,10,8,11,10,37.5,74913,1,"2026-05-18 11:01:22 EDT"
"Blaine","Minnesota","murder","Jan - Mar 2026",2,0,-100,1,0,0,-100,NA,74913,1,"2026-05-18 11:01:22 EDT"
"Blaine","Minnesota","property_crime","Jan - Mar 2026",1039,848,-18.3830606352262,277,174,142,-48.7364620938628,-18.3908045977011,74913,1,"2026-05-18 11:01:22 EDT"
"Blaine","Minnesota","rape","Jan - Mar 2026",22,17,-22.7272727272727,0,4,5,Inf,25,74913,1,"2026-05-18 11:01:22 EDT"
"Blaine","Minnesota","robbery","Jan - Mar 2026",10,8,-20,4,4,4,0,0,74913,1,"2026-05-18 11:01:22 EDT"
"Blaine","Minnesota","theft","Jan - Mar 2026",908,733,-19.273127753304,246,155,122,-50.4065040650407,-21.2903225806452,74913,1,"2026-05-18 11:01:22 EDT"
"Blaine","Minnesota","violent_crime","Jan - Mar 2026",77,55,-28.5714285714286,22,15,13,-40.9090909090909,-13.3333333333333,74913,1,"2026-05-18 11:01:22 EDT"
"Bloomfield","New Jersey","aggravated_assault","Jan - Mar 2026",46,41,-10.8695652173913,12,12,11,-8.33333333333333,-8.33333333333333,55161,1,"2026-05-18 11:01:22 EDT"
"Bloomfield","New Jersey","burglary","Jan - Mar 2026",49,39,-20.4081632653061,15,10,7,-53.3333333333333,-30,55161,1,"2026-05-18 11:01:22 EDT"
"Bloomfield","New Jersey","motor_vehicle_theft","Jan - Mar 2026",125,73,-41.6,30,24,4,-86.6666666666667,-83.3333333333333,55161,1,"2026-05-18 11:01:22 EDT"
"Bloomfield","New Jersey","murder","Jan - Mar 2026",0,0,NA,0,0,1,Inf,Inf,55161,1,"2026-05-18 11:01:22 EDT"
"Bloomfield","New Jersey","property_crime","Jan - Mar 2026",807,747,-7.43494423791822,194,163,147,-24.2268041237113,-9.8159509202454,55161,1,"2026-05-18 11:01:22 EDT"
"Bloomfield","New Jersey","rape","Jan - Mar 2026",0,0,NA,0,0,0,NA,NA,55161,1,"2026-05-18 11:01:22 EDT"
"Bloomfield","New Jersey","robbery","Jan - Mar 2026",20,5,-75,3,2,0,-100,-100,55161,1,"2026-05-18 11:01:22 EDT"
"Bloomfield","New Jersey","theft","Jan - Mar 2026",633,635,0.315955766192733,149,129,136,-8.7248322147651,5.42635658914729,55161,1,"2026-05-18 11:01:22 EDT"
"Bloomfield","New Jersey","violent_crime","Jan - Mar 2026",66,46,-30.3030303030303,15,14,12,-20,-14.2857142857143,55161,1,"2026-05-18 11:01:22 EDT"
"Bloomington","Indiana","aggravated_assault","Jan - Mar 2026",132,134,1.51515151515152,33,32,8,-75.7575757575758,-75,78762,1,"2026-05-18 11:01:22 EDT"
"Bloomington","Indiana","burglary","Jan - Mar 2026",186,135,-27.4193548387097,49,40,7,-85.7142857142857,-82.5,78762,1,"2026-05-18 11:01:22 EDT"
"Bloomington","Indiana","motor_vehicle_theft","Jan - Mar 2026",134,98,-26.865671641791,22,24,3,-86.3636363636364,-87.5,78762,1,"2026-05-18 11:01:22 EDT"
"Bloomington","Indiana","murder","Jan - Mar 2026",3,2,-33.3333333333333,1,1,0,-100,-100,78762,1,"2026-05-18 11:01:22 EDT"
"Bloomington","Indiana","property_crime","Jan - Mar 2026",0,0,NA,0,0,0,NA,NA,78762,1,"2026-05-18 11:01:22 EDT"
"Bloomington","Indiana","rape","Jan - Mar 2026",49,44,-10.2040816326531,10,11,2,-80,-81.8181818181818,78762,1,"2026-05-18 11:01:22 EDT"
"Bloomington","Indiana","robbery","Jan - Mar 2026",44,42,-4.54545454545455,12,7,1,-91.6666666666667,-85.7142857142857,78762,1,"2026-05-18 11:01:22 EDT"
"Bloomington","Indiana","theft","Jan - Mar 2026",1846,1232,-33.261105092091,429,335,78,-81.8181818181818,-76.7164179104478,78762,1,"2026-05-18 11:01:22 EDT"
"Bloomington","Indiana","violent_crime","Jan - Mar 2026",0,0,NA,0,0,0,NA,NA,78762,1,"2026-05-18 11:01:22 EDT"
"Bloomington","Minnesota","aggravated_assault","Jan - Mar 2026",177,157,-11.2994350282486,51,34,22,-56.8627450980392,-35.2941176470588,86598,1,"2026-05-18 11:01:22 EDT"
"Bloomington","Minnesota","burglary","Jan - Mar 2026",194,188,-3.09278350515464,57,37,47,-17.5438596491228,27.027027027027,86598,1,"2026-05-18 11:01:22 EDT"
"Bloomington","Minnesota","motor_vehicle_theft","Jan - Mar 2026",194,117,-39.6907216494845,68,23,14,-79.4117647058823,-39.1304347826087,86598,1,"2026-05-18 11:01:22 EDT"
"Bloomington","Minnesota","murder","Jan - Mar 2026",1,1,0,1,1,0,-100,-100,86598,1,"2026-05-18 11:01:22 EDT"
"Bloomington","Minnesota","property_crime","Jan - Mar 2026",3037,2442,-19.5917023378334,818,514,547,-33.1295843520782,6.42023346303502,86598,1,"2026-05-18 11:01:22 EDT"
"Bloomington","Minnesota","rape","Jan - Mar 2026",48,52,8.33333333333333,14,16,11,-21.4285714285714,-31.25,86598,1,"2026-05-18 11:01:22 EDT"
"Bloomington","Minnesota","robbery","Jan - Mar 2026",35,33,-5.71428571428571,8,6,0,-100,-100,86598,1,"2026-05-18 11:01:22 EDT"
"Bloomington","Minnesota","theft","Jan - Mar 2026",2649,2137,-19.3280483201208,693,454,486,-29.8701298701299,7.04845814977974,86598,1,"2026-05-18 11:01:22 EDT"
"Bloomington","Minnesota","violent_crime","Jan - Mar 2026",261,243,-6.89655172413793,74,57,33,-55.4054054054054,-42.1052631578947,86598,1,"2026-05-18 11:01:22 EDT"
"Blue Springs","Missouri","aggravated_assault","Jan - Mar 2026",98,118,20.4081632653061,24,17,17,-29.1666666666667,0,61096,1,"2026-05-18 11:01:22 EDT"
"Blue Springs","Missouri","burglary","Jan - Mar 2026",105,88,-16.1904761904762,26,22,22,-15.3846153846154,0,61096,1,"2026-05-18 11:01:22 EDT"
"Blue Springs","Missouri","motor_vehicle_theft","Jan - Mar 2026",193,100,-48.1865284974093,44,35,35,-20.4545454545455,0,61096,1,"2026-05-18 11:01:22 EDT"
"Blue Springs","Missouri","murder","Jan - Mar 2026",3,0,-100,1,0,0,-100,NA,61096,1,"2026-05-18 11:01:22 EDT"
"Blue Springs","Missouri","property_crime","Jan - Mar 2026",1498,1060,-29.2389853137517,354,313,313,-11.5819209039548,0,61096,1,"2026-05-18 11:01:22 EDT"
"Blue Springs","Missouri","rape","Jan - Mar 2026",30,12,-60,7,4,4,-42.8571428571429,0,61096,1,"2026-05-18 11:01:22 EDT"
"Blue Springs","Missouri","robbery","Jan - Mar 2026",13,11,-15.3846153846154,3,1,1,-66.6666666666667,0,61096,1,"2026-05-18 11:01:22 EDT"
"Blue Springs","Missouri","theft","Jan - Mar 2026",1200,872,-27.3333333333333,284,256,256,-9.85915492957746,0,61096,1,"2026-05-18 11:01:22 EDT"
"Blue Springs","Missouri","violent_crime","Jan - Mar 2026",144,141,-2.08333333333333,35,22,22,-37.1428571428571,0,61096,1,"2026-05-18 11:01:22 EDT"
"Boise","Idaho","aggravated_assault","Jan - Feb 2026",488,483,-1.02459016393443,74,54,75,1.35135135135135,38.8888888888889,235223,1,"2026-05-18 11:01:22 EDT"
"Boise","Idaho","burglary","Jan - Feb 2026",259,167,-35.5212355212355,29,32,20,-31.0344827586207,-37.5,235223,1,"2026-05-18 11:01:22 EDT"
"Boise","Idaho","motor_vehicle_theft","Jan - Feb 2026",311,210,-32.475884244373,42,28,22,-47.6190476190476,-21.4285714285714,235223,1,"2026-05-18 11:01:22 EDT"
"Boise","Idaho","murder","Jan - Feb 2026",3,3,0,0,1,0,NA,-100,235223,1,"2026-05-18 11:01:22 EDT"
"Boise","Idaho","property_crime","Jan - Feb 2026",0,0,NA,0,0,0,NA,NA,235223,1,"2026-05-18 11:01:22 EDT"
"Boise","Idaho","rape","Jan - Feb 2026",205,155,-24.390243902439,28,33,23,-17.8571428571429,-30.3030303030303,235223,1,"2026-05-18 11:01:22 EDT"
"Boise","Idaho","robbery","Jan - Feb 2026",39,40,2.56410256410256,7,7,6,-14.2857142857143,-14.2857142857143,235223,1,"2026-05-18 11:01:22 EDT"
"Boise","Idaho","theft","Jan - Feb 2026",2112,1682,-20.3598484848485,322,258,209,-35.0931677018634,-18.9922480620155,235223,1,"2026-05-18 11:01:22 EDT"
"Boise","Idaho","violent_crime","Jan - Feb 2026",0,0,NA,0,0,0,NA,NA,235223,1,"2026-05-18 11:01:22 EDT"
"Bolingbrook","Illinois","aggravated_assault","Jan - Mar 2026",88,96,9.09090909090909,17,20,11,-35.2941176470588,-45,72708,1,"2026-05-18 11:01:22 EDT"
"Bolingbrook","Illinois","burglary","Jan - Mar 2026",166,48,-71.0843373493976,39,10,9,-76.9230769230769,-10,72708,1,"2026-05-18 11:01:22 EDT"
"Bolingbrook","Illinois","motor_vehicle_theft","Jan - Mar 2026",78,83,6.41025641025641,27,19,4,-85.1851851851852,-78.9473684210526,72708,1,"2026-05-18 11:01:22 EDT"
"Bolingbrook","Illinois","murder","Jan - Mar 2026",1,1,0,0,0,0,NA,NA,72708,1,"2026-05-18 11:01:22 EDT"
"Bolingbrook","Illinois","property_crime","Jan - Mar 2026",590,511,-13.3898305084746,142,103,94,-33.8028169014084,-8.7378640776699,72708,1,"2026-05-18 11:01:22 EDT"
"Bolingbrook","Illinois","rape","Jan - Mar 2026",34,45,32.3529411764706,9,7,3,-66.6666666666667,-57.1428571428571,72708,1,"2026-05-18 11:01:22 EDT"
"Bolingbrook","Illinois","robbery","Jan - Mar 2026",13,28,115.384615384615,5,6,4,-20,-33.3333333333333,72708,1,"2026-05-18 11:01:22 EDT"
"Bolingbrook","Illinois","theft","Jan - Mar 2026",346,380,9.82658959537572,76,74,81,6.57894736842105,9.45945945945946,72708,1,"2026-05-18 11:01:22 EDT"
"Bolingbrook","Illinois","violent_crime","Jan - Mar 2026",136,170,25,31,33,18,-41.9354838709677,-45.4545454545455,72708,1,"2026-05-18 11:01:22 EDT"
"Boone County","Kentucky","aggravated_assault","Jan - Mar 2026",26,55,111.538461538462,6,10,10,66.6666666666667,0,110398,1,"2026-05-18 11:01:22 EDT"
"Boone County","Kentucky","burglary","Jan - Mar 2026",82,46,-43.9024390243902,14,15,13,-7.14285714285714,-13.3333333333333,110398,1,"2026-05-18 11:01:22 EDT"
"Boone County","Kentucky","motor_vehicle_theft","Jan - Mar 2026",90,63,-30,19,11,8,-57.8947368421053,-27.2727272727273,110398,1,"2026-05-18 11:01:22 EDT"
"Boone County","Kentucky","murder","Jan - Mar 2026",5,0,-100,3,0,0,-100,NA,110398,1,"2026-05-18 11:01:22 EDT"
"Boone County","Kentucky","property_crime","Jan - Mar 2026",538,430,-20.0743494423792,112,115,105,-6.25,-8.69565217391304,110398,1,"2026-05-18 11:01:22 EDT"
"Boone County","Kentucky","rape","Jan - Mar 2026",34,21,-38.2352941176471,9,5,3,-66.6666666666667,-40,110398,1,"2026-05-18 11:01:22 EDT"
"Boone County","Kentucky","robbery","Jan - Mar 2026",7,2,-71.4285714285714,4,1,1,-75,0,110398,1,"2026-05-18 11:01:22 EDT"
"Boone County","Kentucky","theft","Jan - Mar 2026",366,321,-12.2950819672131,79,89,84,6.32911392405063,-5.61797752808989,110398,1,"2026-05-18 11:01:22 EDT"
"Boone County","Kentucky","violent_crime","Jan - Mar 2026",72,78,8.33333333333333,22,16,14,-36.3636363636364,-12.5,110398,1,"2026-05-18 11:01:22 EDT"
"Bossier City","Louisiana","aggravated_assault","Jan - Mar 2026",481,372,-22.6611226611227,101,101,108,6.93069306930693,6.93069306930693,62750,1,"2026-05-18 11:01:22 EDT"
"Bossier City","Louisiana","burglary","Jan - Mar 2026",303,202,-33.3333333333333,78,58,51,-34.6153846153846,-12.0689655172414,62750,1,"2026-05-18 11:01:22 EDT"
"Bossier City","Louisiana","motor_vehicle_theft","Jan - Mar 2026",247,182,-26.3157894736842,58,47,26,-55.1724137931034,-44.6808510638298,62750,1,"2026-05-18 11:01:22 EDT"
"Bossier City","Louisiana","murder","Jan - Mar 2026",7,2,-71.4285714285714,3,1,0,-100,-100,62750,1,"2026-05-18 11:01:22 EDT"
"Bossier City","Louisiana","property_crime","Jan - Mar 2026",2321,2069,-10.8573890564412,548,522,494,-9.85401459854015,-5.3639846743295,62750,1,"2026-05-18 11:01:22 EDT"
"Bossier City","Louisiana","rape","Jan - Mar 2026",49,38,-22.4489795918367,11,14,12,9.09090909090909,-14.2857142857143,62750,1,"2026-05-18 11:01:22 EDT"
"Bossier City","Louisiana","robbery","Jan - Mar 2026",37,33,-10.8108108108108,5,11,10,100,-9.09090909090909,62750,1,"2026-05-18 11:01:22 EDT"
"Bossier City","Louisiana","theft","Jan - Mar 2026",1771,1685,-4.85601355166573,412,417,417,1.21359223300971,0,62750,1,"2026-05-18 11:01:22 EDT"
"Bossier City","Louisiana","violent_crime","Jan - Mar 2026",574,445,-22.4738675958188,120,127,130,8.33333333333333,2.36220472440945,62750,1,"2026-05-18 11:01:22 EDT"
"Boston","Massachusetts","aggravated_assault","Jan - Mar 2026",3114,2977,-4.39948619139371,660,636,571,-13.4848484848485,-10.2201257861635,659049,1,"2026-05-18 11:01:22 EDT"
"Boston","Massachusetts","burglary","Jan - Mar 2026",1173,1066,-9.12190963341858,354,244,244,-31.0734463276836,0,659049,1,"2026-05-18 11:01:22 EDT"
"Boston","Massachusetts","motor_vehicle_theft","Jan - Mar 2026",1033,651,-36.9796708615682,234,188,113,-51.7094017094017,-39.8936170212766,659049,1,"2026-05-18 11:01:22 EDT"
"Boston","Massachusetts","murder","Jan - Mar 2026",25,25,0,2,8,3,50,-62.5,659049,1,"2026-05-18 11:01:22 EDT"
"Boston","Massachusetts","property_crime","Jan - Mar 2026",13337,12813,-3.92891954712454,3033,2838,2735,-9.8252555225849,-3.62931642001409,659049,1,"2026-05-18 11:01:22 EDT"
"Boston","Massachusetts","rape","Jan - Mar 2026",169,152,-10.0591715976331,37,42,36,-2.7027027027027,-14.2857142857143,659049,1,"2026-05-18 11:01:22 EDT"
"Boston","Massachusetts","robbery","Jan - Mar 2026",833,762,-8.5234093637455,186,158,127,-31.7204301075269,-19.620253164557,659049,1,"2026-05-18 11:01:22 EDT"
"Boston","Massachusetts","theft","Jan - Mar 2026",11131,11096,-0.314437157488096,2445,2406,2378,-2.74028629856851,-1.16375727348296,659049,1,"2026-05-18 11:01:22 EDT"
"Boston","Massachusetts","violent_crime","Jan - Mar 2026",4141,3916,-5.43347017628592,885,844,737,-16.7231638418079,-12.6777251184834,659049,1,"2026-05-18 11:01:22 EDT"
"Boulder","Colorado","aggravated_assault","Jan - Mar 2026",263,264,0.380228136882129,53,52,49,-7.54716981132075,-5.76923076923077,105195,1,"2026-05-18 11:01:22 EDT"
"Boulder","Colorado","burglary","Jan - Mar 2026",410,373,-9.02439024390244,128,88,88,-31.25,0,105195,1,"2026-05-18 11:01:22 EDT"
"Boulder","Colorado","motor_vehicle_theft","Jan - Mar 2026",224,153,-31.6964285714286,55,59,13,-76.3636363636364,-77.9661016949153,105195,1,"2026-05-18 11:01:22 EDT"
"Boulder","Colorado","murder","Jan - Mar 2026",0,3,Inf,0,0,0,NA,NA,105195,1,"2026-05-18 11:01:22 EDT"
"Boulder","Colorado","property_crime","Jan - Mar 2026",3090,2889,-6.50485436893204,678,764,609,-10.1769911504425,-20.2879581151832,105195,1,"2026-05-18 11:01:22 EDT"
"Boulder","Colorado","rape","Jan - Mar 2026",37,70,89.1891891891892,4,14,19,375,35.7142857142857,105195,1,"2026-05-18 11:01:22 EDT"
"Boulder","Colorado","robbery","Jan - Mar 2026",47,54,14.8936170212766,8,17,15,87.5,-11.7647058823529,105195,1,"2026-05-18 11:01:22 EDT"
"Boulder","Colorado","theft","Jan - Mar 2026",2456,2363,-3.78664495114007,495,617,508,2.62626262626263,-17.6661264181524,105195,1,"2026-05-18 11:01:22 EDT"
"Boulder","Colorado","violent_crime","Jan - Mar 2026",347,391,12.6801152737752,65,83,83,27.6923076923077,0,105195,1,"2026-05-18 11:01:22 EDT"
"Bowie","Maryland","aggravated_assault","Jan - Mar 2026",39,69,76.9230769230769,11,18,10,-9.09090909090909,-44.4444444444444,56929,1,"2026-05-18 11:01:22 EDT"
"Bowie","Maryland","burglary","Jan - Mar 2026",84,46,-45.2380952380952,14,14,7,-50,-50,56929,1,"2026-05-18 11:01:22 EDT"
"Bowie","Maryland","motor_vehicle_theft","Jan - Mar 2026",225,166,-26.2222222222222,49,34,33,-32.6530612244898,-2.94117647058824,56929,1,"2026-05-18 11:01:22 EDT"
"Bowie","Maryland","murder","Jan - Mar 2026",0,2,Inf,0,0,0,NA,NA,56929,1,"2026-05-18 11:01:22 EDT"
"Bowie","Maryland","property_crime","Jan - Mar 2026",0,0,NA,0,0,0,NA,NA,56929,1,"2026-05-18 11:01:22 EDT"
"Bowie","Maryland","rape","Jan - Mar 2026",14,14,0,2,4,1,-50,-75,56929,1,"2026-05-18 11:01:22 EDT"
"Bowie","Maryland","robbery","Jan - Mar 2026",34,35,2.94117647058824,6,8,2,-66.6666666666667,-75,56929,1,"2026-05-18 11:01:22 EDT"
"Bowie","Maryland","theft","Jan - Mar 2026",1095,925,-15.5251141552511,245,244,169,-31.0204081632653,-30.7377049180328,56929,1,"2026-05-18 11:01:22 EDT"
"Bowie","Maryland","violent_crime","Jan - Mar 2026",0,0,NA,0,0,0,NA,NA,56929,1,"2026-05-18 11:01:22 EDT"
"Bowling Green","Kentucky","aggravated_assault","Jan - Mar 2026",66,69,4.54545454545455,14,12,19,35.7142857142857,58.3333333333333,77503,1,"2026-05-18 11:01:22 EDT"
"Bowling Green","Kentucky","burglary","Jan - Mar 2026",265,209,-21.1320754716981,55,64,34,-38.1818181818182,-46.875,77503,1,"2026-05-18 11:01:22 EDT"
"Bowling Green","Kentucky","motor_vehicle_theft","Jan - Mar 2026",208,159,-23.5576923076923,43,45,29,-32.5581395348837,-35.5555555555556,77503,1,"2026-05-18 11:01:22 EDT"
"Bowling Green","Kentucky","murder","Jan - Mar 2026",1,2,100,0,1,1,Inf,0,77503,1,"2026-05-18 11:01:22 EDT"
"Bowling Green","Kentucky","property_crime","Jan - Mar 2026",2297,1827,-20.4614714845451,534,490,402,-24.7191011235955,-17.9591836734694,77503,1,"2026-05-18 11:01:22 EDT"
"Bowling Green","Kentucky","rape","Jan - Mar 2026",71,56,-21.1267605633803,14,12,10,-28.5714285714286,-16.6666666666667,77503,1,"2026-05-18 11:01:22 EDT"
"Bowling Green","Kentucky","robbery","Jan - Mar 2026",36,22,-38.8888888888889,10,5,6,-40,20,77503,1,"2026-05-18 11:01:22 EDT"
"Bowling Green","Kentucky","theft","Jan - Mar 2026",1824,1459,-20.0109649122807,436,381,339,-22.2477064220184,-11.0236220472441,77503,1,"2026-05-18 11:01:22 EDT"
"Bowling Green","Kentucky","violent_crime","Jan - Mar 2026",174,149,-14.367816091954,38,30,36,-5.26315789473684,20,77503,1,"2026-05-18 11:01:22 EDT"
"Bozeman","Montana","aggravated_assault","Jan - Mar 2026",198,152,-23.2323232323232,39,34,46,17.9487179487179,35.2941176470588,58509,1,"2026-05-18 11:01:22 EDT"
"Bozeman","Montana","burglary","Jan - Mar 2026",84,49,-41.6666666666667,21,11,4,-80.9523809523809,-63.6363636363636,58509,1,"2026-05-18 11:01:22 EDT"
"Bozeman","Montana","motor_vehicle_theft","Jan - Mar 2026",56,53,-5.35714285714286,10,12,10,0,-16.6666666666667,58509,1,"2026-05-18 11:01:22 EDT"
"Bozeman","Montana","murder","Jan - Mar 2026",0,1,Inf,0,1,2,Inf,100,58509,1,"2026-05-18 11:01:22 EDT"
"Bozeman","Montana","property_crime","Jan - Mar 2026",1034,937,-9.38104448742747,205,207,186,-9.26829268292683,-10.1449275362319,58509,1,"2026-05-18 11:01:22 EDT"
"Bozeman","Montana","rape","Jan - Mar 2026",51,67,31.3725490196078,8,16,14,75,-12.5,58509,1,"2026-05-18 11:01:22 EDT"
"Bozeman","Montana","robbery","Jan - Mar 2026",7,8,14.2857142857143,0,2,0,NA,-100,58509,1,"2026-05-18 11:01:22 EDT"
"Bozeman","Montana","theft","Jan - Mar 2026",894,835,-6.59955257270694,174,184,172,-1.14942528735632,-6.52173913043478,58509,1,"2026-05-18 11:01:22 EDT"
"Bozeman","Montana","violent_crime","Jan - Mar 2026",256,228,-10.9375,47,53,62,31.9148936170213,16.9811320754717,58509,1,"2026-05-18 11:01:22 EDT"
"Brazoria County","Texas","aggravated_assault","Jan - Mar 2026",134,122,-8.95522388059701,31,16,36,16.1290322580645,125,141817,1,"2026-05-18 11:01:22 EDT"
"Brazoria County","Texas","burglary","Jan - Mar 2026",198,218,10.1010101010101,59,57,35,-40.6779661016949,-38.5964912280702,141817,1,"2026-05-18 11:01:22 EDT"
"Brazoria County","Texas","motor_vehicle_theft","Jan - Mar 2026",158,110,-30.379746835443,50,27,29,-42,7.40740740740741,141817,1,"2026-05-18 11:01:22 EDT"
"Brazoria County","Texas","murder","Jan - Mar 2026",3,7,133.333333333333,1,0,3,200,Inf,141817,1,"2026-05-18 11:01:22 EDT"
"Brazoria County","Texas","property_crime","Jan - Mar 2026",1171,1143,-2.39111870196413,320,268,236,-26.25,-11.9402985074627,141817,1,"2026-05-18 11:01:22 EDT"
"Brazoria County","Texas","rape","Jan - Mar 2026",62,49,-20.9677419354839,22,8,9,-59.0909090909091,12.5,141817,1,"2026-05-18 11:01:22 EDT"
"Brazoria County","Texas","robbery","Jan - Mar 2026",24,14,-41.6666666666667,5,2,5,0,150,141817,1,"2026-05-18 11:01:22 EDT"
"Brazoria County","Texas","theft","Jan - Mar 2026",815,815,0,211,184,172,-18.4834123222749,-6.52173913043478,141817,1,"2026-05-18 11:01:22 EDT"
"Brazoria County","Texas","violent_crime","Jan - Mar 2026",223,192,-13.9013452914798,59,26,53,-10.1694915254237,103.846153846154,141817,1,"2026-05-18 11:01:22 EDT"
"Brentwood","California","aggravated_assault","Jan - Mar 2026",79,76,-3.79746835443038,18,18,14,-22.2222222222222,-22.2222222222222,65352,1,"2026-05-18 11:01:22 EDT"
"Brentwood","California","burglary","Jan - Mar 2026",144,72,-50,57,13,18,-68.4210526315789,38.4615384615385,65352,1,"2026-05-18 11:01:22 EDT"
"Brentwood","California","motor_vehicle_theft","Jan - Mar 2026",169,100,-40.8284023668639,45,31,23,-48.8888888888889,-25.8064516129032,65352,1,"2026-05-18 11:01:22 EDT"
"Brentwood","California","murder","Jan - Mar 2026",0,0,NA,0,0,0,NA,NA,65352,1,"2026-05-18 11:01:22 EDT"
"Brentwood","California","property_crime","Jan - Mar 2026",1568,1044,-33.4183673469388,410,247,206,-49.7560975609756,-16.5991902834008,65352,1,"2026-05-18 11:01:22 EDT"
"Brentwood","California","rape","Jan - Mar 2026",18,21,16.6666666666667,5,4,2,-60,-50,65352,1,"2026-05-18 11:01:22 EDT"
"Brentwood","California","robbery","Jan - Mar 2026",60,37,-38.3333333333333,20,10,7,-65,-30,65352,1,"2026-05-18 11:01:22 EDT"
"Brentwood","California","theft","Jan - Mar 2026",1255,872,-30.5179282868526,308,203,165,-46.4285714285714,-18.7192118226601,65352,1,"2026-05-18 11:01:22 EDT"
"Brentwood","California","violent_crime","Jan - Mar 2026",157,134,-14.6496815286624,43,32,23,-46.5116279069767,-28.125,65352,1,"2026-05-18 11:01:22 EDT"
"Bridgeport","Connecticut","aggravated_assault","Jan - Mar 2026",282,204,-27.6595744680851,69,49,40,-42.0289855072464,-18.3673469387755,148132,1,"2026-05-18 11:01:22 EDT"
"Bridgeport","Connecticut","burglary","Jan - Mar 2026",332,238,-28.3132530120482,78,58,66,-15.3846153846154,13.7931034482759,148132,1,"2026-05-18 11:01:22 EDT"
"Bridgeport","Connecticut","motor_vehicle_theft","Jan - Mar 2026",701,524,-25.2496433666191,127,124,125,-1.5748031496063,0.806451612903226,148132,1,"2026-05-18 11:01:22 EDT"
"Bridgeport","Connecticut","murder","Jan - Mar 2026",12,5,-58.3333333333333,3,2,1,-66.6666666666667,-50,148132,1,"2026-05-18 11:01:22 EDT"
"Bridgeport","Connecticut","property_crime","Jan - Mar 2026",2176,1926,-11.4889705882353,467,528,440,-5.78158458244111,-16.6666666666667,148132,1,"2026-05-18 11:01:22 EDT"
"Bridgeport","Connecticut","rape","Jan - Mar 2026",62,46,-25.8064516129032,16,16,11,-31.25,-31.25,148132,1,"2026-05-18 11:01:22 EDT"
"Bridgeport","Connecticut","robbery","Jan - Mar 2026",227,125,-44.9339207048458,54,32,28,-48.1481481481481,-12.5,148132,1,"2026-05-18 11:01:22 EDT"
"Bridgeport","Connecticut","theft","Jan - Mar 2026",1143,1164,1.83727034120735,262,346,249,-4.9618320610687,-28.0346820809249,148132,1,"2026-05-18 11:01:22 EDT"
"Bridgeport","Connecticut","violent_crime","Jan - Mar 2026",583,380,-34.819897084048,142,99,80,-43.6619718309859,-19.1919191919192,148132,1,"2026-05-18 11:01:22 EDT"
"Bristol","Connecticut","aggravated_assault","Jan - Mar 2026",13,15,15.3846153846154,3,1,2,-33.3333333333333,100,61895,1,"2026-05-18 11:01:22 EDT"
"Bristol","Connecticut","burglary","Jan - Mar 2026",53,50,-5.66037735849057,22,19,11,-50,-42.1052631578947,61895,1,"2026-05-18 11:01:22 EDT"
"Bristol","Connecticut","motor_vehicle_theft","Jan - Mar 2026",191,94,-50.7853403141361,90,22,10,-88.8888888888889,-54.5454545454545,61895,1,"2026-05-18 11:01:22 EDT"
"Bristol","Connecticut","murder","Jan - Mar 2026",2,0,-100,1,0,0,-100,NA,61895,1,"2026-05-18 11:01:22 EDT"
"Bristol","Connecticut","property_crime","Jan - Mar 2026",593,405,-31.7032040472175,207,95,70,-66.1835748792271,-26.3157894736842,61895,1,"2026-05-18 11:01:22 EDT"
"Bristol","Connecticut","rape","Jan - Mar 2026",5,3,-40,1,0,1,0,Inf,61895,1,"2026-05-18 11:01:22 EDT"
"Bristol","Connecticut","robbery","Jan - Mar 2026",16,15,-6.25,6,3,3,-50,0,61895,1,"2026-05-18 11:01:22 EDT"
"Bristol","Connecticut","theft","Jan - Mar 2026",349,261,-25.214899713467,95,54,49,-48.4210526315789,-9.25925925925926,61895,1,"2026-05-18 11:01:22 EDT"
"Bristol","Connecticut","violent_crime","Jan - Mar 2026",36,33,-8.33333333333333,11,4,6,-45.4545454545455,50,61895,1,"2026-05-18 11:01:22 EDT"
"Brockton","Massachusetts","aggravated_assault","Jan - Mar 2026",491,445,-9.36863543788187,103,97,72,-30.0970873786408,-25.7731958762887,106650,1,"2026-05-18 11:01:22 EDT"
"Brockton","Massachusetts","burglary","Jan - Mar 2026",249,331,32.9317269076305,51,51,47,-7.84313725490196,-7.84313725490196,106650,1,"2026-05-18 11:01:22 EDT"
"Brockton","Massachusetts","motor_vehicle_theft","Jan - Mar 2026",385,354,-8.05194805194805,101,63,65,-35.6435643564356,3.17460317460317,106650,1,"2026-05-18 11:01:22 EDT"
"Brockton","Massachusetts","murder","Jan - Mar 2026",8,8,0,2,4,2,0,-50,106650,1,"2026-05-18 11:01:22 EDT"
"Brockton","Massachusetts","property_crime","Jan - Mar 2026",1437,1472,2.43562978427279,331,271,279,-15.7099697885196,2.9520295202952,106650,1,"2026-05-18 11:01:22 EDT"
"Brockton","Massachusetts","rape","Jan - Mar 2026",68,76,11.7647058823529,13,15,18,38.4615384615385,20,106650,1,"2026-05-18 11:01:22 EDT"
"Brockton","Massachusetts","robbery","Jan - Mar 2026",72,39,-45.8333333333333,17,12,12,-29.4117647058824,0,106650,1,"2026-05-18 11:01:22 EDT"
"Brockton","Massachusetts","theft","Jan - Mar 2026",803,787,-1.99252801992528,179,157,167,-6.70391061452514,6.36942675159236,106650,1,"2026-05-18 11:01:22 EDT"
"Brockton","Massachusetts","violent_crime","Jan - Mar 2026",639,568,-11.1111111111111,135,128,104,-22.962962962963,-18.75,106650,1,"2026-05-18 11:01:22 EDT"
"Broken Arrow","Oklahoma","aggravated_assault","Jan - Mar 2026",214,184,-14.018691588785,42,45,44,4.76190476190476,-2.22222222222222,98264,1,"2026-05-18 11:01:22 EDT"
"Broken Arrow","Oklahoma","burglary","Jan - Mar 2026",193,183,-5.18134715025907,46,40,28,-39.1304347826087,-30,98264,1,"2026-05-18 11:01:22 EDT"
"Broken Arrow","Oklahoma","motor_vehicle_theft","Jan - Mar 2026",132,116,-12.1212121212121,20,21,17,-15,-19.047619047619,98264,1,"2026-05-18 11:01:22 EDT"
"Broken Arrow","Oklahoma","murder","Jan - Mar 2026",4,2,-50,1,0,0,-100,NA,98264,1,"2026-05-18 11:01:22 EDT"
"Broken Arrow","Oklahoma","property_crime","Jan - Mar 2026",1453,1352,-6.9511355815554,329,313,250,-24.0121580547112,-20.1277955271566,98264,1,"2026-05-18 11:01:22 EDT"
"Broken Arrow","Oklahoma","rape","Jan - Mar 2026",42,42,0,10,14,7,-30,-50,98264,1,"2026-05-18 11:01:22 EDT"
"Broken Arrow","Oklahoma","robbery","Jan - Mar 2026",10,18,80,6,6,5,-16.6666666666667,-16.6666666666667,98264,1,"2026-05-18 11:01:22 EDT"
"Broken Arrow","Oklahoma","theft","Jan - Mar 2026",1128,1053,-6.64893617021277,263,252,205,-22.0532319391635,-18.6507936507937,98264,1,"2026-05-18 11:01:22 EDT"
"Broken Arrow","Oklahoma","violent_crime","Jan - Mar 2026",270,246,-8.88888888888889,59,65,56,-5.08474576271187,-13.8461538461538,98264,1,"2026-05-18 11:01:22 EDT"
"Brookhaven","Georgia","aggravated_assault","Jan - Mar 2026",91,94,3.2967032967033,14,27,17,21.4285714285714,-37.037037037037,58507,1,"2026-05-18 11:01:22 EDT"
"Brookhaven","Georgia","burglary","Jan - Mar 2026",167,121,-27.5449101796407,31,21,16,-48.3870967741936,-23.8095238095238,58507,1,"2026-05-18 11:01:22 EDT"
"Brookhaven","Georgia","motor_vehicle_theft","Jan - Mar 2026",125,91,-27.2,35,20,15,-57.1428571428571,-25,58507,1,"2026-05-18 11:01:22 EDT"
"Brookhaven","Georgia","murder","Jan - Mar 2026",5,2,-60,1,0,2,100,Inf,58507,1,"2026-05-18 11:01:22 EDT"
"Brookhaven","Georgia","property_crime","Jan - Mar 2026",1307,1191,-8.87528691660291,324,314,192,-40.7407407407407,-38.8535031847134,58507,1,"2026-05-18 11:01:22 EDT"
"Brookhaven","Georgia","rape","Jan - Mar 2026",18,13,-27.7777777777778,6,4,2,-66.6666666666667,-50,58507,1,"2026-05-18 11:01:22 EDT"
"Brookhaven","Georgia","robbery","Jan - Mar 2026",64,45,-29.6875,13,16,14,7.69230769230769,-12.5,58507,1,"2026-05-18 11:01:22 EDT"
"Brookhaven","Georgia","theft","Jan - Mar 2026",1015,979,-3.54679802955665,258,273,161,-37.5968992248062,-41.025641025641,58507,1,"2026-05-18 11:01:22 EDT"
"Brookhaven","Georgia","violent_crime","Jan - Mar 2026",178,154,-13.4831460674157,34,47,35,2.94117647058824,-25.531914893617,58507,1,"2026-05-18 11:01:22 EDT"
"Brookline","Massachusetts","aggravated_assault","Jan - Jan 2026",52,57,9.61538461538462,5,3,3,-40,0,64122,1,"2026-05-18 11:01:22 EDT"
"Brookline","Massachusetts","burglary","Jan - Jan 2026",55,51,-7.27272727272727,5,2,2,-60,0,64122,1,"2026-05-18 11:01:22 EDT"
"Brookline","Massachusetts","motor_vehicle_theft","Jan - Jan 2026",17,21,23.5294117647059,0,0,0,NA,NA,64122,1,"2026-05-18 11:01:22 EDT"
"Brookline","Massachusetts","murder","Jan - Jan 2026",0,0,NA,0,0,1,Inf,Inf,64122,1,"2026-05-18 11:01:22 EDT"
"Brookline","Massachusetts","property_crime","Jan - Jan 2026",0,0,NA,0,0,0,NA,NA,64122,1,"2026-05-18 11:01:22 EDT"
"Brookline","Massachusetts","rape","Jan - Jan 2026",3,7,133.333333333333,0,1,0,NA,-100,64122,1,"2026-05-18 11:01:22 EDT"
"Brookline","Massachusetts","robbery","Jan - Jan 2026",10,7,-30,1,1,0,-100,-100,64122,1,"2026-05-18 11:01:22 EDT"
"Brookline","Massachusetts","theft","Jan - Jan 2026",507,401,-20.9072978303748,43,36,14,-67.4418604651163,-61.1111111111111,64122,1,"2026-05-18 11:01:22 EDT"
"Brookline","Massachusetts","violent_crime","Jan - Jan 2026",0,0,NA,0,0,0,NA,NA,64122,1,"2026-05-18 11:01:22 EDT"
"Brooklyn Park","Minnesota","aggravated_assault","Jan - Mar 2026",135,164,21.4814814814815,42,41,30,-28.5714285714286,-26.8292682926829,80665,1,"2026-05-18 11:01:22 EDT"
"Brooklyn Park","Minnesota","burglary","Jan - Mar 2026",215,154,-28.3720930232558,58,30,42,-27.5862068965517,40,80665,1,"2026-05-18 11:01:22 EDT"
"Brooklyn Park","Minnesota","motor_vehicle_theft","Jan - Mar 2026",309,196,-36.5695792880259,96,46,28,-70.8333333333333,-39.1304347826087,80665,1,"2026-05-18 11:01:22 EDT"
"Brooklyn Park","Minnesota","murder","Jan - Mar 2026",4,1,-75,1,0,1,0,Inf,80665,1,"2026-05-18 11:01:22 EDT"
"Brooklyn Park","Minnesota","property_crime","Jan - Mar 2026",2013,1568,-22.1063089915549,517,402,313,-39.458413926499,-22.1393034825871,80665,1,"2026-05-18 11:01:22 EDT"
"Brooklyn Park","Minnesota","rape","Jan - Mar 2026",39,58,48.7179487179487,9,16,6,-33.3333333333333,-62.5,80665,1,"2026-05-18 11:01:22 EDT"
"Brooklyn Park","Minnesota","robbery","Jan - Mar 2026",61,63,3.27868852459016,15,13,12,-20,-7.69230769230769,80665,1,"2026-05-18 11:01:22 EDT"
"Brooklyn Park","Minnesota","theft","Jan - Mar 2026",1489,1218,-18.2001343183345,363,326,243,-33.0578512396694,-25.4601226993865,80665,1,"2026-05-18 11:01:22 EDT"
"Brooklyn Park","Minnesota","violent_crime","Jan - Mar 2026",239,286,19.6652719665272,67,70,49,-26.865671641791,-30,80665,1,"2026-05-18 11:01:22 EDT"
"Broomfield","Colorado","aggravated_assault","Jan - Mar 2026",88,87,-1.13636363636364,21,23,21,0,-8.69565217391304,78294,1,"2026-05-18 11:01:22 EDT"
"Broomfield","Colorado","burglary","Jan - Mar 2026",160,127,-20.625,33,33,41,24.2424242424242,24.2424242424242,78294,1,"2026-05-18 11:01:22 EDT"
"Broomfield","Colorado","motor_vehicle_theft","Jan - Mar 2026",198,136,-31.3131313131313,52,37,24,-53.8461538461538,-35.1351351351351,78294,1,"2026-05-18 11:01:22 EDT"
"Broomfield","Colorado","murder","Jan - Mar 2026",1,0,-100,0,0,0,NA,NA,78294,1,"2026-05-18 11:01:22 EDT"
"Broomfield","Colorado","property_crime","Jan - Mar 2026",1535,1233,-19.6742671009772,369,271,338,-8.40108401084011,24.7232472324723,78294,1,"2026-05-18 11:01:22 EDT"
"Broomfield","Colorado","rape","Jan - Mar 2026",25,24,-4,5,9,8,60,-11.1111111111111,78294,1,"2026-05-18 11:01:22 EDT"
"Broomfield","Colorado","robbery","Jan - Mar 2026",16,11,-31.25,2,2,0,-100,-100,78294,1,"2026-05-18 11:01:22 EDT"
"Broomfield","Colorado","theft","Jan - Mar 2026",1177,970,-17.5870858113849,284,201,273,-3.87323943661972,35.8208955223881,78294,1,"2026-05-18 11:01:22 EDT"
"Broomfield","Colorado","violent_crime","Jan - Mar 2026",130,122,-6.15384615384615,28,34,29,3.57142857142857,-14.7058823529412,78294,1,"2026-05-18 11:01:22 EDT"
"Brownsville","Texas","aggravated_assault","Jan - Mar 2026",693,592,-14.5743145743146,173,125,114,-34.1040462427746,-8.8,191221,1,"2026-05-18 11:01:22 EDT"
"Brownsville","Texas","burglary","Jan - Mar 2026",368,281,-23.6413043478261,84,72,52,-38.0952380952381,-27.7777777777778,191221,1,"2026-05-18 11:01:22 EDT"
"Brownsville","Texas","motor_vehicle_theft","Jan - Mar 2026",791,406,-48.6725663716814,269,129,82,-69.5167286245353,-36.4341085271318,191221,1,"2026-05-18 11:01:22 EDT"
"Brownsville","Texas","murder","Jan - Mar 2026",3,2,-33.3333333333333,0,1,0,NA,-100,191221,1,"2026-05-18 11:01:22 EDT"
"Brownsville","Texas","property_crime","Jan - Mar 2026",3716,2930,-21.1517761033369,953,794,627,-34.2077649527807,-21.0327455919395,191221,1,"2026-05-18 11:01:22 EDT"
"Brownsville","Texas","rape","Jan - Mar 2026",60,76,26.6666666666667,10,25,18,80,-28,191221,1,"2026-05-18 11:01:22 EDT"
"Brownsville","Texas","robbery","Jan - Mar 2026",116,109,-6.03448275862069,25,31,24,-4,-22.5806451612903,191221,1,"2026-05-18 11:01:22 EDT"
"Brownsville","Texas","theft","Jan - Mar 2026",2557,2243,-12.280015643332,600,593,493,-17.8333333333333,-16.8634064080944,191221,1,"2026-05-18 11:01:22 EDT"
"Brownsville","Texas","violent_crime","Jan - Mar 2026",872,779,-10.6651376146789,208,182,156,-25,-14.2857142857143,191221,1,"2026-05-18 11:01:22 EDT"
"Buckeye","Arizona","aggravated_assault","Jan - Mar 2026",121,126,4.13223140495868,44,22,36,-18.1818181818182,63.6363636363636,114513,1,"2026-05-18 11:01:22 EDT"
"Buckeye","Arizona","burglary","Jan - Mar 2026",101,146,44.5544554455446,24,17,28,16.6666666666667,64.7058823529412,114513,1,"2026-05-18 11:01:22 EDT"
"Buckeye","Arizona","motor_vehicle_theft","Jan - Mar 2026",130,105,-19.2307692307692,39,30,14,-64.1025641025641,-53.3333333333333,114513,1,"2026-05-18 11:01:22 EDT"
"Buckeye","Arizona","murder","Jan - Mar 2026",3,0,-100,0,0,1,Inf,Inf,114513,1,"2026-05-18 11:01:22 EDT"
"Buckeye","Arizona","property_crime","Jan - Mar 2026",885,906,2.3728813559322,237,194,190,-19.831223628692,-2.06185567010309,114513,1,"2026-05-18 11:01:22 EDT"
"Buckeye","Arizona","rape","Jan - Mar 2026",58,56,-3.44827586206897,13,16,6,-53.8461538461538,-62.5,114513,1,"2026-05-18 11:01:22 EDT"
"Buckeye","Arizona","robbery","Jan - Mar 2026",9,9,0,0,6,3,Inf,-50,114513,1,"2026-05-18 11:01:22 EDT"
"Buckeye","Arizona","theft","Jan - Mar 2026",654,655,0.152905198776758,174,147,148,-14.9425287356322,0.680272108843537,114513,1,"2026-05-18 11:01:22 EDT"
"Buckeye","Arizona","violent_crime","Jan - Mar 2026",191,191,0,57,44,46,-19.2982456140351,4.54545454545455,114513,1,"2026-05-18 11:01:22 EDT"
"Buena Park","California","aggravated_assault","Jan - Mar 2026",104,160,53.8461538461538,31,39,16,-48.3870967741936,-58.974358974359,81334,1,"2026-05-18 11:01:22 EDT"
"Buena Park","California","burglary","Jan - Mar 2026",177,130,-26.5536723163842,43,52,21,-51.1627906976744,-59.6153846153846,81334,1,"2026-05-18 11:01:22 EDT"
"Buena Park","California","motor_vehicle_theft","Jan - Mar 2026",341,233,-31.6715542521994,95,71,54,-43.1578947368421,-23.943661971831,81334,1,"2026-05-18 11:01:22 EDT"
"Buena Park","California","murder","Jan - Mar 2026",0,1,Inf,0,0,0,NA,NA,81334,1,"2026-05-18 11:01:22 EDT"
"Buena Park","California","property_crime","Jan - Mar 2026",1926,1639,-14.9013499480789,537,452,374,-30.3538175046555,-17.2566371681416,81334,1,"2026-05-18 11:01:22 EDT"
"Buena Park","California","rape","Jan - Mar 2026",24,21,-12.5,8,4,3,-62.5,-25,81334,1,"2026-05-18 11:01:22 EDT"
"Buena Park","California","robbery","Jan - Mar 2026",75,50,-33.3333333333333,24,12,13,-45.8333333333333,8.33333333333333,81334,1,"2026-05-18 11:01:22 EDT"
"Buena Park","California","theft","Jan - Mar 2026",1408,1276,-9.375,399,329,299,-25.062656641604,-9.11854103343465,81334,1,"2026-05-18 11:01:22 EDT"
"Buena Park","California","violent_crime","Jan - Mar 2026",203,232,14.2857142857143,63,55,32,-49.2063492063492,-41.8181818181818,81334,1,"2026-05-18 11:01:22 EDT"
"Buffalo","New York","aggravated_assault","Jan - Mar 2026",1265,1367,8.06324110671937,271,274,270,-0.3690036900369,-1.45985401459854,273728,1,"2026-05-18 11:01:22 EDT"
"Buffalo","New York","burglary","Jan - Mar 2026",1260,1278,1.42857142857143,313,307,245,-21.7252396166134,-20.1954397394137,273728,1,"2026-05-18 11:01:22 EDT"
"Buffalo","New York","motor_vehicle_theft","Jan - Mar 2026",1692,1279,-24.4089834515366,538,296,222,-58.7360594795539,-25,273728,1,"2026-05-18 11:01:22 EDT"
"Buffalo","New York","murder","Jan - Mar 2026",37,30,-18.9189189189189,8,13,3,-62.5,-76.9230769230769,273728,1,"2026-05-18 11:01:22 EDT"
"Buffalo","New York","property_crime","Jan - Mar 2026",10057,9431,-6.22452023466242,2514,1963,2020,-19.6499602227526,2.90371879775853,273728,1,"2026-05-18 11:01:22 EDT"
"Buffalo","New York","rape","Jan - Mar 2026",90,100,11.1111111111111,20,22,17,-15,-22.7272727272727,273728,1,"2026-05-18 11:01:22 EDT"
"Buffalo","New York","robbery","Jan - Mar 2026",437,428,-2.05949656750572,99,94,88,-11.1111111111111,-6.38297872340426,273728,1,"2026-05-18 11:01:22 EDT"
"Buffalo","New York","theft","Jan - Mar 2026",7105,6874,-3.2512315270936,1663,1360,1553,-6.61455201443175,14.1911764705882,273728,1,"2026-05-18 11:01:22 EDT"
"Buffalo","New York","violent_crime","Jan - Mar 2026",1829,1925,5.24876981957354,398,403,378,-5.0251256281407,-6.20347394540943,273728,1,"2026-05-18 11:01:22 EDT"
"Buncombe County","North Carolina","aggravated_assault","Jan - Mar 2026",151,192,27.1523178807947,43,49,41,-4.65116279069767,-16.3265306122449,161061,1,"2026-05-18 11:01:22 EDT"
"Buncombe County","North Carolina","burglary","Jan - Mar 2026",322,251,-22.0496894409938,73,66,55,-24.6575342465753,-16.6666666666667,161061,1,"2026-05-18 11:01:22 EDT"
"Buncombe County","North Carolina","motor_vehicle_theft","Jan - Mar 2026",137,143,4.37956204379562,37,34,26,-29.7297297297297,-23.5294117647059,161061,1,"2026-05-18 11:01:22 EDT"
"Buncombe County","North Carolina","murder","Jan - Mar 2026",2,6,200,0,1,0,NA,-100,161061,1,"2026-05-18 11:01:22 EDT"
"Buncombe County","North Carolina","property_crime","Jan - Mar 2026",1180,1151,-2.45762711864407,273,281,230,-15.7509157509158,-18.1494661921708,161061,1,"2026-05-18 11:01:22 EDT"
"Buncombe County","North Carolina","rape","Jan - Mar 2026",8,13,62.5,1,3,5,400,66.6666666666667,161061,1,"2026-05-18 11:01:22 EDT"
"Buncombe County","North Carolina","robbery","Jan - Mar 2026",15,13,-13.3333333333333,6,2,2,-66.6666666666667,0,161061,1,"2026-05-18 11:01:22 EDT"
"Buncombe County","North Carolina","theft","Jan - Mar 2026",721,757,4.99306518723994,163,181,149,-8.58895705521472,-17.6795580110497,161061,1,"2026-05-18 11:01:22 EDT"
"Buncombe County","North Carolina","violent_crime","Jan - Mar 2026",176,224,27.2727272727273,50,55,48,-4,-12.7272727272727,161061,1,"2026-05-18 11:01:22 EDT"
"Burbank","California","aggravated_assault","Jan - Mar 2026",287,272,-5.22648083623693,49,75,76,55.1020408163265,1.33333333333333,101377,1,"2026-05-18 11:01:22 EDT"
"Burbank","California","burglary","Jan - Mar 2026",346,285,-17.6300578034682,95,88,72,-24.2105263157895,-18.1818181818182,101377,1,"2026-05-18 11:01:22 EDT"
"Burbank","California","motor_vehicle_theft","Jan - Mar 2026",298,245,-17.7852348993289,77,76,46,-40.2597402597403,-39.4736842105263,101377,1,"2026-05-18 11:01:22 EDT"
"Burbank","California","murder","Jan - Mar 2026",2,0,-100,0,0,0,NA,NA,101377,1,"2026-05-18 11:01:22 EDT"
"Burbank","California","property_crime","Jan - Mar 2026",3087,2512,-18.626498218335,805,691,612,-23.9751552795031,-11.4327062228654,101377,1,"2026-05-18 11:01:22 EDT"
"Burbank","California","rape","Jan - Mar 2026",24,13,-45.8333333333333,4,3,1,-75,-66.6666666666667,101377,1,"2026-05-18 11:01:22 EDT"
"Burbank","California","robbery","Jan - Mar 2026",96,67,-30.2083333333333,26,24,9,-65.3846153846154,-62.5,101377,1,"2026-05-18 11:01:22 EDT"
"Burbank","California","theft","Jan - Mar 2026",2443,1982,-18.8702415063447,633,527,494,-21.9589257503949,-6.26185958254269,101377,1,"2026-05-18 11:01:22 EDT"
"Burbank","California","violent_crime","Jan - Mar 2026",409,352,-13.9364303178484,79,102,86,8.86075949367089,-15.6862745098039,101377,1,"2026-05-18 11:01:22 EDT"
"Burleson","Texas","aggravated_assault","Jan - Mar 2026",62,69,11.2903225806452,15,20,19,26.6666666666667,-5,47228,1,"2026-05-18 11:01:22 EDT"
"Burleson","Texas","burglary","Jan - Mar 2026",44,40,-9.09090909090909,12,8,9,-25,12.5,47228,1,"2026-05-18 11:01:22 EDT"
"Burleson","Texas","motor_vehicle_theft","Jan - Mar 2026",94,26,-72.3404255319149,26,13,10,-61.5384615384615,-23.0769230769231,47228,1,"2026-05-18 11:01:22 EDT"
"Burleson","Texas","murder","Jan - Mar 2026",1,2,100,0,0,0,NA,NA,47228,1,"2026-05-18 11:01:22 EDT"
"Burleson","Texas","property_crime","Jan - Mar 2026",631,432,-31.5372424722662,165,127,90,-45.4545454545455,-29.1338582677165,47228,1,"2026-05-18 11:01:22 EDT"
"Burleson","Texas","rape","Jan - Mar 2026",23,15,-34.7826086956522,2,5,4,100,-20,47228,1,"2026-05-18 11:01:22 EDT"
"Burleson","Texas","robbery","Jan - Mar 2026",10,4,-60,2,0,4,100,Inf,47228,1,"2026-05-18 11:01:22 EDT"
"Burleson","Texas","theft","Jan - Mar 2026",493,366,-25.7606490872211,127,106,71,-44.0944881889764,-33.0188679245283,47228,1,"2026-05-18 11:01:22 EDT"
"Burleson","Texas","violent_crime","Jan - Mar 2026",96,90,-6.25,19,25,27,42.1052631578947,8,47228,1,"2026-05-18 11:01:22 EDT"
"Burlington","North Carolina","aggravated_assault","Jan - Mar 2026",459,307,-33.1154684095861,108,66,45,-58.3333333333333,-31.8181818181818,58041,1,"2026-05-18 11:01:22 EDT"
"Burlington","North Carolina","burglary","Jan - Mar 2026",330,282,-14.5454545454545,70,56,53,-24.2857142857143,-5.35714285714286,58041,1,"2026-05-18 11:01:22 EDT"
"Burlington","North Carolina","motor_vehicle_theft","Jan - Mar 2026",225,150,-33.3333333333333,59,39,29,-50.8474576271186,-25.6410256410256,58041,1,"2026-05-18 11:01:22 EDT"
"Burlington","North Carolina","murder","Jan - Mar 2026",4,3,-25,1,3,0,-100,-100,58041,1,"2026-05-18 11:01:22 EDT"
"Burlington","North Carolina","property_crime","Jan - Mar 2026",1934,1672,-13.5470527404343,521,369,425,-18.426103646833,15.1761517615176,58041,1,"2026-05-18 11:01:22 EDT"
"Burlington","North Carolina","rape","Jan - Mar 2026",55,43,-21.8181818181818,8,13,12,50,-7.69230769230769,58041,1,"2026-05-18 11:01:22 EDT"
"Burlington","North Carolina","robbery","Jan - Mar 2026",70,44,-37.1428571428571,11,7,11,0,57.1428571428571,58041,1,"2026-05-18 11:01:22 EDT"
"Burlington","North Carolina","theft","Jan - Mar 2026",1379,1240,-10.0797679477883,392,274,343,-12.5,25.1824817518248,58041,1,"2026-05-18 11:01:22 EDT"
"Burlington","North Carolina","violent_crime","Jan - Mar 2026",588,397,-32.4829931972789,128,89,68,-46.875,-23.5955056179775,58041,1,"2026-05-18 11:01:22 EDT"
"Burlington","Vermont","aggravated_assault","Jan - Mar 2026",179,174,-2.79329608938547,37,35,13,-64.8648648648649,-62.8571428571429,44456,1,"2026-05-18 11:01:22 EDT"
"Burlington","Vermont","burglary","Jan - Mar 2026",171,132,-22.8070175438596,38,42,19,-50,-54.7619047619048,44456,1,"2026-05-18 11:01:22 EDT"
"Burlington","Vermont","motor_vehicle_theft","Jan - Mar 2026",84,79,-5.95238095238095,20,24,10,-50,-58.3333333333333,44456,1,"2026-05-18 11:01:22 EDT"
"Burlington","Vermont","murder","Jan - Mar 2026",1,1,0,0,0,0,NA,NA,44456,1,"2026-05-18 11:01:22 EDT"
"Burlington","Vermont","property_crime","Jan - Mar 2026",0,0,NA,0,0,0,NA,NA,44456,1,"2026-05-18 11:01:22 EDT"
"Burlington","Vermont","rape","Jan - Mar 2026",9,13,44.4444444444444,0,0,5,Inf,Inf,44456,1,"2026-05-18 11:01:22 EDT"
"Burlington","Vermont","robbery","Jan - Mar 2026",24,26,8.33333333333333,1,7,0,-100,-100,44456,1,"2026-05-18 11:01:22 EDT"
"Burlington","Vermont","theft","Jan - Mar 2026",1652,1591,-3.69249394673123,328,406,157,-52.1341463414634,-61.3300492610837,44456,1,"2026-05-18 11:01:22 EDT"
"Burlington","Vermont","violent_crime","Jan - Mar 2026",0,0,NA,0,0,0,NA,NA,44456,1,"2026-05-18 11:01:22 EDT"
"Burnsville","Minnesota","aggravated_assault","Jan - Mar 2026",94,71,-24.468085106383,29,20,18,-37.9310344827586,-10,64860,1,"2026-05-18 11:01:22 EDT"
"Burnsville","Minnesota","burglary","Jan - Mar 2026",66,49,-25.7575757575758,15,11,10,-33.3333333333333,-9.09090909090909,64860,1,"2026-05-18 11:01:22 EDT"
"Burnsville","Minnesota","motor_vehicle_theft","Jan - Mar 2026",82,64,-21.9512195121951,21,14,22,4.76190476190476,57.1428571428571,64860,1,"2026-05-18 11:01:22 EDT"
"Burnsville","Minnesota","murder","Jan - Mar 2026",5,2,-60,3,0,2,-33.3333333333333,Inf,64860,1,"2026-05-18 11:01:22 EDT"
"Burnsville","Minnesota","property_crime","Jan - Mar 2026",1233,977,-20.7623682076237,317,232,212,-33.1230283911672,-8.62068965517241,64860,1,"2026-05-18 11:01:22 EDT"
"Burnsville","Minnesota","rape","Jan - Mar 2026",29,23,-20.6896551724138,6,9,2,-66.6666666666667,-77.7777777777778,64860,1,"2026-05-18 11:01:22 EDT"
"Burnsville","Minnesota","robbery","Jan - Mar 2026",11,10,-9.09090909090909,2,2,2,0,0,64860,1,"2026-05-18 11:01:22 EDT"
"Burnsville","Minnesota","theft","Jan - Mar 2026",1085,864,-20.36866359447,281,207,180,-35.9430604982206,-13.0434782608696,64860,1,"2026-05-18 11:01:22 EDT"
"Burnsville","Minnesota","violent_crime","Jan - Mar 2026",139,106,-23.7410071942446,40,31,24,-40,-22.5806451612903,64860,1,"2026-05-18 11:01:22 EDT"
"Caldwell","Idaho","aggravated_assault","Jan - Mar 2026",256,288,12.5,48,66,60,25,-9.09090909090909,71115,1,"2026-05-18 11:01:22 EDT"
"Caldwell","Idaho","burglary","Jan - Mar 2026",106,57,-46.2264150943396,18,18,22,22.2222222222222,22.2222222222222,71115,1,"2026-05-18 11:01:22 EDT"
"Caldwell","Idaho","motor_vehicle_theft","Jan - Mar 2026",67,80,19.4029850746269,15,29,5,-66.6666666666667,-82.7586206896552,71115,1,"2026-05-18 11:01:22 EDT"
"Caldwell","Idaho","murder","Jan - Mar 2026",1,1,0,0,0,0,NA,NA,71115,1,"2026-05-18 11:01:22 EDT"
"Caldwell","Idaho","property_crime","Jan - Mar 2026",698,521,-25.3581661891117,158,146,111,-29.746835443038,-23.972602739726,71115,1,"2026-05-18 11:01:22 EDT"
"Caldwell","Idaho","rape","Jan - Mar 2026",62,80,29.0322580645161,15,26,6,-60,-76.9230769230769,71115,1,"2026-05-18 11:01:22 EDT"
"Caldwell","Idaho","robbery","Jan - Mar 2026",4,1,-75,1,0,1,0,Inf,71115,1,"2026-05-18 11:01:22 EDT"
"Caldwell","Idaho","theft","Jan - Mar 2026",525,384,-26.8571428571429,125,99,84,-32.8,-15.1515151515152,71115,1,"2026-05-18 11:01:22 EDT"
"Caldwell","Idaho","violent_crime","Jan - Mar 2026",323,370,14.5510835913313,64,92,67,4.6875,-27.1739130434783,71115,1,"2026-05-18 11:01:22 EDT"
"Camarillo","California","aggravated_assault","Jan - Mar 2026",60,75,25,10,15,9,-10,-40,69115,1,"2026-05-18 11:01:22 EDT"
"Camarillo","California","burglary","Jan - Mar 2026",77,67,-12.987012987013,21,19,8,-61.9047619047619,-57.8947368421053,69115,1,"2026-05-18 11:01:22 EDT"
"Camarillo","California","motor_vehicle_theft","Jan - Mar 2026",72,44,-38.8888888888889,16,18,9,-43.75,-50,69115,1,"2026-05-18 11:01:22 EDT"
"Camarillo","California","murder","Jan - Mar 2026",1,1,0,0,1,0,NA,-100,69115,1,"2026-05-18 11:01:22 EDT"
"Camarillo","California","property_crime","Jan - Mar 2026",825,770,-6.66666666666667,214,216,146,-31.7757009345794,-32.4074074074074,69115,1,"2026-05-18 11:01:22 EDT"
"Camarillo","California","rape","Jan - Mar 2026",18,10,-44.4444444444444,2,4,1,-50,-75,69115,1,"2026-05-18 11:01:22 EDT"
"Camarillo","California","robbery","Jan - Mar 2026",11,13,18.1818181818182,2,3,1,-50,-66.6666666666667,69115,1,"2026-05-18 11:01:22 EDT"
"Camarillo","California","theft","Jan - Mar 2026",676,659,-2.51479289940828,177,179,129,-27.1186440677966,-27.9329608938547,69115,1,"2026-05-18 11:01:22 EDT"
"Camarillo","California","violent_crime","Jan - Mar 2026",90,99,10,14,23,11,-21.4285714285714,-52.1739130434783,69115,1,"2026-05-18 11:01:22 EDT"
"Cambridge","Massachusetts","aggravated_assault","Jan - Mar 2026",375,382,1.86666666666667,50,88,97,94,10.2272727272727,120447,1,"2026-05-18 11:01:22 EDT"
"Cambridge","Massachusetts","burglary","Jan - Mar 2026",285,240,-15.7894736842105,72,64,44,-38.8888888888889,-31.25,120447,1,"2026-05-18 11:01:22 EDT"
"Cambridge","Massachusetts","motor_vehicle_theft","Jan - Mar 2026",102,90,-11.7647058823529,18,20,12,-33.3333333333333,-40,120447,1,"2026-05-18 11:01:22 EDT"
"Cambridge","Massachusetts","murder","Jan - Mar 2026",0,2,Inf,0,1,0,NA,-100,120447,1,"2026-05-18 11:01:22 EDT"
"Cambridge","Massachusetts","property_crime","Jan - Mar 2026",3188,3186,-0.0627352572145546,611,753,540,-11.620294599018,-28.2868525896414,120447,1,"2026-05-18 11:01:22 EDT"
"Cambridge","Massachusetts","rape","Jan - Mar 2026",41,39,-4.8780487804878,10,9,6,-40,-33.3333333333333,120447,1,"2026-05-18 11:01:22 EDT"
"Cambridge","Massachusetts","robbery","Jan - Mar 2026",110,107,-2.72727272727273,22,15,16,-27.2727272727273,6.66666666666667,120447,1,"2026-05-18 11:01:22 EDT"
"Cambridge","Massachusetts","theft","Jan - Mar 2026",2801,2856,1.96358443413067,521,669,484,-7.10172744721689,-27.6532137518685,120447,1,"2026-05-18 11:01:22 EDT"
"Cambridge","Massachusetts","violent_crime","Jan - Mar 2026",526,530,0.760456273764259,82,113,119,45.1219512195122,5.30973451327434,120447,1,"2026-05-18 11:01:22 EDT"
"Cameron County","Texas","aggravated_assault","Jan - Mar 2026",168,197,17.2619047619048,37,49,50,35.1351351351351,2.04081632653061,100581,1,"2026-05-18 11:01:22 EDT"
"Cameron County","Texas","burglary","Jan - Mar 2026",121,142,17.3553719008264,39,32,16,-58.974358974359,-50,100581,1,"2026-05-18 11:01:22 EDT"
"Cameron County","Texas","motor_vehicle_theft","Jan - Mar 2026",140,202,44.2857142857143,26,71,17,-34.6153846153846,-76.056338028169,100581,1,"2026-05-18 11:01:22 EDT"
"Cameron County","Texas","murder","Jan - Mar 2026",3,3,0,2,0,0,-100,NA,100581,1,"2026-05-18 11:01:22 EDT"
"Cameron County","Texas","property_crime","Jan - Mar 2026",691,795,15.0506512301013,187,211,131,-29.9465240641711,-37.914691943128,100581,1,"2026-05-18 11:01:22 EDT"
"Cameron County","Texas","rape","Jan - Mar 2026",64,40,-37.5,11,9,7,-36.3636363636364,-22.2222222222222,100581,1,"2026-05-18 11:01:22 EDT"
"Cameron County","Texas","robbery","Jan - Mar 2026",13,12,-7.69230769230769,5,5,2,-60,-60,100581,1,"2026-05-18 11:01:22 EDT"
"Cameron County","Texas","theft","Jan - Mar 2026",430,451,4.88372093023256,122,108,98,-19.672131147541,-9.25925925925926,100581,1,"2026-05-18 11:01:22 EDT"
"Cameron County","Texas","violent_crime","Jan - Mar 2026",248,252,1.61290322580645,55,63,59,7.27272727272727,-6.34920634920635,100581,1,"2026-05-18 11:01:22 EDT"
"Canton","Ohio","aggravated_assault","Jan - Mar 2026",681,582,-14.5374449339207,134,120,157,17.1641791044776,30.8333333333333,68725,1,"2026-05-18 11:01:22 EDT"
"Canton","Ohio","burglary","Jan - Mar 2026",622,620,-0.321543408360129,158,105,123,-22.1518987341772,17.1428571428571,68725,1,"2026-05-18 11:01:22 EDT"
"Canton","Ohio","motor_vehicle_theft","Jan - Mar 2026",284,286,0.704225352112676,80,61,60,-25,-1.63934426229508,68725,1,"2026-05-18 11:01:22 EDT"
"Canton","Ohio","murder","Jan - Mar 2026",3,10,233.333333333333,1,0,2,100,Inf,68725,1,"2026-05-18 11:01:22 EDT"
"Canton","Ohio","property_crime","Jan - Mar 2026",2759,2515,-8.84378397970279,670,560,603,-10,7.67857142857143,68725,1,"2026-05-18 11:01:22 EDT"
"Canton","Ohio","rape","Jan - Mar 2026",93,127,36.5591397849462,20,42,5,-75,-88.0952380952381,68725,1,"2026-05-18 11:01:22 EDT"
"Canton","Ohio","robbery","Jan - Mar 2026",124,108,-12.9032258064516,28,21,22,-21.4285714285714,4.76190476190476,68725,1,"2026-05-18 11:01:22 EDT"
"Canton","Ohio","theft","Jan - Mar 2026",1853,1609,-13.1678359417161,432,394,420,-2.77777777777778,6.5989847715736,68725,1,"2026-05-18 11:01:22 EDT"
"Canton","Ohio","violent_crime","Jan - Mar 2026",901,827,-8.21309655937847,183,183,186,1.63934426229508,1.63934426229508,68725,1,"2026-05-18 11:01:22 EDT"
"Canton Township","Michigan","aggravated_assault","Jan - Mar 2026",138,153,10.8695652173913,25,28,18,-28,-35.7142857142857,97844,1,"2026-05-18 11:01:22 EDT"
"Canton Township","Michigan","burglary","Jan - Mar 2026",88,53,-39.7727272727273,14,7,13,-7.14285714285714,85.7142857142857,97844,1,"2026-05-18 11:01:22 EDT"
"Canton Township","Michigan","motor_vehicle_theft","Jan - Mar 2026",83,67,-19.2771084337349,22,16,16,-27.2727272727273,0,97844,1,"2026-05-18 11:01:22 EDT"
"Canton Township","Michigan","murder","Jan - Mar 2026",5,3,-40,2,1,0,-100,-100,97844,1,"2026-05-18 11:01:22 EDT"
"Canton Township","Michigan","property_crime","Jan - Mar 2026",1064,1021,-4.04135338345865,240,229,199,-17.0833333333333,-13.1004366812227,97844,1,"2026-05-18 11:01:22 EDT"
"Canton Township","Michigan","rape","Jan - Mar 2026",26,25,-3.84615384615385,4,9,3,-25,-66.6666666666667,97844,1,"2026-05-18 11:01:22 EDT"
"Canton Township","Michigan","robbery","Jan - Mar 2026",5,13,160,1,5,1,0,-80,97844,1,"2026-05-18 11:01:22 EDT"
"Canton Township","Michigan","theft","Jan - Mar 2026",893,901,0.895856662933931,204,206,170,-16.6666666666667,-17.4757281553398,97844,1,"2026-05-18 11:01:22 EDT"
"Canton Township","Michigan","violent_crime","Jan - Mar 2026",174,194,11.4942528735632,32,43,22,-31.25,-48.8372093023256,97844,1,"2026-05-18 11:01:22 EDT"
"Carlsbad","California","aggravated_assault","Jan - Feb 2026",166,201,21.0843373493976,31,28,39,25.8064516129032,39.2857142857143,113023,1,"2026-05-18 11:01:22 EDT"
"Carlsbad","California","burglary","Jan - Feb 2026",233,187,-19.7424892703863,53,23,14,-73.5849056603774,-39.1304347826087,113023,1,"2026-05-18 11:01:22 EDT"
"Carlsbad","California","motor_vehicle_theft","Jan - Feb 2026",117,71,-39.3162393162393,20,12,10,-50,-16.6666666666667,113023,1,"2026-05-18 11:01:22 EDT"
"Carlsbad","California","murder","Jan - Feb 2026",1,4,300,0,0,0,NA,NA,113023,1,"2026-05-18 11:01:22 EDT"
"Carlsbad","California","property_crime","Jan - Feb 2026",0,0,NA,0,0,0,NA,NA,113023,1,"2026-05-18 11:01:22 EDT"
"Carlsbad","California","rape","Jan - Feb 2026",15,20,33.3333333333333,3,3,6,100,100,113023,1,"2026-05-18 11:01:22 EDT"
"Carlsbad","California","robbery","Jan - Feb 2026",40,28,-30,5,9,5,0,-44.4444444444444,113023,1,"2026-05-18 11:01:22 EDT"
"Carlsbad","California","theft","Jan - Feb 2026",1365,1005,-26.3736263736264,256,199,147,-42.578125,-26.1306532663317,113023,1,"2026-05-18 11:01:22 EDT"
"Carlsbad","California","violent_crime","Jan - Feb 2026",0,0,NA,0,0,0,NA,NA,113023,1,"2026-05-18 11:01:22 EDT"
"Carmel","Indiana","aggravated_assault","Jan - Mar 2026",49,38,-22.4489795918367,15,5,7,-53.3333333333333,40,103107,1,"2026-05-18 11:01:22 EDT"
"Carmel","Indiana","burglary","Jan - Mar 2026",47,20,-57.4468085106383,11,4,3,-72.7272727272727,-25,103107,1,"2026-05-18 11:01:22 EDT"
"Carmel","Indiana","motor_vehicle_theft","Jan - Mar 2026",89,94,5.61797752808989,26,16,15,-42.3076923076923,-6.25,103107,1,"2026-05-18 11:01:22 EDT"
"Carmel","Indiana","murder","Jan - Mar 2026",0,0,NA,0,0,0,NA,NA,103107,1,"2026-05-18 11:01:22 EDT"
"Carmel","Indiana","property_crime","Jan - Mar 2026",0,0,NA,0,0,0,NA,NA,103107,1,"2026-05-18 11:01:22 EDT"
"Carmel","Indiana","rape","Jan - Mar 2026",16,8,-50,2,2,3,50,50,103107,1,"2026-05-18 11:01:22 EDT"
"Carmel","Indiana","robbery","Jan - Mar 2026",6,6,0,0,2,0,NA,-100,103107,1,"2026-05-18 11:01:22 EDT"
"Carmel","Indiana","theft","Jan - Mar 2026",714,598,-16.2464985994398,162,128,117,-27.7777777777778,-8.59375,103107,1,"2026-05-18 11:01:22 EDT"
"Carmel","Indiana","violent_crime","Jan - Mar 2026",0,0,NA,0,0,0,NA,NA,103107,1,"2026-05-18 11:01:22 EDT"
"Carrollton","Texas","aggravated_assault","Jan - Mar 2026",136,87,-36.0294117647059,30,23,13,-56.6666666666667,-43.4782608695652,82298,1,"2026-05-18 11:01:22 EDT"
"Carrollton","Texas","burglary","Jan - Mar 2026",213,216,1.40845070422535,49,39,26,-46.9387755102041,-33.3333333333333,82298,1,"2026-05-18 11:01:22 EDT"
"Carrollton","Texas","motor_vehicle_theft","Jan - Mar 2026",279,164,-41.2186379928315,70,45,23,-67.1428571428571,-48.8888888888889,82298,1,"2026-05-18 11:01:22 EDT"
"Carrollton","Texas","murder","Jan - Mar 2026",1,2,100,1,0,2,100,Inf,82298,1,"2026-05-18 11:01:22 EDT"
"Carrollton","Texas","property_crime","Jan - Mar 2026",0,0,NA,0,0,0,NA,NA,82298,1,"2026-05-18 11:01:22 EDT"
"Carrollton","Texas","rape","Jan - Mar 2026",18,32,77.7777777777778,7,14,4,-42.8571428571429,-71.4285714285714,82298,1,"2026-05-18 11:01:22 EDT"
"Carrollton","Texas","robbery","Jan - Mar 2026",30,11,-63.3333333333333,11,4,3,-72.7272727272727,-25,82298,1,"2026-05-18 11:01:22 EDT"
"Carrollton","Texas","theft","Jan - Mar 2026",1320,968,-26.6666666666667,344,244,156,-54.6511627906977,-36.0655737704918,82298,1,"2026-05-18 11:01:22 EDT"
"Carrollton","Texas","violent_crime","Jan - Mar 2026",0,0,NA,0,0,0,NA,NA,82298,1,"2026-05-18 11:01:22 EDT"
"Cary","North Carolina","aggravated_assault","Jan - Mar 2026",92,97,5.43478260869565,24,33,20,-16.6666666666667,-39.3939393939394,177768,1,"2026-05-18 11:01:22 EDT"
"Cary","North Carolina","burglary","Jan - Mar 2026",163,132,-19.0184049079755,61,30,28,-54.0983606557377,-6.66666666666667,177768,1,"2026-05-18 11:01:22 EDT"
"Cary","North Carolina","motor_vehicle_theft","Jan - Mar 2026",213,148,-30.5164319248826,49,38,19,-61.2244897959184,-50,177768,1,"2026-05-18 11:01:22 EDT"
"Cary","North Carolina","murder","Jan - Mar 2026",3,1,-66.6666666666667,0,1,0,NA,-100,177768,1,"2026-05-18 11:01:22 EDT"
"Cary","North Carolina","property_crime","Jan - Mar 2026",2438,1800,-26.16899097621,573,450,307,-46.4223385689354,-31.7777777777778,177768,1,"2026-05-18 11:01:22 EDT"
"Cary","North Carolina","rape","Jan - Mar 2026",13,23,76.9230769230769,6,6,3,-50,-50,177768,1,"2026-05-18 11:01:22 EDT"
"Cary","North Carolina","robbery","Jan - Mar 2026",24,16,-33.3333333333333,6,6,5,-16.6666666666667,-16.6666666666667,177768,1,"2026-05-18 11:01:22 EDT"
"Cary","North Carolina","theft","Jan - Mar 2026",2062,1520,-26.2851600387973,463,382,260,-43.8444924406048,-31.9371727748691,177768,1,"2026-05-18 11:01:22 EDT"
"Cary","North Carolina","violent_crime","Jan - Mar 2026",132,137,3.78787878787879,36,46,28,-22.2222222222222,-39.1304347826087,177768,1,"2026-05-18 11:01:22 EDT"
"Casa Grande","Arizona","aggravated_assault","Jan - Mar 2026",228,267,17.1052631578947,61,54,59,-3.27868852459016,9.25925925925926,67317,1,"2026-05-18 11:01:22 EDT"
"Casa Grande","Arizona","burglary","Jan - Mar 2026",173,107,-38.150289017341,48,18,15,-68.75,-16.6666666666667,67317,1,"2026-05-18 11:01:22 EDT"
"Casa Grande","Arizona","motor_vehicle_theft","Jan - Mar 2026",167,87,-47.9041916167665,40,27,16,-60,-40.7407407407407,67317,1,"2026-05-18 11:01:22 EDT"
"Casa Grande","Arizona","murder","Jan - Mar 2026",4,0,-100,2,0,0,-100,NA,67317,1,"2026-05-18 11:01:22 EDT"
"Casa Grande","Arizona","property_crime","Jan - Mar 2026",1032,816,-20.9302325581395,290,229,160,-44.8275862068966,-30.1310043668122,67317,1,"2026-05-18 11:01:22 EDT"
"Casa Grande","Arizona","rape","Jan - Mar 2026",30,23,-23.3333333333333,6,4,7,16.6666666666667,75,67317,1,"2026-05-18 11:01:22 EDT"
"Casa Grande","Arizona","robbery","Jan - Mar 2026",15,27,80,1,10,5,400,-50,67317,1,"2026-05-18 11:01:22 EDT"
"Casa Grande","Arizona","theft","Jan - Mar 2026",692,622,-10.1156069364162,202,184,129,-36.1386138613861,-29.8913043478261,67317,1,"2026-05-18 11:01:22 EDT"
"Casa Grande","Arizona","violent_crime","Jan - Mar 2026",277,317,14.4404332129964,70,68,71,1.42857142857143,4.41176470588235,67317,1,"2026-05-18 11:01:22 EDT"
"Castle Rock","Colorado","aggravated_assault","Jan - Feb 2026",19,19,0,1,5,1,0,-80,84098,1,"2026-05-18 11:01:22 EDT"
"Castle Rock","Colorado","burglary","Jan - Feb 2026",53,37,-30.188679245283,8,8,4,-50,-50,84098,1,"2026-05-18 11:01:22 EDT"
"Castle Rock","Colorado","motor_vehicle_theft","Jan - Feb 2026",43,43,0,3,12,3,0,-75,84098,1,"2026-05-18 11:01:22 EDT"
"Castle Rock","Colorado","murder","Jan - Feb 2026",0,0,NA,0,0,0,NA,NA,84098,1,"2026-05-18 11:01:22 EDT"
"Castle Rock","Colorado","property_crime","Jan - Feb 2026",0,0,NA,0,0,0,NA,NA,84098,1,"2026-05-18 11:01:22 EDT"
"Castle Rock","Colorado","rape","Jan - Feb 2026",9,6,-33.3333333333333,0,2,2,Inf,0,84098,1,"2026-05-18 11:01:22 EDT"
"Castle Rock","Colorado","robbery","Jan - Feb 2026",5,1,-80,1,0,1,0,Inf,84098,1,"2026-05-18 11:01:22 EDT"
"Castle Rock","Colorado","theft","Jan - Feb 2026",717,728,1.53417015341702,99,88,116,17.1717171717172,31.8181818181818,84098,1,"2026-05-18 11:01:22 EDT"
"Castle Rock","Colorado","violent_crime","Jan - Feb 2026",0,0,NA,0,0,0,NA,NA,84098,1,"2026-05-18 11:01:22 EDT"
"Cedar Park","Texas","aggravated_assault","Jan - Mar 2026",34,31,-8.82352941176471,8,5,11,37.5,120,70724,1,"2026-05-18 11:01:22 EDT"
"Cedar Park","Texas","burglary","Jan - Mar 2026",55,89,61.8181818181818,16,13,10,-37.5,-23.0769230769231,70724,1,"2026-05-18 11:01:22 EDT"
"Cedar Park","Texas","motor_vehicle_theft","Jan - Mar 2026",77,55,-28.5714285714286,27,15,13,-51.8518518518518,-13.3333333333333,70724,1,"2026-05-18 11:01:22 EDT"
"Cedar Park","Texas","murder","Jan - Mar 2026",3,1,-66.6666666666667,0,1,0,NA,-100,70724,1,"2026-05-18 11:01:22 EDT"
"Cedar Park","Texas","property_crime","Jan - Mar 2026",942,945,0.318471337579618,248,192,225,-9.2741935483871,17.1875,70724,1,"2026-05-18 11:01:22 EDT"
"Cedar Park","Texas","rape","Jan - Mar 2026",30,27,-10,5,6,6,20,0,70724,1,"2026-05-18 11:01:22 EDT"
"Cedar Park","Texas","robbery","Jan - Mar 2026",8,11,37.5,3,4,1,-66.6666666666667,-75,70724,1,"2026-05-18 11:01:22 EDT"
"Cedar Park","Texas","theft","Jan - Mar 2026",810,801,-1.11111111111111,205,164,202,-1.46341463414634,23.1707317073171,70724,1,"2026-05-18 11:01:22 EDT"
"Cedar Park","Texas","violent_crime","Jan - Mar 2026",75,70,-6.66666666666667,16,16,18,12.5,12.5,70724,1,"2026-05-18 11:01:22 EDT"
"Cedar Rapids","Iowa","aggravated_assault","Jan - Mar 2026",298,319,7.04697986577181,69,74,59,-14.4927536231884,-20.2702702702703,135363,1,"2026-05-18 11:01:22 EDT"
"Cedar Rapids","Iowa","burglary","Jan - Mar 2026",373,379,1.60857908847185,88,67,69,-21.5909090909091,2.98507462686567,135363,1,"2026-05-18 11:01:22 EDT"
"Cedar Rapids","Iowa","motor_vehicle_theft","Jan - Mar 2026",288,222,-22.9166666666667,45,54,42,-6.66666666666667,-22.2222222222222,135363,1,"2026-05-18 11:01:22 EDT"
"Cedar Rapids","Iowa","murder","Jan - Mar 2026",2,4,100,1,3,0,-100,-100,135363,1,"2026-05-18 11:01:22 EDT"
"Cedar Rapids","Iowa","property_crime","Jan - Mar 2026",3669,2923,-20.3325156718452,815,642,546,-33.0061349693252,-14.9532710280374,135363,1,"2026-05-18 11:01:22 EDT"
"Cedar Rapids","Iowa","rape","Jan - Mar 2026",15,6,-60,6,0,0,-100,NA,135363,1,"2026-05-18 11:01:22 EDT"
"Cedar Rapids","Iowa","robbery","Jan - Mar 2026",41,33,-19.5121951219512,10,6,7,-30,16.6666666666667,135363,1,"2026-05-18 11:01:22 EDT"
"Cedar Rapids","Iowa","theft","Jan - Mar 2026",3008,2322,-22.8058510638298,682,521,435,-36.217008797654,-16.5067178502879,135363,1,"2026-05-18 11:01:22 EDT"
"Cedar Rapids","Iowa","violent_crime","Jan - Mar 2026",356,362,1.68539325842697,86,83,66,-23.2558139534884,-20.4819277108434,135363,1,"2026-05-18 11:01:22 EDT"
"Centennial","Colorado","aggravated_assault","Jan - Feb 2026",158,152,-3.79746835443038,22,20,13,-40.9090909090909,-35,106454,1,"2026-05-18 11:01:22 EDT"
"Centennial","Colorado","burglary","Jan - Feb 2026",273,215,-21.2454212454212,50,40,13,-74,-67.5,106454,1,"2026-05-18 11:01:22 EDT"
"Centennial","Colorado","motor_vehicle_theft","Jan - Feb 2026",320,164,-48.75,52,27,11,-78.8461538461538,-59.2592592592593,106454,1,"2026-05-18 11:01:22 EDT"
"Centennial","Colorado","murder","Jan - Feb 2026",0,1,Inf,0,0,0,NA,NA,106454,1,"2026-05-18 11:01:22 EDT"
"Centennial","Colorado","property_crime","Jan - Feb 2026",0,0,NA,0,0,0,NA,NA,106454,1,"2026-05-18 11:01:22 EDT"
"Centennial","Colorado","rape","Jan - Feb 2026",10,7,-30,2,2,1,-50,-50,106454,1,"2026-05-18 11:01:22 EDT"
"Centennial","Colorado","robbery","Jan - Feb 2026",25,19,-24,3,4,1,-66.6666666666667,-75,106454,1,"2026-05-18 11:01:22 EDT"
"Centennial","Colorado","theft","Jan - Feb 2026",1514,1227,-18.9564068692206,237,240,79,-66.6666666666667,-67.0833333333333,106454,1,"2026-05-18 11:01:22 EDT"
"Centennial","Colorado","violent_crime","Jan - Feb 2026",0,0,NA,0,0,0,NA,NA,106454,1,"2026-05-18 11:01:22 EDT"
"Champaign","Illinois","aggravated_assault","Jan - Mar 2026",304,245,-19.4078947368421,58,55,61,5.17241379310345,10.9090909090909,89466,1,"2026-05-18 11:01:22 EDT"
"Champaign","Illinois","burglary","Jan - Mar 2026",516,195,-62.2093023255814,109,40,47,-56.8807339449541,17.5,89466,1,"2026-05-18 11:01:22 EDT"
"Champaign","Illinois","motor_vehicle_theft","Jan - Mar 2026",228,155,-32.0175438596491,61,46,37,-39.344262295082,-19.5652173913043,89466,1,"2026-05-18 11:01:22 EDT"
"Champaign","Illinois","murder","Jan - Mar 2026",5,7,40,1,2,0,-100,-100,89466,1,"2026-05-18 11:01:22 EDT"
"Champaign","Illinois","property_crime","Jan - Mar 2026",2100,1972,-6.09523809523809,450,385,391,-13.1111111111111,1.55844155844156,89466,1,"2026-05-18 11:01:22 EDT"
"Champaign","Illinois","rape","Jan - Mar 2026",61,55,-9.83606557377049,11,18,13,18.1818181818182,-27.7777777777778,89466,1,"2026-05-18 11:01:22 EDT"
"Champaign","Illinois","robbery","Jan - Mar 2026",83,44,-46.9879518072289,27,11,9,-66.6666666666667,-18.1818181818182,89466,1,"2026-05-18 11:01:22 EDT"
"Champaign","Illinois","theft","Jan - Mar 2026",1356,1622,19.6165191740413,280,299,307,9.64285714285714,2.67558528428094,89466,1,"2026-05-18 11:01:22 EDT"
"Champaign","Illinois","violent_crime","Jan - Mar 2026",453,351,-22.5165562913907,97,86,83,-14.4329896907216,-3.48837209302326,89466,1,"2026-05-18 11:01:22 EDT"
"Chandler","Arizona","aggravated_assault","Jan - Mar 2026",266,220,-17.2932330827068,60,50,48,-20,-4,281117,1,"2026-05-18 11:01:22 EDT"
"Chandler","Arizona","burglary","Jan - Mar 2026",341,254,-25.5131964809384,81,58,66,-18.5185185185185,13.7931034482759,281117,1,"2026-05-18 11:01:22 EDT"
"Chandler","Arizona","motor_vehicle_theft","Jan - Mar 2026",255,224,-12.156862745098,78,82,61,-21.7948717948718,-25.609756097561,281117,1,"2026-05-18 11:01:22 EDT"
"Chandler","Arizona","murder","Jan - Mar 2026",2,4,100,1,1,1,0,0,281117,1,"2026-05-18 11:01:22 EDT"
"Chandler","Arizona","property_crime","Jan - Mar 2026",4240,3446,-18.7264150943396,1102,905,812,-26.3157894736842,-10.2762430939227,281117,1,"2026-05-18 11:01:22 EDT"
"Chandler","Arizona","rape","Jan - Mar 2026",49,80,63.265306122449,19,15,9,-52.6315789473684,-40,281117,1,"2026-05-18 11:01:22 EDT"
"Chandler","Arizona","robbery","Jan - Mar 2026",67,43,-35.8208955223881,24,9,6,-75,-33.3333333333333,281117,1,"2026-05-18 11:01:22 EDT"
"Chandler","Arizona","theft","Jan - Mar 2026",3644,2968,-18.5510428100988,943,765,685,-27.3594909862142,-10.4575163398693,281117,1,"2026-05-18 11:01:22 EDT"
"Chandler","Arizona","violent_crime","Jan - Mar 2026",384,347,-9.63541666666667,104,75,64,-38.4615384615385,-14.6666666666667,281117,1,"2026-05-18 11:01:22 EDT"
"Chapel Hill","North Carolina","aggravated_assault","Jan - Mar 2026",72,31,-56.9444444444444,24,7,13,-45.8333333333333,85.7142857142857,61069,1,"2026-05-18 11:01:22 EDT"
"Chapel Hill","North Carolina","burglary","Jan - Mar 2026",218,139,-36.2385321100917,49,25,24,-51.0204081632653,-4,61069,1,"2026-05-18 11:01:22 EDT"
"Chapel Hill","North Carolina","motor_vehicle_theft","Jan - Mar 2026",122,86,-29.5081967213115,36,28,12,-66.6666666666667,-57.1428571428571,61069,1,"2026-05-18 11:01:22 EDT"
"Chapel Hill","North Carolina","murder","Jan - Mar 2026",1,0,-100,0,0,0,NA,NA,61069,1,"2026-05-18 11:01:22 EDT"
"Chapel Hill","North Carolina","property_crime","Jan - Mar 2026",1630,1183,-27.4233128834356,370,303,239,-35.4054054054054,-21.1221122112211,61069,1,"2026-05-18 11:01:22 EDT"
"Chapel Hill","North Carolina","rape","Jan - Mar 2026",8,8,0,2,1,3,50,200,61069,1,"2026-05-18 11:01:22 EDT"
"Chapel Hill","North Carolina","robbery","Jan - Mar 2026",29,17,-41.3793103448276,5,3,3,-40,0,61069,1,"2026-05-18 11:01:22 EDT"
"Chapel Hill","North Carolina","theft","Jan - Mar 2026",1290,958,-25.7364341085271,285,250,203,-28.7719298245614,-18.8,61069,1,"2026-05-18 11:01:22 EDT"
"Chapel Hill","North Carolina","violent_crime","Jan - Mar 2026",110,56,-49.0909090909091,31,11,19,-38.7096774193548,72.7272727272727,61069,1,"2026-05-18 11:01:22 EDT"
"Charleston","South Carolina","aggravated_assault","Jan - Mar 2026",444,341,-23.1981981981982,111,83,78,-29.7297297297297,-6.02409638554217,140549,1,"2026-05-18 11:01:22 EDT"
"Charleston","South Carolina","burglary","Jan - Mar 2026",219,172,-21.4611872146119,57,46,40,-29.8245614035088,-13.0434782608696,140549,1,"2026-05-18 11:01:22 EDT"
"Charleston","South Carolina","motor_vehicle_theft","Jan - Mar 2026",356,228,-35.9550561797753,103,51,35,-66.0194174757282,-31.3725490196078,140549,1,"2026-05-18 11:01:22 EDT"
"Charleston","South Carolina","murder","Jan - Mar 2026",7,10,42.8571428571429,0,2,3,Inf,50,140549,1,"2026-05-18 11:01:22 EDT"
"Charleston","South Carolina","property_crime","Jan - Mar 2026",3178,2555,-19.6035242290749,761,597,470,-38.2391590013141,-21.2730318257956,140549,1,"2026-05-18 11:01:22 EDT"
"Charleston","South Carolina","rape","Jan - Mar 2026",44,32,-27.2727272727273,11,8,3,-72.7272727272727,-62.5,140549,1,"2026-05-18 11:01:22 EDT"
"Charleston","South Carolina","robbery","Jan - Mar 2026",68,63,-7.35294117647059,15,13,6,-60,-53.8461538461538,140549,1,"2026-05-18 11:01:22 EDT"
"Charleston","South Carolina","theft","Jan - Mar 2026",2603,2155,-17.2109104878986,601,500,395,-34.2762063227953,-21,140549,1,"2026-05-18 11:01:22 EDT"
"Charleston","South Carolina","violent_crime","Jan - Mar 2026",563,446,-20.7815275310835,137,106,90,-34.3065693430657,-15.0943396226415,140549,1,"2026-05-18 11:01:22 EDT"
"Charlotte","North Carolina","aggravated_assault","Jan - Mar 2026",5744,4580,-20.2646239554318,1216,1046,866,-28.7828947368421,-17.208413001912,1003130,1,"2026-05-18 11:01:22 EDT"
"Charlotte","North Carolina","burglary","Jan - Mar 2026",3926,3794,-3.36220071319409,931,975,700,-24.812030075188,-28.2051282051282,1003130,1,"2026-05-18 11:01:22 EDT"
"Charlotte","North Carolina","motor_vehicle_theft","Jan - Mar 2026",7446,5996,-19.4735428417943,1951,1550,1033,-47.0527934392619,-33.3548387096774,1003130,1,"2026-05-18 11:01:22 EDT"
"Charlotte","North Carolina","murder","Jan - Mar 2026",105,91,-13.3333333333333,31,16,22,-29.0322580645161,37.5,1003130,1,"2026-05-18 11:01:22 EDT"
"Charlotte","North Carolina","property_crime","Jan - Mar 2026",37780,35990,-4.73795659078878,8971,8740,7213,-19.5964775387359,-17.4713958810069,1003130,1,"2026-05-18 11:01:22 EDT"
"Charlotte","North Carolina","rape","Jan - Mar 2026",268,204,-23.8805970149254,70,46,51,-27.1428571428571,10.8695652173913,1003130,1,"2026-05-18 11:01:22 EDT"
"Charlotte","North Carolina","robbery","Jan - Mar 2026",1326,978,-26.2443438914027,314,247,189,-39.8089171974522,-23.4817813765182,1003130,1,"2026-05-18 11:01:22 EDT"
"Charlotte","North Carolina","theft","Jan - Mar 2026",26408,26200,-0.787640109057861,6089,6215,5480,-10.0016423057973,-11.8262268704747,1003130,1,"2026-05-18 11:01:22 EDT"
"Charlotte","North Carolina","violent_crime","Jan - Mar 2026",7443,5853,-21.3623538895607,1631,1355,1128,-30.8399754751686,-16.7527675276753,1003130,1,"2026-05-18 11:01:22 EDT"
"Chattanooga","Tennessee","aggravated_assault","Jan - Mar 2026",1239,1063,-14.2050040355125,252,246,223,-11.5079365079365,-9.34959349593496,188894,1,"2026-05-18 11:01:22 EDT"
"Chattanooga","Tennessee","burglary","Jan - Mar 2026",700,695,-0.714285714285714,175,178,161,-8,-9.55056179775281,188894,1,"2026-05-18 11:01:22 EDT"
"Chattanooga","Tennessee","motor_vehicle_theft","Jan - Mar 2026",1276,837,-34.4043887147335,346,245,149,-56.9364161849711,-39.1836734693878,188894,1,"2026-05-18 11:01:22 EDT"
"Chattanooga","Tennessee","murder","Jan - Mar 2026",24,17,-29.1666666666667,7,4,3,-57.1428571428571,-25,188894,1,"2026-05-18 11:01:22 EDT"
"Chattanooga","Tennessee","property_crime","Jan - Mar 2026",7674,6446,-16.0020849622101,1745,1665,1381,-20.8595988538682,-17.0570570570571,188894,1,"2026-05-18 11:01:22 EDT"
"Chattanooga","Tennessee","rape","Jan - Mar 2026",177,136,-23.1638418079096,33,28,26,-21.2121212121212,-7.14285714285714,188894,1,"2026-05-18 11:01:22 EDT"
"Chattanooga","Tennessee","robbery","Jan - Mar 2026",185,143,-22.7027027027027,29,40,30,3.44827586206897,-25,188894,1,"2026-05-18 11:01:22 EDT"
"Chattanooga","Tennessee","theft","Jan - Mar 2026",5698,4914,-13.7592137592138,1224,1242,1071,-12.5,-13.768115942029,188894,1,"2026-05-18 11:01:22 EDT"
"Chattanooga","Tennessee","violent_crime","Jan - Mar 2026",1625,1359,-16.3692307692308,321,318,282,-12.1495327102804,-11.3207547169811,188894,1,"2026-05-18 11:01:22 EDT"
"Cherry Hill Township","New Jersey","aggravated_assault","Jan - Mar 2026",73,58,-20.5479452054795,15,18,9,-40,-50,79950,1,"2026-05-18 11:01:22 EDT"
"Cherry Hill Township","New Jersey","burglary","Jan - Mar 2026",113,83,-26.5486725663717,33,13,12,-63.6363636363636,-7.69230769230769,79950,1,"2026-05-18 11:01:22 EDT"
"Cherry Hill Township","New Jersey","motor_vehicle_theft","Jan - Mar 2026",152,190,25,43,41,21,-51.1627906976744,-48.780487804878,79950,1,"2026-05-18 11:01:22 EDT"
"Cherry Hill Township","New Jersey","murder","Jan - Mar 2026",1,0,-100,0,0,0,NA,NA,79950,1,"2026-05-18 11:01:22 EDT"
"Cherry Hill Township","New Jersey","property_crime","Jan - Mar 2026",2730,2447,-10.3663003663004,620,553,404,-34.8387096774194,-26.9439421338156,79950,1,"2026-05-18 11:01:22 EDT"
"Cherry Hill Township","New Jersey","rape","Jan - Mar 2026",11,21,90.9090909090909,3,3,1,-66.6666666666667,-66.6666666666667,79950,1,"2026-05-18 11:01:22 EDT"
"Cherry Hill Township","New Jersey","robbery","Jan - Mar 2026",55,40,-27.2727272727273,16,9,4,-75,-55.5555555555556,79950,1,"2026-05-18 11:01:22 EDT"
"Cherry Hill Township","New Jersey","theft","Jan - Mar 2026",2465,2174,-11.8052738336714,544,499,371,-31.8014705882353,-25.6513026052104,79950,1,"2026-05-18 11:01:22 EDT"
"Cherry Hill Township","New Jersey","violent_crime","Jan - Mar 2026",140,119,-15,34,30,14,-58.8235294117647,-53.3333333333333,79950,1,"2026-05-18 11:01:22 EDT"
"Chesapeake","Virginia","aggravated_assault","Jan - Mar 2026",689,656,-4.78955007256894,177,143,145,-18.0790960451977,1.3986013986014,257248,1,"2026-05-18 11:01:22 EDT"
"Chesapeake","Virginia","burglary","Jan - Mar 2026",425,296,-30.3529411764706,104,69,46,-55.7692307692308,-33.3333333333333,257248,1,"2026-05-18 11:01:22 EDT"
"Chesapeake","Virginia","motor_vehicle_theft","Jan - Mar 2026",294,251,-14.6258503401361,70,54,46,-34.2857142857143,-14.8148148148148,257248,1,"2026-05-18 11:01:22 EDT"
"Chesapeake","Virginia","murder","Jan - Mar 2026",12,11,-8.33333333333333,4,2,0,-100,-100,257248,1,"2026-05-18 11:01:22 EDT"
"Chesapeake","Virginia","property_crime","Jan - Mar 2026",4504,3756,-16.607460035524,1020,910,930,-8.82352941176471,2.1978021978022,257248,1,"2026-05-18 11:01:22 EDT"
"Chesapeake","Virginia","rape","Jan - Mar 2026",62,70,12.9032258064516,18,16,14,-22.2222222222222,-12.5,257248,1,"2026-05-18 11:01:22 EDT"
"Chesapeake","Virginia","robbery","Jan - Mar 2026",115,77,-33.0434782608696,23,17,15,-34.7826086956522,-11.7647058823529,257248,1,"2026-05-18 11:01:22 EDT"
"Chesapeake","Virginia","theft","Jan - Mar 2026",3785,3209,-15.217965653897,846,787,838,-0.945626477541371,6.48030495552732,257248,1,"2026-05-18 11:01:22 EDT"
"Chesapeake","Virginia","violent_crime","Jan - Mar 2026",878,814,-7.28929384965831,222,178,174,-21.6216216216216,-2.24719101123596,257248,1,"2026-05-18 11:01:22 EDT"
"Cheyenne","Wyoming","aggravated_assault","Jan - Feb 2026",138,136,-1.44927536231884,17,22,13,-23.5294117647059,-40.9090909090909,65143,1,"2026-05-18 11:01:22 EDT"
"Cheyenne","Wyoming","burglary","Jan - Feb 2026",259,282,8.88030888030888,48,37,26,-45.8333333333333,-29.7297297297297,65143,1,"2026-05-18 11:01:22 EDT"
"Cheyenne","Wyoming","motor_vehicle_theft","Jan - Feb 2026",121,121,0,14,19,17,21.4285714285714,-10.5263157894737,65143,1,"2026-05-18 11:01:22 EDT"
"Cheyenne","Wyoming","murder","Jan - Feb 2026",2,3,50,0,0,0,NA,NA,65143,1,"2026-05-18 11:01:22 EDT"
"Cheyenne","Wyoming","property_crime","Jan - Feb 2026",0,0,NA,0,0,0,NA,NA,65143,1,"2026-05-18 11:01:22 EDT"
"Cheyenne","Wyoming","rape","Jan - Feb 2026",57,35,-38.5964912280702,12,5,5,-58.3333333333333,0,65143,1,"2026-05-18 11:01:22 EDT"
"Cheyenne","Wyoming","robbery","Jan - Feb 2026",19,22,15.7894736842105,5,1,4,-20,300,65143,1,"2026-05-18 11:01:22 EDT"
"Cheyenne","Wyoming","theft","Jan - Feb 2026",1570,1352,-13.8853503184713,268,223,174,-35.0746268656716,-21.9730941704036,65143,1,"2026-05-18 11:01:22 EDT"
"Cheyenne","Wyoming","violent_crime","Jan - Feb 2026",0,0,NA,0,0,0,NA,NA,65143,1,"2026-05-18 11:01:22 EDT"
"Chicago","Illinois","aggravated_assault","Jan - Mar 2026",16084,13693,-14.8657050484954,3441,2865,2829,-17.7855274629468,-1.2565445026178,2638698,1,"2026-05-18 11:01:22 EDT"
"Chicago","Illinois","burglary","Jan - Mar 2026",7646,6202,-18.8856918650275,1688,1415,1146,-32.1090047393365,-19.0106007067138,2638698,1,"2026-05-18 11:01:22 EDT"
"Chicago","Illinois","motor_vehicle_theft","Jan - Mar 2026",21692,17242,-20.5144753826295,5530,3779,4183,-24.3580470162749,10.6906589044721,2638698,1,"2026-05-18 11:01:22 EDT"
"Chicago","Illinois","murder","Jan - Mar 2026",587,428,-27.0868824531516,114,99,99,-13.1578947368421,0,2638698,1,"2026-05-18 11:01:22 EDT"
"Chicago","Illinois","property_crime","Jan - Mar 2026",87484,72639,-16.9688171551369,20434,16713,15440,-24.4396593912107,-7.61682522587208,2638698,1,"2026-05-18 11:01:22 EDT"
"Chicago","Illinois","rape","Jan - Mar 2026",1577,1672,6.02409638554217,367,389,386,5.17711171662125,-0.77120822622108,2638698,1,"2026-05-18 11:01:22 EDT"
"Chicago","Illinois","robbery","Jan - Mar 2026",9121,5812,-36.2789167854402,2149,1384,1025,-52.3033969288041,-25.9393063583815,2638698,1,"2026-05-18 11:01:22 EDT"
"Chicago","Illinois","theft","Jan - Mar 2026",58146,49195,-15.3940081862897,13216,11519,10111,-23.4942493946731,-12.2232832711173,2638698,1,"2026-05-18 11:01:22 EDT"
"Chicago","Illinois","violent_crime","Jan - Mar 2026",27369,21605,-21.0603237239212,6071,4737,4339,-28.5290726404217,-8.40194215748364,2638698,1,"2026-05-18 11:01:22 EDT"
"Chico","California","aggravated_assault","Jan - Mar 2026",483,483,0,92,108,86,-6.52173913043478,-20.3703703703704,100831,1,"2026-05-18 11:01:22 EDT"
"Chico","California","burglary","Jan - Mar 2026",212,166,-21.6981132075472,44,34,42,-4.54545454545455,23.5294117647059,100831,1,"2026-05-18 11:01:22 EDT"
"Chico","California","motor_vehicle_theft","Jan - Mar 2026",208,179,-13.9423076923077,52,44,72,38.4615384615385,63.6363636363636,100831,1,"2026-05-18 11:01:22 EDT"
"Chico","California","murder","Jan - Mar 2026",2,2,0,0,0,1,Inf,Inf,100831,1,"2026-05-18 11:01:22 EDT"
"Chico","California","property_crime","Jan - Mar 2026",1935,1855,-4.1343669250646,400,384,487,21.75,26.8229166666667,100831,1,"2026-05-18 11:01:22 EDT"
"Chico","California","rape","Jan - Mar 2026",145,118,-18.6206896551724,38,27,31,-18.4210526315789,14.8148148148148,100831,1,"2026-05-18 11:01:22 EDT"
"Chico","California","robbery","Jan - Mar 2026",83,72,-13.2530120481928,15,12,18,20,50,100831,1,"2026-05-18 11:01:22 EDT"
"Chico","California","theft","Jan - Mar 2026",1515,1510,-0.33003300330033,304,306,373,22.6973684210526,21.8954248366013,100831,1,"2026-05-18 11:01:22 EDT"
"Chico","California","violent_crime","Jan - Mar 2026",713,675,-5.32959326788219,145,147,136,-6.20689655172414,-7.48299319727891,100831,1,"2026-05-18 11:01:22 EDT"
"Chicopee","Massachusetts","aggravated_assault","Jan - Mar 2026",241,211,-12.448132780083,51,36,53,3.92156862745098,47.2222222222222,55770,1,"2026-05-18 11:01:22 EDT"
"Chicopee","Massachusetts","burglary","Jan - Mar 2026",113,79,-30.0884955752212,30,15,14,-53.3333333333333,-6.66666666666667,55770,1,"2026-05-18 11:01:22 EDT"
"Chicopee","Massachusetts","motor_vehicle_theft","Jan - Mar 2026",119,66,-44.5378151260504,24,18,15,-37.5,-16.6666666666667,55770,1,"2026-05-18 11:01:22 EDT"
"Chicopee","Massachusetts","murder","Jan - Mar 2026",4,2,-50,1,0,0,-100,NA,55770,1,"2026-05-18 11:01:22 EDT"
"Chicopee","Massachusetts","property_crime","Jan - Mar 2026",983,774,-21.2614445574771,211,156,193,-8.53080568720379,23.7179487179487,55770,1,"2026-05-18 11:01:22 EDT"
"Chicopee","Massachusetts","rape","Jan - Mar 2026",46,25,-45.6521739130435,11,5,4,-63.6363636363636,-20,55770,1,"2026-05-18 11:01:22 EDT"
"Chicopee","Massachusetts","robbery","Jan - Mar 2026",23,24,4.34782608695652,2,6,2,0,-66.6666666666667,55770,1,"2026-05-18 11:01:22 EDT"
"Chicopee","Massachusetts","theft","Jan - Mar 2026",751,629,-16.2450066577896,157,123,164,4.45859872611465,33.3333333333333,55770,1,"2026-05-18 11:01:22 EDT"
"Chicopee","Massachusetts","violent_crime","Jan - Mar 2026",314,262,-16.5605095541401,65,47,59,-9.23076923076923,25.531914893617,55770,1,"2026-05-18 11:01:22 EDT"
"Chino","California","aggravated_assault","Jan - Mar 2026",190,201,5.78947368421053,42,46,41,-2.38095238095238,-10.8695652173913,93818,1,"2026-05-18 11:01:22 EDT"
"Chino","California","burglary","Jan - Mar 2026",206,184,-10.6796116504854,49,52,48,-2.04081632653061,-7.69230769230769,93818,1,"2026-05-18 11:01:22 EDT"
"Chino","California","motor_vehicle_theft","Jan - Mar 2026",311,158,-49.1961414790997,59,48,30,-49.1525423728814,-37.5,93818,1,"2026-05-18 11:01:22 EDT"
"Chino","California","murder","Jan - Mar 2026",3,1,-66.6666666666667,0,0,0,NA,NA,93818,1,"2026-05-18 11:01:22 EDT"
"Chino","California","property_crime","Jan - Mar 2026",2076,1908,-8.09248554913295,487,503,539,10.6776180698152,7.15705765407555,93818,1,"2026-05-18 11:01:22 EDT"
"Chino","California","rape","Jan - Mar 2026",35,37,5.71428571428571,11,13,9,-18.1818181818182,-30.7692307692308,93818,1,"2026-05-18 11:01:22 EDT"
"Chino","California","robbery","Jan - Mar 2026",53,67,26.4150943396226,20,20,13,-35,-35,93818,1,"2026-05-18 11:01:22 EDT"
"Chino","California","theft","Jan - Mar 2026",1559,1566,0.449005772931366,379,403,461,21.6358839050132,14.3920595533499,93818,1,"2026-05-18 11:01:22 EDT"
"Chino","California","violent_crime","Jan - Mar 2026",281,306,8.89679715302491,73,79,63,-13.6986301369863,-20.253164556962,93818,1,"2026-05-18 11:01:22 EDT"
"Chula Vista","California","aggravated_assault","Jan - Mar 2026",760,772,1.57894736842105,195,176,147,-24.6153846153846,-16.4772727272727,273843,1,"2026-05-18 11:01:22 EDT"
"Chula Vista","California","burglary","Jan - Mar 2026",374,307,-17.9144385026738,97,84,76,-21.6494845360825,-9.52380952380952,273843,1,"2026-05-18 11:01:22 EDT"
"Chula Vista","California","motor_vehicle_theft","Jan - Mar 2026",895,605,-32.4022346368715,249,153,133,-46.5863453815261,-13.0718954248366,273843,1,"2026-05-18 11:01:22 EDT"
"Chula Vista","California","murder","Jan - Mar 2026",4,6,50,1,3,1,0,-66.6666666666667,273843,1,"2026-05-18 11:01:22 EDT"
"Chula Vista","California","property_crime","Jan - Mar 2026",3238,2950,-8.89437924644843,855,663,760,-11.1111111111111,14.630467571644,273843,1,"2026-05-18 11:01:22 EDT"
"Chula Vista","California","rape","Jan - Mar 2026",68,53,-22.0588235294118,11,10,12,9.09090909090909,20,273843,1,"2026-05-18 11:01:22 EDT"
"Chula Vista","California","robbery","Jan - Mar 2026",225,196,-12.8888888888889,57,43,54,-5.26315789473684,25.5813953488372,273843,1,"2026-05-18 11:01:22 EDT"
"Chula Vista","California","theft","Jan - Mar 2026",1969,2038,3.50431691213814,509,426,551,8.25147347740668,29.3427230046948,273843,1,"2026-05-18 11:01:22 EDT"
"Chula Vista","California","violent_crime","Jan - Mar 2026",1057,1027,-2.83822138126774,264,232,214,-18.9393939393939,-7.75862068965517,273843,1,"2026-05-18 11:01:22 EDT"
"Cicero","Illinois","aggravated_assault","Jan - Jan 2026",180,108,-40,8,4,10,25,150,79748,1,"2026-05-18 11:01:22 EDT"
"Cicero","Illinois","burglary","Jan - Jan 2026",341,89,-73.900293255132,35,7,2,-94.2857142857143,-71.4285714285714,79748,1,"2026-05-18 11:01:22 EDT"
"Cicero","Illinois","motor_vehicle_theft","Jan - Jan 2026",313,175,-44.0894568690096,43,15,15,-65.1162790697674,0,79748,1,"2026-05-18 11:01:22 EDT"
"Cicero","Illinois","murder","Jan - Jan 2026",4,0,-100,2,0,0,-100,NA,79748,1,"2026-05-18 11:01:22 EDT"
"Cicero","Illinois","property_crime","Jan - Jan 2026",0,0,NA,0,0,0,NA,NA,79748,1,"2026-05-18 11:01:22 EDT"
"Cicero","Illinois","rape","Jan - Jan 2026",12,16,33.3333333333333,5,1,0,-100,-100,79748,1,"2026-05-18 11:01:22 EDT"
"Cicero","Illinois","robbery","Jan - Jan 2026",103,49,-52.4271844660194,4,4,1,-75,-75,79748,1,"2026-05-18 11:01:22 EDT"
"Cicero","Illinois","theft","Jan - Jan 2026",351,531,51.2820512820513,20,37,35,75,-5.40540540540541,79748,1,"2026-05-18 11:01:22 EDT"
"Cicero","Illinois","violent_crime","Jan - Jan 2026",0,0,NA,0,0,0,NA,NA,79748,1,"2026-05-18 11:01:22 EDT"
"Cincinnati","Ohio","aggravated_assault","Jan - Mar 2026",1696,1666,-1.7688679245283,237,296,392,65.4008438818565,32.4324324324324,311599,1,"2026-05-18 11:01:22 EDT"
"Cincinnati","Ohio","burglary","Jan - Mar 2026",1715,1785,4.08163265306122,390,435,339,-13.0769230769231,-22.0689655172414,311599,1,"2026-05-18 11:01:22 EDT"
"Cincinnati","Ohio","motor_vehicle_theft","Jan - Mar 2026",2898,2348,-18.9786059351277,524,558,400,-23.6641221374046,-28.3154121863799,311599,1,"2026-05-18 11:01:22 EDT"
"Cincinnati","Ohio","murder","Jan - Mar 2026",68,64,-5.88235294117647,17,16,12,-29.4117647058824,-25,311599,1,"2026-05-18 11:01:22 EDT"
"Cincinnati","Ohio","property_crime","Jan - Mar 2026",12168,12063,-0.862919132149901,2603,2619,2439,-6.30042258932002,-6.87285223367698,311599,1,"2026-05-18 11:01:22 EDT"
"Cincinnati","Ohio","rape","Jan - Mar 2026",180,157,-12.7777777777778,47,33,22,-53.1914893617021,-33.3333333333333,311599,1,"2026-05-18 11:01:22 EDT"
"Cincinnati","Ohio","robbery","Jan - Mar 2026",728,647,-11.1263736263736,140,145,105,-25,-27.5862068965517,311599,1,"2026-05-18 11:01:22 EDT"
"Cincinnati","Ohio","theft","Jan - Mar 2026",7555,7930,4.96360026472535,1689,1626,1700,0.651272942569568,4.55104551045511,311599,1,"2026-05-18 11:01:22 EDT"
"Cincinnati","Ohio","violent_crime","Jan - Mar 2026",2672,2534,-5.16467065868263,441,490,531,20.4081632653061,8.36734693877551,311599,1,"2026-05-18 11:01:22 EDT"
"Citrus Heights","California","aggravated_assault","Jan - Mar 2026",260,234,-10,49,38,42,-14.2857142857143,10.5263157894737,85809,1,"2026-05-18 11:01:22 EDT"
"Citrus Heights","California","burglary","Jan - Mar 2026",316,165,-47.7848101265823,105,47,47,-55.2380952380952,0,85809,1,"2026-05-18 11:01:22 EDT"
"Citrus Heights","California","motor_vehicle_theft","Jan - Mar 2026",243,148,-39.0946502057613,71,37,33,-53.5211267605634,-10.8108108108108,85809,1,"2026-05-18 11:01:22 EDT"
"Citrus Heights","California","murder","Jan - Mar 2026",3,2,-33.3333333333333,2,0,0,-100,NA,85809,1,"2026-05-18 11:01:22 EDT"
"Citrus Heights","California","property_crime","Jan - Mar 2026",1837,1642,-10.6151333696244,491,404,362,-26.2729124236253,-10.3960396039604,85809,1,"2026-05-18 11:01:22 EDT"
"Citrus Heights","California","rape","Jan - Mar 2026",33,19,-42.4242424242424,9,3,7,-22.2222222222222,133.333333333333,85809,1,"2026-05-18 11:01:22 EDT"
"Citrus Heights","California","robbery","Jan - Mar 2026",82,71,-13.4146341463415,25,14,14,-44,0,85809,1,"2026-05-18 11:01:22 EDT"
"Citrus Heights","California","theft","Jan - Mar 2026",1278,1329,3.9906103286385,315,320,282,-10.4761904761905,-11.875,85809,1,"2026-05-18 11:01:22 EDT"
"Citrus Heights","California","violent_crime","Jan - Mar 2026",378,326,-13.7566137566138,85,55,63,-25.8823529411765,14.5454545454545,85809,1,"2026-05-18 11:01:22 EDT"
"Clackamas County","Oregon","aggravated_assault","Jan - Feb 2026",340,339,-0.294117647058824,49,57,39,-20.4081632653061,-31.5789473684211,248474,1,"2026-05-18 11:01:22 EDT"
"Clackamas County","Oregon","burglary","Jan - Feb 2026",474,355,-25.1054852320675,83,74,47,-43.3734939759036,-36.4864864864865,248474,1,"2026-05-18 11:01:22 EDT"
"Clackamas County","Oregon","motor_vehicle_theft","Jan - Feb 2026",471,346,-26.5392781316348,93,55,38,-59.1397849462366,-30.9090909090909,248474,1,"2026-05-18 11:01:22 EDT"
"Clackamas County","Oregon","murder","Jan - Feb 2026",9,2,-77.7777777777778,0,0,0,NA,NA,248474,1,"2026-05-18 11:01:22 EDT"
"Clackamas County","Oregon","property_crime","Jan - Feb 2026",0,0,NA,0,0,0,NA,NA,248474,1,"2026-05-18 11:01:22 EDT"
"Clackamas County","Oregon","rape","Jan - Feb 2026",80,50,-37.5,16,6,8,-50,33.3333333333333,248474,1,"2026-05-18 11:01:22 EDT"
"Clackamas County","Oregon","robbery","Jan - Feb 2026",90,75,-16.6666666666667,9,18,3,-66.6666666666667,-83.3333333333333,248474,1,"2026-05-18 11:01:22 EDT"
"Clackamas County","Oregon","theft","Jan - Feb 2026",3305,3293,-0.363086232980333,487,603,521,6.98151950718686,-13.5986733001658,248474,1,"2026-05-18 11:01:22 EDT"
"Clackamas County","Oregon","violent_crime","Jan - Feb 2026",0,0,NA,0,0,0,NA,NA,248474,1,"2026-05-18 11:01:22 EDT"
"Clarksville","Tennessee","aggravated_assault","Jan - Mar 2026",614,555,-9.60912052117264,150,116,121,-19.3333333333333,4.31034482758621,185349,1,"2026-05-18 11:01:22 EDT"
"Clarksville","Tennessee","burglary","Jan - Mar 2026",356,201,-43.5393258426966,95,75,16,-83.1578947368421,-78.6666666666667,185349,1,"2026-05-18 11:01:22 EDT"
"Clarksville","Tennessee","motor_vehicle_theft","Jan - Mar 2026",354,319,-9.88700564971751,86,115,43,-50,-62.6086956521739,185349,1,"2026-05-18 11:01:22 EDT"
"Clarksville","Tennessee","murder","Jan - Mar 2026",9,19,111.111111111111,0,5,0,NA,-100,185349,1,"2026-05-18 11:01:22 EDT"
"Clarksville","Tennessee","property_crime","Jan - Mar 2026",3065,2447,-20.163132137031,778,680,365,-53.0848329048843,-46.3235294117647,185349,1,"2026-05-18 11:01:22 EDT"
"Clarksville","Tennessee","rape","Jan - Mar 2026",103,86,-16.504854368932,24,25,19,-20.8333333333333,-24,185349,1,"2026-05-18 11:01:22 EDT"
"Clarksville","Tennessee","robbery","Jan - Mar 2026",44,32,-27.2727272727273,11,4,11,0,175,185349,1,"2026-05-18 11:01:22 EDT"
"Clarksville","Tennessee","theft","Jan - Mar 2026",2355,1927,-18.1740976645435,597,490,306,-48.7437185929648,-37.5510204081633,185349,1,"2026-05-18 11:01:22 EDT"
"Clarksville","Tennessee","violent_crime","Jan - Mar 2026",770,692,-10.1298701298701,185,150,151,-18.3783783783784,0.666666666666667,185349,1,"2026-05-18 11:01:22 EDT"
"Cleveland","Ohio","aggravated_assault","Jan - Feb 2026",4083,3719,-8.91501347048739,531,528,397,-25.2354048964218,-24.8106060606061,362762,1,"2026-05-18 11:01:22 EDT"
"Cleveland","Ohio","burglary","Jan - Feb 2026",3353,3052,-8.97703549060543,533,448,447,-16.1350844277674,-0.223214285714286,362762,1,"2026-05-18 11:01:22 EDT"
"Cleveland","Ohio","motor_vehicle_theft","Jan - Feb 2026",4502,3678,-18.3029764549089,694,481,426,-38.6167146974063,-11.4345114345114,362762,1,"2026-05-18 11:01:22 EDT"
"Cleveland","Ohio","murder","Jan - Feb 2026",111,105,-5.40540540540541,11,13,11,0,-15.3846153846154,362762,1,"2026-05-18 11:01:22 EDT"
"Cleveland","Ohio","property_crime","Jan - Feb 2026",0,0,NA,0,0,0,NA,NA,362762,1,"2026-05-18 11:01:22 EDT"
"Cleveland","Ohio","rape","Jan - Feb 2026",527,431,-18.2163187855787,84,60,69,-17.8571428571429,15,362762,1,"2026-05-18 11:01:22 EDT"
"Cleveland","Ohio","robbery","Jan - Feb 2026",1564,1214,-22.3785166240409,234,162,137,-41.4529914529915,-15.4320987654321,362762,1,"2026-05-18 11:01:22 EDT"
"Cleveland","Ohio","theft","Jan - Feb 2026",10766,9873,-8.29463124651681,1514,1447,1151,-23.9762219286658,-20.4561161022806,362762,1,"2026-05-18 11:01:22 EDT"
"Cleveland","Ohio","violent_crime","Jan - Feb 2026",0,0,NA,0,0,0,NA,NA,362762,1,"2026-05-18 11:01:22 EDT"
"Clifton","New Jersey","aggravated_assault","Jan - Mar 2026",100,99,-1,21,31,15,-28.5714285714286,-51.6129032258064,89870,1,"2026-05-18 11:01:22 EDT"
"Clifton","New Jersey","burglary","Jan - Mar 2026",276,158,-42.7536231884058,68,20,28,-58.8235294117647,40,89870,1,"2026-05-18 11:01:22 EDT"
"Clifton","New Jersey","motor_vehicle_theft","Jan - Mar 2026",208,193,-7.21153846153846,59,65,29,-50.8474576271186,-55.3846153846154,89870,1,"2026-05-18 11:01:22 EDT"
"Clifton","New Jersey","murder","Jan - Mar 2026",1,0,-100,0,0,0,NA,NA,89870,1,"2026-05-18 11:01:22 EDT"
"Clifton","New Jersey","property_crime","Jan - Mar 2026",2044,1763,-13.747553816047,517,462,336,-35.0096711798839,-27.2727272727273,89870,1,"2026-05-18 11:01:22 EDT"
"Clifton","New Jersey","rape","Jan - Mar 2026",10,6,-40,1,3,1,0,-66.6666666666667,89870,1,"2026-05-18 11:01:22 EDT"
"Clifton","New Jersey","robbery","Jan - Mar 2026",40,43,7.5,11,12,7,-36.3636363636364,-41.6666666666667,89870,1,"2026-05-18 11:01:22 EDT"
"Clifton","New Jersey","theft","Jan - Mar 2026",1560,1412,-9.48717948717949,390,377,279,-28.4615384615385,-25.9946949602122,89870,1,"2026-05-18 11:01:22 EDT"
"Clifton","New Jersey","violent_crime","Jan - Mar 2026",151,148,-1.98675496688742,33,46,23,-30.3030303030303,-50,89870,1,"2026-05-18 11:01:22 EDT"
"Clinton Township","Michigan","aggravated_assault","Jan - Mar 2026",208,251,20.6730769230769,50,57,52,4,-8.7719298245614,99056,1,"2026-05-18 11:01:22 EDT"
"Clinton Township","Michigan","burglary","Jan - Mar 2026",124,103,-16.9354838709677,20,23,17,-15,-26.0869565217391,99056,1,"2026-05-18 11:01:22 EDT"
"Clinton Township","Michigan","motor_vehicle_theft","Jan - Mar 2026",247,158,-36.0323886639676,51,50,26,-49.0196078431373,-48,99056,1,"2026-05-18 11:01:22 EDT"
"Clinton Township","Michigan","murder","Jan - Mar 2026",3,1,-66.6666666666667,1,1,1,0,0,99056,1,"2026-05-18 11:01:22 EDT"
"Clinton Township","Michigan","property_crime","Jan - Mar 2026",1426,1217,-14.656381486676,298,282,240,-19.4630872483221,-14.8936170212766,99056,1,"2026-05-18 11:01:22 EDT"
"Clinton Township","Michigan","rape","Jan - Mar 2026",57,51,-10.5263157894737,15,11,16,6.66666666666667,45.4545454545455,99056,1,"2026-05-18 11:01:22 EDT"
"Clinton Township","Michigan","robbery","Jan - Mar 2026",20,22,10,4,10,4,0,-60,99056,1,"2026-05-18 11:01:22 EDT"
"Clinton Township","Michigan","theft","Jan - Mar 2026",1055,956,-9.38388625592417,227,209,197,-13.215859030837,-5.74162679425837,99056,1,"2026-05-18 11:01:22 EDT"
"Clinton Township","Michigan","violent_crime","Jan - Mar 2026",288,325,12.8472222222222,70,79,73,4.28571428571429,-7.59493670886076,99056,1,"2026-05-18 11:01:22 EDT"
"Clovis","California","aggravated_assault","Jan - Feb 2026",229,249,8.73362445414847,39,49,32,-17.9487179487179,-34.6938775510204,127560,1,"2026-05-18 11:01:22 EDT"
"Clovis","California","burglary","Jan - Feb 2026",190,165,-13.1578947368421,28,30,16,-42.8571428571429,-46.6666666666667,127560,1,"2026-05-18 11:01:22 EDT"
"Clovis","California","motor_vehicle_theft","Jan - Feb 2026",223,164,-26.457399103139,48,25,32,-33.3333333333333,28,127560,1,"2026-05-18 11:01:22 EDT"
"Clovis","California","murder","Jan - Feb 2026",2,4,100,0,0,0,NA,NA,127560,1,"2026-05-18 11:01:22 EDT"
"Clovis","California","property_crime","Jan - Feb 2026",0,0,NA,0,0,0,NA,NA,127560,1,"2026-05-18 11:01:22 EDT"
"Clovis","California","rape","Jan - Feb 2026",39,26,-33.3333333333333,5,3,7,40,133.333333333333,127560,1,"2026-05-18 11:01:22 EDT"
"Clovis","California","robbery","Jan - Feb 2026",45,59,31.1111111111111,5,10,6,20,-40,127560,1,"2026-05-18 11:01:22 EDT"
"Clovis","California","theft","Jan - Feb 2026",1721,1485,-13.7129575828007,292,239,206,-29.4520547945205,-13.8075313807531,127560,1,"2026-05-18 11:01:22 EDT"
"Clovis","California","violent_crime","Jan - Feb 2026",0,0,NA,0,0,0,NA,NA,127560,1,"2026-05-18 11:01:22 EDT"
"Coeur D Alene","Idaho","aggravated_assault","Jan - Mar 2026",79,73,-7.59493670886076,21,25,24,14.2857142857143,-4,57561,1,"2026-05-18 11:01:22 EDT"
"Coeur D Alene","Idaho","burglary","Jan - Mar 2026",57,45,-21.0526315789474,11,12,6,-45.4545454545455,-50,57561,1,"2026-05-18 11:01:22 EDT"
"Coeur D Alene","Idaho","motor_vehicle_theft","Jan - Mar 2026",28,27,-3.57142857142857,7,3,5,-28.5714285714286,66.6666666666667,57561,1,"2026-05-18 11:01:22 EDT"
"Coeur D Alene","Idaho","murder","Jan - Mar 2026",0,2,Inf,0,1,2,Inf,100,57561,1,"2026-05-18 11:01:22 EDT"
"Coeur D Alene","Idaho","property_crime","Jan - Mar 2026",553,399,-27.8481012658228,119,89,93,-21.8487394957983,4.49438202247191,57561,1,"2026-05-18 11:01:22 EDT"
"Coeur D Alene","Idaho","rape","Jan - Mar 2026",53,63,18.8679245283019,10,9,7,-30,-22.2222222222222,57561,1,"2026-05-18 11:01:22 EDT"
"Coeur D Alene","Idaho","robbery","Jan - Mar 2026",7,3,-57.1428571428571,1,0,1,0,Inf,57561,1,"2026-05-18 11:01:22 EDT"
"Coeur D Alene","Idaho","theft","Jan - Mar 2026",468,327,-30.1282051282051,101,74,82,-18.8118811881188,10.8108108108108,57561,1,"2026-05-18 11:01:22 EDT"
"Coeur D Alene","Idaho","violent_crime","Jan - Mar 2026",139,141,1.43884892086331,32,35,34,6.25,-2.85714285714286,57561,1,"2026-05-18 11:01:22 EDT"
"Colerain Township","Ohio","aggravated_assault","Jan - Mar 2026",104,80,-23.0769230769231,25,21,35,40,66.6666666666667,58402,1,"2026-05-18 11:01:22 EDT"
"Colerain Township","Ohio","burglary","Jan - Mar 2026",87,73,-16.0919540229885,16,18,17,6.25,-5.55555555555556,58402,1,"2026-05-18 11:01:22 EDT"
"Colerain Township","Ohio","motor_vehicle_theft","Jan - Mar 2026",160,108,-32.5,40,24,7,-82.5,-70.8333333333333,58402,1,"2026-05-18 11:01:22 EDT"
"Colerain Township","Ohio","murder","Jan - Mar 2026",1,5,400,0,3,1,Inf,-66.6666666666667,58402,1,"2026-05-18 11:01:22 EDT"
"Colerain Township","Ohio","property_crime","Jan - Mar 2026",1164,1032,-11.340206185567,298,232,211,-29.1946308724832,-9.05172413793103,58402,1,"2026-05-18 11:01:22 EDT"
"Colerain Township","Ohio","rape","Jan - Mar 2026",20,10,-50,4,3,5,25,66.6666666666667,58402,1,"2026-05-18 11:01:22 EDT"
"Colerain Township","Ohio","robbery","Jan - Mar 2026",33,11,-66.6666666666667,5,3,4,-20,33.3333333333333,58402,1,"2026-05-18 11:01:22 EDT"
"Colerain Township","Ohio","theft","Jan - Mar 2026",917,851,-7.19738276990185,242,190,187,-22.7272727272727,-1.57894736842105,58402,1,"2026-05-18 11:01:22 EDT"
"Colerain Township","Ohio","violent_crime","Jan - Mar 2026",158,106,-32.9113924050633,34,30,45,32.3529411764706,50,58402,1,"2026-05-18 11:01:22 EDT"
"College Station","Texas","aggravated_assault","Jan - Mar 2026",126,101,-19.8412698412698,22,26,25,13.6363636363636,-3.84615384615385,126702,1,"2026-05-18 11:01:22 EDT"
"College Station","Texas","burglary","Jan - Mar 2026",206,143,-30.5825242718447,14,47,12,-14.2857142857143,-74.468085106383,126702,1,"2026-05-18 11:01:22 EDT"
"College Station","Texas","motor_vehicle_theft","Jan - Mar 2026",124,81,-34.6774193548387,23,20,12,-47.8260869565217,-40,126702,1,"2026-05-18 11:01:22 EDT"
"College Station","Texas","murder","Jan - Mar 2026",3,1,-66.6666666666667,1,0,0,-100,NA,126702,1,"2026-05-18 11:01:22 EDT"
"College Station","Texas","property_crime","Jan - Mar 2026",1399,1116,-20.228734810579,227,301,238,4.84581497797357,-20.9302325581395,126702,1,"2026-05-18 11:01:22 EDT"
"College Station","Texas","rape","Jan - Mar 2026",77,50,-35.0649350649351,21,14,7,-66.6666666666667,-50,126702,1,"2026-05-18 11:01:22 EDT"
"College Station","Texas","robbery","Jan - Mar 2026",15,14,-6.66666666666667,6,2,8,33.3333333333333,300,126702,1,"2026-05-18 11:01:22 EDT"
"College Station","Texas","theft","Jan - Mar 2026",1069,892,-16.5575304022451,190,234,214,12.6315789473684,-8.54700854700855,126702,1,"2026-05-18 11:01:22 EDT"
"College Station","Texas","violent_crime","Jan - Mar 2026",221,166,-24.8868778280543,50,42,40,-20,-4.76190476190476,126702,1,"2026-05-18 11:01:22 EDT"
"Collierville","Tennessee","aggravated_assault","Jan - Mar 2026",67,75,11.9402985074627,13,12,17,30.7692307692308,41.6666666666667,51312,1,"2026-05-18 11:01:22 EDT"
"Collierville","Tennessee","burglary","Jan - Mar 2026",50,40,-20,14,6,4,-71.4285714285714,-33.3333333333333,51312,1,"2026-05-18 11:01:22 EDT"
"Collierville","Tennessee","motor_vehicle_theft","Jan - Mar 2026",59,51,-13.5593220338983,15,8,7,-53.3333333333333,-12.5,51312,1,"2026-05-18 11:01:22 EDT"
"Collierville","Tennessee","murder","Jan - Mar 2026",0,0,NA,0,0,0,NA,NA,51312,1,"2026-05-18 11:01:22 EDT"
"Collierville","Tennessee","property_crime","Jan - Mar 2026",673,528,-21.5453194650817,161,107,95,-40.9937888198758,-11.214953271028,51312,1,"2026-05-18 11:01:22 EDT"
"Collierville","Tennessee","rape","Jan - Mar 2026",3,9,200,2,2,2,0,0,51312,1,"2026-05-18 11:01:22 EDT"
"Collierville","Tennessee","robbery","Jan - Mar 2026",8,7,-12.5,5,1,1,-80,0,51312,1,"2026-05-18 11:01:22 EDT"
"Collierville","Tennessee","theft","Jan - Mar 2026",564,437,-22.5177304964539,132,93,84,-36.3636363636364,-9.67741935483871,51312,1,"2026-05-18 11:01:22 EDT"
"Collierville","Tennessee","violent_crime","Jan - Mar 2026",78,91,16.6666666666667,20,15,20,0,33.3333333333333,51312,1,"2026-05-18 11:01:22 EDT"
"Collin County","Texas","aggravated_assault","Jan - Mar 2026",21,39,85.7142857142857,6,12,3,-50,-75,118730,1,"2026-05-18 11:01:22 EDT"
"Collin County","Texas","burglary","Jan - Mar 2026",77,54,-29.8701298701299,17,14,9,-47.0588235294118,-35.7142857142857,118730,1,"2026-05-18 11:01:22 EDT"
"Collin County","Texas","motor_vehicle_theft","Jan - Mar 2026",53,53,0,14,15,13,-7.14285714285714,-13.3333333333333,118730,1,"2026-05-18 11:01:22 EDT"
"Collin County","Texas","murder","Jan - Mar 2026",2,4,100,1,1,0,-100,-100,118730,1,"2026-05-18 11:01:22 EDT"
"Collin County","Texas","property_crime","Jan - Mar 2026",402,467,16.1691542288557,91,106,80,-12.0879120879121,-24.5283018867925,118730,1,"2026-05-18 11:01:22 EDT"
"Collin County","Texas","rape","Jan - Mar 2026",27,10,-62.962962962963,7,2,5,-28.5714285714286,150,118730,1,"2026-05-18 11:01:22 EDT"
"Collin County","Texas","robbery","Jan - Mar 2026",4,3,-25,1,1,1,0,0,118730,1,"2026-05-18 11:01:22 EDT"
"Collin County","Texas","theft","Jan - Mar 2026",272,360,32.3529411764706,60,77,58,-3.33333333333333,-24.6753246753247,118730,1,"2026-05-18 11:01:22 EDT"
"Collin County","Texas","violent_crime","Jan - Mar 2026",54,56,3.7037037037037,15,16,9,-40,-43.75,118730,1,"2026-05-18 11:01:22 EDT"
"Colonie Town","New York","aggravated_assault","Jan - Mar 2026",69,88,27.536231884058,13,27,18,38.4615384615385,-33.3333333333333,81226,1,"2026-05-18 11:01:22 EDT"
"Colonie Town","New York","burglary","Jan - Mar 2026",189,172,-8.99470899470899,65,35,23,-64.6153846153846,-34.2857142857143,81226,1,"2026-05-18 11:01:22 EDT"
"Colonie Town","New York","motor_vehicle_theft","Jan - Mar 2026",65,63,-3.07692307692308,28,18,4,-85.7142857142857,-77.7777777777778,81226,1,"2026-05-18 11:01:22 EDT"
"Colonie Town","New York","murder","Jan - Mar 2026",0,1,Inf,0,0,0,NA,NA,81226,1,"2026-05-18 11:01:22 EDT"
"Colonie Town","New York","property_crime","Jan - Mar 2026",2821,2341,-17.0152428216944,726,588,445,-38.7052341597796,-24.3197278911565,81226,1,"2026-05-18 11:01:22 EDT"
"Colonie Town","New York","rape","Jan - Mar 2026",6,14,133.333333333333,3,5,4,33.3333333333333,-20,81226,1,"2026-05-18 11:01:22 EDT"
"Colonie Town","New York","robbery","Jan - Mar 2026",19,18,-5.26315789473684,10,9,5,-50,-44.4444444444444,81226,1,"2026-05-18 11:01:22 EDT"
"Colonie Town","New York","theft","Jan - Mar 2026",2567,2106,-17.9587066614725,633,535,418,-33.9652448657188,-21.8691588785047,81226,1,"2026-05-18 11:01:22 EDT"
"Colonie Town","New York","violent_crime","Jan - Mar 2026",94,121,28.7234042553192,26,41,27,3.84615384615385,-34.1463414634146,81226,1,"2026-05-18 11:01:22 EDT"
"Colorado Springs","Colorado","aggravated_assault","Jan - Mar 2026",2657,2622,-1.3172751223184,626,625,610,-2.55591054313099,-2.4,491474,1,"2026-05-18 11:01:22 EDT"
"Colorado Springs","Colorado","burglary","Jan - Mar 2026",2748,2285,-16.8486171761281,649,606,465,-28.3513097072419,-23.2673267326733,491474,1,"2026-05-18 11:01:22 EDT"
"Colorado Springs","Colorado","motor_vehicle_theft","Jan - Mar 2026",3887,2247,-42.191921790584,992,682,313,-68.4475806451613,-54.1055718475073,491474,1,"2026-05-18 11:01:22 EDT"
"Colorado Springs","Colorado","murder","Jan - Mar 2026",38,27,-28.9473684210526,8,11,1,-87.5,-90.9090909090909,491474,1,"2026-05-18 11:01:22 EDT"
"Colorado Springs","Colorado","property_crime","Jan - Mar 2026",18417,15991,-13.1726122604116,4561,4025,3404,-25.367244025433,-15.4285714285714,491474,1,"2026-05-18 11:01:22 EDT"
"Colorado Springs","Colorado","rape","Jan - Mar 2026",532,488,-8.27067669172932,161,155,106,-34.1614906832298,-31.6129032258064,491474,1,"2026-05-18 11:01:22 EDT"
"Colorado Springs","Colorado","robbery","Jan - Mar 2026",384,327,-14.84375,96,95,56,-41.6666666666667,-41.0526315789474,491474,1,"2026-05-18 11:01:22 EDT"
"Colorado Springs","Colorado","theft","Jan - Mar 2026",11782,11459,-2.74147003904261,2920,2737,2626,-10.0684931506849,-4.05553525758129,491474,1,"2026-05-18 11:01:22 EDT"
"Colorado Springs","Colorado","violent_crime","Jan - Mar 2026",3611,3464,-4.0708944890612,891,886,773,-13.2435465768799,-12.7539503386005,491474,1,"2026-05-18 11:01:22 EDT"
"Columbia","Missouri","aggravated_assault","Jan - Mar 2026",338,379,12.1301775147929,57,59,59,3.50877192982456,0,130354,1,"2026-05-18 11:01:22 EDT"
"Columbia","Missouri","burglary","Jan - Mar 2026",434,280,-35.4838709677419,77,71,71,-7.79220779220779,0,130354,1,"2026-05-18 11:01:22 EDT"
"Columbia","Missouri","motor_vehicle_theft","Jan - Mar 2026",494,233,-52.834008097166,125,60,60,-52,0,130354,1,"2026-05-18 11:01:22 EDT"
"Columbia","Missouri","murder","Jan - Mar 2026",13,4,-69.2307692307692,4,1,1,-75,0,130354,1,"2026-05-18 11:01:22 EDT"
"Columbia","Missouri","property_crime","Jan - Mar 2026",3025,2479,-18.0495867768595,683,575,576,-15.6661786237189,0.173913043478261,130354,1,"2026-05-18 11:01:22 EDT"
"Columbia","Missouri","rape","Jan - Mar 2026",50,47,-6,9,10,10,11.1111111111111,0,130354,1,"2026-05-18 11:01:22 EDT"
"Columbia","Missouri","robbery","Jan - Mar 2026",52,42,-19.2307692307692,17,7,8,-52.9411764705882,14.2857142857143,130354,1,"2026-05-18 11:01:22 EDT"
"Columbia","Missouri","theft","Jan - Mar 2026",2097,1966,-6.24701955174058,481,444,445,-7.48440748440748,0.225225225225225,130354,1,"2026-05-18 11:01:22 EDT"
"Columbia","Missouri","violent_crime","Jan - Mar 2026",453,472,4.19426048565121,87,77,78,-10.3448275862069,1.2987012987013,130354,1,"2026-05-18 11:01:22 EDT"
"Columbus","Ohio","aggravated_assault","Jan - Mar 2026",2164,1487,-31.2846580406654,456,291,325,-28.7280701754386,11.6838487972509,888169,1,"2026-05-18 11:01:22 EDT"
"Columbus","Ohio","burglary","Jan - Mar 2026",3484,3287,-5.65442020665901,853,775,694,-18.6400937866354,-10.4516129032258,888169,1,"2026-05-18 11:01:22 EDT"
"Columbus","Ohio","motor_vehicle_theft","Jan - Mar 2026",5177,4716,-8.90477110295538,1264,1153,1194,-5.5379746835443,3.55594102341717,888169,1,"2026-05-18 11:01:22 EDT"
"Columbus","Ohio","murder","Jan - Mar 2026",117,77,-34.1880341880342,19,10,6,-68.4210526315789,-40,888169,1,"2026-05-18 11:01:22 EDT"
"Columbus","Ohio","property_crime","Jan - Mar 2026",24956,23900,-4.2314473473313,5990,5949,4932,-17.6627712854758,-17.0953101361573,888169,1,"2026-05-18 11:01:22 EDT"
"Columbus","Ohio","rape","Jan - Mar 2026",1147,915,-20.2266782911944,273,234,176,-35.5311355311355,-24.7863247863248,888169,1,"2026-05-18 11:01:22 EDT"
"Columbus","Ohio","robbery","Jan - Mar 2026",839,879,4.76758045292014,179,180,143,-20.1117318435754,-20.5555555555556,888169,1,"2026-05-18 11:01:22 EDT"
"Columbus","Ohio","theft","Jan - Mar 2026",16295,15897,-2.4424670144216,3873,4021,3044,-21.4045959204751,-24.2974384481472,888169,1,"2026-05-18 11:01:22 EDT"
"Columbus","Ohio","violent_crime","Jan - Mar 2026",4267,3358,-21.3030232013124,927,715,650,-29.8813376483279,-9.09090909090909,888169,1,"2026-05-18 11:01:22 EDT"
"Comal County","Texas","aggravated_assault","Jan - Mar 2026",86,86,0,18,12,28,55.5555555555556,133.333333333333,100029,1,"2026-05-18 11:01:22 EDT"
"Comal County","Texas","burglary","Jan - Mar 2026",140,189,35,40,33,68,70,106.060606060606,100029,1,"2026-05-18 11:01:22 EDT"
"Comal County","Texas","motor_vehicle_theft","Jan - Mar 2026",83,71,-14.4578313253012,12,19,7,-41.6666666666667,-63.1578947368421,100029,1,"2026-05-18 11:01:22 EDT"
"Comal County","Texas","murder","Jan - Mar 2026",2,0,-100,1,0,0,-100,NA,100029,1,"2026-05-18 11:01:22 EDT"
"Comal County","Texas","property_crime","Jan - Mar 2026",681,597,-12.3348017621145,152,149,176,15.7894736842105,18.1208053691275,100029,1,"2026-05-18 11:01:22 EDT"
"Comal County","Texas","rape","Jan - Mar 2026",33,24,-27.2727272727273,8,2,4,-50,100,100029,1,"2026-05-18 11:01:22 EDT"
"Comal County","Texas","robbery","Jan - Mar 2026",8,4,-50,1,2,1,0,-50,100029,1,"2026-05-18 11:01:22 EDT"
"Comal County","Texas","theft","Jan - Mar 2026",458,337,-26.4192139737991,100,97,101,1,4.12371134020619,100029,1,"2026-05-18 11:01:22 EDT"
"Comal County","Texas","violent_crime","Jan - Mar 2026",129,114,-11.6279069767442,28,16,33,17.8571428571429,106.25,100029,1,"2026-05-18 11:01:22 EDT"
"Commerce City","Colorado","aggravated_assault","Jan - Feb 2026",408,387,-5.14705882352941,60,48,54,-10,12.5,70170,1,"2026-05-18 11:01:22 EDT"
"Commerce City","Colorado","burglary","Jan - Feb 2026",214,225,5.14018691588785,25,39,53,112,35.8974358974359,70170,1,"2026-05-18 11:01:22 EDT"
"Commerce City","Colorado","motor_vehicle_theft","Jan - Feb 2026",605,366,-39.504132231405,96,78,39,-59.375,-50,70170,1,"2026-05-18 11:01:22 EDT"
"Commerce City","Colorado","murder","Jan - Feb 2026",6,1,-83.3333333333333,1,1,0,-100,-100,70170,1,"2026-05-18 11:01:22 EDT"
"Commerce City","Colorado","property_crime","Jan - Feb 2026",0,0,NA,0,0,0,NA,NA,70170,1,"2026-05-18 11:01:22 EDT"
"Commerce City","Colorado","rape","Jan - Feb 2026",72,81,12.5,10,9,11,10,22.2222222222222,70170,1,"2026-05-18 11:01:22 EDT"
"Commerce City","Colorado","robbery","Jan - Feb 2026",80,67,-16.25,18,8,7,-61.1111111111111,-12.5,70170,1,"2026-05-18 11:01:22 EDT"
"Commerce City","Colorado","theft","Jan - Feb 2026",1295,1273,-1.6988416988417,189,203,220,16.4021164021164,8.3743842364532,70170,1,"2026-05-18 11:01:22 EDT"
"Commerce City","Colorado","violent_crime","Jan - Feb 2026",0,0,NA,0,0,0,NA,NA,70170,1,"2026-05-18 11:01:22 EDT"
"Concord","California","aggravated_assault","Jan - Mar 2026",412,313,-24.0291262135922,88,78,54,-38.6363636363636,-30.7692307692308,121341,1,"2026-05-18 11:01:22 EDT"
"Concord","California","burglary","Jan - Mar 2026",505,424,-16.039603960396,122,138,48,-60.655737704918,-65.2173913043478,121341,1,"2026-05-18 11:01:22 EDT"
"Concord","California","motor_vehicle_theft","Jan - Mar 2026",655,490,-25.1908396946565,175,144,67,-61.7142857142857,-53.4722222222222,121341,1,"2026-05-18 11:01:22 EDT"
"Concord","California","murder","Jan - Mar 2026",3,1,-66.6666666666667,0,0,0,NA,NA,121341,1,"2026-05-18 11:01:22 EDT"
"Concord","California","property_crime","Jan - Mar 2026",0,0,NA,0,0,0,NA,NA,121341,1,"2026-05-18 11:01:22 EDT"
"Concord","California","rape","Jan - Mar 2026",39,35,-10.2564102564103,12,8,3,-75,-62.5,121341,1,"2026-05-18 11:01:22 EDT"
"Concord","California","robbery","Jan - Mar 2026",185,145,-21.6216216216216,46,48,23,-50,-52.0833333333333,121341,1,"2026-05-18 11:01:22 EDT"
"Concord","California","theft","Jan - Mar 2026",2461,2491,1.21901665989435,526,655,345,-34.4106463878327,-47.3282442748092,121341,1,"2026-05-18 11:01:22 EDT"
"Concord","California","violent_crime","Jan - Mar 2026",0,0,NA,0,0,0,NA,NA,121341,1,"2026-05-18 11:01:22 EDT"
"Concord","North Carolina","aggravated_assault","Jan - Mar 2026",132,93,-29.5454545454545,23,26,21,-8.69565217391304,-19.2307692307692,111922,1,"2026-05-18 11:01:22 EDT"
"Concord","North Carolina","burglary","Jan - Mar 2026",105,104,-0.952380952380952,22,30,24,9.09090909090909,-20,111922,1,"2026-05-18 11:01:22 EDT"
"Concord","North Carolina","motor_vehicle_theft","Jan - Mar 2026",176,142,-19.3181818181818,56,36,37,-33.9285714285714,2.77777777777778,111922,1,"2026-05-18 11:01:22 EDT"
"Concord","North Carolina","murder","Jan - Mar 2026",6,2,-66.6666666666667,3,0,3,0,Inf,111922,1,"2026-05-18 11:01:22 EDT"
"Concord","North Carolina","property_crime","Jan - Mar 2026",1223,1077,-11.9378577269011,311,248,274,-11.8971061093248,10.4838709677419,111922,1,"2026-05-18 11:01:22 EDT"
"Concord","North Carolina","rape","Jan - Mar 2026",14,11,-21.4285714285714,1,5,7,600,40,111922,1,"2026-05-18 11:01:22 EDT"
"Concord","North Carolina","robbery","Jan - Mar 2026",28,28,0,4,7,3,-25,-57.1428571428571,111922,1,"2026-05-18 11:01:22 EDT"
"Concord","North Carolina","theft","Jan - Mar 2026",942,831,-11.7834394904459,233,182,213,-8.58369098712446,17.032967032967,111922,1,"2026-05-18 11:01:22 EDT"
"Concord","North Carolina","violent_crime","Jan - Mar 2026",180,134,-25.5555555555556,31,38,34,9.67741935483871,-10.5263157894737,111922,1,"2026-05-18 11:01:22 EDT"
"Conroe","Texas","aggravated_assault","Jan - Mar 2026",164,190,15.8536585365854,40,44,45,12.5,2.27272727272727,114592,1,"2026-05-18 11:01:22 EDT"
"Conroe","Texas","burglary","Jan - Mar 2026",161,137,-14.9068322981366,50,39,50,0,28.2051282051282,114592,1,"2026-05-18 11:01:22 EDT"
"Conroe","Texas","motor_vehicle_theft","Jan - Mar 2026",150,174,16,50,36,37,-26,2.77777777777778,114592,1,"2026-05-18 11:01:22 EDT"
"Conroe","Texas","murder","Jan - Mar 2026",1,0,-100,0,0,0,NA,NA,114592,1,"2026-05-18 11:01:22 EDT"
"Conroe","Texas","property_crime","Jan - Mar 2026",1879,1764,-6.12027674294838,554,464,406,-26.7148014440433,-12.5,114592,1,"2026-05-18 11:01:22 EDT"
"Conroe","Texas","rape","Jan - Mar 2026",76,99,30.2631578947368,16,18,16,0,-11.1111111111111,114592,1,"2026-05-18 11:01:22 EDT"
"Conroe","Texas","robbery","Jan - Mar 2026",41,24,-41.4634146341463,8,5,7,-12.5,40,114592,1,"2026-05-18 11:01:22 EDT"
"Conroe","Texas","theft","Jan - Mar 2026",1568,1453,-7.33418367346939,454,389,319,-29.7356828193833,-17.9948586118252,114592,1,"2026-05-18 11:01:22 EDT"
"Conroe","Texas","violent_crime","Jan - Mar 2026",282,313,10.9929078014184,64,67,68,6.25,1.49253731343284,114592,1,"2026-05-18 11:01:22 EDT"
"Conway","Arkansas","aggravated_assault","Jan - Mar 2026",311,279,-10.2893890675241,98,65,73,-25.5102040816327,12.3076923076923,71417,1,"2026-05-18 11:01:22 EDT"
"Conway","Arkansas","burglary","Jan - Mar 2026",127,105,-17.3228346456693,32,36,15,-53.125,-58.3333333333333,71417,1,"2026-05-18 11:01:22 EDT"
"Conway","Arkansas","motor_vehicle_theft","Jan - Mar 2026",86,84,-2.32558139534884,20,17,18,-10,5.88235294117647,71417,1,"2026-05-18 11:01:22 EDT"
"Conway","Arkansas","murder","Jan - Mar 2026",2,3,50,0,0,2,Inf,Inf,71417,1,"2026-05-18 11:01:22 EDT"
"Conway","Arkansas","property_crime","Jan - Mar 2026",1468,1361,-7.28882833787466,313,332,233,-25.5591054313099,-29.8192771084337,71417,1,"2026-05-18 11:01:22 EDT"
"Conway","Arkansas","rape","Jan - Mar 2026",36,43,19.4444444444444,11,12,12,9.09090909090909,0,71417,1,"2026-05-18 11:01:22 EDT"
"Conway","Arkansas","robbery","Jan - Mar 2026",25,23,-8,8,6,2,-75,-66.6666666666667,71417,1,"2026-05-18 11:01:22 EDT"
"Conway","Arkansas","theft","Jan - Mar 2026",1255,1172,-6.61354581673307,261,279,200,-23.3716475095785,-28.3154121863799,71417,1,"2026-05-18 11:01:22 EDT"
"Conway","Arkansas","violent_crime","Jan - Mar 2026",374,348,-6.95187165775401,117,83,89,-23.9316239316239,7.2289156626506,71417,1,"2026-05-18 11:01:22 EDT"
"Coon Rapids","Minnesota","aggravated_assault","Jan - Mar 2026",85,58,-31.7647058823529,18,12,14,-22.2222222222222,16.6666666666667,63308,1,"2026-05-18 11:01:22 EDT"
"Coon Rapids","Minnesota","burglary","Jan - Mar 2026",109,74,-32.1100917431193,25,10,14,-44,40,63308,1,"2026-05-18 11:01:22 EDT"
"Coon Rapids","Minnesota","motor_vehicle_theft","Jan - Mar 2026",91,61,-32.967032967033,21,15,17,-19.047619047619,13.3333333333333,63308,1,"2026-05-18 11:01:22 EDT"
"Coon Rapids","Minnesota","murder","Jan - Mar 2026",4,0,-100,3,0,0,-100,NA,63308,1,"2026-05-18 11:01:22 EDT"
"Coon Rapids","Minnesota","property_crime","Jan - Mar 2026",1027,926,-9.83446932814021,211,213,155,-26.5402843601896,-27.2300469483568,63308,1,"2026-05-18 11:01:22 EDT"
"Coon Rapids","Minnesota","rape","Jan - Mar 2026",31,22,-29.0322580645161,9,6,0,-100,-100,63308,1,"2026-05-18 11:01:22 EDT"
"Coon Rapids","Minnesota","robbery","Jan - Mar 2026",17,11,-35.2941176470588,4,5,4,0,-20,63308,1,"2026-05-18 11:01:22 EDT"
"Coon Rapids","Minnesota","theft","Jan - Mar 2026",827,791,-4.35308343409915,165,188,124,-24.8484848484848,-34.0425531914894,63308,1,"2026-05-18 11:01:22 EDT"
"Coon Rapids","Minnesota","violent_crime","Jan - Mar 2026",137,91,-33.5766423357664,34,23,18,-47.0588235294118,-21.7391304347826,63308,1,"2026-05-18 11:01:22 EDT"
"Corona","California","aggravated_assault","Jan - Mar 2026",253,262,3.55731225296443,55,71,72,30.9090909090909,1.40845070422535,161174,1,"2026-05-18 11:01:22 EDT"
"Corona","California","burglary","Jan - Mar 2026",393,258,-34.3511450381679,92,90,34,-63.0434782608696,-62.2222222222222,161174,1,"2026-05-18 11:01:22 EDT"
"Corona","California","motor_vehicle_theft","Jan - Mar 2026",335,327,-2.38805970149254,85,102,38,-55.2941176470588,-62.7450980392157,161174,1,"2026-05-18 11:01:22 EDT"
"Corona","California","murder","Jan - Mar 2026",2,6,200,0,0,1,Inf,Inf,161174,1,"2026-05-18 11:01:22 EDT"
"Corona","California","property_crime","Jan - Mar 2026",2781,2559,-7.98274002157497,693,689,587,-15.2958152958153,-14.8040638606676,161174,1,"2026-05-18 11:01:22 EDT"
"Corona","California","rape","Jan - Mar 2026",44,32,-27.2727272727273,13,8,6,-53.8461538461538,-25,161174,1,"2026-05-18 11:01:22 EDT"
"Corona","California","robbery","Jan - Mar 2026",102,89,-12.7450980392157,30,28,13,-56.6666666666667,-53.5714285714286,161174,1,"2026-05-18 11:01:22 EDT"
"Corona","California","theft","Jan - Mar 2026",2053,1974,-3.84802727715538,516,497,515,-0.193798449612403,3.62173038229376,161174,1,"2026-05-18 11:01:22 EDT"
"Corona","California","violent_crime","Jan - Mar 2026",401,389,-2.9925187032419,98,107,92,-6.12244897959184,-14.018691588785,161174,1,"2026-05-18 11:01:22 EDT"
"Corvallis","Oregon","aggravated_assault","Jan - Feb 2026",66,57,-13.6363636363636,5,6,7,40,16.6666666666667,61474,1,"2026-05-18 11:01:22 EDT"
"Corvallis","Oregon","burglary","Jan - Feb 2026",184,144,-21.7391304347826,40,20,13,-67.5,-35,61474,1,"2026-05-18 11:01:22 EDT"
"Corvallis","Oregon","motor_vehicle_theft","Jan - Feb 2026",56,49,-12.5,7,11,6,-14.2857142857143,-45.4545454545455,61474,1,"2026-05-18 11:01:22 EDT"
"Corvallis","Oregon","murder","Jan - Feb 2026",1,1,0,0,0,0,NA,NA,61474,1,"2026-05-18 11:01:22 EDT"
"Corvallis","Oregon","property_crime","Jan - Feb 2026",0,0,NA,0,0,0,NA,NA,61474,1,"2026-05-18 11:01:22 EDT"
"Corvallis","Oregon","rape","Jan - Feb 2026",25,23,-8,7,1,3,-57.1428571428571,200,61474,1,"2026-05-18 11:01:22 EDT"
"Corvallis","Oregon","robbery","Jan - Feb 2026",20,25,25,3,2,4,33.3333333333333,100,61474,1,"2026-05-18 11:01:22 EDT"
"Corvallis","Oregon","theft","Jan - Feb 2026",1335,1148,-14.0074906367041,208,204,124,-40.3846153846154,-39.2156862745098,61474,1,"2026-05-18 11:01:22 EDT"
"Corvallis","Oregon","violent_crime","Jan - Feb 2026",0,0,NA,0,0,0,NA,NA,61474,1,"2026-05-18 11:01:22 EDT"
"Council Bluffs","Iowa","aggravated_assault","Jan - Mar 2026",171,227,32.7485380116959,33,56,51,54.5454545454545,-8.92857142857143,62269,1,"2026-05-18 11:01:22 EDT"
"Council Bluffs","Iowa","burglary","Jan - Mar 2026",303,218,-28.0528052805281,74,53,44,-40.5405405405405,-16.9811320754717,62269,1,"2026-05-18 11:01:22 EDT"
"Council Bluffs","Iowa","motor_vehicle_theft","Jan - Mar 2026",206,214,3.88349514563107,59,49,37,-37.2881355932203,-24.4897959183673,62269,1,"2026-05-18 11:01:22 EDT"
"Council Bluffs","Iowa","murder","Jan - Mar 2026",2,2,0,0,0,0,NA,NA,62269,1,"2026-05-18 11:01:22 EDT"
"Council Bluffs","Iowa","property_crime","Jan - Mar 2026",1527,1386,-9.23379174852652,354,292,325,-8.19209039548022,11.3013698630137,62269,1,"2026-05-18 11:01:22 EDT"
"Council Bluffs","Iowa","rape","Jan - Mar 2026",45,65,44.4444444444444,6,15,14,133.333333333333,-6.66666666666667,62269,1,"2026-05-18 11:01:22 EDT"
"Council Bluffs","Iowa","robbery","Jan - Mar 2026",44,35,-20.4545454545455,15,10,7,-53.3333333333333,-30,62269,1,"2026-05-18 11:01:22 EDT"
"Council Bluffs","Iowa","theft","Jan - Mar 2026",1018,954,-6.28683693516699,221,190,244,10.4072398190045,28.4210526315789,62269,1,"2026-05-18 11:01:22 EDT"
"Council Bluffs","Iowa","violent_crime","Jan - Mar 2026",262,329,25.5725190839695,54,81,72,33.3333333333333,-11.1111111111111,62269,1,"2026-05-18 11:01:22 EDT"
"Cranston","Rhode Island","aggravated_assault","Jan - Mar 2026",49,40,-18.3673469387755,14,8,10,-28.5714285714286,25,83815,1,"2026-05-18 11:01:22 EDT"
"Cranston","Rhode Island","burglary","Jan - Mar 2026",72,81,12.5,12,15,12,0,-20,83815,1,"2026-05-18 11:01:22 EDT"
"Cranston","Rhode Island","motor_vehicle_theft","Jan - Mar 2026",79,69,-12.6582278481013,26,18,13,-50,-27.7777777777778,83815,1,"2026-05-18 11:01:22 EDT"
"Cranston","Rhode Island","murder","Jan - Mar 2026",1,1,0,0,0,1,Inf,Inf,83815,1,"2026-05-18 11:01:22 EDT"
"Cranston","Rhode Island","property_crime","Jan - Mar 2026",890,754,-15.2808988764045,198,207,158,-20.2020202020202,-23.6714975845411,83815,1,"2026-05-18 11:01:22 EDT"
"Cranston","Rhode Island","rape","Jan - Mar 2026",17,20,17.6470588235294,3,6,5,66.6666666666667,-16.6666666666667,83815,1,"2026-05-18 11:01:22 EDT"
"Cranston","Rhode Island","robbery","Jan - Mar 2026",13,14,7.69230769230769,3,3,4,33.3333333333333,33.3333333333333,83815,1,"2026-05-18 11:01:22 EDT"
"Cranston","Rhode Island","theft","Jan - Mar 2026",739,604,-18.2679296346414,160,174,133,-16.875,-23.5632183908046,83815,1,"2026-05-18 11:01:22 EDT"
"Cranston","Rhode Island","violent_crime","Jan - Mar 2026",80,75,-6.25,20,17,20,0,17.6470588235294,83815,1,"2026-05-18 11:01:22 EDT"
"Cuyahoga Falls","Ohio","aggravated_assault","Jan - Mar 2026",79,104,31.6455696202532,18,15,18,0,20,50639,1,"2026-05-18 11:01:22 EDT"
"Cuyahoga Falls","Ohio","burglary","Jan - Mar 2026",66,57,-13.6363636363636,13,15,9,-30.7692307692308,-40,50639,1,"2026-05-18 11:01:22 EDT"
"Cuyahoga Falls","Ohio","motor_vehicle_theft","Jan - Mar 2026",59,53,-10.1694915254237,6,12,10,66.6666666666667,-16.6666666666667,50639,1,"2026-05-18 11:01:22 EDT"
"Cuyahoga Falls","Ohio","murder","Jan - Mar 2026",1,1,0,1,1,0,-100,-100,50639,1,"2026-05-18 11:01:22 EDT"
"Cuyahoga Falls","Ohio","property_crime","Jan - Mar 2026",0,0,NA,0,0,0,NA,NA,50639,1,"2026-05-18 11:01:22 EDT"
"Cuyahoga Falls","Ohio","rape","Jan - Mar 2026",16,11,-31.25,8,5,2,-75,-60,50639,1,"2026-05-18 11:01:22 EDT"
"Cuyahoga Falls","Ohio","robbery","Jan - Mar 2026",5,2,-60,0,0,2,Inf,Inf,50639,1,"2026-05-18 11:01:22 EDT"
"Cuyahoga Falls","Ohio","theft","Jan - Mar 2026",892,738,-17.2645739910314,157,193,150,-4.45859872611465,-22.279792746114,50639,1,"2026-05-18 11:01:22 EDT"
"Cuyahoga Falls","Ohio","violent_crime","Jan - Mar 2026",0,0,NA,0,0,0,NA,NA,50639,1,"2026-05-18 11:01:22 EDT"
"Dallas","Texas","aggravated_assault","Jan - Mar 2026",5819,5142,-11.6343014263619,1316,1165,1087,-17.4012158054711,-6.69527896995708,1238096,1,"2026-05-18 11:01:22 EDT"
"Dallas","Texas","burglary","Jan - Mar 2026",6152,5595,-9.05396618985696,1598,1334,1379,-13.7046307884856,3.37331334332834,1238096,1,"2026-05-18 11:01:22 EDT"
"Dallas","Texas","motor_vehicle_theft","Jan - Mar 2026",14543,11155,-23.2964312727773,4079,3083,2275,-44.2265261093405,-26.2082387285112,1238096,1,"2026-05-18 11:01:22 EDT"
"Dallas","Texas","murder","Jan - Mar 2026",180,139,-22.7777777777778,52,31,36,-30.7692307692308,16.1290322580645,1238096,1,"2026-05-18 11:01:22 EDT"
"Dallas","Texas","property_crime","Jan - Mar 2026",44817,40690,-9.20855925206953,12036,9987,9693,-19.4666001994018,-2.94382697506759,1238096,1,"2026-05-18 11:01:22 EDT"
"Dallas","Texas","rape","Jan - Mar 2026",483,358,-25.879917184265,104,92,85,-18.2692307692308,-7.60869565217391,1238096,1,"2026-05-18 11:01:22 EDT"
"Dallas","Texas","robbery","Jan - Mar 2026",2231,2020,-9.45764231286419,533,476,397,-25.515947467167,-16.5966386554622,1238096,1,"2026-05-18 11:01:22 EDT"
"Dallas","Texas","theft","Jan - Mar 2026",24122,23940,-0.754497968659315,6359,5570,6039,-5.03223777323478,8.42010771992819,1238096,1,"2026-05-18 11:01:22 EDT"
"Dallas","Texas","violent_crime","Jan - Mar 2026",8713,7659,-12.0968667508321,2005,1764,1605,-19.9501246882793,-9.01360544217687,1238096,1,"2026-05-18 11:01:22 EDT"
"Daly City","California","aggravated_assault","Jan - Feb 2026",167,157,-5.98802395209581,20,19,18,-10,-5.26315789473684,98217,1,"2026-05-18 11:01:22 EDT"
"Daly City","California","burglary","Jan - Feb 2026",94,55,-41.4893617021277,18,6,5,-72.2222222222222,-16.6666666666667,98217,1,"2026-05-18 11:01:22 EDT"
"Daly City","California","motor_vehicle_theft","Jan - Feb 2026",320,157,-50.9375,68,28,10,-85.2941176470588,-64.2857142857143,98217,1,"2026-05-18 11:01:22 EDT"
"Daly City","California","murder","Jan - Feb 2026",1,0,-100,0,0,0,NA,NA,98217,1,"2026-05-18 11:01:22 EDT"
"Daly City","California","property_crime","Jan - Feb 2026",0,0,NA,0,0,0,NA,NA,98217,1,"2026-05-18 11:01:22 EDT"
"Daly City","California","rape","Jan - Feb 2026",30,25,-16.6666666666667,7,1,4,-42.8571428571429,300,98217,1,"2026-05-18 11:01:22 EDT"
"Daly City","California","robbery","Jan - Feb 2026",95,72,-24.2105263157895,17,15,13,-23.5294117647059,-13.3333333333333,98217,1,"2026-05-18 11:01:22 EDT"
"Daly City","California","theft","Jan - Feb 2026",1367,1159,-15.2158010241405,219,169,200,-8.67579908675799,18.3431952662722,98217,1,"2026-05-18 11:01:22 EDT"
"Daly City","California","violent_crime","Jan - Feb 2026",0,0,NA,0,0,0,NA,NA,98217,1,"2026-05-18 11:01:22 EDT"
"Danbury","Connecticut","aggravated_assault","Jan - Feb 2026",187,82,-56.1497326203209,25,19,7,-72,-63.1578947368421,86257,1,"2026-05-18 11:01:22 EDT"
"Danbury","Connecticut","burglary","Jan - Feb 2026",186,81,-56.4516129032258,12,16,9,-25,-43.75,86257,1,"2026-05-18 11:01:22 EDT"
"Danbury","Connecticut","motor_vehicle_theft","Jan - Feb 2026",124,54,-56.4516129032258,13,1,12,-7.69230769230769,1100,86257,1,"2026-05-18 11:01:22 EDT"
"Danbury","Connecticut","murder","Jan - Feb 2026",0,1,Inf,0,0,0,NA,NA,86257,1,"2026-05-18 11:01:22 EDT"
"Danbury","Connecticut","property_crime","Jan - Feb 2026",0,0,NA,0,0,0,NA,NA,86257,1,"2026-05-18 11:01:22 EDT"
"Danbury","Connecticut","rape","Jan - Feb 2026",31,15,-51.6129032258064,4,4,0,-100,-100,86257,1,"2026-05-18 11:01:22 EDT"
"Danbury","Connecticut","robbery","Jan - Feb 2026",31,32,3.2258064516129,4,5,3,-25,-40,86257,1,"2026-05-18 11:01:22 EDT"
"Danbury","Connecticut","theft","Jan - Feb 2026",859,806,-6.16996507566938,106,134,79,-25.4716981132075,-41.044776119403,86257,1,"2026-05-18 11:01:22 EDT"
"Danbury","Connecticut","violent_crime","Jan - Feb 2026",0,0,NA,0,0,0,NA,NA,86257,1,"2026-05-18 11:01:22 EDT"
"Davenport","Iowa","aggravated_assault","Jan - Mar 2026",400,468,17,73,100,81,10.958904109589,-19,99926,1,"2026-05-18 11:01:22 EDT"
"Davenport","Iowa","burglary","Jan - Mar 2026",653,536,-17.9173047473201,173,129,96,-44.5086705202312,-25.5813953488372,99926,1,"2026-05-18 11:01:22 EDT"
"Davenport","Iowa","motor_vehicle_theft","Jan - Mar 2026",331,258,-22.0543806646526,93,60,62,-33.3333333333333,3.33333333333333,99926,1,"2026-05-18 11:01:22 EDT"
"Davenport","Iowa","murder","Jan - Mar 2026",8,7,-12.5,5,0,0,-100,NA,99926,1,"2026-05-18 11:01:22 EDT"
"Davenport","Iowa","property_crime","Jan - Mar 2026",3538,3186,-9.94912379875636,830,731,597,-28.0722891566265,-18.3310533515732,99926,1,"2026-05-18 11:01:22 EDT"
"Davenport","Iowa","rape","Jan - Mar 2026",108,106,-1.85185185185185,21,27,25,19.047619047619,-7.40740740740741,99926,1,"2026-05-18 11:01:22 EDT"
"Davenport","Iowa","robbery","Jan - Mar 2026",65,76,16.9230769230769,10,18,12,20,-33.3333333333333,99926,1,"2026-05-18 11:01:22 EDT"
"Davenport","Iowa","theft","Jan - Mar 2026",2554,2392,-6.34299138606108,564,542,439,-22.1631205673759,-19.0036900369004,99926,1,"2026-05-18 11:01:22 EDT"
"Davenport","Iowa","violent_crime","Jan - Mar 2026",581,657,13.0808950086059,109,145,118,8.25688073394496,-18.6206896551724,99926,1,"2026-05-18 11:01:22 EDT"
"Davidson County","North Carolina","aggravated_assault","Jan - Mar 2026",4,106,2550,4,34,27,575,-20.5882352941176,123983,1,"2026-05-18 11:01:22 EDT"
"Davidson County","North Carolina","burglary","Jan - Mar 2026",10,205,1950,10,45,25,150,-44.4444444444444,123983,1,"2026-05-18 11:01:22 EDT"
"Davidson County","North Carolina","motor_vehicle_theft","Jan - Mar 2026",7,93,1228.57142857143,7,25,24,242.857142857143,-4,123983,1,"2026-05-18 11:01:22 EDT"
"Davidson County","North Carolina","murder","Jan - Mar 2026",0,5,Inf,0,1,0,NA,-100,123983,1,"2026-05-18 11:01:22 EDT"
"Davidson County","North Carolina","property_crime","Jan - Mar 2026",0,0,NA,0,0,0,NA,NA,123983,1,"2026-05-18 11:01:22 EDT"
"Davidson County","North Carolina","rape","Jan - Mar 2026",0,10,Inf,0,4,1,Inf,-75,123983,1,"2026-05-18 11:01:22 EDT"
"Davidson County","North Carolina","robbery","Jan - Mar 2026",1,13,1200,1,4,1,0,-75,123983,1,"2026-05-18 11:01:22 EDT"
"Davidson County","North Carolina","theft","Jan - Mar 2026",36,616,1611.11111111111,36,174,128,255.555555555556,-26.4367816091954,123983,1,"2026-05-18 11:01:22 EDT"
"Davidson County","North Carolina","violent_crime","Jan - Mar 2026",0,0,NA,0,0,0,NA,NA,123983,1,"2026-05-18 11:01:22 EDT"
"Davis","California","aggravated_assault","Jan - Mar 2026",81,91,12.3456790123457,20,20,23,15,15,65483,1,"2026-05-18 11:01:22 EDT"
"Davis","California","burglary","Jan - Mar 2026",93,55,-40.8602150537634,35,22,14,-60,-36.3636363636364,65483,1,"2026-05-18 11:01:22 EDT"
"Davis","California","motor_vehicle_theft","Jan - Mar 2026",95,61,-35.7894736842105,27,16,17,-37.037037037037,6.25,65483,1,"2026-05-18 11:01:22 EDT"
"Davis","California","murder","Jan - Mar 2026",1,0,-100,0,0,0,NA,NA,65483,1,"2026-05-18 11:01:22 EDT"
"Davis","California","property_crime","Jan - Mar 2026",1449,1318,-9.04071773636991,348,330,293,-15.8045977011494,-11.2121212121212,65483,1,"2026-05-18 11:01:22 EDT"
"Davis","California","rape","Jan - Mar 2026",21,23,9.52380952380952,6,12,2,-66.6666666666667,-83.3333333333333,65483,1,"2026-05-18 11:01:22 EDT"
"Davis","California","robbery","Jan - Mar 2026",21,14,-33.3333333333333,4,3,1,-75,-66.6666666666667,65483,1,"2026-05-18 11:01:22 EDT"
"Davis","California","theft","Jan - Mar 2026",1261,1202,-4.67882632831086,286,292,262,-8.39160839160839,-10.2739726027397,65483,1,"2026-05-18 11:01:22 EDT"
"Davis","California","violent_crime","Jan - Mar 2026",124,128,3.2258064516129,30,35,26,-13.3333333333333,-25.7142857142857,65483,1,"2026-05-18 11:01:22 EDT"
"Dayton","Ohio","aggravated_assault","Jan - Mar 2026",1424,1338,-6.03932584269663,327,275,322,-1.52905198776758,17.0909090909091,134857,1,"2026-05-18 11:01:22 EDT"
"Dayton","Ohio","burglary","Jan - Mar 2026",1214,1183,-2.55354200988468,295,239,226,-23.3898305084746,-5.43933054393306,134857,1,"2026-05-18 11:01:22 EDT"
"Dayton","Ohio","motor_vehicle_theft","Jan - Mar 2026",1843,1572,-14.7042864894194,429,373,265,-38.2284382284382,-28.9544235924933,134857,1,"2026-05-18 11:01:22 EDT"
"Dayton","Ohio","murder","Jan - Mar 2026",39,24,-38.4615384615385,7,6,8,14.2857142857143,33.3333333333333,134857,1,"2026-05-18 11:01:22 EDT"
"Dayton","Ohio","property_crime","Jan - Mar 2026",6050,5610,-7.27272727272727,1363,1155,1059,-22.3037417461482,-8.31168831168831,134857,1,"2026-05-18 11:01:22 EDT"
"Dayton","Ohio","rape","Jan - Mar 2026",161,145,-9.93788819875776,38,39,28,-26.3157894736842,-28.2051282051282,134857,1,"2026-05-18 11:01:22 EDT"
"Dayton","Ohio","robbery","Jan - Mar 2026",352,250,-28.9772727272727,80,52,52,-35,0,134857,1,"2026-05-18 11:01:22 EDT"
"Dayton","Ohio","theft","Jan - Mar 2026",2993,2855,-4.61075843635149,639,543,568,-11.1111111111111,4.60405156537753,134857,1,"2026-05-18 11:01:22 EDT"
"Dayton","Ohio","violent_crime","Jan - Mar 2026",1976,1757,-11.082995951417,452,372,410,-9.29203539823009,10.2150537634409,134857,1,"2026-05-18 11:01:22 EDT"
"Dearborn","Michigan","aggravated_assault","Jan - Mar 2026",243,212,-12.7572016460905,40,54,62,55,14.8148148148148,104571,1,"2026-05-18 11:01:22 EDT"
"Dearborn","Michigan","burglary","Jan - Mar 2026",120,76,-36.6666666666667,36,14,15,-58.3333333333333,7.14285714285714,104571,1,"2026-05-18 11:01:22 EDT"
"Dearborn","Michigan","motor_vehicle_theft","Jan - Mar 2026",490,281,-42.6530612244898,87,75,42,-51.7241379310345,-44,104571,1,"2026-05-18 11:01:22 EDT"
"Dearborn","Michigan","murder","Jan - Mar 2026",1,2,100,0,1,0,NA,-100,104571,1,"2026-05-18 11:01:22 EDT"
"Dearborn","Michigan","property_crime","Jan - Mar 2026",2106,1804,-14.3399810066477,432,395,398,-7.87037037037037,0.759493670886076,104571,1,"2026-05-18 11:01:22 EDT"
"Dearborn","Michigan","rape","Jan - Mar 2026",28,22,-21.4285714285714,8,6,7,-12.5,16.6666666666667,104571,1,"2026-05-18 11:01:22 EDT"
"Dearborn","Michigan","robbery","Jan - Mar 2026",37,28,-24.3243243243243,5,6,7,40,16.6666666666667,104571,1,"2026-05-18 11:01:22 EDT"
"Dearborn","Michigan","theft","Jan - Mar 2026",1496,1447,-3.27540106951872,309,306,341,10.3559870550162,11.437908496732,104571,1,"2026-05-18 11:01:22 EDT"
"Dearborn","Michigan","violent_crime","Jan - Mar 2026",309,264,-14.5631067961165,53,67,76,43.3962264150943,13.4328358208955,104571,1,"2026-05-18 11:01:22 EDT"
"Dearborn Heights","Michigan","aggravated_assault","Jan - Mar 2026",229,197,-13.9737991266376,63,45,48,-23.8095238095238,6.66666666666667,60148,1,"2026-05-18 11:01:22 EDT"
"Dearborn Heights","Michigan","burglary","Jan - Mar 2026",101,101,0,27,24,17,-37.037037037037,-29.1666666666667,60148,1,"2026-05-18 11:01:22 EDT"
"Dearborn Heights","Michigan","motor_vehicle_theft","Jan - Mar 2026",188,165,-12.2340425531915,54,41,26,-51.8518518518518,-36.5853658536585,60148,1,"2026-05-18 11:01:22 EDT"
"Dearborn Heights","Michigan","murder","Jan - Mar 2026",1,2,100,0,0,0,NA,NA,60148,1,"2026-05-18 11:01:22 EDT"
"Dearborn Heights","Michigan","property_crime","Jan - Mar 2026",747,756,1.20481927710843,204,145,122,-40.1960784313725,-15.8620689655172,60148,1,"2026-05-18 11:01:22 EDT"
"Dearborn Heights","Michigan","rape","Jan - Mar 2026",15,16,6.66666666666667,4,6,1,-75,-83.3333333333333,60148,1,"2026-05-18 11:01:22 EDT"
"Dearborn Heights","Michigan","robbery","Jan - Mar 2026",29,14,-51.7241379310345,8,2,3,-62.5,50,60148,1,"2026-05-18 11:01:22 EDT"
"Dearborn Heights","Michigan","theft","Jan - Mar 2026",458,490,6.98689956331878,123,80,79,-35.7723577235772,-1.25,60148,1,"2026-05-18 11:01:22 EDT"
"Dearborn Heights","Michigan","violent_crime","Jan - Mar 2026",274,229,-16.4233576642336,75,53,52,-30.6666666666667,-1.88679245283019,60148,1,"2026-05-18 11:01:22 EDT"
"Decatur","Illinois","aggravated_assault","Jan - Mar 2026",310,345,11.2903225806452,62,64,87,40.3225806451613,35.9375,67934,1,"2026-05-18 11:01:22 EDT"
"Decatur","Illinois","burglary","Jan - Mar 2026",632,385,-39.0822784810127,134,93,84,-37.3134328358209,-9.67741935483871,67934,1,"2026-05-18 11:01:22 EDT"
"Decatur","Illinois","motor_vehicle_theft","Jan - Mar 2026",290,190,-34.4827586206897,83,49,33,-60.2409638554217,-32.6530612244898,67934,1,"2026-05-18 11:01:22 EDT"
"Decatur","Illinois","murder","Jan - Mar 2026",5,9,80,2,2,3,50,50,67934,1,"2026-05-18 11:01:22 EDT"
"Decatur","Illinois","property_crime","Jan - Mar 2026",1985,1766,-11.0327455919395,465,333,364,-21.7204301075269,9.30930930930931,67934,1,"2026-05-18 11:01:22 EDT"
"Decatur","Illinois","rape","Jan - Mar 2026",31,67,116.129032258065,11,10,17,54.5454545454545,70,67934,1,"2026-05-18 11:01:22 EDT"
"Decatur","Illinois","robbery","Jan - Mar 2026",63,46,-26.984126984127,12,14,14,16.6666666666667,0,67934,1,"2026-05-18 11:01:22 EDT"
"Decatur","Illinois","theft","Jan - Mar 2026",1063,1191,12.0413922859831,248,191,247,-0.403225806451613,29.3193717277487,67934,1,"2026-05-18 11:01:22 EDT"
"Decatur","Illinois","violent_crime","Jan - Mar 2026",409,467,14.1809290953545,87,90,121,39.0804597701149,34.4444444444444,67934,1,"2026-05-18 11:01:22 EDT"
"Delaware County","Ohio","aggravated_assault","Jan - Mar 2026",75,120,60,8,26,26,225,0,108391,1,"2026-05-18 11:01:22 EDT"
"Delaware County","Ohio","burglary","Jan - Mar 2026",69,93,34.7826086956522,13,13,9,-30.7692307692308,-30.7692307692308,108391,1,"2026-05-18 11:01:22 EDT"
"Delaware County","Ohio","motor_vehicle_theft","Jan - Mar 2026",72,61,-15.2777777777778,17,5,10,-41.1764705882353,100,108391,1,"2026-05-18 11:01:22 EDT"
"Delaware County","Ohio","murder","Jan - Mar 2026",3,1,-66.6666666666667,0,0,0,NA,NA,108391,1,"2026-05-18 11:01:22 EDT"
"Delaware County","Ohio","property_crime","Jan - Mar 2026",0,0,NA,0,0,0,NA,NA,108391,1,"2026-05-18 11:01:22 EDT"
"Delaware County","Ohio","rape","Jan - Mar 2026",14,31,121.428571428571,1,2,5,400,150,108391,1,"2026-05-18 11:01:22 EDT"
"Delaware County","Ohio","robbery","Jan - Mar 2026",8,5,-37.5,0,3,0,NA,-100,108391,1,"2026-05-18 11:01:22 EDT"
"Delaware County","Ohio","theft","Jan - Mar 2026",931,795,-14.6079484425349,196,150,149,-23.9795918367347,-0.666666666666667,108391,1,"2026-05-18 11:01:22 EDT"
"Delaware County","Ohio","violent_crime","Jan - Mar 2026",0,0,NA,0,0,0,NA,NA,108391,1,"2026-05-18 11:01:22 EDT"
"Denton","Texas","aggravated_assault","Jan - Mar 2026",197,206,4.56852791878173,43,39,47,9.30232558139535,20.5128205128205,164565,1,"2026-05-18 11:01:22 EDT"
"Denton","Texas","burglary","Jan - Mar 2026",217,276,27.1889400921659,57,45,67,17.5438596491228,48.8888888888889,164565,1,"2026-05-18 11:01:22 EDT"
"Denton","Texas","motor_vehicle_theft","Jan - Mar 2026",229,287,25.3275109170306,58,65,75,29.3103448275862,15.3846153846154,164565,1,"2026-05-18 11:01:22 EDT"
"Denton","Texas","murder","Jan - Mar 2026",3,5,66.6666666666667,0,0,1,Inf,Inf,164565,1,"2026-05-18 11:01:22 EDT"
"Denton","Texas","property_crime","Jan - Mar 2026",2810,2973,5.80071174377224,805,614,694,-13.7888198757764,13.0293159609121,164565,1,"2026-05-18 11:01:22 EDT"
"Denton","Texas","rape","Jan - Mar 2026",96,87,-9.375,34,10,15,-55.8823529411765,50,164565,1,"2026-05-18 11:01:22 EDT"
"Denton","Texas","robbery","Jan - Mar 2026",43,38,-11.6279069767442,14,8,7,-50,-12.5,164565,1,"2026-05-18 11:01:22 EDT"
"Denton","Texas","theft","Jan - Mar 2026",2364,2410,1.94585448392555,690,504,552,-20,9.52380952380952,164565,1,"2026-05-18 11:01:22 EDT"
"Denton","Texas","violent_crime","Jan - Mar 2026",339,336,-0.884955752212389,91,57,70,-23.0769230769231,22.8070175438596,164565,1,"2026-05-18 11:01:22 EDT"
"Denton County","Texas","aggravated_assault","Jan - Mar 2026",59,38,-35.5932203389831,12,6,5,-58.3333333333333,-16.6666666666667,167921,1,"2026-05-18 11:01:22 EDT"
"Denton County","Texas","burglary","Jan - Mar 2026",112,71,-36.6071428571429,40,10,14,-65,40,167921,1,"2026-05-18 11:01:22 EDT"
"Denton County","Texas","motor_vehicle_theft","Jan - Mar 2026",54,48,-11.1111111111111,18,9,11,-38.8888888888889,22.2222222222222,167921,1,"2026-05-18 11:01:22 EDT"
"Denton County","Texas","murder","Jan - Mar 2026",1,3,200,0,2,0,NA,-100,167921,1,"2026-05-18 11:01:22 EDT"
"Denton County","Texas","property_crime","Jan - Mar 2026",508,390,-23.2283464566929,145,93,72,-50.3448275862069,-22.5806451612903,167921,1,"2026-05-18 11:01:22 EDT"
"Denton County","Texas","rape","Jan - Mar 2026",15,30,100,11,11,5,-54.5454545454545,-54.5454545454545,167921,1,"2026-05-18 11:01:22 EDT"
"Denton County","Texas","robbery","Jan - Mar 2026",1,2,100,0,1,0,NA,-100,167921,1,"2026-05-18 11:01:22 EDT"
"Denton County","Texas","theft","Jan - Mar 2026",342,271,-20.7602339181287,87,74,47,-45.9770114942529,-36.4864864864865,167921,1,"2026-05-18 11:01:22 EDT"
"Denton County","Texas","violent_crime","Jan - Mar 2026",76,73,-3.94736842105263,23,20,10,-56.5217391304348,-50,167921,1,"2026-05-18 11:01:22 EDT"
"Denver","Colorado","aggravated_assault","Jan - Mar 2026",5195,4709,-9.35514918190568,1218,1117,956,-21.5106732348112,-14.4136078782453,722031,1,"2026-05-18 11:01:22 EDT"
"Denver","Colorado","burglary","Jan - Mar 2026",5076,4309,-15.1103230890465,1007,1031,873,-13.3068520357498,-15.3249272550921,722031,1,"2026-05-18 11:01:22 EDT"
"Denver","Colorado","motor_vehicle_theft","Jan - Mar 2026",8954,5673,-36.6428411882957,2340,1616,1135,-51.4957264957265,-29.7648514851485,722031,1,"2026-05-18 11:01:22 EDT"
"Denver","Colorado","murder","Jan - Mar 2026",71,42,-40.8450704225352,24,10,10,-58.3333333333333,0,722031,1,"2026-05-18 11:01:22 EDT"
"Denver","Colorado","property_crime","Jan - Mar 2026",34578,30474,-11.8688183237897,7969,7388,6798,-14.694440958715,-7.98592311857066,722031,1,"2026-05-18 11:01:22 EDT"
"Denver","Colorado","rape","Jan - Mar 2026",674,707,4.89614243323442,147,185,165,12.2448979591837,-10.8108108108108,722031,1,"2026-05-18 11:01:22 EDT"
"Denver","Colorado","robbery","Jan - Mar 2026",1275,1014,-20.4705882352941,311,262,218,-29.903536977492,-16.793893129771,722031,1,"2026-05-18 11:01:22 EDT"
"Denver","Colorado","theft","Jan - Mar 2026",20548,20492,-0.272532606579716,4622,4741,4790,3.63479013414106,1.03353722843282,722031,1,"2026-05-18 11:01:22 EDT"
"Denver","Colorado","violent_crime","Jan - Mar 2026",7215,6472,-10.2979902979903,1700,1574,1349,-20.6470588235294,-14.294790343075,722031,1,"2026-05-18 11:01:22 EDT"
"Des Moines","Iowa","aggravated_assault","Jan - Mar 2026",1083,1122,3.601108033241,223,272,239,7.17488789237668,-12.1323529411765,209040,1,"2026-05-18 11:01:22 EDT"
"Des Moines","Iowa","burglary","Jan - Mar 2026",975,825,-15.3846153846154,208,214,138,-33.6538461538462,-35.5140186915888,209040,1,"2026-05-18 11:01:22 EDT"
"Des Moines","Iowa","motor_vehicle_theft","Jan - Mar 2026",1102,929,-15.6987295825771,258,243,161,-37.5968992248062,-33.7448559670782,209040,1,"2026-05-18 11:01:22 EDT"
"Des Moines","Iowa","murder","Jan - Mar 2026",9,3,-66.6666666666667,0,0,5,Inf,Inf,209040,1,"2026-05-18 11:01:22 EDT"
"Des Moines","Iowa","property_crime","Jan - Mar 2026",6631,5994,-9.60639420901825,1508,1473,1053,-30.1724137931034,-28.5132382892057,209040,1,"2026-05-18 11:01:22 EDT"
"Des Moines","Iowa","rape","Jan - Mar 2026",105,101,-3.80952380952381,29,24,34,17.2413793103448,41.6666666666667,209040,1,"2026-05-18 11:01:22 EDT"
"Des Moines","Iowa","robbery","Jan - Mar 2026",158,138,-12.6582278481013,33,36,33,0,-8.33333333333333,209040,1,"2026-05-18 11:01:22 EDT"
"Des Moines","Iowa","theft","Jan - Mar 2026",4554,4240,-6.89503732981994,1042,1016,754,-27.6391554702495,-25.7874015748031,209040,1,"2026-05-18 11:01:22 EDT"
"Des Moines","Iowa","violent_crime","Jan - Mar 2026",1355,1364,0.664206642066421,285,332,311,9.12280701754386,-6.32530120481928,209040,1,"2026-05-18 11:01:22 EDT"
"Des Plaines","Illinois","aggravated_assault","Jan - Jan 2026",44,41,-6.81818181818182,2,5,0,-100,-100,57218,1,"2026-05-18 11:01:22 EDT"
"Des Plaines","Illinois","burglary","Jan - Jan 2026",239,40,-83.2635983263598,19,7,2,-89.4736842105263,-71.4285714285714,57218,1,"2026-05-18 11:01:22 EDT"
"Des Plaines","Illinois","motor_vehicle_theft","Jan - Jan 2026",75,60,-20,7,5,4,-42.8571428571429,-20,57218,1,"2026-05-18 11:01:22 EDT"
"Des Plaines","Illinois","murder","Jan - Jan 2026",0,0,NA,0,0,0,NA,NA,57218,1,"2026-05-18 11:01:22 EDT"
"Des Plaines","Illinois","property_crime","Jan - Jan 2026",0,0,NA,0,0,0,NA,NA,57218,1,"2026-05-18 11:01:22 EDT"
"Des Plaines","Illinois","rape","Jan - Jan 2026",11,13,18.1818181818182,0,1,1,Inf,0,57218,1,"2026-05-18 11:01:22 EDT"
"Des Plaines","Illinois","robbery","Jan - Jan 2026",14,8,-42.8571428571429,2,0,1,-50,Inf,57218,1,"2026-05-18 11:01:22 EDT"
"Des Plaines","Illinois","theft","Jan - Jan 2026",352,359,1.98863636363636,26,31,20,-23.0769230769231,-35.4838709677419,57218,1,"2026-05-18 11:01:22 EDT"
"Des Plaines","Illinois","violent_crime","Jan - Jan 2026",0,0,NA,0,0,0,NA,NA,57218,1,"2026-05-18 11:01:22 EDT"
"Desoto","Texas","aggravated_assault","Jan - Mar 2026",124,114,-8.06451612903226,29,17,18,-37.9310344827586,5.88235294117647,56488,1,"2026-05-18 11:01:22 EDT"
"Desoto","Texas","burglary","Jan - Mar 2026",98,114,16.3265306122449,27,41,9,-66.6666666666667,-78.0487804878049,56488,1,"2026-05-18 11:01:22 EDT"
"Desoto","Texas","motor_vehicle_theft","Jan - Mar 2026",188,178,-5.31914893617021,51,44,41,-19.6078431372549,-6.81818181818182,56488,1,"2026-05-18 11:01:22 EDT"
"Desoto","Texas","murder","Jan - Mar 2026",1,1,0,0,1,0,NA,-100,56488,1,"2026-05-18 11:01:22 EDT"
"Desoto","Texas","property_crime","Jan - Mar 2026",935,893,-4.49197860962567,224,231,151,-32.5892857142857,-34.6320346320346,56488,1,"2026-05-18 11:01:22 EDT"
"Desoto","Texas","rape","Jan - Mar 2026",29,23,-20.6896551724138,10,7,2,-80,-71.4285714285714,56488,1,"2026-05-18 11:01:22 EDT"
"Desoto","Texas","robbery","Jan - Mar 2026",32,23,-28.125,12,2,0,-100,-100,56488,1,"2026-05-18 11:01:22 EDT"
"Desoto","Texas","theft","Jan - Mar 2026",649,601,-7.3959938366718,146,146,101,-30.8219178082192,-30.8219178082192,56488,1,"2026-05-18 11:01:22 EDT"
"Desoto","Texas","violent_crime","Jan - Mar 2026",186,161,-13.4408602150538,51,27,20,-60.7843137254902,-25.9259259259259,56488,1,"2026-05-18 11:01:22 EDT"
"Detroit","Michigan","aggravated_assault","Jan - Mar 2026",9582,8970,-6.38697557921102,1974,1839,1851,-6.23100303951368,0.65252854812398,651171,1,"2026-05-18 11:01:22 EDT"
"Detroit","Michigan","burglary","Jan - Mar 2026",4612,4065,-11.8603642671292,989,963,788,-20.3235591506572,-18.1723779854621,651171,1,"2026-05-18 11:01:22 EDT"
"Detroit","Michigan","motor_vehicle_theft","Jan - Mar 2026",8200,6238,-23.9268292682927,1892,1367,1221,-35.4651162790698,-10.680321872714,651171,1,"2026-05-18 11:01:22 EDT"
"Detroit","Michigan","murder","Jan - Mar 2026",203,165,-18.7192118226601,41,34,33,-19.5121951219512,-2.94117647058824,651171,1,"2026-05-18 11:01:22 EDT"
"Detroit","Michigan","property_crime","Jan - Mar 2026",28185,24971,-11.4032286677311,6296,5432,4863,-22.7604828462516,-10.4749631811487,651171,1,"2026-05-18 11:01:22 EDT"
"Detroit","Michigan","rape","Jan - Mar 2026",626,541,-13.5782747603834,148,122,128,-13.5135135135135,4.91803278688525,651171,1,"2026-05-18 11:01:22 EDT"
"Detroit","Michigan","robbery","Jan - Mar 2026",1196,936,-21.7391304347826,232,196,179,-22.8448275862069,-8.6734693877551,651171,1,"2026-05-18 11:01:22 EDT"
"Detroit","Michigan","theft","Jan - Mar 2026",15373,14668,-4.58596240161322,3415,3102,2854,-16.4275256222548,-7.99484203739523,651171,1,"2026-05-18 11:01:22 EDT"
"Detroit","Michigan","violent_crime","Jan - Mar 2026",11607,10612,-8.57241319893168,2395,2191,2191,-8.51774530271399,0,651171,1,"2026-05-18 11:01:22 EDT"
"Douglas County","Colorado","aggravated_assault","Jan - Mar 2026",336,347,3.27380952380952,68,94,73,7.35294117647059,-22.3404255319149,227807,1,"2026-05-18 11:01:22 EDT"
"Douglas County","Colorado","burglary","Jan - Mar 2026",341,228,-33.1378299120235,96,74,62,-35.4166666666667,-16.2162162162162,227807,1,"2026-05-18 11:01:22 EDT"
"Douglas County","Colorado","motor_vehicle_theft","Jan - Mar 2026",254,162,-36.2204724409449,53,46,13,-75.4716981132076,-71.7391304347826,227807,1,"2026-05-18 11:01:22 EDT"
"Douglas County","Colorado","murder","Jan - Mar 2026",3,2,-33.3333333333333,1,0,1,0,Inf,227807,1,"2026-05-18 11:01:22 EDT"
"Douglas County","Colorado","property_crime","Jan - Mar 2026",2435,1963,-19.3839835728953,587,490,423,-27.93867120954,-13.6734693877551,227807,1,"2026-05-18 11:01:22 EDT"
"Douglas County","Colorado","rape","Jan - Mar 2026",73,66,-9.58904109589041,28,18,12,-57.1428571428571,-33.3333333333333,227807,1,"2026-05-18 11:01:22 EDT"
"Douglas County","Colorado","robbery","Jan - Mar 2026",24,16,-33.3333333333333,5,6,3,-40,-50,227807,1,"2026-05-18 11:01:22 EDT"
"Douglas County","Colorado","theft","Jan - Mar 2026",1840,1573,-14.5108695652174,438,370,348,-20.5479452054795,-5.94594594594595,227807,1,"2026-05-18 11:01:22 EDT"
"Douglas County","Colorado","violent_crime","Jan - Mar 2026",436,431,-1.14678899082569,102,118,89,-12.7450980392157,-24.5762711864407,227807,1,"2026-05-18 11:01:22 EDT"
"Douglas County","Nebraska","aggravated_assault","Jan - Mar 2026",49,48,-2.04081632653061,13,9,15,15.3846153846154,66.6666666666667,103973,1,"2026-05-18 11:01:22 EDT"
"Douglas County","Nebraska","burglary","Jan - Mar 2026",129,94,-27.1317829457364,38,33,21,-44.7368421052632,-36.3636363636364,103973,1,"2026-05-18 11:01:22 EDT"
"Douglas County","Nebraska","motor_vehicle_theft","Jan - Mar 2026",94,84,-10.6382978723404,22,13,6,-72.7272727272727,-53.8461538461538,103973,1,"2026-05-18 11:01:22 EDT"
"Douglas County","Nebraska","murder","Jan - Mar 2026",0,1,Inf,0,0,0,NA,NA,103973,1,"2026-05-18 11:01:22 EDT"
"Douglas County","Nebraska","property_crime","Jan - Mar 2026",559,480,-14.1323792486583,136,106,101,-25.7352941176471,-4.71698113207547,103973,1,"2026-05-18 11:01:22 EDT"
"Douglas County","Nebraska","rape","Jan - Mar 2026",31,21,-32.258064516129,5,4,2,-60,-50,103973,1,"2026-05-18 11:01:22 EDT"
"Douglas County","Nebraska","robbery","Jan - Mar 2026",7,5,-28.5714285714286,1,2,1,0,-50,103973,1,"2026-05-18 11:01:22 EDT"
"Douglas County","Nebraska","theft","Jan - Mar 2026",336,302,-10.1190476190476,76,60,74,-2.63157894736842,23.3333333333333,103973,1,"2026-05-18 11:01:22 EDT"
"Douglas County","Nebraska","violent_crime","Jan - Mar 2026",87,75,-13.7931034482759,19,15,18,-5.26315789473684,20,103973,1,"2026-05-18 11:01:22 EDT"
"Draper","Utah","aggravated_assault","Jan - Mar 2026",39,46,17.9487179487179,13,11,11,-15.3846153846154,0,45672,1,"2026-05-18 11:01:22 EDT"
"Draper","Utah","burglary","Jan - Mar 2026",63,59,-6.34920634920635,16,19,10,-37.5,-47.3684210526316,45672,1,"2026-05-18 11:01:22 EDT"
"Draper","Utah","motor_vehicle_theft","Jan - Mar 2026",40,48,20,7,11,7,0,-36.3636363636364,45672,1,"2026-05-18 11:01:22 EDT"
"Draper","Utah","murder","Jan - Mar 2026",1,0,-100,0,0,0,NA,NA,45672,1,"2026-05-18 11:01:22 EDT"
"Draper","Utah","property_crime","Jan - Mar 2026",545,522,-4.22018348623853,136,131,129,-5.14705882352941,-1.52671755725191,45672,1,"2026-05-18 11:01:22 EDT"
"Draper","Utah","rape","Jan - Mar 2026",39,37,-5.12820512820513,6,10,12,100,20,45672,1,"2026-05-18 11:01:22 EDT"
"Draper","Utah","robbery","Jan - Mar 2026",8,7,-12.5,0,0,0,NA,NA,45672,1,"2026-05-18 11:01:22 EDT"
"Draper","Utah","theft","Jan - Mar 2026",442,415,-6.10859728506787,113,101,112,-0.884955752212389,10.8910891089109,45672,1,"2026-05-18 11:01:22 EDT"
"Draper","Utah","violent_crime","Jan - Mar 2026",87,90,3.44827586206897,19,21,23,21.0526315789474,9.52380952380952,45672,1,"2026-05-18 11:01:22 EDT"
"Dublin","Ohio","aggravated_assault","Jan - Mar 2026",43,34,-20.9302325581395,6,8,3,-50,-62.5,40056,1,"2026-05-18 11:01:22 EDT"
"Dublin","Ohio","burglary","Jan - Mar 2026",49,30,-38.7755102040816,13,10,14,7.69230769230769,40,40056,1,"2026-05-18 11:01:22 EDT"
"Dublin","Ohio","motor_vehicle_theft","Jan - Mar 2026",68,70,2.94117647058824,10,20,14,40,-30,40056,1,"2026-05-18 11:01:22 EDT"
"Dublin","Ohio","murder","Jan - Mar 2026",0,0,NA,0,0,0,NA,NA,40056,1,"2026-05-18 11:01:22 EDT"
"Dublin","Ohio","property_crime","Jan - Mar 2026",464,357,-23.0603448275862,105,92,79,-24.7619047619048,-14.1304347826087,40056,1,"2026-05-18 11:01:22 EDT"
"Dublin","Ohio","rape","Jan - Mar 2026",6,14,133.333333333333,3,0,1,-66.6666666666667,Inf,40056,1,"2026-05-18 11:01:22 EDT"
"Dublin","Ohio","robbery","Jan - Mar 2026",6,9,50,1,2,3,200,50,40056,1,"2026-05-18 11:01:22 EDT"
"Dublin","Ohio","theft","Jan - Mar 2026",347,257,-25.9365994236311,82,62,51,-37.8048780487805,-17.741935483871,40056,1,"2026-05-18 11:01:22 EDT"
"Dublin","Ohio","violent_crime","Jan - Mar 2026",55,57,3.63636363636364,10,10,7,-30,-30,40056,1,"2026-05-18 11:01:22 EDT"
"Dubuque","Iowa","aggravated_assault","Jan - Jan 2026",174,167,-4.02298850574713,13,19,10,-23.0769230769231,-47.3684210526316,58620,1,"2026-05-18 11:01:22 EDT"
"Dubuque","Iowa","burglary","Jan - Jan 2026",134,143,6.71641791044776,7,9,10,42.8571428571429,11.1111111111111,58620,1,"2026-05-18 11:01:22 EDT"
"Dubuque","Iowa","motor_vehicle_theft","Jan - Jan 2026",55,53,-3.63636363636364,3,3,2,-33.3333333333333,-33.3333333333333,58620,1,"2026-05-18 11:01:22 EDT"
"Dubuque","Iowa","murder","Jan - Jan 2026",1,0,-100,1,0,1,0,Inf,58620,1,"2026-05-18 11:01:22 EDT"
"Dubuque","Iowa","property_crime","Jan - Jan 2026",0,0,NA,0,0,0,NA,NA,58620,1,"2026-05-18 11:01:22 EDT"
"Dubuque","Iowa","rape","Jan - Jan 2026",51,54,5.88235294117647,6,8,0,-100,-100,58620,1,"2026-05-18 11:01:22 EDT"
"Dubuque","Iowa","robbery","Jan - Jan 2026",14,14,0,0,1,1,Inf,0,58620,1,"2026-05-18 11:01:22 EDT"
"Dubuque","Iowa","theft","Jan - Jan 2026",656,699,6.55487804878049,54,55,49,-9.25925925925926,-10.9090909090909,58620,1,"2026-05-18 11:01:22 EDT"
"Dubuque","Iowa","violent_crime","Jan - Jan 2026",0,0,NA,0,0,0,NA,NA,58620,1,"2026-05-18 11:01:22 EDT"
"Duluth","Minnesota","aggravated_assault","Jan - Mar 2026",115,121,5.21739130434783,20,30,29,45,-3.33333333333333,88003,1,"2026-05-18 11:01:22 EDT"
"Duluth","Minnesota","burglary","Jan - Mar 2026",245,222,-9.38775510204082,47,35,38,-19.1489361702128,8.57142857142857,88003,1,"2026-05-18 11:01:22 EDT"
"Duluth","Minnesota","motor_vehicle_theft","Jan - Mar 2026",110,103,-6.36363636363636,20,29,11,-45,-62.0689655172414,88003,1,"2026-05-18 11:01:22 EDT"
"Duluth","Minnesota","murder","Jan - Mar 2026",8,4,-50,1,0,1,0,Inf,88003,1,"2026-05-18 11:01:22 EDT"
"Duluth","Minnesota","property_crime","Jan - Mar 2026",2671,2709,1.42268813178585,558,547,444,-20.4301075268817,-18.8299817184643,88003,1,"2026-05-18 11:01:22 EDT"
"Duluth","Minnesota","rape","Jan - Mar 2026",41,45,9.75609756097561,9,6,17,88.8888888888889,183.333333333333,88003,1,"2026-05-18 11:01:22 EDT"
"Duluth","Minnesota","robbery","Jan - Mar 2026",33,33,0,11,5,9,-18.1818181818182,80,88003,1,"2026-05-18 11:01:22 EDT"
"Duluth","Minnesota","theft","Jan - Mar 2026",2316,2384,2.93609671848014,491,483,395,-19.5519348268839,-18.2194616977226,88003,1,"2026-05-18 11:01:22 EDT"
"Duluth","Minnesota","violent_crime","Jan - Mar 2026",197,203,3.04568527918782,41,41,56,36.5853658536585,36.5853658536585,88003,1,"2026-05-18 11:01:22 EDT"
"Dunwoody","Georgia","aggravated_assault","Jan - Mar 2026",63,54,-14.2857142857143,15,12,13,-13.3333333333333,8.33333333333333,51752,1,"2026-05-18 11:01:22 EDT"
"Dunwoody","Georgia","burglary","Jan - Mar 2026",106,69,-34.9056603773585,25,23,14,-44,-39.1304347826087,51752,1,"2026-05-18 11:01:22 EDT"
"Dunwoody","Georgia","motor_vehicle_theft","Jan - Mar 2026",108,77,-28.7037037037037,27,15,10,-62.962962962963,-33.3333333333333,51752,1,"2026-05-18 11:01:22 EDT"
"Dunwoody","Georgia","murder","Jan - Mar 2026",1,0,-100,1,0,0,-100,NA,51752,1,"2026-05-18 11:01:22 EDT"
"Dunwoody","Georgia","property_crime","Jan - Mar 2026",1709,1479,-13.458162668227,444,351,326,-26.5765765765766,-7.12250712250712,51752,1,"2026-05-18 11:01:22 EDT"
"Dunwoody","Georgia","rape","Jan - Mar 2026",4,5,25,0,0,2,Inf,Inf,51752,1,"2026-05-18 11:01:22 EDT"
"Dunwoody","Georgia","robbery","Jan - Mar 2026",26,17,-34.6153846153846,4,5,0,-100,-100,51752,1,"2026-05-18 11:01:22 EDT"
"Dunwoody","Georgia","theft","Jan - Mar 2026",1495,1333,-10.8361204013378,392,313,302,-22.9591836734694,-3.51437699680511,51752,1,"2026-05-18 11:01:22 EDT"
"Dunwoody","Georgia","violent_crime","Jan - Mar 2026",94,76,-19.1489361702128,20,17,15,-25,-11.7647058823529,51752,1,"2026-05-18 11:01:22 EDT"
"Durham","North Carolina","aggravated_assault","Jan - Mar 2026",1194,934,-21.7755443886097,290,213,244,-15.8620689655172,14.5539906103286,299779,1,"2026-05-18 11:01:22 EDT"
"Durham","North Carolina","burglary","Jan - Mar 2026",1364,1246,-8.65102639296188,335,289,229,-31.6417910447761,-20.7612456747405,299779,1,"2026-05-18 11:01:22 EDT"
"Durham","North Carolina","motor_vehicle_theft","Jan - Mar 2026",1876,1625,-13.3795309168444,494,422,339,-31.3765182186235,-19.6682464454976,299779,1,"2026-05-18 11:01:22 EDT"
"Durham","North Carolina","murder","Jan - Mar 2026",37,33,-10.8108108108108,6,8,12,100,50,299779,1,"2026-05-18 11:01:22 EDT"
"Durham","North Carolina","property_crime","Jan - Mar 2026",11657,11196,-3.95470532727117,2731,2567,2408,-11.8271695349689,-6.19400077911959,299779,1,"2026-05-18 11:01:22 EDT"
"Durham","North Carolina","rape","Jan - Mar 2026",182,180,-1.0989010989011,40,44,44,10,0,299779,1,"2026-05-18 11:01:22 EDT"
"Durham","North Carolina","robbery","Jan - Mar 2026",487,445,-8.62422997946612,121,105,76,-37.1900826446281,-27.6190476190476,299779,1,"2026-05-18 11:01:22 EDT"
"Durham","North Carolina","theft","Jan - Mar 2026",8417,8325,-1.09302601877153,1902,1856,1840,-3.25972660357518,-0.862068965517241,299779,1,"2026-05-18 11:01:22 EDT"
"Durham","North Carolina","violent_crime","Jan - Mar 2026",1900,1592,-16.2105263157895,457,370,376,-17.7242888402626,1.62162162162162,299779,1,"2026-05-18 11:01:22 EDT"
"Eagan","Minnesota","aggravated_assault","Jan - Feb 2026",47,59,25.531914893617,3,16,6,100,-62.5,66956,1,"2026-05-18 11:01:22 EDT"
"Eagan","Minnesota","burglary","Jan - Feb 2026",97,71,-26.8041237113402,20,12,9,-55,-25,66956,1,"2026-05-18 11:01:22 EDT"
"Eagan","Minnesota","motor_vehicle_theft","Jan - Feb 2026",54,38,-29.6296296296296,13,11,0,-100,-100,66956,1,"2026-05-18 11:01:22 EDT"
"Eagan","Minnesota","murder","Jan - Feb 2026",0,0,NA,0,0,0,NA,NA,66956,1,"2026-05-18 11:01:22 EDT"
"Eagan","Minnesota","property_crime","Jan - Feb 2026",0,0,NA,0,0,0,NA,NA,66956,1,"2026-05-18 11:01:22 EDT"
"Eagan","Minnesota","rape","Jan - Feb 2026",15,19,26.6666666666667,1,0,0,-100,NA,66956,1,"2026-05-18 11:01:22 EDT"
"Eagan","Minnesota","robbery","Jan - Feb 2026",3,8,166.666666666667,0,3,0,NA,-100,66956,1,"2026-05-18 11:01:22 EDT"
"Eagan","Minnesota","theft","Jan - Feb 2026",1038,791,-23.7957610789981,179,125,105,-41.340782122905,-16,66956,1,"2026-05-18 11:01:22 EDT"
"Eagan","Minnesota","violent_crime","Jan - Feb 2026",0,0,NA,0,0,0,NA,NA,66956,1,"2026-05-18 11:01:22 EDT"
"East Baton Rouge Parish","Louisiana","aggravated_assault","Jan - Feb 2026",525,389,-25.9047619047619,77,76,54,-29.8701298701299,-28.9473684210526,201319,1,"2026-05-18 11:01:22 EDT"
"East Baton Rouge Parish","Louisiana","burglary","Jan - Feb 2026",829,694,-16.2846803377563,183,135,73,-60.1092896174863,-45.9259259259259,201319,1,"2026-05-18 11:01:22 EDT"
"East Baton Rouge Parish","Louisiana","motor_vehicle_theft","Jan - Feb 2026",548,456,-16.7883211678832,97,92,57,-41.2371134020619,-38.0434782608696,201319,1,"2026-05-18 11:01:22 EDT"
"East Baton Rouge Parish","Louisiana","murder","Jan - Feb 2026",37,9,-75.6756756756757,11,3,1,-90.9090909090909,-66.6666666666667,201319,1,"2026-05-18 11:01:22 EDT"
"East Baton Rouge Parish","Louisiana","property_crime","Jan - Feb 2026",0,0,NA,0,0,0,NA,NA,201319,1,"2026-05-18 11:01:22 EDT"
"East Baton Rouge Parish","Louisiana","rape","Jan - Feb 2026",79,49,-37.9746835443038,14,11,2,-85.7142857142857,-81.8181818181818,201319,1,"2026-05-18 11:01:22 EDT"
"East Baton Rouge Parish","Louisiana","robbery","Jan - Feb 2026",117,58,-50.4273504273504,17,11,7,-58.8235294117647,-36.3636363636364,201319,1,"2026-05-18 11:01:22 EDT"
"East Baton Rouge Parish","Louisiana","theft","Jan - Feb 2026",4912,3567,-27.3819218241042,787,618,453,-42.4396442185515,-26.6990291262136,201319,1,"2026-05-18 11:01:22 EDT"
"East Baton Rouge Parish","Louisiana","violent_crime","Jan - Feb 2026",0,0,NA,0,0,0,NA,NA,201319,1,"2026-05-18 11:01:22 EDT"
"East Hartford","Connecticut","aggravated_assault","Jan - Mar 2026",21,18,-14.2857142857143,5,1,4,-20,300,50584,1,"2026-05-18 11:01:22 EDT"
"East Hartford","Connecticut","burglary","Jan - Mar 2026",64,46,-28.125,11,17,7,-36.3636363636364,-58.8235294117647,50584,1,"2026-05-18 11:01:22 EDT"
"East Hartford","Connecticut","motor_vehicle_theft","Jan - Mar 2026",177,111,-37.2881355932203,54,38,28,-48.1481481481481,-26.3157894736842,50584,1,"2026-05-18 11:01:22 EDT"
"East Hartford","Connecticut","murder","Jan - Mar 2026",3,0,-100,1,0,0,-100,NA,50584,1,"2026-05-18 11:01:22 EDT"
"East Hartford","Connecticut","property_crime","Jan - Mar 2026",847,698,-17.5914994096812,226,179,164,-27.4336283185841,-8.37988826815642,50584,1,"2026-05-18 11:01:22 EDT"
"East Hartford","Connecticut","rape","Jan - Mar 2026",6,12,100,2,3,1,-50,-66.6666666666667,50584,1,"2026-05-18 11:01:22 EDT"
"East Hartford","Connecticut","robbery","Jan - Mar 2026",15,15,0,1,7,5,400,-28.5714285714286,50584,1,"2026-05-18 11:01:22 EDT"
"East Hartford","Connecticut","theft","Jan - Mar 2026",606,541,-10.7260726072607,161,124,129,-19.8757763975155,4.03225806451613,50584,1,"2026-05-18 11:01:22 EDT"
"East Hartford","Connecticut","violent_crime","Jan - Mar 2026",45,45,0,9,11,10,11.1111111111111,-9.09090909090909,50584,1,"2026-05-18 11:01:22 EDT"
"Eau Claire","Wisconsin","aggravated_assault","Jan - Mar 2026",66,78,18.1818181818182,16,5,12,-25,140,68631,1,"2026-05-18 11:01:22 EDT"
"Eau Claire","Wisconsin","burglary","Jan - Mar 2026",181,116,-35.9116022099448,46,23,16,-65.2173913043478,-30.4347826086957,68631,1,"2026-05-18 11:01:22 EDT"
"Eau Claire","Wisconsin","motor_vehicle_theft","Jan - Mar 2026",71,58,-18.3098591549296,10,8,13,30,62.5,68631,1,"2026-05-18 11:01:22 EDT"
"Eau Claire","Wisconsin","murder","Jan - Mar 2026",2,2,0,0,1,0,NA,-100,68631,1,"2026-05-18 11:01:22 EDT"
"Eau Claire","Wisconsin","property_crime","Jan - Mar 2026",1359,1318,-3.01692420897719,254,257,247,-2.75590551181102,-3.89105058365759,68631,1,"2026-05-18 11:01:22 EDT"
"Eau Claire","Wisconsin","rape","Jan - Mar 2026",42,35,-16.6666666666667,7,3,11,57.1428571428571,266.666666666667,68631,1,"2026-05-18 11:01:22 EDT"
"Eau Claire","Wisconsin","robbery","Jan - Mar 2026",7,9,28.5714285714286,3,2,4,33.3333333333333,100,68631,1,"2026-05-18 11:01:22 EDT"
"Eau Claire","Wisconsin","theft","Jan - Mar 2026",1107,1144,3.3423667570009,198,226,218,10.1010101010101,-3.53982300884956,68631,1,"2026-05-18 11:01:22 EDT"
"Eau Claire","Wisconsin","violent_crime","Jan - Mar 2026",117,124,5.98290598290598,26,11,27,3.84615384615385,145.454545454545,68631,1,"2026-05-18 11:01:22 EDT"
"Eden Prairie","Minnesota","aggravated_assault","Jan - Mar 2026",21,24,14.2857142857143,4,8,9,125,12.5,61511,1,"2026-05-18 11:01:22 EDT"
"Eden Prairie","Minnesota","burglary","Jan - Mar 2026",43,57,32.5581395348837,8,13,9,12.5,-30.7692307692308,61511,1,"2026-05-18 11:01:22 EDT"
"Eden Prairie","Minnesota","motor_vehicle_theft","Jan - Mar 2026",29,19,-34.4827586206897,6,5,5,-16.6666666666667,0,61511,1,"2026-05-18 11:01:22 EDT"
"Eden Prairie","Minnesota","murder","Jan - Mar 2026",1,0,-100,0,0,0,NA,NA,61511,1,"2026-05-18 11:01:22 EDT"
"Eden Prairie","Minnesota","property_crime","Jan - Mar 2026",793,682,-13.9974779319042,181,138,153,-15.4696132596685,10.8695652173913,61511,1,"2026-05-18 11:01:22 EDT"
"Eden Prairie","Minnesota","rape","Jan - Mar 2026",18,7,-61.1111111111111,4,2,2,-50,0,61511,1,"2026-05-18 11:01:22 EDT"
"Eden Prairie","Minnesota","robbery","Jan - Mar 2026",5,3,-40,3,1,0,-100,-100,61511,1,"2026-05-18 11:01:22 EDT"
"Eden Prairie","Minnesota","theft","Jan - Mar 2026",721,606,-15.9500693481276,167,120,139,-16.7664670658683,15.8333333333333,61511,1,"2026-05-18 11:01:22 EDT"
"Eden Prairie","Minnesota","violent_crime","Jan - Mar 2026",45,34,-24.4444444444444,11,11,11,0,0,61511,1,"2026-05-18 11:01:22 EDT"
"Edina","Minnesota","aggravated_assault","Jan - Mar 2026",30,13,-56.6666666666667,6,0,3,-50,Inf,53347,1,"2026-05-18 11:01:22 EDT"
"Edina","Minnesota","burglary","Jan - Mar 2026",129,104,-19.3798449612403,29,23,18,-37.9310344827586,-21.7391304347826,53347,1,"2026-05-18 11:01:22 EDT"
"Edina","Minnesota","motor_vehicle_theft","Jan - Mar 2026",96,66,-31.25,20,13,13,-35,0,53347,1,"2026-05-18 11:01:22 EDT"
"Edina","Minnesota","murder","Jan - Mar 2026",0,1,Inf,0,0,0,NA,NA,53347,1,"2026-05-18 11:01:22 EDT"
"Edina","Minnesota","property_crime","Jan - Mar 2026",839,748,-10.8462455303933,192,165,164,-14.5833333333333,-0.606060606060606,53347,1,"2026-05-18 11:01:22 EDT"
"Edina","Minnesota","rape","Jan - Mar 2026",4,9,125,0,0,1,Inf,Inf,53347,1,"2026-05-18 11:01:22 EDT"
"Edina","Minnesota","robbery","Jan - Mar 2026",5,5,0,3,1,1,-66.6666666666667,0,53347,1,"2026-05-18 11:01:22 EDT"
"Edina","Minnesota","theft","Jan - Mar 2026",614,578,-5.86319218241042,143,129,133,-6.99300699300699,3.10077519379845,53347,1,"2026-05-18 11:01:22 EDT"
"Edina","Minnesota","violent_crime","Jan - Mar 2026",39,28,-28.2051282051282,9,1,5,-44.4444444444444,400,53347,1,"2026-05-18 11:01:22 EDT"
"Edinburg","Texas","aggravated_assault","Jan - Mar 2026",177,148,-16.3841807909604,55,35,22,-60,-37.1428571428571,107552,1,"2026-05-18 11:01:22 EDT"
"Edinburg","Texas","burglary","Jan - Mar 2026",137,132,-3.64963503649635,26,29,34,30.7692307692308,17.2413793103448,107552,1,"2026-05-18 11:01:22 EDT"
"Edinburg","Texas","motor_vehicle_theft","Jan - Mar 2026",176,137,-22.1590909090909,39,46,37,-5.12820512820513,-19.5652173913043,107552,1,"2026-05-18 11:01:22 EDT"
"Edinburg","Texas","murder","Jan - Mar 2026",2,0,-100,1,0,0,-100,NA,107552,1,"2026-05-18 11:01:22 EDT"
"Edinburg","Texas","property_crime","Jan - Mar 2026",1897,1639,-13.6004217185029,458,439,359,-21.6157205240175,-18.2232346241458,107552,1,"2026-05-18 11:01:22 EDT"
"Edinburg","Texas","rape","Jan - Mar 2026",93,67,-27.9569892473118,29,18,16,-44.8275862068966,-11.1111111111111,107552,1,"2026-05-18 11:01:22 EDT"
"Edinburg","Texas","robbery","Jan - Mar 2026",24,20,-16.6666666666667,11,4,6,-45.4545454545455,50,107552,1,"2026-05-18 11:01:22 EDT"
"Edinburg","Texas","theft","Jan - Mar 2026",1584,1370,-13.510101010101,393,364,288,-26.7175572519084,-20.8791208791209,107552,1,"2026-05-18 11:01:22 EDT"
"Edinburg","Texas","violent_crime","Jan - Mar 2026",296,235,-20.6081081081081,96,57,44,-54.1666666666667,-22.8070175438596,107552,1,"2026-05-18 11:01:22 EDT"
"Edmond","Oklahoma","aggravated_assault","Jan - Mar 2026",118,98,-16.9491525423729,29,20,13,-55.1724137931034,-35,99249,1,"2026-05-18 11:01:22 EDT"
"Edmond","Oklahoma","burglary","Jan - Mar 2026",202,110,-45.5445544554455,23,25,70,204.347826086957,180,99249,1,"2026-05-18 11:01:22 EDT"
"Edmond","Oklahoma","motor_vehicle_theft","Jan - Mar 2026",59,46,-22.0338983050847,16,9,12,-25,33.3333333333333,99249,1,"2026-05-18 11:01:22 EDT"
"Edmond","Oklahoma","murder","Jan - Mar 2026",2,3,50,0,1,0,NA,-100,99249,1,"2026-05-18 11:01:22 EDT"
"Edmond","Oklahoma","property_crime","Jan - Mar 2026",1331,1112,-16.4537941397446,278,258,305,9.71223021582734,18.2170542635659,99249,1,"2026-05-18 11:01:22 EDT"
"Edmond","Oklahoma","rape","Jan - Mar 2026",37,25,-32.4324324324324,7,4,5,-28.5714285714286,25,99249,1,"2026-05-18 11:01:22 EDT"
"Edmond","Oklahoma","robbery","Jan - Mar 2026",10,12,20,2,3,1,-50,-66.6666666666667,99249,1,"2026-05-18 11:01:22 EDT"
"Edmond","Oklahoma","theft","Jan - Mar 2026",1070,956,-10.6542056074766,239,224,223,-6.69456066945607,-0.446428571428571,99249,1,"2026-05-18 11:01:22 EDT"
"Edmond","Oklahoma","violent_crime","Jan - Mar 2026",167,138,-17.3652694610778,38,28,19,-50,-32.1428571428571,99249,1,"2026-05-18 11:01:22 EDT"
"El Cajon","California","aggravated_assault","Jan - Mar 2026",306,401,31.0457516339869,66,106,105,59.0909090909091,-0.943396226415094,101983,1,"2026-05-18 11:01:22 EDT"
"El Cajon","California","burglary","Jan - Mar 2026",152,121,-20.3947368421053,47,28,40,-14.8936170212766,42.8571428571429,101983,1,"2026-05-18 11:01:22 EDT"
"El Cajon","California","motor_vehicle_theft","Jan - Mar 2026",267,227,-14.9812734082397,74,60,63,-14.8648648648649,5,101983,1,"2026-05-18 11:01:22 EDT"
"El Cajon","California","murder","Jan - Mar 2026",2,6,200,0,1,0,NA,-100,101983,1,"2026-05-18 11:01:22 EDT"
"El Cajon","California","property_crime","Jan - Mar 2026",1679,1296,-22.8111971411554,465,299,416,-10.5376344086022,39.1304347826087,101983,1,"2026-05-18 11:01:22 EDT"
"El Cajon","California","rape","Jan - Mar 2026",49,47,-4.08163265306122,14,8,8,-42.8571428571429,0,101983,1,"2026-05-18 11:01:22 EDT"
"El Cajon","California","robbery","Jan - Mar 2026",109,72,-33.9449541284404,25,21,22,-12,4.76190476190476,101983,1,"2026-05-18 11:01:22 EDT"
"El Cajon","California","theft","Jan - Mar 2026",1260,948,-24.7619047619048,344,211,313,-9.01162790697674,48.3412322274881,101983,1,"2026-05-18 11:01:22 EDT"
"El Cajon","California","violent_crime","Jan - Mar 2026",466,526,12.8755364806867,105,136,135,28.5714285714286,-0.735294117647059,101983,1,"2026-05-18 11:01:22 EDT"
"El Dorado County","California","aggravated_assault","Jan - Mar 2026",210,211,0.476190476190476,31,55,38,22.5806451612903,-30.9090909090909,164075,1,"2026-05-18 11:01:22 EDT"
"El Dorado County","California","burglary","Jan - Mar 2026",124,121,-2.41935483870968,43,31,29,-32.5581395348837,-6.45161290322581,164075,1,"2026-05-18 11:01:22 EDT"
"El Dorado County","California","motor_vehicle_theft","Jan - Mar 2026",24,24,0,6,8,6,0,-25,164075,1,"2026-05-18 11:01:22 EDT"
"El Dorado County","California","murder","Jan - Mar 2026",0,2,Inf,0,0,2,Inf,Inf,164075,1,"2026-05-18 11:01:22 EDT"
"El Dorado County","California","property_crime","Jan - Mar 2026",808,758,-6.18811881188119,219,156,163,-25.5707762557078,4.48717948717949,164075,1,"2026-05-18 11:01:22 EDT"
"El Dorado County","California","rape","Jan - Mar 2026",60,50,-16.6666666666667,21,15,7,-66.6666666666667,-53.3333333333333,164075,1,"2026-05-18 11:01:22 EDT"
"El Dorado County","California","robbery","Jan - Mar 2026",20,12,-40,6,6,5,-16.6666666666667,-16.6666666666667,164075,1,"2026-05-18 11:01:22 EDT"
"El Dorado County","California","theft","Jan - Mar 2026",660,613,-7.12121212121212,170,117,128,-24.7058823529412,9.4017094017094,164075,1,"2026-05-18 11:01:22 EDT"
"El Dorado County","California","violent_crime","Jan - Mar 2026",290,275,-5.17241379310345,58,76,52,-10.3448275862069,-31.5789473684211,164075,1,"2026-05-18 11:01:22 EDT"
"El Monte","California","aggravated_assault","Jan - Mar 2026",228,246,7.89473684210526,55,64,61,10.9090909090909,-4.6875,102088,1,"2026-05-18 11:01:22 EDT"
"El Monte","California","burglary","Jan - Mar 2026",396,336,-15.1515151515152,108,94,61,-43.5185185185185,-35.1063829787234,102088,1,"2026-05-18 11:01:22 EDT"
"El Monte","California","motor_vehicle_theft","Jan - Mar 2026",488,344,-29.5081967213115,115,99,79,-31.304347826087,-20.2020202020202,102088,1,"2026-05-18 11:01:22 EDT"
"El Monte","California","murder","Jan - Mar 2026",6,2,-66.6666666666667,0,0,0,NA,NA,102088,1,"2026-05-18 11:01:22 EDT"
"El Monte","California","property_crime","Jan - Mar 2026",2096,2000,-4.58015267175572,500,466,481,-3.8,3.21888412017167,102088,1,"2026-05-18 11:01:22 EDT"
"El Monte","California","rape","Jan - Mar 2026",32,25,-21.875,7,7,5,-28.5714285714286,-28.5714285714286,102088,1,"2026-05-18 11:01:22 EDT"
"El Monte","California","robbery","Jan - Mar 2026",166,152,-8.43373493975904,37,32,31,-16.2162162162162,-3.125,102088,1,"2026-05-18 11:01:22 EDT"
"El Monte","California","theft","Jan - Mar 2026",1212,1320,8.91089108910891,277,273,341,23.1046931407942,24.9084249084249,102088,1,"2026-05-18 11:01:22 EDT"
"El Monte","California","violent_crime","Jan - Mar 2026",432,425,-1.62037037037037,99,103,97,-2.02020202020202,-5.8252427184466,102088,1,"2026-05-18 11:01:22 EDT"
"El Paso","Texas","aggravated_assault","Jan - Mar 2026",1625,1462,-10.0307692307692,316,367,316,0,-13.8964577656676,678860,1,"2026-05-18 11:01:22 EDT"
"El Paso","Texas","burglary","Jan - Mar 2026",958,767,-19.937369519833,216,196,163,-24.537037037037,-16.8367346938775,678860,1,"2026-05-18 11:01:22 EDT"
"El Paso","Texas","motor_vehicle_theft","Jan - Mar 2026",1914,1801,-5.90386624869384,509,570,268,-47.3477406679764,-52.9824561403509,678860,1,"2026-05-18 11:01:22 EDT"
"El Paso","Texas","murder","Jan - Mar 2026",20,26,30,6,7,3,-50,-57.1428571428571,678860,1,"2026-05-18 11:01:22 EDT"
"El Paso","Texas","property_crime","Jan - Mar 2026",10167,9060,-10.8881676010623,2543,2430,1969,-22.5717656311443,-18.9711934156379,678860,1,"2026-05-18 11:01:22 EDT"
"El Paso","Texas","rape","Jan - Mar 2026",265,247,-6.79245283018868,51,58,76,49.0196078431373,31.0344827586207,678860,1,"2026-05-18 11:01:22 EDT"
"El Paso","Texas","robbery","Jan - Mar 2026",254,225,-11.4173228346457,57,68,42,-26.3157894736842,-38.2352941176471,678860,1,"2026-05-18 11:01:22 EDT"
"El Paso","Texas","theft","Jan - Mar 2026",7295,6492,-11.0075394105552,1818,1664,1538,-15.4015401540154,-7.57211538461538,678860,1,"2026-05-18 11:01:22 EDT"
"El Paso","Texas","violent_crime","Jan - Mar 2026",2164,1960,-9.42698706099815,430,500,437,1.62790697674419,-12.6,678860,1,"2026-05-18 11:01:22 EDT"
"El Paso County","Colorado","aggravated_assault","Jan - Mar 2026",445,520,16.8539325842697,114,136,117,2.63157894736842,-13.9705882352941,213641,1,"2026-05-18 11:01:22 EDT"
"El Paso County","Colorado","burglary","Jan - Mar 2026",433,334,-22.8637413394919,92,98,46,-50,-53.0612244897959,213641,1,"2026-05-18 11:01:22 EDT"
"El Paso County","Colorado","motor_vehicle_theft","Jan - Mar 2026",442,230,-47.9638009049774,103,75,35,-66.0194174757282,-53.3333333333333,213641,1,"2026-05-18 11:01:22 EDT"
"El Paso County","Colorado","murder","Jan - Mar 2026",8,13,62.5,2,6,0,-100,-100,213641,1,"2026-05-18 11:01:22 EDT"
"El Paso County","Colorado","property_crime","Jan - Mar 2026",2912,2045,-29.7733516483516,715,550,319,-55.3846153846154,-42,213641,1,"2026-05-18 11:01:22 EDT"
"El Paso County","Colorado","rape","Jan - Mar 2026",111,117,5.40540540540541,34,38,33,-2.94117647058824,-13.1578947368421,213641,1,"2026-05-18 11:01:22 EDT"
"El Paso County","Colorado","robbery","Jan - Mar 2026",40,26,-35,9,6,2,-77.7777777777778,-66.6666666666667,213641,1,"2026-05-18 11:01:22 EDT"
"El Paso County","Colorado","theft","Jan - Mar 2026",2037,1481,-27.2950417280314,520,377,238,-54.2307692307692,-36.8700265251989,213641,1,"2026-05-18 11:01:22 EDT"
"El Paso County","Colorado","violent_crime","Jan - Mar 2026",604,676,11.9205298013245,159,186,152,-4.40251572327044,-18.2795698924731,213641,1,"2026-05-18 11:01:22 EDT"
"El Paso County","Texas","aggravated_assault","Jan - Mar 2026",267,221,-17.2284644194757,47,53,52,10.6382978723404,-1.88679245283019,122484,1,"2026-05-18 11:01:22 EDT"
"El Paso County","Texas","burglary","Jan - Mar 2026",150,140,-6.66666666666667,27,34,36,33.3333333333333,5.88235294117647,122484,1,"2026-05-18 11:01:22 EDT"
"El Paso County","Texas","motor_vehicle_theft","Jan - Mar 2026",163,171,4.9079754601227,39,53,54,38.4615384615385,1.88679245283019,122484,1,"2026-05-18 11:01:22 EDT"
"El Paso County","Texas","murder","Jan - Mar 2026",7,9,28.5714285714286,4,3,2,-50,-33.3333333333333,122484,1,"2026-05-18 11:01:22 EDT"
"El Paso County","Texas","property_crime","Jan - Mar 2026",956,896,-6.27615062761506,193,260,202,4.66321243523316,-22.3076923076923,122484,1,"2026-05-18 11:01:22 EDT"
"El Paso County","Texas","rape","Jan - Mar 2026",32,46,43.75,10,10,18,80,80,122484,1,"2026-05-18 11:01:22 EDT"
"El Paso County","Texas","robbery","Jan - Mar 2026",22,25,13.6363636363636,8,5,6,-25,20,122484,1,"2026-05-18 11:01:22 EDT"
"El Paso County","Texas","theft","Jan - Mar 2026",643,585,-9.02021772939347,127,173,112,-11.8110236220472,-35.2601156069364,122484,1,"2026-05-18 11:01:22 EDT"
"El Paso County","Texas","violent_crime","Jan - Mar 2026",328,301,-8.23170731707317,69,71,78,13.0434782608696,9.85915492957746,122484,1,"2026-05-18 11:01:22 EDT"
"Elizabeth","New Jersey","aggravated_assault","Jan - Mar 2026",362,337,-6.9060773480663,66,65,97,46.969696969697,49.2307692307692,138500,1,"2026-05-18 11:01:22 EDT"
"Elizabeth","New Jersey","burglary","Jan - Mar 2026",205,157,-23.4146341463415,61,33,28,-54.0983606557377,-15.1515151515152,138500,1,"2026-05-18 11:01:22 EDT"
"Elizabeth","New Jersey","motor_vehicle_theft","Jan - Mar 2026",833,674,-19.0876350540216,188,194,110,-41.4893617021277,-43.298969072165,138500,1,"2026-05-18 11:01:22 EDT"
"Elizabeth","New Jersey","murder","Jan - Mar 2026",5,1,-80,0,1,1,Inf,0,138500,1,"2026-05-18 11:01:22 EDT"
"Elizabeth","New Jersey","property_crime","Jan - Mar 2026",3681,3399,-7.66096169519152,865,820,649,-24.971098265896,-20.8536585365854,138500,1,"2026-05-18 11:01:22 EDT"
"Elizabeth","New Jersey","rape","Jan - Mar 2026",44,38,-13.6363636363636,10,8,4,-60,-50,138500,1,"2026-05-18 11:01:22 EDT"
"Elizabeth","New Jersey","robbery","Jan - Mar 2026",156,109,-30.1282051282051,38,26,19,-50,-26.9230769230769,138500,1,"2026-05-18 11:01:22 EDT"
"Elizabeth","New Jersey","theft","Jan - Mar 2026",2643,2568,-2.83768444948922,616,593,511,-17.0454545454545,-13.8279932546374,138500,1,"2026-05-18 11:01:22 EDT"
"Elizabeth","New Jersey","violent_crime","Jan - Mar 2026",567,485,-14.4620811287478,114,100,121,6.14035087719298,21,138500,1,"2026-05-18 11:01:22 EDT"
"Elk Grove","California","aggravated_assault","Jan - Mar 2026",213,173,-18.7793427230047,44,28,42,-4.54545454545455,50,179074,1,"2026-05-18 11:01:22 EDT"
"Elk Grove","California","burglary","Jan - Mar 2026",205,187,-8.78048780487805,44,54,55,25,1.85185185185185,179074,1,"2026-05-18 11:01:22 EDT"
"Elk Grove","California","motor_vehicle_theft","Jan - Mar 2026",226,138,-38.9380530973451,65,40,36,-44.6153846153846,-10,179074,1,"2026-05-18 11:01:22 EDT"
"Elk Grove","California","murder","Jan - Mar 2026",3,8,166.666666666667,0,1,0,NA,-100,179074,1,"2026-05-18 11:01:22 EDT"
"Elk Grove","California","property_crime","Jan - Mar 2026",2246,2216,-1.33570792520036,472,503,526,11.4406779661017,4.57256461232604,179074,1,"2026-05-18 11:01:22 EDT"
"Elk Grove","California","rape","Jan - Mar 2026",36,29,-19.4444444444444,7,8,7,0,-12.5,179074,1,"2026-05-18 11:01:22 EDT"
"Elk Grove","California","robbery","Jan - Mar 2026",90,88,-2.22222222222222,20,16,22,10,37.5,179074,1,"2026-05-18 11:01:22 EDT"
"Elk Grove","California","theft","Jan - Mar 2026",1815,1891,4.18732782369146,363,409,435,19.8347107438017,6.35696821515892,179074,1,"2026-05-18 11:01:22 EDT"
"Elk Grove","California","violent_crime","Jan - Mar 2026",342,298,-12.8654970760234,71,53,71,0,33.9622641509434,179074,1,"2026-05-18 11:01:22 EDT"
"Elyria","Ohio","aggravated_assault","Jan - Mar 2026",118,61,-48.3050847457627,32,19,14,-56.25,-26.3157894736842,53263,1,"2026-05-18 11:01:22 EDT"
"Elyria","Ohio","burglary","Jan - Mar 2026",110,101,-8.18181818181818,23,23,14,-39.1304347826087,-39.1304347826087,53263,1,"2026-05-18 11:01:22 EDT"
"Elyria","Ohio","motor_vehicle_theft","Jan - Mar 2026",49,71,44.8979591836735,21,17,8,-61.9047619047619,-52.9411764705882,53263,1,"2026-05-18 11:01:22 EDT"
"Elyria","Ohio","murder","Jan - Mar 2026",2,1,-50,2,1,1,-50,0,53263,1,"2026-05-18 11:01:22 EDT"
"Elyria","Ohio","property_crime","Jan - Mar 2026",798,726,-9.02255639097744,179,191,130,-27.3743016759777,-31.9371727748691,53263,1,"2026-05-18 11:01:22 EDT"
"Elyria","Ohio","rape","Jan - Mar 2026",25,25,0,2,7,8,300,14.2857142857143,53263,1,"2026-05-18 11:01:22 EDT"
"Elyria","Ohio","robbery","Jan - Mar 2026",15,13,-13.3333333333333,2,2,5,150,150,53263,1,"2026-05-18 11:01:22 EDT"
"Elyria","Ohio","theft","Jan - Mar 2026",639,554,-13.302034428795,135,151,108,-20,-28.476821192053,53263,1,"2026-05-18 11:01:22 EDT"
"Elyria","Ohio","violent_crime","Jan - Mar 2026",160,100,-37.5,38,29,28,-26.3157894736842,-3.44827586206897,53263,1,"2026-05-18 11:01:22 EDT"
"Enid","Oklahoma","aggravated_assault","Jan - Mar 2026",203,205,0.985221674876847,43,36,32,-25.5813953488372,-11.1111111111111,50382,1,"2026-05-18 11:01:22 EDT"
"Enid","Oklahoma","burglary","Jan - Mar 2026",318,300,-5.66037735849057,69,72,70,1.44927536231884,-2.77777777777778,50382,1,"2026-05-18 11:01:22 EDT"
"Enid","Oklahoma","motor_vehicle_theft","Jan - Mar 2026",77,62,-19.4805194805195,10,18,13,30,-27.7777777777778,50382,1,"2026-05-18 11:01:22 EDT"
"Enid","Oklahoma","murder","Jan - Mar 2026",0,2,Inf,0,0,1,Inf,Inf,50382,1,"2026-05-18 11:01:22 EDT"
"Enid","Oklahoma","property_crime","Jan - Mar 2026",1201,1085,-9.6586178184846,272,250,278,2.20588235294118,11.2,50382,1,"2026-05-18 11:01:22 EDT"
"Enid","Oklahoma","rape","Jan - Mar 2026",52,69,32.6923076923077,10,15,7,-30,-53.3333333333333,50382,1,"2026-05-18 11:01:22 EDT"
"Enid","Oklahoma","robbery","Jan - Mar 2026",16,12,-25,4,7,1,-75,-85.7142857142857,50382,1,"2026-05-18 11:01:22 EDT"
"Enid","Oklahoma","theft","Jan - Mar 2026",806,723,-10.2977667493797,193,160,195,1.03626943005181,21.875,50382,1,"2026-05-18 11:01:22 EDT"
"Enid","Oklahoma","violent_crime","Jan - Mar 2026",271,288,6.27306273062731,57,58,41,-28.0701754385965,-29.3103448275862,50382,1,"2026-05-18 11:01:22 EDT"
"Erie","Pennsylvania","aggravated_assault","Jan - Mar 2026",242,205,-15.2892561983471,51,41,59,15.6862745098039,43.9024390243902,92379,1,"2026-05-18 11:01:22 EDT"
"Erie","Pennsylvania","burglary","Jan - Mar 2026",182,159,-12.6373626373626,49,28,33,-32.6530612244898,17.8571428571429,92379,1,"2026-05-18 11:01:22 EDT"
"Erie","Pennsylvania","motor_vehicle_theft","Jan - Mar 2026",108,106,-1.85185185185185,21,25,7,-66.6666666666667,-72,92379,1,"2026-05-18 11:01:22 EDT"
"Erie","Pennsylvania","murder","Jan - Mar 2026",5,4,-20,0,2,0,NA,-100,92379,1,"2026-05-18 11:01:22 EDT"
"Erie","Pennsylvania","property_crime","Jan - Mar 2026",1818,1866,2.64026402640264,383,374,269,-29.7650130548303,-28.0748663101604,92379,1,"2026-05-18 11:01:22 EDT"
"Erie","Pennsylvania","rape","Jan - Mar 2026",38,40,5.26315789473684,8,11,10,25,-9.09090909090909,92379,1,"2026-05-18 11:01:22 EDT"
"Erie","Pennsylvania","robbery","Jan - Mar 2026",62,41,-33.8709677419355,13,13,11,-15.3846153846154,-15.3846153846154,92379,1,"2026-05-18 11:01:22 EDT"
"Erie","Pennsylvania","theft","Jan - Mar 2026",1528,1601,4.77748691099476,313,321,229,-26.8370607028754,-28.6604361370716,92379,1,"2026-05-18 11:01:22 EDT"
"Erie","Pennsylvania","violent_crime","Jan - Mar 2026",347,290,-16.4265129682997,72,67,80,11.1111111111111,19.4029850746269,92379,1,"2026-05-18 11:01:22 EDT"
"Escondido","California","aggravated_assault","Jan - Mar 2026",448,388,-13.3928571428571,121,100,71,-41.3223140495868,-29,147170,1,"2026-05-18 11:01:22 EDT"
"Escondido","California","burglary","Jan - Mar 2026",288,220,-23.6111111111111,68,69,34,-50,-50.7246376811594,147170,1,"2026-05-18 11:01:22 EDT"
"Escondido","California","motor_vehicle_theft","Jan - Mar 2026",289,215,-25.6055363321799,69,87,42,-39.1304347826087,-51.7241379310345,147170,1,"2026-05-18 11:01:22 EDT"
"Escondido","California","murder","Jan - Mar 2026",2,3,50,0,1,0,NA,-100,147170,1,"2026-05-18 11:01:22 EDT"
"Escondido","California","property_crime","Jan - Mar 2026",2373,2100,-11.5044247787611,528,546,461,-12.6893939393939,-15.5677655677656,147170,1,"2026-05-18 11:01:22 EDT"
"Escondido","California","rape","Jan - Mar 2026",43,47,9.30232558139535,10,11,13,30,18.1818181818182,147170,1,"2026-05-18 11:01:22 EDT"
"Escondido","California","robbery","Jan - Mar 2026",165,106,-35.7575757575758,33,29,23,-30.3030303030303,-20.6896551724138,147170,1,"2026-05-18 11:01:22 EDT"
"Escondido","California","theft","Jan - Mar 2026",1796,1665,-7.29398663697105,391,390,385,-1.53452685421995,-1.28205128205128,147170,1,"2026-05-18 11:01:22 EDT"
"Escondido","California","violent_crime","Jan - Mar 2026",658,544,-17.3252279635258,164,141,107,-34.7560975609756,-24.113475177305,147170,1,"2026-05-18 11:01:22 EDT"
"Euclid","Ohio","aggravated_assault","Jan - Feb 2026",58,18,-68.9655172413793,7,2,5,-28.5714285714286,150,48176,1,"2026-05-18 11:01:22 EDT"
"Euclid","Ohio","burglary","Jan - Feb 2026",52,65,25,5,6,7,40,16.6666666666667,48176,1,"2026-05-18 11:01:22 EDT"
"Euclid","Ohio","motor_vehicle_theft","Jan - Feb 2026",207,186,-10.1449275362319,45,21,22,-51.1111111111111,4.76190476190476,48176,1,"2026-05-18 11:01:22 EDT"
"Euclid","Ohio","murder","Jan - Feb 2026",7,1,-85.7142857142857,1,0,0,-100,NA,48176,1,"2026-05-18 11:01:22 EDT"
"Euclid","Ohio","property_crime","Jan - Feb 2026",0,0,NA,0,0,0,NA,NA,48176,1,"2026-05-18 11:01:22 EDT"
"Euclid","Ohio","rape","Jan - Feb 2026",20,16,-20,6,1,3,-50,200,48176,1,"2026-05-18 11:01:22 EDT"
"Euclid","Ohio","robbery","Jan - Feb 2026",38,22,-42.1052631578947,9,4,4,-55.5555555555556,0,48176,1,"2026-05-18 11:01:22 EDT"
"Euclid","Ohio","theft","Jan - Feb 2026",460,450,-2.17391304347826,95,61,60,-36.8421052631579,-1.63934426229508,48176,1,"2026-05-18 11:01:22 EDT"
"Euclid","Ohio","violent_crime","Jan - Feb 2026",0,0,NA,0,0,0,NA,NA,48176,1,"2026-05-18 11:01:22 EDT"
"Eugene","Oregon","aggravated_assault","Jan - Mar 2026",330,375,13.6363636363636,67,78,84,25.3731343283582,7.69230769230769,178057,1,"2026-05-18 11:01:22 EDT"
"Eugene","Oregon","burglary","Jan - Mar 2026",853,609,-28.6049237983587,176,169,147,-16.4772727272727,-13.0177514792899,178057,1,"2026-05-18 11:01:22 EDT"
"Eugene","Oregon","motor_vehicle_theft","Jan - Mar 2026",590,391,-33.728813559322,140,127,55,-60.7142857142857,-56.6929133858268,178057,1,"2026-05-18 11:01:22 EDT"
"Eugene","Oregon","murder","Jan - Mar 2026",2,2,0,0,2,0,NA,-100,178057,1,"2026-05-18 11:01:22 EDT"
"Eugene","Oregon","property_crime","Jan - Mar 2026",5861,5038,-14.0419723596656,1236,1384,909,-26.4563106796117,-34.3208092485549,178057,1,"2026-05-18 11:01:22 EDT"
"Eugene","Oregon","rape","Jan - Mar 2026",83,106,27.710843373494,26,34,15,-42.3076923076923,-55.8823529411765,178057,1,"2026-05-18 11:01:22 EDT"
"Eugene","Oregon","robbery","Jan - Mar 2026",127,128,0.78740157480315,28,27,26,-7.14285714285714,-3.7037037037037,178057,1,"2026-05-18 11:01:22 EDT"
"Eugene","Oregon","theft","Jan - Mar 2026",4418,4038,-8.60117700316885,920,1088,707,-23.1521739130435,-35.0183823529412,178057,1,"2026-05-18 11:01:22 EDT"
"Eugene","Oregon","violent_crime","Jan - Mar 2026",542,611,12.7306273062731,121,141,125,3.30578512396694,-11.3475177304965,178057,1,"2026-05-18 11:01:22 EDT"
"Euless","Texas","aggravated_assault","Jan - Mar 2026",62,51,-17.741935483871,15,13,10,-33.3333333333333,-23.0769230769231,59230,1,"2026-05-18 11:01:22 EDT"
"Euless","Texas","burglary","Jan - Mar 2026",108,76,-29.6296296296296,30,17,10,-66.6666666666667,-41.1764705882353,59230,1,"2026-05-18 11:01:22 EDT"
"Euless","Texas","motor_vehicle_theft","Jan - Mar 2026",149,86,-42.2818791946309,52,21,11,-78.8461538461538,-47.6190476190476,59230,1,"2026-05-18 11:01:22 EDT"
"Euless","Texas","murder","Jan - Mar 2026",1,1,0,0,0,0,NA,NA,59230,1,"2026-05-18 11:01:22 EDT"
"Euless","Texas","property_crime","Jan - Mar 2026",1246,1045,-16.131621187801,327,238,223,-31.8042813455657,-6.30252100840336,59230,1,"2026-05-18 11:01:22 EDT"
"Euless","Texas","rape","Jan - Mar 2026",21,31,47.6190476190476,3,3,7,133.333333333333,133.333333333333,59230,1,"2026-05-18 11:01:22 EDT"
"Euless","Texas","robbery","Jan - Mar 2026",27,12,-55.5555555555556,6,2,2,-66.6666666666667,0,59230,1,"2026-05-18 11:01:22 EDT"
"Euless","Texas","theft","Jan - Mar 2026",989,883,-10.7178968655207,245,200,202,-17.5510204081633,1,59230,1,"2026-05-18 11:01:22 EDT"
"Euless","Texas","violent_crime","Jan - Mar 2026",111,95,-14.4144144144144,24,18,19,-20.8333333333333,5.55555555555556,59230,1,"2026-05-18 11:01:22 EDT"
"Evanston","Illinois","aggravated_assault","Jan - Mar 2026",41,46,12.1951219512195,3,4,12,300,200,74178,1,"2026-05-18 11:01:22 EDT"
"Evanston","Illinois","burglary","Jan - Mar 2026",335,269,-19.7014925373134,85,38,46,-45.8823529411765,21.0526315789474,74178,1,"2026-05-18 11:01:22 EDT"
"Evanston","Illinois","motor_vehicle_theft","Jan - Mar 2026",177,138,-22.0338983050847,65,30,23,-64.6153846153846,-23.3333333333333,74178,1,"2026-05-18 11:01:22 EDT"
"Evanston","Illinois","murder","Jan - Mar 2026",0,0,NA,0,0,0,NA,NA,74178,1,"2026-05-18 11:01:22 EDT"
"Evanston","Illinois","property_crime","Jan - Mar 2026",2042,1804,-11.6552399608227,457,453,289,-36.7614879649891,-36.2030905077263,74178,1,"2026-05-18 11:01:22 EDT"
"Evanston","Illinois","rape","Jan - Mar 2026",25,22,-12,8,8,5,-37.5,-37.5,74178,1,"2026-05-18 11:01:22 EDT"
"Evanston","Illinois","robbery","Jan - Mar 2026",41,18,-56.0975609756098,5,3,4,-20,33.3333333333333,74178,1,"2026-05-18 11:01:22 EDT"
"Evanston","Illinois","theft","Jan - Mar 2026",1530,1397,-8.69281045751634,307,385,220,-28.3387622149837,-42.8571428571429,74178,1,"2026-05-18 11:01:22 EDT"
"Evanston","Illinois","violent_crime","Jan - Mar 2026",107,86,-19.6261682242991,16,15,21,31.25,40,74178,1,"2026-05-18 11:01:22 EDT"
"Evansville","Indiana","aggravated_assault","Jan - Feb 2026",1213,1094,-9.81038746908491,139,147,140,0.719424460431655,-4.76190476190476,114660,1,"2026-05-18 11:01:22 EDT"
"Evansville","Indiana","burglary","Jan - Feb 2026",591,436,-26.2267343485618,97,73,52,-46.3917525773196,-28.7671232876712,114660,1,"2026-05-18 11:01:22 EDT"
"Evansville","Indiana","motor_vehicle_theft","Jan - Feb 2026",398,283,-28.894472361809,54,34,35,-35.1851851851852,2.94117647058824,114660,1,"2026-05-18 11:01:22 EDT"
"Evansville","Indiana","murder","Jan - Feb 2026",12,7,-41.6666666666667,3,1,0,-100,-100,114660,1,"2026-05-18 11:01:22 EDT"
"Evansville","Indiana","property_crime","Jan - Feb 2026",0,0,NA,0,0,0,NA,NA,114660,1,"2026-05-18 11:01:22 EDT"
"Evansville","Indiana","rape","Jan - Feb 2026",106,107,0.943396226415094,17,21,13,-23.5294117647059,-38.0952380952381,114660,1,"2026-05-18 11:01:22 EDT"
"Evansville","Indiana","robbery","Jan - Feb 2026",65,70,7.69230769230769,9,9,4,-55.5555555555556,-55.5555555555556,114660,1,"2026-05-18 11:01:22 EDT"
"Evansville","Indiana","theft","Jan - Feb 2026",3241,2754,-15.0262264733107,481,428,357,-25.7796257796258,-16.588785046729,114660,1,"2026-05-18 11:01:22 EDT"
"Evansville","Indiana","violent_crime","Jan - Feb 2026",0,0,NA,0,0,0,NA,NA,114660,1,"2026-05-18 11:01:22 EDT"
"Everett","Massachusetts","aggravated_assault","Jan - Feb 2026",145,132,-8.96551724137931,19,21,9,-52.6315789473684,-57.1428571428571,51744,1,"2026-05-18 11:01:22 EDT"
"Everett","Massachusetts","burglary","Jan - Feb 2026",58,57,-1.72413793103448,10,8,9,-10,12.5,51744,1,"2026-05-18 11:01:22 EDT"
"Everett","Massachusetts","motor_vehicle_theft","Jan - Feb 2026",77,64,-16.8831168831169,15,11,11,-26.6666666666667,0,51744,1,"2026-05-18 11:01:22 EDT"
"Everett","Massachusetts","murder","Jan - Feb 2026",0,0,NA,0,0,0,NA,NA,51744,1,"2026-05-18 11:01:22 EDT"
"Everett","Massachusetts","property_crime","Jan - Feb 2026",0,0,NA,0,0,0,NA,NA,51744,1,"2026-05-18 11:01:22 EDT"
"Everett","Massachusetts","rape","Jan - Feb 2026",24,22,-8.33333333333333,3,6,1,-66.6666666666667,-83.3333333333333,51744,1,"2026-05-18 11:01:22 EDT"
"Everett","Massachusetts","robbery","Jan - Feb 2026",11,13,18.1818181818182,3,3,2,-33.3333333333333,-33.3333333333333,51744,1,"2026-05-18 11:01:22 EDT"
"Everett","Massachusetts","theft","Jan - Feb 2026",545,547,0.36697247706422,92,82,109,18.4782608695652,32.9268292682927,51744,1,"2026-05-18 11:01:22 EDT"
"Everett","Massachusetts","violent_crime","Jan - Feb 2026",0,0,NA,0,0,0,NA,NA,51744,1,"2026-05-18 11:01:22 EDT"
"Everett","Washington","aggravated_assault","Jan - Feb 2026",151,153,1.32450331125828,26,15,28,7.69230769230769,86.6666666666667,111276,1,"2026-05-18 11:01:22 EDT"
"Everett","Washington","burglary","Jan - Feb 2026",390,420,7.69230769230769,77,73,54,-29.8701298701299,-26.027397260274,111276,1,"2026-05-18 11:01:22 EDT"
"Everett","Washington","motor_vehicle_theft","Jan - Feb 2026",829,286,-65.5006031363088,214,52,24,-88.785046728972,-53.8461538461538,111276,1,"2026-05-18 11:01:22 EDT"
"Everett","Washington","murder","Jan - Feb 2026",5,3,-40,0,1,0,NA,-100,111276,1,"2026-05-18 11:01:22 EDT"
"Everett","Washington","property_crime","Jan - Feb 2026",0,0,NA,0,0,0,NA,NA,111276,1,"2026-05-18 11:01:22 EDT"
"Everett","Washington","rape","Jan - Feb 2026",18,18,0,3,3,1,-66.6666666666667,-66.6666666666667,111276,1,"2026-05-18 11:01:22 EDT"
"Everett","Washington","robbery","Jan - Feb 2026",71,54,-23.943661971831,8,12,9,12.5,-25,111276,1,"2026-05-18 11:01:22 EDT"
"Everett","Washington","theft","Jan - Feb 2026",2286,2027,-11.3298337707787,359,359,293,-18.3844011142061,-18.3844011142061,111276,1,"2026-05-18 11:01:22 EDT"
"Everett","Washington","violent_crime","Jan - Feb 2026",0,0,NA,0,0,0,NA,NA,111276,1,"2026-05-18 11:01:22 EDT"
"Fairfield","California","aggravated_assault","Jan - Mar 2026",415,430,3.6144578313253,96,67,90,-6.25,34.3283582089552,121082,1,"2026-05-18 11:01:22 EDT"
"Fairfield","California","burglary","Jan - Mar 2026",261,223,-14.5593869731801,73,59,47,-35.6164383561644,-20.3389830508475,121082,1,"2026-05-18 11:01:22 EDT"
"Fairfield","California","motor_vehicle_theft","Jan - Mar 2026",288,378,31.25,56,86,64,14.2857142857143,-25.5813953488372,121082,1,"2026-05-18 11:01:22 EDT"
"Fairfield","California","murder","Jan - Mar 2026",1,8,700,1,1,0,-100,-100,121082,1,"2026-05-18 11:01:22 EDT"
"Fairfield","California","property_crime","Jan - Mar 2026",2056,2153,4.71789883268483,501,476,455,-9.18163672654691,-4.41176470588235,121082,1,"2026-05-18 11:01:22 EDT"
"Fairfield","California","rape","Jan - Mar 2026",49,54,10.2040816326531,13,13,11,-15.3846153846154,-15.3846153846154,121082,1,"2026-05-18 11:01:22 EDT"
"Fairfield","California","robbery","Jan - Mar 2026",144,147,2.08333333333333,32,27,34,6.25,25.9259259259259,121082,1,"2026-05-18 11:01:22 EDT"
"Fairfield","California","theft","Jan - Mar 2026",1507,1552,2.98606502986065,372,331,344,-7.52688172043011,3.92749244712991,121082,1,"2026-05-18 11:01:22 EDT"
"Fairfield","California","violent_crime","Jan - Mar 2026",609,639,4.92610837438424,142,108,135,-4.92957746478873,25,121082,1,"2026-05-18 11:01:22 EDT"
"Fairfield","Connecticut","aggravated_assault","Jan - Mar 2026",10,1,-90,2,0,0,-100,NA,64098,1,"2026-05-18 11:01:22 EDT"
"Fairfield","Connecticut","burglary","Jan - Mar 2026",43,34,-20.9302325581395,11,9,2,-81.8181818181818,-77.7777777777778,64098,1,"2026-05-18 11:01:22 EDT"
"Fairfield","Connecticut","motor_vehicle_theft","Jan - Mar 2026",100,79,-21,28,12,17,-39.2857142857143,41.6666666666667,64098,1,"2026-05-18 11:01:22 EDT"
"Fairfield","Connecticut","murder","Jan - Mar 2026",0,0,NA,0,0,0,NA,NA,64098,1,"2026-05-18 11:01:22 EDT"
"Fairfield","Connecticut","property_crime","Jan - Mar 2026",1073,703,-34.4827586206897,269,127,165,-38.6617100371747,29.9212598425197,64098,1,"2026-05-18 11:01:22 EDT"
"Fairfield","Connecticut","rape","Jan - Mar 2026",1,2,100,0,0,0,NA,NA,64098,1,"2026-05-18 11:01:22 EDT"
"Fairfield","Connecticut","robbery","Jan - Mar 2026",6,1,-83.3333333333333,4,0,1,-75,Inf,64098,1,"2026-05-18 11:01:22 EDT"
"Fairfield","Connecticut","theft","Jan - Mar 2026",930,590,-36.5591397849462,230,106,146,-36.5217391304348,37.7358490566038,64098,1,"2026-05-18 11:01:22 EDT"
"Fairfield","Connecticut","violent_crime","Jan - Mar 2026",17,4,-76.4705882352941,6,0,1,-83.3333333333333,Inf,64098,1,"2026-05-18 11:01:22 EDT"
"Fall River","Massachusetts","aggravated_assault","Jan - Mar 2026",487,538,10.4722792607803,94,109,128,36.1702127659575,17.4311926605505,95573,1,"2026-05-18 11:01:22 EDT"
"Fall River","Massachusetts","burglary","Jan - Mar 2026",205,174,-15.1219512195122,40,45,41,2.5,-8.88888888888889,95573,1,"2026-05-18 11:01:22 EDT"
"Fall River","Massachusetts","motor_vehicle_theft","Jan - Mar 2026",163,141,-13.4969325153374,40,25,18,-55,-28,95573,1,"2026-05-18 11:01:22 EDT"
"Fall River","Massachusetts","murder","Jan - Mar 2026",5,5,0,3,2,0,-100,-100,95573,1,"2026-05-18 11:01:22 EDT"
"Fall River","Massachusetts","property_crime","Jan - Mar 2026",1366,1456,6.58857979502196,343,310,296,-13.7026239067055,-4.51612903225806,95573,1,"2026-05-18 11:01:22 EDT"
"Fall River","Massachusetts","rape","Jan - Mar 2026",62,72,16.1290322580645,13,18,13,0,-27.7777777777778,95573,1,"2026-05-18 11:01:22 EDT"
"Fall River","Massachusetts","robbery","Jan - Mar 2026",92,114,23.9130434782609,16,23,11,-31.25,-52.1739130434783,95573,1,"2026-05-18 11:01:22 EDT"
"Fall River","Massachusetts","theft","Jan - Mar 2026",998,1141,14.3286573146293,263,240,237,-9.88593155893536,-1.25,95573,1,"2026-05-18 11:01:22 EDT"
"Fall River","Massachusetts","violent_crime","Jan - Mar 2026",646,729,12.8482972136223,126,152,152,20.6349206349206,0,95573,1,"2026-05-18 11:01:22 EDT"
"Fargo","North Dakota","aggravated_assault","Jan - Mar 2026",428,348,-18.6915887850467,109,75,77,-29.3577981651376,2.66666666666667,135682,1,"2026-05-18 11:01:22 EDT"
"Fargo","North Dakota","burglary","Jan - Mar 2026",1011,731,-27.6953511374876,240,132,125,-47.9166666666667,-5.3030303030303,135682,1,"2026-05-18 11:01:22 EDT"
"Fargo","North Dakota","motor_vehicle_theft","Jan - Mar 2026",496,461,-7.05645161290323,103,112,75,-27.1844660194175,-33.0357142857143,135682,1,"2026-05-18 11:01:22 EDT"
"Fargo","North Dakota","murder","Jan - Mar 2026",6,4,-33.3333333333333,1,0,1,0,Inf,135682,1,"2026-05-18 11:01:22 EDT"
"Fargo","North Dakota","property_crime","Jan - Mar 2026",5132,4557,-11.2042088854248,1247,939,771,-38.1716118684844,-17.8913738019169,135682,1,"2026-05-18 11:01:22 EDT"
"Fargo","North Dakota","rape","Jan - Mar 2026",139,88,-36.6906474820144,36,23,17,-52.7777777777778,-26.0869565217391,135682,1,"2026-05-18 11:01:22 EDT"
"Fargo","North Dakota","robbery","Jan - Mar 2026",106,77,-27.3584905660377,18,12,10,-44.4444444444444,-16.6666666666667,135682,1,"2026-05-18 11:01:22 EDT"
"Fargo","North Dakota","theft","Jan - Mar 2026",3625,3365,-7.17241379310345,904,695,571,-36.8362831858407,-17.841726618705,135682,1,"2026-05-18 11:01:22 EDT"
"Fargo","North Dakota","violent_crime","Jan - Mar 2026",679,517,-23.8586156111929,164,110,105,-35.9756097560976,-4.54545454545455,135682,1,"2026-05-18 11:01:22 EDT"
"Farmington Hills","Michigan","aggravated_assault","Jan - Mar 2026",139,96,-30.9352517985612,29,22,25,-13.7931034482759,13.6363636363636,82116,1,"2026-05-18 11:01:22 EDT"
"Farmington Hills","Michigan","burglary","Jan - Mar 2026",71,65,-8.45070422535211,16,13,11,-31.25,-15.3846153846154,82116,1,"2026-05-18 11:01:22 EDT"
"Farmington Hills","Michigan","motor_vehicle_theft","Jan - Mar 2026",92,83,-9.78260869565217,32,28,9,-71.875,-67.8571428571429,82116,1,"2026-05-18 11:01:22 EDT"
"Farmington Hills","Michigan","murder","Jan - Mar 2026",1,0,-100,0,0,0,NA,NA,82116,1,"2026-05-18 11:01:22 EDT"
"Farmington Hills","Michigan","property_crime","Jan - Mar 2026",564,657,16.4893617021277,141,158,96,-31.9148936170213,-39.2405063291139,82116,1,"2026-05-18 11:01:22 EDT"
"Farmington Hills","Michigan","rape","Jan - Mar 2026",16,17,6.25,4,3,2,-50,-33.3333333333333,82116,1,"2026-05-18 11:01:22 EDT"
"Farmington Hills","Michigan","robbery","Jan - Mar 2026",10,6,-40,2,1,0,-100,-100,82116,1,"2026-05-18 11:01:22 EDT"
"Farmington Hills","Michigan","theft","Jan - Mar 2026",401,509,26.9326683291771,93,117,76,-18.2795698924731,-35.042735042735,82116,1,"2026-05-18 11:01:22 EDT"
"Farmington Hills","Michigan","violent_crime","Jan - Mar 2026",166,119,-28.3132530120482,35,26,27,-22.8571428571429,3.84615384615385,82116,1,"2026-05-18 11:01:22 EDT"
"Fayetteville","Arkansas","aggravated_assault","Jan - Mar 2026",351,379,7.97720797720798,66,78,86,30.3030303030303,10.2564102564103,104089,1,"2026-05-18 11:01:22 EDT"
"Fayetteville","Arkansas","burglary","Jan - Mar 2026",238,165,-30.672268907563,48,50,37,-22.9166666666667,-26,104089,1,"2026-05-18 11:01:22 EDT"
"Fayetteville","Arkansas","motor_vehicle_theft","Jan - Mar 2026",206,211,2.42718446601942,34,46,37,8.82352941176471,-19.5652173913043,104089,1,"2026-05-18 11:01:22 EDT"
"Fayetteville","Arkansas","murder","Jan - Mar 2026",8,2,-75,5,0,0,-100,NA,104089,1,"2026-05-18 11:01:22 EDT"
"Fayetteville","Arkansas","property_crime","Jan - Mar 2026",2483,1998,-19.5328231977447,585,484,466,-20.3418803418803,-3.71900826446281,104089,1,"2026-05-18 11:01:22 EDT"
"Fayetteville","Arkansas","rape","Jan - Mar 2026",59,60,1.69491525423729,16,15,14,-12.5,-6.66666666666667,104089,1,"2026-05-18 11:01:22 EDT"
"Fayetteville","Arkansas","robbery","Jan - Mar 2026",28,29,3.57142857142857,11,9,2,-81.8181818181818,-77.7777777777778,104089,1,"2026-05-18 11:01:22 EDT"
"Fayetteville","Arkansas","theft","Jan - Mar 2026",2039,1622,-20.4512015693968,503,388,392,-22.0675944333996,1.03092783505155,104089,1,"2026-05-18 11:01:22 EDT"
"Fayetteville","Arkansas","violent_crime","Jan - Mar 2026",446,470,5.38116591928251,98,102,102,4.08163265306122,0,104089,1,"2026-05-18 11:01:22 EDT"
"Fayetteville","North Carolina","aggravated_assault","Jan - Mar 2026",1106,973,-12.0253164556962,262,225,0,-100,-100,209945,1,"2026-05-18 11:01:22 EDT"
"Fayetteville","North Carolina","burglary","Jan - Mar 2026",834,736,-11.7505995203837,239,156,0,-100,-100,209945,1,"2026-05-18 11:01:22 EDT"
"Fayetteville","North Carolina","motor_vehicle_theft","Jan - Mar 2026",743,640,-13.8627187079408,189,163,0,-100,-100,209945,1,"2026-05-18 11:01:22 EDT"
"Fayetteville","North Carolina","murder","Jan - Mar 2026",25,33,32,3,13,0,-100,-100,209945,1,"2026-05-18 11:01:22 EDT"
"Fayetteville","North Carolina","property_crime","Jan - Mar 2026",0,0,NA,0,0,0,NA,NA,209945,1,"2026-05-18 11:01:22 EDT"
"Fayetteville","North Carolina","rape","Jan - Mar 2026",73,57,-21.9178082191781,19,16,0,-100,-100,209945,1,"2026-05-18 11:01:22 EDT"
"Fayetteville","North Carolina","robbery","Jan - Mar 2026",216,210,-2.77777777777778,62,37,0,-100,-100,209945,1,"2026-05-18 11:01:22 EDT"
"Fayetteville","North Carolina","theft","Jan - Mar 2026",5029,4465,-11.214953271028,1236,989,0,-100,-100,209945,1,"2026-05-18 11:01:22 EDT"
"Fayetteville","North Carolina","violent_crime","Jan - Mar 2026",0,0,NA,0,0,0,NA,NA,209945,1,"2026-05-18 11:01:22 EDT"
"Fishers","Indiana","aggravated_assault","Jan - Mar 2026",60,64,6.66666666666667,9,15,16,77.7777777777778,6.66666666666667,105680,1,"2026-05-18 11:01:22 EDT"
"Fishers","Indiana","burglary","Jan - Mar 2026",32,34,6.25,8,6,3,-62.5,-50,105680,1,"2026-05-18 11:01:22 EDT"
"Fishers","Indiana","motor_vehicle_theft","Jan - Mar 2026",75,41,-45.3333333333333,10,7,2,-80,-71.4285714285714,105680,1,"2026-05-18 11:01:22 EDT"
"Fishers","Indiana","murder","Jan - Mar 2026",1,1,0,1,0,0,-100,NA,105680,1,"2026-05-18 11:01:22 EDT"
"Fishers","Indiana","property_crime","Jan - Mar 2026",703,483,-31.2944523470839,139,121,79,-43.1654676258993,-34.7107438016529,105680,1,"2026-05-18 11:01:22 EDT"
"Fishers","Indiana","rape","Jan - Mar 2026",11,10,-9.09090909090909,3,4,2,-33.3333333333333,-50,105680,1,"2026-05-18 11:01:22 EDT"
"Fishers","Indiana","robbery","Jan - Mar 2026",6,6,0,1,2,1,0,-50,105680,1,"2026-05-18 11:01:22 EDT"
"Fishers","Indiana","theft","Jan - Mar 2026",596,408,-31.5436241610738,121,108,74,-38.8429752066116,-31.4814814814815,105680,1,"2026-05-18 11:01:22 EDT"
"Fishers","Indiana","violent_crime","Jan - Mar 2026",78,81,3.84615384615385,14,21,19,35.7142857142857,-9.52380952380952,105680,1,"2026-05-18 11:01:22 EDT"
"Florissant","Missouri","aggravated_assault","Jan - Mar 2026",118,96,-18.6440677966102,23,31,31,34.7826086956522,0,50695,1,"2026-05-18 11:01:22 EDT"
"Florissant","Missouri","burglary","Jan - Mar 2026",75,50,-33.3333333333333,19,13,13,-31.5789473684211,0,50695,1,"2026-05-18 11:01:22 EDT"
"Florissant","Missouri","motor_vehicle_theft","Jan - Mar 2026",306,188,-38.562091503268,63,51,51,-19.047619047619,0,50695,1,"2026-05-18 11:01:22 EDT"
"Florissant","Missouri","murder","Jan - Mar 2026",2,1,-50,0,1,1,Inf,0,50695,1,"2026-05-18 11:01:22 EDT"
"Florissant","Missouri","property_crime","Jan - Mar 2026",0,0,NA,0,0,0,NA,NA,50695,1,"2026-05-18 11:01:22 EDT"
"Florissant","Missouri","rape","Jan - Mar 2026",29,17,-41.3793103448276,9,4,4,-55.5555555555556,0,50695,1,"2026-05-18 11:01:22 EDT"
"Florissant","Missouri","robbery","Jan - Mar 2026",24,13,-45.8333333333333,8,3,3,-62.5,0,50695,1,"2026-05-18 11:01:22 EDT"
"Florissant","Missouri","theft","Jan - Mar 2026",549,413,-24.7723132969035,125,124,124,-0.8,0,50695,1,"2026-05-18 11:01:22 EDT"
"Florissant","Missouri","violent_crime","Jan - Mar 2026",0,0,NA,0,0,0,NA,NA,50695,1,"2026-05-18 11:01:22 EDT"
"Flower Mound","Texas","aggravated_assault","Jan - Mar 2026",32,24,-25,12,8,4,-66.6666666666667,-50,79784,1,"2026-05-18 11:01:22 EDT"
"Flower Mound","Texas","burglary","Jan - Mar 2026",35,24,-31.4285714285714,13,6,4,-69.2307692307692,-33.3333333333333,79784,1,"2026-05-18 11:01:22 EDT"
"Flower Mound","Texas","motor_vehicle_theft","Jan - Mar 2026",33,28,-15.1515151515152,3,8,7,133.333333333333,-12.5,79784,1,"2026-05-18 11:01:22 EDT"
"Flower Mound","Texas","murder","Jan - Mar 2026",0,0,NA,0,0,0,NA,NA,79784,1,"2026-05-18 11:01:22 EDT"
"Flower Mound","Texas","property_crime","Jan - Mar 2026",473,461,-2.5369978858351,130,133,97,-25.3846153846154,-27.0676691729323,79784,1,"2026-05-18 11:01:22 EDT"
"Flower Mound","Texas","rape","Jan - Mar 2026",11,6,-45.4545454545455,4,4,4,0,0,79784,1,"2026-05-18 11:01:22 EDT"
"Flower Mound","Texas","robbery","Jan - Mar 2026",3,3,0,0,1,1,Inf,0,79784,1,"2026-05-18 11:01:22 EDT"
"Flower Mound","Texas","theft","Jan - Mar 2026",405,409,0.987654320987654,114,119,86,-24.5614035087719,-27.7310924369748,79784,1,"2026-05-18 11:01:22 EDT"
"Flower Mound","Texas","violent_crime","Jan - Mar 2026",46,33,-28.2608695652174,16,13,9,-43.75,-30.7692307692308,79784,1,"2026-05-18 11:01:22 EDT"
"Folsom","California","aggravated_assault","Jan - Mar 2026",109,94,-13.7614678899083,22,26,21,-4.54545454545455,-19.2307692307692,86152,1,"2026-05-18 11:01:22 EDT"
"Folsom","California","burglary","Jan - Mar 2026",105,61,-41.9047619047619,37,25,15,-59.4594594594595,-40,86152,1,"2026-05-18 11:01:22 EDT"
"Folsom","California","motor_vehicle_theft","Jan - Mar 2026",67,45,-32.8358208955224,21,11,9,-57.1428571428571,-18.1818181818182,86152,1,"2026-05-18 11:01:22 EDT"
"Folsom","California","murder","Jan - Mar 2026",5,1,-80,2,0,0,-100,NA,86152,1,"2026-05-18 11:01:22 EDT"
"Folsom","California","property_crime","Jan - Mar 2026",1348,1117,-17.1364985163205,442,349,224,-49.3212669683258,-35.8166189111748,86152,1,"2026-05-18 11:01:22 EDT"
"Folsom","California","rape","Jan - Mar 2026",27,26,-3.7037037037037,11,5,3,-72.7272727272727,-40,86152,1,"2026-05-18 11:01:22 EDT"
"Folsom","California","robbery","Jan - Mar 2026",26,24,-7.69230769230769,11,12,8,-27.2727272727273,-33.3333333333333,86152,1,"2026-05-18 11:01:22 EDT"
"Folsom","California","theft","Jan - Mar 2026",1176,1011,-14.030612244898,384,313,200,-47.9166666666667,-36.1022364217252,86152,1,"2026-05-18 11:01:22 EDT"
"Folsom","California","violent_crime","Jan - Mar 2026",167,145,-13.1736526946108,46,43,32,-30.4347826086957,-25.5813953488372,86152,1,"2026-05-18 11:01:22 EDT"
"Fontana","California","aggravated_assault","Jan - Mar 2026",0,0,NA,0,0,0,NA,NA,217605,1,"2026-05-18 11:01:22 EDT"
"Fontana","California","burglary","Jan - Mar 2026",329,290,-11.854103343465,95,64,64,-32.6315789473684,0,217605,1,"2026-05-18 11:01:22 EDT"
"Fontana","California","motor_vehicle_theft","Jan - Mar 2026",615,471,-23.4146341463415,159,113,105,-33.9622641509434,-7.07964601769912,217605,1,"2026-05-18 11:01:22 EDT"
"Fontana","California","murder","Jan - Mar 2026",3,14,366.666666666667,1,4,3,200,-25,217605,1,"2026-05-18 11:01:22 EDT"
"Fontana","California","property_crime","Jan - Mar 2026",2797,2498,-10.6900250268144,689,589,545,-20.899854862119,-7.47028862478778,217605,1,"2026-05-18 11:01:22 EDT"
"Fontana","California","rape","Jan - Mar 2026",0,0,NA,0,0,0,NA,NA,217605,1,"2026-05-18 11:01:22 EDT"
"Fontana","California","robbery","Jan - Mar 2026",128,100,-21.875,31,29,28,-9.67741935483871,-3.44827586206897,217605,1,"2026-05-18 11:01:22 EDT"
"Fontana","California","theft","Jan - Mar 2026",1853,1737,-6.26011872638964,435,412,376,-13.5632183908046,-8.7378640776699,217605,1,"2026-05-18 11:01:22 EDT"
"Fontana","California","violent_crime","Jan - Mar 2026",131,114,-12.9770992366412,32,33,31,-3.125,-6.06060606060606,217605,1,"2026-05-18 11:01:22 EDT"
"Forsyth County","Georgia","aggravated_assault","Jan - Mar 2026",89,105,17.9775280898876,22,19,25,13.6363636363636,31.5789473684211,270757,1,"2026-05-18 11:01:22 EDT"
"Forsyth County","Georgia","burglary","Jan - Mar 2026",71,70,-1.40845070422535,16,10,8,-50,-20,270757,1,"2026-05-18 11:01:22 EDT"
"Forsyth County","Georgia","motor_vehicle_theft","Jan - Mar 2026",41,35,-14.6341463414634,4,5,4,0,-20,270757,1,"2026-05-18 11:01:22 EDT"
"Forsyth County","Georgia","murder","Jan - Mar 2026",0,4,Inf,0,1,0,NA,-100,270757,1,"2026-05-18 11:01:22 EDT"
"Forsyth County","Georgia","property_crime","Jan - Mar 2026",962,865,-10.0831600831601,232,188,150,-35.3448275862069,-20.2127659574468,270757,1,"2026-05-18 11:01:22 EDT"
"Forsyth County","Georgia","rape","Jan - Mar 2026",20,37,85,6,5,7,16.6666666666667,40,270757,1,"2026-05-18 11:01:22 EDT"
"Forsyth County","Georgia","robbery","Jan - Mar 2026",5,8,60,2,1,2,0,100,270757,1,"2026-05-18 11:01:22 EDT"
"Forsyth County","Georgia","theft","Jan - Mar 2026",850,760,-10.5882352941176,212,173,138,-34.9056603773585,-20.2312138728324,270757,1,"2026-05-18 11:01:22 EDT"
"Forsyth County","Georgia","violent_crime","Jan - Mar 2026",114,154,35.0877192982456,30,26,34,13.3333333333333,30.7692307692308,270757,1,"2026-05-18 11:01:22 EDT"
"Forsyth County","North Carolina","aggravated_assault","Jan - Mar 2026",249,200,-19.6787148594378,61,64,39,-36.0655737704918,-39.0625,115696,1,"2026-05-18 11:01:22 EDT"
"Forsyth County","North Carolina","burglary","Jan - Mar 2026",235,192,-18.2978723404255,64,42,42,-34.375,0,115696,1,"2026-05-18 11:01:22 EDT"
"Forsyth County","North Carolina","motor_vehicle_theft","Jan - Mar 2026",77,84,9.09090909090909,11,22,20,81.8181818181818,-9.09090909090909,115696,1,"2026-05-18 11:01:22 EDT"
"Forsyth County","North Carolina","murder","Jan - Mar 2026",5,6,20,1,2,3,200,50,115696,1,"2026-05-18 11:01:22 EDT"
"Forsyth County","North Carolina","property_crime","Jan - Mar 2026",1214,1401,15.4036243822076,293,311,331,12.9692832764505,6.43086816720257,115696,1,"2026-05-18 11:01:22 EDT"
"Forsyth County","North Carolina","rape","Jan - Mar 2026",27,14,-48.1481481481481,8,9,3,-62.5,-66.6666666666667,115696,1,"2026-05-18 11:01:22 EDT"
"Forsyth County","North Carolina","robbery","Jan - Mar 2026",17,14,-17.6470588235294,3,2,5,66.6666666666667,150,115696,1,"2026-05-18 11:01:22 EDT"
"Forsyth County","North Carolina","theft","Jan - Mar 2026",902,1125,24.7228381374723,218,247,269,23.394495412844,8.90688259109312,115696,1,"2026-05-18 11:01:22 EDT"
"Forsyth County","North Carolina","violent_crime","Jan - Mar 2026",298,234,-21.4765100671141,73,77,50,-31.5068493150685,-35.0649350649351,115696,1,"2026-05-18 11:01:22 EDT"
"Fort Bend County","Texas","aggravated_assault","Jan - Mar 2026",549,518,-5.64663023679417,133,149,115,-13.5338345864662,-22.8187919463087,614384,1,"2026-05-18 11:01:22 EDT"
"Fort Bend County","Texas","burglary","Jan - Mar 2026",728,735,0.961538461538462,169,233,125,-26.0355029585799,-46.3519313304721,614384,1,"2026-05-18 11:01:22 EDT"
"Fort Bend County","Texas","motor_vehicle_theft","Jan - Mar 2026",390,398,2.05128205128205,112,115,94,-16.0714285714286,-18.2608695652174,614384,1,"2026-05-18 11:01:22 EDT"
"Fort Bend County","Texas","murder","Jan - Mar 2026",18,6,-66.6666666666667,8,3,1,-87.5,-66.6666666666667,614384,1,"2026-05-18 11:01:22 EDT"
"Fort Bend County","Texas","property_crime","Jan - Mar 2026",5195,4845,-6.73724735322425,1219,1387,1030,-15.5045118949959,-25.7390050468637,614384,1,"2026-05-18 11:01:22 EDT"
"Fort Bend County","Texas","rape","Jan - Mar 2026",142,121,-14.7887323943662,30,28,54,80,92.8571428571429,614384,1,"2026-05-18 11:01:22 EDT"
"Fort Bend County","Texas","robbery","Jan - Mar 2026",111,103,-7.20720720720721,24,35,22,-8.33333333333333,-37.1428571428571,614384,1,"2026-05-18 11:01:22 EDT"
"Fort Bend County","Texas","theft","Jan - Mar 2026",4077,3712,-8.95266127054207,938,1039,811,-13.5394456289979,-21.944177093359,614384,1,"2026-05-18 11:01:22 EDT"
"Fort Bend County","Texas","violent_crime","Jan - Mar 2026",820,748,-8.78048780487805,195,215,192,-1.53846153846154,-10.6976744186047,614384,1,"2026-05-18 11:01:22 EDT"
"Fort Collins","Colorado","aggravated_assault","Jan - Mar 2026",386,399,3.36787564766839,91,109,77,-15.3846153846154,-29.3577981651376,170509,1,"2026-05-18 11:01:22 EDT"
"Fort Collins","Colorado","burglary","Jan - Mar 2026",387,349,-9.81912144702842,73,79,64,-12.3287671232877,-18.9873417721519,170509,1,"2026-05-18 11:01:22 EDT"
"Fort Collins","Colorado","motor_vehicle_theft","Jan - Mar 2026",326,225,-30.9815950920245,68,56,29,-57.3529411764706,-48.2142857142857,170509,1,"2026-05-18 11:01:22 EDT"
"Fort Collins","Colorado","murder","Jan - Mar 2026",3,4,33.3333333333333,2,0,1,-50,Inf,170509,1,"2026-05-18 11:01:22 EDT"
"Fort Collins","Colorado","property_crime","Jan - Mar 2026",3746,3055,-18.4463427656167,785,692,559,-28.7898089171975,-19.2196531791908,170509,1,"2026-05-18 11:01:22 EDT"
"Fort Collins","Colorado","rape","Jan - Mar 2026",41,45,9.75609756097561,5,8,8,60,0,170509,1,"2026-05-18 11:01:22 EDT"
"Fort Collins","Colorado","robbery","Jan - Mar 2026",42,44,4.76190476190476,7,11,6,-14.2857142857143,-45.4545454545455,170509,1,"2026-05-18 11:01:22 EDT"
"Fort Collins","Colorado","theft","Jan - Mar 2026",3033,2481,-18.1998021760633,644,557,466,-27.639751552795,-16.3375224416517,170509,1,"2026-05-18 11:01:22 EDT"
"Fort Collins","Colorado","violent_crime","Jan - Mar 2026",472,492,4.23728813559322,105,128,92,-12.3809523809524,-28.125,170509,1,"2026-05-18 11:01:22 EDT"
"Fort Smith","Arkansas","aggravated_assault","Jan - Mar 2026",618,557,-9.8705501618123,121,114,151,24.7933884297521,32.4561403508772,89977,1,"2026-05-18 11:01:22 EDT"
"Fort Smith","Arkansas","burglary","Jan - Mar 2026",420,436,3.80952380952381,91,84,75,-17.5824175824176,-10.7142857142857,89977,1,"2026-05-18 11:01:22 EDT"
"Fort Smith","Arkansas","motor_vehicle_theft","Jan - Mar 2026",282,193,-31.5602836879433,58,45,60,3.44827586206897,33.3333333333333,89977,1,"2026-05-18 11:01:22 EDT"
"Fort Smith","Arkansas","murder","Jan - Mar 2026",0,7,Inf,0,1,1,Inf,0,89977,1,"2026-05-18 11:01:22 EDT"
"Fort Smith","Arkansas","property_crime","Jan - Mar 2026",3314,3042,-8.20760410380205,799,740,597,-25.2816020025031,-19.3243243243243,89977,1,"2026-05-18 11:01:22 EDT"
"Fort Smith","Arkansas","rape","Jan - Mar 2026",81,91,12.3456790123457,18,13,28,55.5555555555556,115.384615384615,89977,1,"2026-05-18 11:01:22 EDT"
"Fort Smith","Arkansas","robbery","Jan - Mar 2026",59,59,0,19,13,8,-57.8947368421053,-38.4615384615385,89977,1,"2026-05-18 11:01:22 EDT"
"Fort Smith","Arkansas","theft","Jan - Mar 2026",2612,2413,-7.61868300153139,650,611,462,-28.9230769230769,-24.3862520458265,89977,1,"2026-05-18 11:01:22 EDT"
"Fort Smith","Arkansas","violent_crime","Jan - Mar 2026",758,714,-5.80474934036939,158,141,188,18.9873417721519,33.3333333333333,89977,1,"2026-05-18 11:01:22 EDT"
"Fort Wayne","Indiana","aggravated_assault","Jan - Jan 2026",561,426,-24.0641711229947,29,31,43,48.2758620689655,38.7096774193548,271892,1,"2026-05-18 11:01:22 EDT"
"Fort Wayne","Indiana","burglary","Jan - Jan 2026",486,389,-19.9588477366255,37,31,20,-45.945945945946,-35.4838709677419,271892,1,"2026-05-18 11:01:22 EDT"
"Fort Wayne","Indiana","motor_vehicle_theft","Jan - Jan 2026",724,476,-34.2541436464088,62,48,26,-58.0645161290323,-45.8333333333333,271892,1,"2026-05-18 11:01:22 EDT"
"Fort Wayne","Indiana","murder","Jan - Jan 2026",29,32,10.3448275862069,3,4,2,-33.3333333333333,-50,271892,1,"2026-05-18 11:01:22 EDT"
"Fort Wayne","Indiana","property_crime","Jan - Jan 2026",0,0,NA,0,0,0,NA,NA,271892,1,"2026-05-18 11:01:22 EDT"
"Fort Wayne","Indiana","rape","Jan - Jan 2026",122,129,5.73770491803279,9,6,9,0,50,271892,1,"2026-05-18 11:01:22 EDT"
"Fort Wayne","Indiana","robbery","Jan - Jan 2026",147,139,-5.4421768707483,14,12,10,-28.5714285714286,-16.6666666666667,271892,1,"2026-05-18 11:01:22 EDT"
"Fort Wayne","Indiana","theft","Jan - Jan 2026",4728,4183,-11.5270727580372,275,351,259,-5.81818181818182,-26.2108262108262,271892,1,"2026-05-18 11:01:22 EDT"
"Fort Wayne","Indiana","violent_crime","Jan - Jan 2026",0,0,NA,0,0,0,NA,NA,271892,1,"2026-05-18 11:01:22 EDT"
"Fort Worth","Texas","aggravated_assault","Jan - Mar 2026",3225,2650,-17.8294573643411,720,643,563,-21.8055555555556,-12.4416796267496,976839,1,"2026-05-18 11:01:22 EDT"
"Fort Worth","Texas","burglary","Jan - Mar 2026",3444,2884,-16.260162601626,873,763,552,-36.7697594501718,-27.653997378768,976839,1,"2026-05-18 11:01:22 EDT"
"Fort Worth","Texas","motor_vehicle_theft","Jan - Mar 2026",5134,3606,-29.7623685235684,1283,973,638,-50.2727981293843,-34.4295991778006,976839,1,"2026-05-18 11:01:22 EDT"
"Fort Worth","Texas","murder","Jan - Mar 2026",74,78,5.40540540540541,9,20,11,22.2222222222222,-45,976839,1,"2026-05-18 11:01:22 EDT"
"Fort Worth","Texas","property_crime","Jan - Mar 2026",27003,22695,-15.9537829130097,6404,5663,4681,-26.9050593379138,-17.3406321737595,976839,1,"2026-05-18 11:01:22 EDT"
"Fort Worth","Texas","rape","Jan - Mar 2026",564,483,-14.3617021276596,166,127,122,-26.5060240963855,-3.93700787401575,976839,1,"2026-05-18 11:01:22 EDT"
"Fort Worth","Texas","robbery","Jan - Mar 2026",725,620,-14.4827586206897,155,150,100,-35.4838709677419,-33.3333333333333,976839,1,"2026-05-18 11:01:22 EDT"
"Fort Worth","Texas","theft","Jan - Mar 2026",18425,16205,-12.0488466757123,4248,3927,3491,-17.8201506591337,-11.1026228673287,976839,1,"2026-05-18 11:01:22 EDT"
"Fort Worth","Texas","violent_crime","Jan - Mar 2026",4588,3831,-16.4995640802092,1050,940,796,-24.1904761904762,-15.3191489361702,976839,1,"2026-05-18 11:01:22 EDT"
"Fountain Valley","California","aggravated_assault","Jan - Mar 2026",55,55,0,13,12,13,0,8.33333333333333,54975,1,"2026-05-18 11:01:22 EDT"
"Fountain Valley","California","burglary","Jan - Mar 2026",151,125,-17.2185430463576,42,42,62,47.6190476190476,47.6190476190476,54975,1,"2026-05-18 11:01:22 EDT"
"Fountain Valley","California","motor_vehicle_theft","Jan - Mar 2026",95,70,-26.3157894736842,27,16,15,-44.4444444444444,-6.25,54975,1,"2026-05-18 11:01:22 EDT"
"Fountain Valley","California","murder","Jan - Mar 2026",0,0,NA,0,0,0,NA,NA,54975,1,"2026-05-18 11:01:22 EDT"
"Fountain Valley","California","property_crime","Jan - Mar 2026",981,880,-10.2956167176351,241,233,237,-1.6597510373444,1.71673819742489,54975,1,"2026-05-18 11:01:22 EDT"
"Fountain Valley","California","rape","Jan - Mar 2026",9,13,44.4444444444444,2,1,2,0,100,54975,1,"2026-05-18 11:01:22 EDT"
"Fountain Valley","California","robbery","Jan - Mar 2026",34,31,-8.82352941176471,7,12,10,42.8571428571429,-16.6666666666667,54975,1,"2026-05-18 11:01:22 EDT"
"Fountain Valley","California","theft","Jan - Mar 2026",735,685,-6.80272108843537,172,175,160,-6.97674418604651,-8.57142857142857,54975,1,"2026-05-18 11:01:22 EDT"
"Fountain Valley","California","violent_crime","Jan - Mar 2026",98,99,1.02040816326531,22,25,25,13.6363636363636,0,54975,1,"2026-05-18 11:01:22 EDT"
"Franklin","Tennessee","aggravated_assault","Jan - Mar 2026",102,123,20.5882352941176,14,25,40,185.714285714286,60,90077,1,"2026-05-18 11:01:22 EDT"
"Franklin","Tennessee","burglary","Jan - Mar 2026",37,32,-13.5135135135135,10,11,7,-30,-36.3636363636364,90077,1,"2026-05-18 11:01:22 EDT"
"Franklin","Tennessee","motor_vehicle_theft","Jan - Mar 2026",67,41,-38.8059701492537,11,8,10,-9.09090909090909,25,90077,1,"2026-05-18 11:01:22 EDT"
"Franklin","Tennessee","murder","Jan - Mar 2026",2,2,0,0,1,0,NA,-100,90077,1,"2026-05-18 11:01:22 EDT"
"Franklin","Tennessee","property_crime","Jan - Mar 2026",876,625,-28.6529680365297,195,157,152,-22.0512820512821,-3.18471337579618,90077,1,"2026-05-18 11:01:22 EDT"
"Franklin","Tennessee","rape","Jan - Mar 2026",12,22,83.3333333333333,6,3,5,-16.6666666666667,66.6666666666667,90077,1,"2026-05-18 11:01:22 EDT"
"Franklin","Tennessee","robbery","Jan - Mar 2026",6,7,16.6666666666667,2,1,1,-50,0,90077,1,"2026-05-18 11:01:22 EDT"
"Franklin","Tennessee","theft","Jan - Mar 2026",772,552,-28.4974093264249,174,138,135,-22.4137931034483,-2.17391304347826,90077,1,"2026-05-18 11:01:22 EDT"
"Franklin","Tennessee","violent_crime","Jan - Mar 2026",122,154,26.2295081967213,22,30,46,109.090909090909,53.3333333333333,90077,1,"2026-05-18 11:01:22 EDT"
"Fresno","California","aggravated_assault","Jan - Mar 2026",2835,2799,-1.26984126984127,622,653,615,-1.12540192926045,-5.81929555895865,546722,1,"2026-05-18 11:01:22 EDT"
"Fresno","California","burglary","Jan - Mar 2026",2181,1928,-11.6001834021091,623,507,416,-33.2263242375602,-17.9487179487179,546722,1,"2026-05-18 11:01:22 EDT"
"Fresno","California","motor_vehicle_theft","Jan - Mar 2026",3675,2400,-34.6938775510204,1001,639,555,-44.5554445554446,-13.1455399061033,546722,1,"2026-05-18 11:01:22 EDT"
"Fresno","California","murder","Jan - Mar 2026",32,23,-28.125,8,4,6,-25,50,546722,1,"2026-05-18 11:01:22 EDT"
"Fresno","California","property_crime","Jan - Mar 2026",17972,14095,-21.5724460271534,4499,3552,3575,-20.5378973105134,0.647522522522523,546722,1,"2026-05-18 11:01:22 EDT"
"Fresno","California","rape","Jan - Mar 2026",255,268,5.09803921568627,63,57,36,-42.8571428571429,-36.8421052631579,546722,1,"2026-05-18 11:01:22 EDT"
"Fresno","California","robbery","Jan - Mar 2026",919,862,-6.20239390642002,207,213,199,-3.86473429951691,-6.57276995305164,546722,1,"2026-05-18 11:01:22 EDT"
"Fresno","California","theft","Jan - Mar 2026",12116,9767,-19.3875866622648,2875,2406,2604,-9.42608695652174,8.22942643391521,546722,1,"2026-05-18 11:01:22 EDT"
"Fresno","California","violent_crime","Jan - Mar 2026",4041,3952,-2.20242514229151,900,927,856,-4.88888888888889,-7.65911542610572,546722,1,"2026-05-18 11:01:22 EDT"
"Frisco","Texas","aggravated_assault","Jan - Mar 2026",151,146,-3.3112582781457,35,32,41,17.1428571428571,28.125,138099,1,"2026-05-18 11:01:22 EDT"
"Frisco","Texas","burglary","Jan - Mar 2026",162,125,-22.8395061728395,42,28,30,-28.5714285714286,7.14285714285714,138099,1,"2026-05-18 11:01:22 EDT"
"Frisco","Texas","motor_vehicle_theft","Jan - Mar 2026",158,109,-31.0126582278481,32,26,27,-15.625,3.84615384615385,138099,1,"2026-05-18 11:01:22 EDT"
"Frisco","Texas","murder","Jan - Mar 2026",3,3,0,0,0,0,NA,NA,138099,1,"2026-05-18 11:01:22 EDT"
"Frisco","Texas","property_crime","Jan - Mar 2026",2343,1918,-18.1391378574477,569,469,438,-23.0228471001757,-6.60980810234542,138099,1,"2026-05-18 11:01:22 EDT"
"Frisco","Texas","rape","Jan - Mar 2026",60,50,-16.6666666666667,10,14,11,10,-21.4285714285714,138099,1,"2026-05-18 11:01:22 EDT"
"Frisco","Texas","robbery","Jan - Mar 2026",29,32,10.3448275862069,4,13,10,150,-23.0769230769231,138099,1,"2026-05-18 11:01:22 EDT"
"Frisco","Texas","theft","Jan - Mar 2026",2023,1684,-16.7572911517548,495,415,381,-23.030303030303,-8.19277108433735,138099,1,"2026-05-18 11:01:22 EDT"
"Frisco","Texas","violent_crime","Jan - Mar 2026",243,231,-4.93827160493827,49,59,62,26.530612244898,5.08474576271187,138099,1,"2026-05-18 11:01:22 EDT"
"Full Sample","Alabama","aggravated_assault","Jan - Mar 2026",0,0,NA,0,0,0,NA,NA,430562,2,"2026-05-18 11:01:22 EDT"
"Full Sample","Alabama","burglary","Jan - Mar 2026",0,0,NA,0,0,0,NA,NA,430562,2,"2026-05-18 11:01:22 EDT"
"Full Sample","Alabama","motor_vehicle_theft","Jan - Mar 2026",0,0,NA,0,0,0,NA,NA,430562,2,"2026-05-18 11:01:22 EDT"
"Full Sample","Alabama","murder","Jan - Mar 2026",178,121,-32.0224719101124,47,34,24,-48.936170212766,-29.4117647058824,430562,2,"2026-05-18 11:01:22 EDT"
"Full Sample","Alabama","property_crime","Jan - Mar 2026",0,0,NA,0,0,0,NA,NA,430562,2,"2026-05-18 11:01:22 EDT"
"Full Sample","Alabama","rape","Jan - Mar 2026",0,0,NA,0,0,0,NA,NA,430562,2,"2026-05-18 11:01:22 EDT"
"Full Sample","Alabama","robbery","Jan - Mar 2026",0,0,NA,0,0,0,NA,NA,430562,2,"2026-05-18 11:01:22 EDT"
"Full Sample","Alabama","theft","Jan - Mar 2026",0,0,NA,0,0,0,NA,NA,430562,2,"2026-05-18 11:01:22 EDT"
"Full Sample","Alabama","violent_crime","Jan - Mar 2026",178,121,-32.0224719101124,47,34,24,-48.936170212766,-29.4117647058824,430562,2,"2026-05-18 11:01:22 EDT"
"Full Sample","Arizona","aggravated_assault","Jan - Mar 2026",16930,15229,-10.0472533963379,4037,3788,3785,-6.24225910329453,-0.0791974656810982,4778668,16,"2026-05-18 11:01:22 EDT"
"Full Sample","Arizona","burglary","Jan - Mar 2026",11799,9637,-18.3235867446394,2984,2474,2043,-31.5348525469169,-17.4211802748585,4778668,16,"2026-05-18 11:01:22 EDT"
"Full Sample","Arizona","motor_vehicle_theft","Jan - Mar 2026",13767,10641,-22.7064719982567,3403,3070,2034,-40.2292095210109,-33.7459283387622,4778668,16,"2026-05-18 11:01:22 EDT"
"Full Sample","Arizona","murder","Jan - Mar 2026",269,232,-13.7546468401487,68,54,48,-29.4117647058824,-11.1111111111111,4778668,16,"2026-05-18 11:01:22 EDT"
"Full Sample","Arizona","property_crime","Jan - Mar 2026",96423,82757,-14.1729670306877,25055,21447,18856,-24.7415685491918,-12.0809437217326,4778668,16,"2026-05-18 11:01:22 EDT"
"Full Sample","Arizona","rape","Jan - Mar 2026",2288,1989,-13.0681818181818,566,493,463,-18.1978798586572,-6.08519269776876,4778668,16,"2026-05-18 11:01:22 EDT"
"Full Sample","Arizona","robbery","Jan - Mar 2026",4528,3477,-23.2111307420495,1140,888,845,-25.8771929824561,-4.84234234234234,4778668,16,"2026-05-18 11:01:22 EDT"
"Full Sample","Arizona","theft","Jan - Mar 2026",70857,62479,-11.8238141609156,18668,15903,14779,-20.8324405399614,-7.06784883355342,4778668,16,"2026-05-18 11:01:22 EDT"
"Full Sample","Arizona","violent_crime","Jan - Mar 2026",24015,20927,-12.8586300229024,5811,5223,5141,-11.5298571674411,-1.56997893930691,4778668,16,"2026-05-18 11:01:22 EDT"
"Full Sample","Arkansas","aggravated_assault","Jan - Mar 2026",4764,4292,-9.90764063811923,1123,983,1040,-7.39091718610864,5.79857578840285,595326,6,"2026-05-18 11:01:22 EDT"
"Full Sample","Arkansas","burglary","Jan - Mar 2026",3035,2467,-18.7149917627677,692,636,646,-6.64739884393064,1.57232704402516,595326,6,"2026-05-18 11:01:22 EDT"
"Full Sample","Arkansas","motor_vehicle_theft","Jan - Mar 2026",1844,1404,-23.8611713665944,458,316,306,-33.1877729257642,-3.16455696202532,595326,6,"2026-05-18 11:01:22 EDT"
"Full Sample","Arkansas","murder","Jan - Mar 2026",69,68,-1.44927536231884,20,20,10,-50,-50,595326,6,"2026-05-18 11:01:22 EDT"
"Full Sample","Arkansas","property_crime","Jan - Mar 2026",21225,17612,-17.0223792697291,4977,4280,3992,-19.7910387783805,-6.72897196261682,595326,6,"2026-05-18 11:01:22 EDT"
"Full Sample","Arkansas","rape","Jan - Mar 2026",416,396,-4.80769230769231,93,86,100,7.52688172043011,16.2790697674419,595326,6,"2026-05-18 11:01:22 EDT"
"Full Sample","Arkansas","robbery","Jan - Mar 2026",669,526,-21.3751868460389,138,131,111,-19.5652173913043,-15.2671755725191,595326,6,"2026-05-18 11:01:22 EDT"
"Full Sample","Arkansas","theft","Jan - Mar 2026",16346,13741,-15.9366205799584,3827,3328,3040,-20.5644107656127,-8.65384615384615,595326,6,"2026-05-18 11:01:22 EDT"
"Full Sample","Arkansas","violent_crime","Jan - Mar 2026",5918,5282,-10.7468739439,1374,1220,1261,-8.22416302765648,3.36065573770492,595326,6,"2026-05-18 11:01:22 EDT"
"Full Sample","California","aggravated_assault","Jan - Mar 2026",77388,73795,-4.64283868299995,18198,16919,17467,-4.01692493680624,3.23896211360009,21022829,97,"2026-05-18 11:01:22 EDT"
"Full Sample","California","burglary","Jan - Mar 2026",76478,61121,-20.080284526269,19670,17134,12763,-35.1143873919675,-25.5106805182678,21022829,97,"2026-05-18 11:01:22 EDT"
"Full Sample","California","motor_vehicle_theft","Jan - Mar 2026",102831,78419,-23.7399227859303,27864,21170,16147,-42.0506747057135,-23.7269721303732,21022829,97,"2026-05-18 11:01:22 EDT"
"Full Sample","California","murder","Jan - Mar 2026",1078,896,-16.8831168831169,266,218,188,-29.3233082706767,-13.7614678899083,21022829,97,"2026-05-18 11:01:22 EDT"
"Full Sample","California","property_crime","Jan - Mar 2026",503083,428792,-14.7671457791259,129264,111910,97602,-24.4940586706276,-12.7852738807971,21022829,97,"2026-05-18 11:01:22 EDT"
"Full Sample","California","rape","Jan - Mar 2026",8724,7831,-10.2361302154975,2180,1943,1761,-19.2201834862385,-9.36695831188883,21022829,97,"2026-05-18 11:01:22 EDT"
"Full Sample","California","robbery","Jan - Mar 2026",31209,26110,-16.3382357653241,7755,6521,5973,-22.9787234042553,-8.40361907682871,21022829,97,"2026-05-18 11:01:22 EDT"
"Full Sample","California","theft","Jan - Mar 2026",323774,289252,-10.662375607677,81730,73606,68692,-15.9525266120152,-6.67608618862593,21022829,97,"2026-05-18 11:01:22 EDT"
"Full Sample","California","violent_crime","Jan - Mar 2026",118399,108632,-8.24922507791451,28399,25601,25389,-10.59896475228,-0.828092652630757,21022829,97,"2026-05-18 11:01:22 EDT"
"Full Sample","Colorado","aggravated_assault","Jan - Mar 2026",13513,12484,-7.6148893657959,3065,2948,2668,-12.952691680261,-9.49796472184532,2815929,13,"2026-05-18 11:01:22 EDT"
"Full Sample","Colorado","burglary","Jan - Mar 2026",12279,9963,-18.8614708038114,2728,2507,2033,-25.4765395894428,-18.9070602313522,2815929,13,"2026-05-18 11:01:22 EDT"
"Full Sample","Colorado","motor_vehicle_theft","Jan - Mar 2026",20562,12804,-37.7297928217099,5319,3766,2214,-58.3756345177665,-41.2108337758895,2815929,13,"2026-05-18 11:01:22 EDT"
"Full Sample","Colorado","murder","Jan - Mar 2026",183,137,-25.1366120218579,56,37,24,-57.1428571428571,-35.1351351351351,2815929,13,"2026-05-18 11:01:22 EDT"
"Full Sample","Colorado","property_crime","Jan - Mar 2026",93945,79650,-15.2163499920166,22270,19849,17339,-22.1418949259093,-12.6454733235931,2815929,13,"2026-05-18 11:01:22 EDT"
"Full Sample","Colorado","rape","Jan - Mar 2026",2128,2113,-0.704887218045113,572,559,471,-17.6573426573427,-15.742397137746,2815929,13,"2026-05-18 11:01:22 EDT"
"Full Sample","Colorado","robbery","Jan - Mar 2026",2656,2038,-23.2680722891566,632,515,419,-33.7025316455696,-18.6407766990291,2815929,13,"2026-05-18 11:01:22 EDT"
"Full Sample","Colorado","theft","Jan - Mar 2026",61104,56883,-6.90789473684211,14223,13576,13092,-7.95190887998313,-3.56511490866235,2815929,13,"2026-05-18 11:01:22 EDT"
"Full Sample","Colorado","violent_crime","Jan - Mar 2026",18480,16772,-9.24242424242424,4325,4059,3582,-17.1791907514451,-11.7516629711752,2815929,13,"2026-05-18 11:01:22 EDT"
"Full Sample","Connecticut","aggravated_assault","Jan - Mar 2026",1020,904,-11.3725490196078,261,206,163,-37.5478927203065,-20.873786407767,941626,12,"2026-05-18 11:01:22 EDT"
"Full Sample","Connecticut","burglary","Jan - Mar 2026",1683,1034,-38.562091503268,318,234,192,-39.622641509434,-17.9487179487179,941626,12,"2026-05-18 11:01:22 EDT"
"Full Sample","Connecticut","motor_vehicle_theft","Jan - Mar 2026",3218,2152,-33.1261653200746,886,502,423,-52.2573363431151,-15.7370517928287,941626,12,"2026-05-18 11:01:22 EDT"
"Full Sample","Connecticut","murder","Jan - Mar 2026",34,22,-35.2941176470588,12,6,2,-83.3333333333333,-66.6666666666667,941626,12,"2026-05-18 11:01:22 EDT"
"Full Sample","Connecticut","property_crime","Jan - Mar 2026",16957,13763,-18.8358789880285,4203,3354,2957,-29.6454913157269,-11.8366129994037,941626,12,"2026-05-18 11:01:22 EDT"
"Full Sample","Connecticut","rape","Jan - Mar 2026",234,200,-14.5299145299145,57,45,32,-43.859649122807,-28.8888888888889,941626,12,"2026-05-18 11:01:22 EDT"
"Full Sample","Connecticut","robbery","Jan - Mar 2026",608,468,-23.0263157894737,174,110,82,-52.8735632183908,-25.4545454545455,941626,12,"2026-05-18 11:01:22 EDT"
"Full Sample","Connecticut","theft","Jan - Mar 2026",12056,10577,-12.2677504976775,2999,2618,2342,-21.9073024341447,-10.5423987776929,941626,12,"2026-05-18 11:01:22 EDT"
"Full Sample","Connecticut","violent_crime","Jan - Mar 2026",1896,1594,-15.9282700421941,504,367,279,-44.6428571428571,-23.9782016348774,941626,12,"2026-05-18 11:01:22 EDT"
"Full Sample","Florida","aggravated_assault","Jan - Mar 2026",722,756,4.70914127423823,168,192,187,11.3095238095238,-2.60416666666667,1658609,4,"2026-05-18 11:01:22 EDT"
"Full Sample","Florida","burglary","Jan - Mar 2026",1194,937,-21.5242881072027,341,280,298,-12.6099706744868,6.42857142857143,1658609,4,"2026-05-18 11:01:22 EDT"
"Full Sample","Florida","motor_vehicle_theft","Jan - Mar 2026",723,525,-27.3858921161826,160,151,151,-5.625,0,1658609,4,"2026-05-18 11:01:22 EDT"
"Full Sample","Florida","murder","Jan - Mar 2026",74,90,21.6216216216216,18,19,17,-5.55555555555556,-10.5263157894737,1658609,4,"2026-05-18 11:01:22 EDT"
"Full Sample","Florida","property_crime","Jan - Mar 2026",10644,8987,-15.5674558436678,2780,2301,2672,-3.88489208633094,16.1234245980009,1658609,4,"2026-05-18 11:01:22 EDT"
"Full Sample","Florida","rape","Jan - Mar 2026",149,140,-6.04026845637584,36,31,43,19.4444444444444,38.7096774193548,1658609,4,"2026-05-18 11:01:22 EDT"
"Full Sample","Florida","robbery","Jan - Mar 2026",210,160,-23.8095238095238,52,45,25,-51.9230769230769,-44.4444444444444,1658609,4,"2026-05-18 11:01:22 EDT"
"Full Sample","Florida","theft","Jan - Mar 2026",8727,7525,-13.773347083763,2279,1870,2223,-2.45721807810443,18.8770053475936,1658609,4,"2026-05-18 11:01:22 EDT"
"Full Sample","Florida","violent_crime","Jan - Mar 2026",1155,1146,-0.779220779220779,274,287,272,-0.72992700729927,-5.22648083623693,1658609,4,"2026-05-18 11:01:22 EDT"
"Full Sample","Georgia","aggravated_assault","Jan - Mar 2026",4141,5180,25.0905578362714,900,1066,1340,48.8888888888889,25.703564727955,1630944,12,"2026-05-18 11:01:22 EDT"
"Full Sample","Georgia","burglary","Jan - Mar 2026",3303,2984,-9.65788676960339,834,680,552,-33.8129496402878,-18.8235294117647,1630944,12,"2026-05-18 11:01:22 EDT"
"Full Sample","Georgia","motor_vehicle_theft","Jan - Mar 2026",5344,3360,-37.125748502994,1386,799,631,-54.4733044733045,-21.026282853567,1630944,12,"2026-05-18 11:01:22 EDT"
"Full Sample","Georgia","murder","Jan - Mar 2026",165,143,-13.3333333333333,35,33,24,-31.4285714285714,-27.2727272727273,1630944,12,"2026-05-18 11:01:22 EDT"
"Full Sample","Georgia","property_crime","Jan - Mar 2026",34766,29866,-14.0942299948225,8571,6867,5631,-34.3017150857543,-17.999126256007,1630944,12,"2026-05-18 11:01:22 EDT"
"Full Sample","Georgia","rape","Jan - Mar 2026",252,296,17.4603174603175,62,65,63,1.61290322580645,-3.07692307692308,1630944,12,"2026-05-18 11:01:22 EDT"
"Full Sample","Georgia","robbery","Jan - Mar 2026",903,921,1.99335548172757,201,227,186,-7.46268656716418,-18.0616740088106,1630944,12,"2026-05-18 11:01:22 EDT"
"Full Sample","Georgia","theft","Jan - Mar 2026",26119,23522,-9.94295340556683,6351,5388,4448,-29.9637852306723,-17.4461766889384,1630944,12,"2026-05-18 11:01:22 EDT"
"Full Sample","Georgia","violent_crime","Jan - Mar 2026",5461,6540,19.7582860282,1198,1391,1613,34.6410684474124,15.9597411933861,1630944,12,"2026-05-18 11:01:22 EDT"
"Full Sample","Idaho","aggravated_assault","Jan - Mar 2026",994,989,-0.503018108651911,235,251,267,13.6170212765957,6.37450199203187,538023,6,"2026-05-18 11:01:22 EDT"
"Full Sample","Idaho","burglary","Jan - Mar 2026",587,459,-21.8057921635434,148,129,109,-26.3513513513513,-15.5038759689922,538023,6,"2026-05-18 11:01:22 EDT"
"Full Sample","Idaho","motor_vehicle_theft","Jan - Mar 2026",346,276,-20.2312138728324,86,66,45,-47.6744186046512,-31.8181818181818,538023,6,"2026-05-18 11:01:22 EDT"
"Full Sample","Idaho","murder","Jan - Mar 2026",10,4,-60,2,1,5,150,400,538023,6,"2026-05-18 11:01:22 EDT"
"Full Sample","Idaho","property_crime","Jan - Mar 2026",4126,3252,-21.1827435773146,1012,817,728,-28.0632411067194,-10.8935128518972,538023,6,"2026-05-18 11:01:22 EDT"
"Full Sample","Idaho","rape","Jan - Mar 2026",318,334,5.0314465408805,86,67,46,-46.5116279069767,-31.3432835820896,538023,6,"2026-05-18 11:01:22 EDT"
"Full Sample","Idaho","robbery","Jan - Mar 2026",44,20,-54.5454545454545,8,2,8,0,300,538023,6,"2026-05-18 11:01:22 EDT"
"Full Sample","Idaho","theft","Jan - Mar 2026",3193,2517,-21.1713122455371,778,622,574,-26.2210796915167,-7.71704180064309,538023,6,"2026-05-18 11:01:22 EDT"
"Full Sample","Idaho","violent_crime","Jan - Mar 2026",1366,1347,-1.3909224011713,331,321,326,-1.51057401812689,1.55763239875389,538023,6,"2026-05-18 11:01:22 EDT"
"Full Sample","Illinois","aggravated_assault","Jan - Mar 2026",19348,16674,-13.8205499276411,4153,3495,3479,-16.2292318805683,-0.457796852646638,3797576,16,"2026-05-18 11:01:22 EDT"
"Full Sample","Illinois","burglary","Jan - Mar 2026",13507,8860,-34.4043829125639,3010,2007,1649,-45.2159468438538,-17.8375685102143,3797576,16,"2026-05-18 11:01:22 EDT"
"Full Sample","Illinois","motor_vehicle_theft","Jan - Mar 2026",24631,19757,-19.7880719418619,6185,4347,4567,-26.160064672595,5.06096158270071,3797576,16,"2026-05-18 11:01:22 EDT"
"Full Sample","Illinois","murder","Jan - Mar 2026",638,473,-25.8620689655172,129,109,109,-15.5038759689922,0,3797576,16,"2026-05-18 11:01:22 EDT"
"Full Sample","Illinois","property_crime","Jan - Mar 2026",112010,94598,-15.5450406213731,25891,21514,19841,-23.3671932331698,-7.77633169099191,3797576,16,"2026-05-18 11:01:22 EDT"
"Full Sample","Illinois","rape","Jan - Mar 2026",2154,2284,6.03528319405757,491,535,521,6.10997963340122,-2.61682242990654,3797576,16,"2026-05-18 11:01:22 EDT"
"Full Sample","Illinois","robbery","Jan - Mar 2026",9762,6267,-35.8020897357099,2299,1483,1121,-51.2396694214876,-24.409979770735,3797576,16,"2026-05-18 11:01:22 EDT"
"Full Sample","Illinois","theft","Jan - Mar 2026",73872,65981,-10.6819904700022,16696,15160,13625,-18.3936272160997,-10.1253298153034,3797576,16,"2026-05-18 11:01:22 EDT"
"Full Sample","Illinois","violent_crime","Jan - Mar 2026",31902,25698,-19.4470566108708,7072,5622,5230,-26.0463800904977,-6.97260761294913,3797576,16,"2026-05-18 11:01:22 EDT"
"Full Sample","Indiana","aggravated_assault","Jan - Mar 2026",5813,5636,-3.04489936349561,1396,1236,911,-34.7421203438395,-26.294498381877,1368999,7,"2026-05-18 11:01:22 EDT"
"Full Sample","Indiana","burglary","Jan - Mar 2026",5039,4153,-17.5828537408216,1208,1031,801,-33.6920529801325,-22.3084384093113,1368999,7,"2026-05-18 11:01:22 EDT"
"Full Sample","Indiana","motor_vehicle_theft","Jan - Mar 2026",7442,5460,-26.6326256382693,1875,1336,1151,-38.6133333333333,-13.8473053892216,1368999,7,"2026-05-18 11:01:22 EDT"
"Full Sample","Indiana","murder","Jan - Mar 2026",186,156,-16.1290322580645,46,35,30,-34.7826086956522,-14.2857142857143,1368999,7,"2026-05-18 11:01:22 EDT"
"Full Sample","Indiana","property_crime","Jan - Mar 2026",35609,30428,-14.5496924934708,8399,7053,6164,-26.6103107512799,-12.604565433149,1368999,7,"2026-05-18 11:01:22 EDT"
"Full Sample","Indiana","rape","Jan - Mar 2026",990,883,-10.8080808080808,245,209,190,-22.4489795918367,-9.09090909090909,1368999,7,"2026-05-18 11:01:22 EDT"
"Full Sample","Indiana","robbery","Jan - Mar 2026",1456,1189,-18.3379120879121,354,303,169,-52.2598870056497,-44.2244224422442,1368999,7,"2026-05-18 11:01:22 EDT"
"Full Sample","Indiana","theft","Jan - Mar 2026",23128,20815,-10.0008647526807,5316,4686,4212,-20.7674943566591,-10.1152368758003,1368999,7,"2026-05-18 11:01:22 EDT"
"Full Sample","Indiana","violent_crime","Jan - Mar 2026",8445,7864,-6.87981053878034,2041,1783,1300,-36.3057324840764,-27.0891755468312,1368999,7,"2026-05-18 11:01:22 EDT"
"Full Sample","Iowa","aggravated_assault","Jan - Mar 2026",2880,3041,5.59027777777778,618,695,627,1.45631067961165,-9.7841726618705,859487,9,"2026-05-18 11:01:22 EDT"
"Full Sample","Iowa","burglary","Jan - Mar 2026",3354,2877,-14.221824686941,782,693,518,-33.7595907928389,-25.2525252525253,859487,9,"2026-05-18 11:01:22 EDT"
"Full Sample","Iowa","motor_vehicle_theft","Jan - Mar 2026",2574,2273,-11.6938616938617,608,529,429,-29.4407894736842,-18.9035916824197,859487,9,"2026-05-18 11:01:22 EDT"
"Full Sample","Iowa","murder","Jan - Mar 2026",28,24,-14.2857142857143,7,6,9,28.5714285714286,50,859487,9,"2026-05-18 11:01:22 EDT"
"Full Sample","Iowa","property_crime","Jan - Mar 2026",23180,20836,-10.1121656600518,5273,4846,4140,-21.4868196472596,-14.5687164671894,859487,9,"2026-05-18 11:01:22 EDT"
"Full Sample","Iowa","rape","Jan - Mar 2026",463,424,-8.42332613390929,98,104,115,17.3469387755102,10.5769230769231,859487,9,"2026-05-18 11:01:22 EDT"
"Full Sample","Iowa","robbery","Jan - Mar 2026",464,392,-15.5172413793103,102,95,86,-15.6862745098039,-9.47368421052632,859487,9,"2026-05-18 11:01:22 EDT"
"Full Sample","Iowa","theft","Jan - Mar 2026",17252,15686,-9.07720843960121,3883,3624,3193,-17.7697656451198,-11.89293598234,859487,9,"2026-05-18 11:01:22 EDT"
"Full Sample","Iowa","violent_crime","Jan - Mar 2026",3835,3881,1.19947848761408,825,900,837,1.45454545454545,-7,859487,9,"2026-05-18 11:01:22 EDT"
"Full Sample","Kansas","aggravated_assault","Jan - Mar 2026",260,217,-16.5384615384615,77,55,66,-14.2857142857143,20,128960,2,"2026-05-18 11:01:22 EDT"
"Full Sample","Kansas","burglary","Jan - Mar 2026",219,282,28.7671232876712,21,128,17,-19.047619047619,-86.71875,128960,2,"2026-05-18 11:01:22 EDT"
"Full Sample","Kansas","motor_vehicle_theft","Jan - Mar 2026",271,178,-34.3173431734317,56,56,25,-55.3571428571429,-55.3571428571429,128960,2,"2026-05-18 11:01:22 EDT"
"Full Sample","Kansas","murder","Jan - Mar 2026",4,4,0,0,4,0,NA,-100,128960,2,"2026-05-18 11:01:22 EDT"
"Full Sample","Kansas","property_crime","Jan - Mar 2026",2038,1593,-21.8351324828263,409,481,280,-31.5403422982885,-41.7879417879418,128960,2,"2026-05-18 11:01:22 EDT"
"Full Sample","Kansas","rape","Jan - Mar 2026",28,33,17.8571428571429,7,7,10,42.8571428571429,42.8571428571429,128960,2,"2026-05-18 11:01:22 EDT"
"Full Sample","Kansas","robbery","Jan - Mar 2026",13,15,15.3846153846154,0,1,5,Inf,400,128960,2,"2026-05-18 11:01:22 EDT"
"Full Sample","Kansas","theft","Jan - Mar 2026",1548,1133,-26.8087855297158,332,297,238,-28.3132530120482,-19.8653198653199,128960,2,"2026-05-18 11:01:22 EDT"
"Full Sample","Kansas","violent_crime","Jan - Mar 2026",305,269,-11.8032786885246,84,67,81,-3.57142857142857,20.8955223880597,128960,2,"2026-05-18 11:01:22 EDT"
"Full Sample","Kentucky","aggravated_assault","Jan - Mar 2026",4189,4028,-3.84339937932681,934,935,846,-9.42184154175589,-9.51871657754011,1248094,5,"2026-05-18 11:01:22 EDT"
"Full Sample","Kentucky","burglary","Jan - Mar 2026",4959,4173,-15.8499697519661,1118,922,847,-24.2397137745975,-8.13449023861171,1248094,5,"2026-05-18 11:01:22 EDT"
"Full Sample","Kentucky","motor_vehicle_theft","Jan - Mar 2026",7428,5873,-20.9343026386645,1825,1409,1082,-40.7123287671233,-23.207948899929,1248094,5,"2026-05-18 11:01:22 EDT"
"Full Sample","Kentucky","murder","Jan - Mar 2026",176,133,-24.4318181818182,47,33,31,-34.0425531914894,-6.06060606060606,1248094,5,"2026-05-18 11:01:22 EDT"
"Full Sample","Kentucky","property_crime","Jan - Mar 2026",38973,36091,-7.39486311035845,8842,7787,7548,-14.6346980321194,-3.06921792731476,1248094,5,"2026-05-18 11:01:22 EDT"
"Full Sample","Kentucky","rape","Jan - Mar 2026",619,539,-12.924071082391,138,129,115,-16.6666666666667,-10.8527131782946,1248094,5,"2026-05-18 11:01:22 EDT"
"Full Sample","Kentucky","robbery","Jan - Mar 2026",1286,1010,-21.4618973561431,295,259,185,-37.2881355932203,-28.5714285714286,1248094,5,"2026-05-18 11:01:22 EDT"
"Full Sample","Kentucky","theft","Jan - Mar 2026",26586,26045,-2.03490558940796,5899,5456,5619,-4.74656721478217,2.9875366568915,1248094,5,"2026-05-18 11:01:22 EDT"
"Full Sample","Kentucky","violent_crime","Jan - Mar 2026",6270,5710,-8.93141945773525,1414,1356,1177,-16.7609618104668,-13.2005899705015,1248094,5,"2026-05-18 11:01:22 EDT"
"Full Sample","Louisiana","aggravated_assault","Jan - Mar 2026",7451,7232,-2.9392027915716,1800,1730,1577,-12.3888888888889,-8.84393063583815,1473075,8,"2026-05-18 11:01:22 EDT"
"Full Sample","Louisiana","burglary","Jan - Mar 2026",6477,5527,-14.6672842365293,1829,1419,1151,-37.0694368507381,-18.8865398167724,1473075,8,"2026-05-18 11:01:22 EDT"
"Full Sample","Louisiana","motor_vehicle_theft","Jan - Mar 2026",5030,3743,-25.5864811133201,1416,894,672,-52.5423728813559,-24.8322147651007,1473075,8,"2026-05-18 11:01:22 EDT"
"Full Sample","Louisiana","murder","Jan - Mar 2026",311,277,-10.9324758842444,96,70,48,-50,-31.4285714285714,1473075,8,"2026-05-18 11:01:22 EDT"
"Full Sample","Louisiana","property_crime","Jan - Mar 2026",38122,32823,-13.9001101726037,9862,7974,7149,-27.509632934496,-10.3461249059443,1473075,8,"2026-05-18 11:01:22 EDT"
"Full Sample","Louisiana","rape","Jan - Mar 2026",595,531,-10.7563025210084,140,138,112,-20,-18.8405797101449,1473075,8,"2026-05-18 11:01:22 EDT"
"Full Sample","Louisiana","robbery","Jan - Mar 2026",1137,933,-17.9419525065963,300,237,216,-28,-8.86075949367089,1473075,8,"2026-05-18 11:01:22 EDT"
"Full Sample","Louisiana","theft","Jan - Mar 2026",26615,23553,-11.5047905316551,6617,5661,5326,-19.5103521233187,-5.91768238827062,1473075,8,"2026-05-18 11:01:22 EDT"
"Full Sample","Louisiana","violent_crime","Jan - Mar 2026",9494,8973,-5.48767642721719,2336,2175,1953,-16.3955479452055,-10.2068965517241,1473075,8,"2026-05-18 11:01:22 EDT"
"Full Sample","Maryland","aggravated_assault","Jan - Mar 2026",10134,9650,-4.7760015788435,2251,2051,2325,3.28742780986228,13.359336908825,3636425,7,"2026-05-18 11:01:22 EDT"
"Full Sample","Maryland","burglary","Jan - Mar 2026",8313,7232,-13.0037290990016,1811,1774,1398,-22.8050800662617,-21.1950394588501,3636425,7,"2026-05-18 11:01:22 EDT"
"Full Sample","Maryland","motor_vehicle_theft","Jan - Mar 2026",19283,14888,-22.7920966654566,5223,3412,3162,-39.4600804135554,-7.32708089097304,3636425,7,"2026-05-18 11:01:22 EDT"
"Full Sample","Maryland","murder","Jan - Mar 2026",324,232,-28.3950617283951,73,61,47,-35.6164383561644,-22.9508196721311,3636425,7,"2026-05-18 11:01:22 EDT"
"Full Sample","Maryland","property_crime","Jan - Mar 2026",89460,79880,-10.7086966241896,20922,18860,16882,-19.3098174170729,-10.4878048780488,3636425,7,"2026-05-18 11:01:22 EDT"
"Full Sample","Maryland","rape","Jan - Mar 2026",1261,1110,-11.9746233148295,301,300,250,-16.9435215946844,-16.6666666666667,3636425,7,"2026-05-18 11:01:22 EDT"
"Full Sample","Maryland","robbery","Jan - Mar 2026",7179,5026,-29.990249338348,1812,1308,956,-47.2406181015453,-26.9113149847095,3636425,7,"2026-05-18 11:01:22 EDT"
"Full Sample","Maryland","theft","Jan - Mar 2026",61864,57760,-6.63390663390663,13888,13674,12322,-11.2759216589862,-9.88737750475355,3636425,7,"2026-05-18 11:01:22 EDT"
"Full Sample","Maryland","violent_crime","Jan - Mar 2026",18898,16018,-15.2397079055985,4437,3720,3578,-19.3599278791977,-3.81720430107527,3636425,7,"2026-05-18 11:01:22 EDT"
"Full Sample","Massachusetts","aggravated_assault","Jan - Mar 2026",7095,6696,-5.62367864693446,1491,1449,1392,-6.63983903420523,-3.93374741200828,1891503,17,"2026-05-18 11:01:22 EDT"
"Full Sample","Massachusetts","burglary","Jan - Mar 2026",3006,2855,-5.02328675981371,790,616,556,-29.620253164557,-9.74025974025974,1891503,17,"2026-05-18 11:01:22 EDT"
"Full Sample","Massachusetts","motor_vehicle_theft","Jan - Mar 2026",2754,2159,-21.6049382716049,626,481,340,-45.6869009584665,-29.3139293139293,1891503,17,"2026-05-18 11:01:22 EDT"
"Full Sample","Massachusetts","murder","Jan - Mar 2026",60,50,-16.6666666666667,9,17,6,-33.3333333333333,-64.7058823529412,1891503,17,"2026-05-18 11:01:22 EDT"
"Full Sample","Massachusetts","property_crime","Jan - Mar 2026",29139,27877,-4.33096537286798,6554,6189,5526,-15.6850778150748,-10.7125545322346,1891503,17,"2026-05-18 11:01:22 EDT"
"Full Sample","Massachusetts","rape","Jan - Mar 2026",594,527,-11.2794612794613,127,122,107,-15.748031496063,-12.2950819672131,1891503,17,"2026-05-18 11:01:22 EDT"
"Full Sample","Massachusetts","robbery","Jan - Mar 2026",1389,1243,-10.5111591072714,310,240,216,-30.3225806451613,-10,1891503,17,"2026-05-18 11:01:22 EDT"
"Full Sample","Massachusetts","theft","Jan - Mar 2026",23379,22863,-2.20710894392403,5138,5092,4630,-9.88711560918645,-9.07305577376277,1891503,17,"2026-05-18 11:01:22 EDT"
"Full Sample","Massachusetts","violent_crime","Jan - Mar 2026",9138,8516,-6.80674108119939,1937,1828,1721,-11.15126484254,-5.85339168490153,1891503,17,"2026-05-18 11:01:22 EDT"
"Full Sample","Michigan","aggravated_assault","Jan - Mar 2026",18192,17493,-3.84234828496042,3859,3727,3666,-5.001295672454,-1.63670512476523,3090073,28,"2026-05-18 11:01:22 EDT"
"Full Sample","Michigan","burglary","Jan - Mar 2026",9218,7431,-19.3859839444565,1974,1728,1384,-29.8885511651469,-19.9074074074074,3090073,28,"2026-05-18 11:01:22 EDT"
"Full Sample","Michigan","motor_vehicle_theft","Jan - Mar 2026",14224,10637,-25.2179415073116,3426,2480,1988,-41.9731465265616,-19.8387096774194,3090073,28,"2026-05-18 11:01:22 EDT"
"Full Sample","Michigan","murder","Jan - Mar 2026",293,236,-19.4539249146758,57,48,47,-17.5438596491228,-2.08333333333333,3090073,28,"2026-05-18 11:01:22 EDT"
"Full Sample","Michigan","property_crime","Jan - Mar 2026",64748,58208,-10.1006980910607,14617,12651,11461,-21.5912978039269,-9.40637103786262,3090073,28,"2026-05-18 11:01:22 EDT"
"Full Sample","Michigan","rape","Jan - Mar 2026",1810,1698,-6.1878453038674,435,416,377,-13.3333333333333,-9.375,3090073,28,"2026-05-18 11:01:22 EDT"
"Full Sample","Michigan","robbery","Jan - Mar 2026",2151,1742,-19.0144119014412,428,362,312,-27.1028037383178,-13.8121546961326,3090073,28,"2026-05-18 11:01:22 EDT"
"Full Sample","Michigan","theft","Jan - Mar 2026",41306,40140,-2.82283445504285,9217,8443,8089,-12.2382553976348,-4.19282245647282,3090073,28,"2026-05-18 11:01:22 EDT"
"Full Sample","Michigan","violent_crime","Jan - Mar 2026",22446,21169,-5.68920965873652,4779,4553,4402,-7.88867964009207,-3.31649461893257,3090073,28,"2026-05-18 11:01:22 EDT"
"Full Sample","Minnesota","aggravated_assault","Jan - Mar 2026",5637,5093,-9.65052332801135,1242,1051,1144,-7.89049919484702,8.84871550903901,2027488,19,"2026-05-18 11:01:22 EDT"
"Full Sample","Minnesota","burglary","Jan - Mar 2026",6023,5450,-9.51353146272622,1319,1058,1016,-22.9719484457923,-3.96975425330813,2027488,19,"2026-05-18 11:01:22 EDT"
"Full Sample","Minnesota","motor_vehicle_theft","Jan - Mar 2026",9587,7380,-23.0207572754772,2211,1697,2069,-6.42243328810493,21.9210371243371,2027488,19,"2026-05-18 11:01:22 EDT"
"Full Sample","Minnesota","murder","Jan - Mar 2026",136,94,-30.8823529411765,30,12,17,-43.3333333333333,41.6666666666667,2027488,19,"2026-05-18 11:01:22 EDT"
"Full Sample","Minnesota","property_crime","Jan - Mar 2026",52983,47445,-10.4524092633486,11902,10224,10136,-14.837842379432,-0.860719874804382,2027488,19,"2026-05-18 11:01:22 EDT"
"Full Sample","Minnesota","rape","Jan - Mar 2026",1000,1076,7.6,248,251,233,-6.04838709677419,-7.17131474103586,2027488,19,"2026-05-18 11:01:22 EDT"
"Full Sample","Minnesota","robbery","Jan - Mar 2026",2238,1613,-27.9267202859696,505,349,276,-45.3465346534653,-20.9169054441261,2027488,19,"2026-05-18 11:01:22 EDT"
"Full Sample","Minnesota","theft","Jan - Mar 2026",37373,34615,-7.37965911219329,8372,7469,7051,-15.7787864309603,-5.59646539027982,2027488,19,"2026-05-18 11:01:22 EDT"
"Full Sample","Minnesota","violent_crime","Jan - Mar 2026",9011,7876,-12.5957163466874,2025,1663,1670,-17.5308641975309,0.42092603728202,2027488,19,"2026-05-18 11:01:22 EDT"
"Full Sample","Missouri","aggravated_assault","Jan - Mar 2026",14150,13190,-6.78445229681979,3022,2743,2758,-8.73593646591661,0.546846518410499,1988477,13,"2026-05-18 11:01:22 EDT"
"Full Sample","Missouri","burglary","Jan - Mar 2026",8963,8374,-6.57146044851054,2080,1925,1939,-6.77884615384615,0.727272727272727,1988477,13,"2026-05-18 11:01:22 EDT"
"Full Sample","Missouri","motor_vehicle_theft","Jan - Mar 2026",17760,13110,-26.1824324324324,4263,3161,3172,-25.5923058878724,0.347991142043657,1988477,13,"2026-05-18 11:01:22 EDT"
"Full Sample","Missouri","murder","Jan - Mar 2026",372,334,-10.2150537634409,89,79,77,-13.4831460674157,-2.53164556962025,1988477,13,"2026-05-18 11:01:22 EDT"
"Full Sample","Missouri","property_crime","Jan - Mar 2026",69825,60688,-13.0855710705335,16001,14138,14235,-11.0368101993625,0.686094214174565,1988477,13,"2026-05-18 11:01:22 EDT"
"Full Sample","Missouri","rape","Jan - Mar 2026",1298,1225,-5.62403697996918,309,306,318,2.9126213592233,3.92156862745098,1988477,13,"2026-05-18 11:01:22 EDT"
"Full Sample","Missouri","robbery","Jan - Mar 2026",2647,2206,-16.6603702304496,566,541,543,-4.06360424028269,0.369685767097967,1988477,13,"2026-05-18 11:01:22 EDT"
"Full Sample","Missouri","theft","Jan - Mar 2026",43102,39204,-9.04366386710593,9658,9052,9124,-5.52909505073514,0.795404330534688,1988477,13,"2026-05-18 11:01:22 EDT"
"Full Sample","Missouri","violent_crime","Jan - Mar 2026",18467,16955,-8.18757784155521,3986,3669,3696,-7.27546412443552,0.735895339329518,1988477,13,"2026-05-18 11:01:22 EDT"
"Full Sample","Montana","aggravated_assault","Jan - Mar 2026",1511,1543,2.11780277961615,311,394,308,-0.964630225080386,-21.8274111675127,319939,4,"2026-05-18 11:01:22 EDT"
"Full Sample","Montana","burglary","Jan - Mar 2026",1027,725,-29.4060370009737,238,151,109,-54.2016806722689,-27.8145695364238,319939,4,"2026-05-18 11:01:22 EDT"
"Full Sample","Montana","motor_vehicle_theft","Jan - Mar 2026",857,631,-26.3710618436406,175,151,113,-35.4285714285714,-25.1655629139073,319939,4,"2026-05-18 11:01:22 EDT"
"Full Sample","Montana","murder","Jan - Mar 2026",12,7,-41.6666666666667,2,1,3,50,200,319939,4,"2026-05-18 11:01:22 EDT"
"Full Sample","Montana","property_crime","Jan - Mar 2026",9750,8404,-13.8051282051282,2199,1843,1615,-26.5575261482492,-12.3711340206186,319939,4,"2026-05-18 11:01:22 EDT"
"Full Sample","Montana","rape","Jan - Mar 2026",286,295,3.14685314685315,65,86,59,-9.23076923076923,-31.3953488372093,319939,4,"2026-05-18 11:01:22 EDT"
"Full Sample","Montana","robbery","Jan - Mar 2026",176,151,-14.2045454545455,41,29,21,-48.780487804878,-27.5862068965517,319939,4,"2026-05-18 11:01:22 EDT"
"Full Sample","Montana","theft","Jan - Mar 2026",7866,7048,-10.3991863717264,1786,1541,1393,-22.0044792833147,-9.60415314730694,319939,4,"2026-05-18 11:01:22 EDT"
"Full Sample","Montana","violent_crime","Jan - Mar 2026",1985,1996,0.554156171284635,419,510,391,-6.68257756563246,-23.3333333333333,319939,4,"2026-05-18 11:01:22 EDT"
"Full Sample","Nationwide","aggravated_assault","Jan - Mar 2026",408220,378731,-7.22380089167606,91978,86214,83956,-8.7216508295462,-2.61906418911082,115395442,557,"2026-05-18 11:01:22 EDT"
"Full Sample","Nationwide","burglary","Jan - Mar 2026",351477,297247,-15.4291745974843,85938,74787,61469,-28.4728525215853,-17.8079077914611,115395442,557,"2026-05-18 11:01:22 EDT"
"Full Sample","Nationwide","motor_vehicle_theft","Jan - Mar 2026",490872,377257,-23.1455450708128,127187,95740,76164,-40.11652134259,-20.4470440777105,115395442,557,"2026-05-18 11:01:22 EDT"
"Full Sample","Nationwide","murder","Jan - Mar 2026",8715,7137,-18.1067125645439,2090,1745,1398,-33.1100478468899,-19.8853868194842,115395442,557,"2026-05-18 11:01:22 EDT"
"Full Sample","Nationwide","property_crime","Jan - Mar 2026",2696500,2365641,-12.269942518079,656482,574947,508123,-22.5990963956361,-11.6226365212794,115395442,557,"2026-05-18 11:01:22 EDT"
"Full Sample","Nationwide","rape","Jan - Mar 2026",50104,47251,-5.69415615519719,12061,11456,10429,-13.531216317055,-8.96473463687151,115395442,557,"2026-05-18 11:01:22 EDT"
"Full Sample","Nationwide","robbery","Jan - Mar 2026",133041,107885,-18.9084567915154,31941,26012,21979,-31.1887542656773,-15.5043825926495,115395442,557,"2026-05-18 11:01:22 EDT"
"Full Sample","Nationwide","theft","Jan - Mar 2026",1854151,1691137,-8.79184057824848,443357,404420,370490,-16.4352880410144,-8.3897927896741,115395442,557,"2026-05-18 11:01:22 EDT"
"Full Sample","Nationwide","violent_crime","Jan - Mar 2026",600080,541004,-9.84468737501666,138070,125427,117762,-14.7084812051858,-6.11112439905284,115395442,557,"2026-05-18 11:01:22 EDT"
"Full Sample","Nebraska","aggravated_assault","Jan - Mar 2026",2179,2385,9.45387792565397,485,517,502,3.50515463917526,-2.90135396518375,1097819,6,"2026-05-18 11:01:22 EDT"
"Full Sample","Nebraska","burglary","Jan - Mar 2026",2288,1838,-19.6678321678322,538,432,380,-29.368029739777,-12.037037037037,1097819,6,"2026-05-18 11:01:22 EDT"
"Full Sample","Nebraska","motor_vehicle_theft","Jan - Mar 2026",4329,3229,-25.4100254100254,1164,841,499,-57.1305841924399,-40.6658739595719,1097819,6,"2026-05-18 11:01:22 EDT"
"Full Sample","Nebraska","murder","Jan - Mar 2026",27,36,33.3333333333333,4,11,2,-50,-81.8181818181818,1097819,6,"2026-05-18 11:01:22 EDT"
"Full Sample","Nebraska","property_crime","Jan - Mar 2026",25526,22285,-12.6968581054611,6228,5261,4608,-26.0115606936416,-12.4120889564722,1097819,6,"2026-05-18 11:01:22 EDT"
"Full Sample","Nebraska","rape","Jan - Mar 2026",503,590,17.2962226640159,110,130,145,31.8181818181818,11.5384615384615,1097819,6,"2026-05-18 11:01:22 EDT"
"Full Sample","Nebraska","robbery","Jan - Mar 2026",384,359,-6.51041666666667,87,86,63,-27.5862068965517,-26.7441860465116,1097819,6,"2026-05-18 11:01:22 EDT"
"Full Sample","Nebraska","theft","Jan - Mar 2026",18909,17218,-8.94283145592046,4526,3988,3729,-17.6093680954485,-6.49448345035105,1097819,6,"2026-05-18 11:01:22 EDT"
"Full Sample","Nebraska","violent_crime","Jan - Mar 2026",3093,3370,8.95570643388296,686,744,712,3.79008746355685,-4.3010752688172,1097819,6,"2026-05-18 11:01:22 EDT"
"Full Sample","Nevada","aggravated_assault","Jan - Mar 2026",6437,5405,-16.0323131893739,1567,1396,1361,-13.1461391193363,-2.50716332378223,2583745,5,"2026-05-18 11:01:22 EDT"
"Full Sample","Nevada","burglary","Jan - Mar 2026",10318,7758,-24.8110098856368,2740,2256,1854,-32.3357664233577,-17.8191489361702,2583745,5,"2026-05-18 11:01:22 EDT"
"Full Sample","Nevada","motor_vehicle_theft","Jan - Mar 2026",14138,10496,-25.7603621445749,3646,2840,2346,-35.6555128908393,-17.3943661971831,2583745,5,"2026-05-18 11:01:22 EDT"
"Full Sample","Nevada","murder","Jan - Mar 2026",157,105,-33.1210191082803,43,31,22,-48.8372093023256,-29.0322580645161,2583745,5,"2026-05-18 11:01:22 EDT"
"Full Sample","Nevada","property_crime","Jan - Mar 2026",61944,50117,-19.0930517887124,15988,13312,12646,-20.9031773830373,-5.00300480769231,2583745,5,"2026-05-18 11:01:22 EDT"
"Full Sample","Nevada","rape","Jan - Mar 2026",341,350,2.63929618768328,85,83,68,-20,-18.0722891566265,2583745,5,"2026-05-18 11:01:22 EDT"
"Full Sample","Nevada","robbery","Jan - Mar 2026",1704,1347,-20.9507042253521,460,337,303,-34.1304347826087,-10.0890207715134,2583745,5,"2026-05-18 11:01:22 EDT"
"Full Sample","Nevada","theft","Jan - Mar 2026",37488,31863,-15.0048015364917,9602,8216,8446,-12.039158508644,2.79941577409932,2583745,5,"2026-05-18 11:01:22 EDT"
"Full Sample","Nevada","violent_crime","Jan - Mar 2026",8639,7207,-16.5759925917352,2155,1847,1754,-18.6078886310905,-5.03519220357336,2583745,5,"2026-05-18 11:01:22 EDT"
"Full Sample","New Jersey","aggravated_assault","Jan - Mar 2026",4177,3864,-7.49341632750778,848,905,776,-8.49056603773585,-14.2541436464088,1298099,10,"2026-05-18 11:01:22 EDT"
"Full Sample","New Jersey","burglary","Jan - Mar 2026",2461,2186,-11.1743193823649,642,515,357,-44.392523364486,-30.6796116504854,1298099,10,"2026-05-18 11:01:22 EDT"
"Full Sample","New Jersey","motor_vehicle_theft","Jan - Mar 2026",5891,5094,-13.5291122050586,1358,1427,901,-33.6524300441826,-36.8605466012614,1298099,10,"2026-05-18 11:01:22 EDT"
"Full Sample","New Jersey","murder","Jan - Mar 2026",66,61,-7.57575757575758,14,20,8,-42.8571428571429,-60,1298099,10,"2026-05-18 11:01:22 EDT"
"Full Sample","New Jersey","property_crime","Jan - Mar 2026",27310,25183,-7.78835591358477,6364,6198,4542,-28.629792583281,-26.7182962245886,1298099,10,"2026-05-18 11:01:22 EDT"
"Full Sample","New Jersey","rape","Jan - Mar 2026",374,370,-1.06951871657754,77,89,57,-25.974025974026,-35.9550561797753,1298099,10,"2026-05-18 11:01:22 EDT"
"Full Sample","New Jersey","robbery","Jan - Mar 2026",1722,1286,-25.3193960511034,422,292,198,-53.0805687203791,-32.1917808219178,1298099,10,"2026-05-18 11:01:22 EDT"
"Full Sample","New Jersey","theft","Jan - Mar 2026",18958,17903,-5.56493300981116,4364,4256,3284,-24.7479376718607,-22.8383458646617,1298099,10,"2026-05-18 11:01:22 EDT"
"Full Sample","New Jersey","violent_crime","Jan - Mar 2026",6339,5581,-11.9577220381764,1361,1306,1039,-23.6590742101396,-20.4441041347626,1298099,10,"2026-05-18 11:01:22 EDT"
"Full Sample","New Mexico","aggravated_assault","Jan - Mar 2026",0,0,NA,0,0,0,NA,NA,648397,2,"2026-05-18 11:01:22 EDT"
"Full Sample","New Mexico","burglary","Jan - Mar 2026",786,617,-21.501272264631,188,157,115,-38.8297872340425,-26.7515923566879,648397,2,"2026-05-18 11:01:22 EDT"
"Full Sample","New Mexico","motor_vehicle_theft","Jan - Mar 2026",640,414,-35.3125,164,130,41,-75,-68.4615384615385,648397,2,"2026-05-18 11:01:22 EDT"
"Full Sample","New Mexico","murder","Jan - Mar 2026",101,74,-26.7326732673267,21,13,13,-38.0952380952381,0,648397,2,"2026-05-18 11:01:22 EDT"
"Full Sample","New Mexico","property_crime","Jan - Mar 2026",4507,3824,-15.1542045706679,983,977,681,-30.7222787385554,-30.2968270214944,648397,2,"2026-05-18 11:01:22 EDT"
"Full Sample","New Mexico","rape","Jan - Mar 2026",0,0,NA,0,0,0,NA,NA,648397,2,"2026-05-18 11:01:22 EDT"
"Full Sample","New Mexico","robbery","Jan - Mar 2026",75,62,-17.3333333333333,17,16,10,-41.1764705882353,-37.5,648397,2,"2026-05-18 11:01:22 EDT"
"Full Sample","New Mexico","theft","Jan - Mar 2026",3081,2793,-9.34761441090555,631,690,525,-16.7987321711569,-23.9130434782609,648397,2,"2026-05-18 11:01:22 EDT"
"Full Sample","New Mexico","violent_crime","Jan - Mar 2026",176,136,-22.7272727272727,38,29,23,-39.4736842105263,-20.6896551724138,648397,2,"2026-05-18 11:01:22 EDT"
"Full Sample","New York","aggravated_assault","Jan - Mar 2026",32201,32667,1.44716002608615,7140,7233,7204,0.896358543417367,-0.400940135490115,9253638,8,"2026-05-18 11:01:22 EDT"
"Full Sample","New York","burglary","Jan - Mar 2026",15788,15364,-2.68558398783886,4152,3898,3011,-27.480732177264,-22.7552591072345,9253638,8,"2026-05-18 11:01:22 EDT"
"Full Sample","New York","motor_vehicle_theft","Jan - Mar 2026",18330,16822,-8.22695035460993,4243,3712,3203,-24.5109592269621,-13.7122844827586,9253638,8,"2026-05-18 11:01:22 EDT"
"Full Sample","New York","murder","Jan - Mar 2026",464,375,-19.1810344827586,113,94,62,-45.1327433628319,-34.0425531914894,9253638,8,"2026-05-18 11:01:22 EDT"
"Full Sample","New York","property_crime","Jan - Mar 2026",100095,96490,-3.6015785004246,24251,21750,19810,-18.3126469011587,-8.91954022988506,9253638,8,"2026-05-18 11:01:22 EDT"
"Full Sample","New York","rape","Jan - Mar 2026",1902,2229,17.192429022082,407,510,554,36.1179361179361,8.62745098039216,9253638,8,"2026-05-18 11:01:22 EDT"
"Full Sample","New York","robbery","Jan - Mar 2026",17617,16002,-9.16728160299711,4245,3419,3122,-26.454652532391,-8.68675051184557,9253638,8,"2026-05-18 11:01:22 EDT"
"Full Sample","New York","theft","Jan - Mar 2026",65977,64304,-2.53573214908226,15856,14140,13596,-14.2532795156408,-3.84724186704385,9253638,8,"2026-05-18 11:01:22 EDT"
"Full Sample","New York","violent_crime","Jan - Mar 2026",52184,51273,-1.74574582247432,11905,11256,10942,-8.08903821923561,-2.78962331201137,9253638,8,"2026-05-18 11:01:22 EDT"
"Full Sample","North Carolina","aggravated_assault","Jan - Mar 2026",13706,11667,-14.8766963373705,3007,2653,2431,-19.15530428999,-8.36788541274029,4063221,25,"2026-05-18 11:01:22 EDT"
"Full Sample","North Carolina","burglary","Jan - Mar 2026",11622,11013,-5.24006195147135,2781,2640,2166,-22.1143473570658,-17.9545454545455,4063221,25,"2026-05-18 11:01:22 EDT"
"Full Sample","North Carolina","motor_vehicle_theft","Jan - Mar 2026",15723,12329,-21.5862112828341,3999,3229,2327,-41.8104526131533,-27.9343449984515,4063221,25,"2026-05-18 11:01:22 EDT"
"Full Sample","North Carolina","murder","Jan - Mar 2026",264,252,-4.54545454545455,70,64,67,-4.28571428571429,4.6875,4063221,25,"2026-05-18 11:01:22 EDT"
"Full Sample","North Carolina","property_crime","Jan - Mar 2026",101450,92775,-8.55101034992607,24390,22165,19393,-20.4879048790488,-12.5062034739454,4063221,25,"2026-05-18 11:01:22 EDT"
"Full Sample","North Carolina","rape","Jan - Mar 2026",1169,1028,-12.0615911035073,293,250,251,-14.3344709897611,0.4,4063221,25,"2026-05-18 11:01:22 EDT"
"Full Sample","North Carolina","robbery","Jan - Mar 2026",3082,2532,-17.845554834523,725,590,508,-29.9310344827586,-13.8983050847458,4063221,25,"2026-05-18 11:01:22 EDT"
"Full Sample","North Carolina","theft","Jan - Mar 2026",74105,69433,-6.30456784292558,17610,16296,14900,-15.388983532084,-8.56651939126166,4063221,25,"2026-05-18 11:01:22 EDT"
"Full Sample","North Carolina","violent_crime","Jan - Mar 2026",18221,15479,-15.0485703309368,4095,3557,3257,-20.4639804639805,-8.43407365757661,4063221,25,"2026-05-18 11:01:22 EDT"
"Full Sample","North Dakota","aggravated_assault","Jan - Mar 2026",706,681,-3.54107648725212,176,129,133,-24.4318181818182,3.10077519379845,270076,3,"2026-05-18 11:01:22 EDT"
"Full Sample","North Dakota","burglary","Jan - Mar 2026",1356,1180,-12.9793510324484,326,214,179,-45.0920245398773,-16.3551401869159,270076,3,"2026-05-18 11:01:22 EDT"
"Full Sample","North Dakota","motor_vehicle_theft","Jan - Mar 2026",772,769,-0.38860103626943,195,166,121,-37.9487179487179,-27.1084337349398,270076,3,"2026-05-18 11:01:22 EDT"
"Full Sample","North Dakota","murder","Jan - Mar 2026",10,4,-60,2,0,2,0,Inf,270076,3,"2026-05-18 11:01:22 EDT"
"Full Sample","North Dakota","property_crime","Jan - Mar 2026",8347,8189,-1.89289565113214,2010,1604,1299,-35.3731343283582,-19.0149625935162,270076,3,"2026-05-18 11:01:22 EDT"
"Full Sample","North Dakota","rape","Jan - Mar 2026",220,188,-14.5454545454545,63,41,37,-41.2698412698413,-9.75609756097561,270076,3,"2026-05-18 11:01:22 EDT"
"Full Sample","North Dakota","robbery","Jan - Mar 2026",164,130,-20.7317073170732,24,20,26,8.33333333333333,30,270076,3,"2026-05-18 11:01:22 EDT"
"Full Sample","North Dakota","theft","Jan - Mar 2026",6219,6240,0.337674867342016,1489,1224,999,-32.9079919408999,-18.3823529411765,270076,3,"2026-05-18 11:01:22 EDT"
"Full Sample","North Dakota","violent_crime","Jan - Mar 2026",1100,1003,-8.81818181818182,265,190,198,-25.2830188679245,4.21052631578947,270076,3,"2026-05-18 11:01:22 EDT"
"Full Sample","Ohio","aggravated_assault","Jan - Mar 2026",6975,6046,-13.3189964157706,1395,1180,1420,1.7921146953405,20.3389830508475,1921244,12,"2026-05-18 11:01:22 EDT"
"Full Sample","Ohio","burglary","Jan - Mar 2026",8085,7747,-4.18058132343847,1928,1721,1591,-17.4792531120332,-7.55374782103428,1921244,12,"2026-05-18 11:01:22 EDT"
"Full Sample","Ohio","motor_vehicle_theft","Jan - Mar 2026",11017,9782,-11.2099482617773,2512,2326,2058,-18.0732484076433,-11.5219260533104,1921244,12,"2026-05-18 11:01:22 EDT"
"Full Sample","Ohio","murder","Jan - Mar 2026",240,190,-20.8333333333333,48,36,30,-37.5,-16.6666666666667,1921244,12,"2026-05-18 11:01:22 EDT"
"Full Sample","Ohio","property_crime","Jan - Mar 2026",53988,52248,-3.22293843076239,12530,11927,10843,-13.463687150838,-9.08862245325732,1921244,12,"2026-05-18 11:01:22 EDT"
"Full Sample","Ohio","rape","Jan - Mar 2026",1751,1534,-12.3929183323815,418,386,290,-30.622009569378,-24.8704663212435,1921244,12,"2026-05-18 11:01:22 EDT"
"Full Sample","Ohio","robbery","Jan - Mar 2026",2180,2021,-7.29357798165138,452,430,364,-19.4690265486726,-15.3488372093023,1921244,12,"2026-05-18 11:01:22 EDT"
"Full Sample","Ohio","theft","Jan - Mar 2026",34886,34719,-0.478702058132202,8090,7880,7194,-11.0754017305315,-8.70558375634518,1921244,12,"2026-05-18 11:01:22 EDT"
"Full Sample","Ohio","violent_crime","Jan - Mar 2026",11146,9791,-12.156827561457,2313,2032,2104,-9.0358841331604,3.54330708661417,1921244,12,"2026-05-18 11:01:22 EDT"
"Full Sample","Oklahoma","aggravated_assault","Jan - Mar 2026",7284,7082,-2.77320153761669,1619,1562,1557,-3.8295243977764,-0.320102432778489,1312353,7,"2026-05-18 11:01:22 EDT"
"Full Sample","Oklahoma","burglary","Jan - Mar 2026",8245,7313,-11.3038204972711,1884,1709,1572,-16.5605095541401,-8.0163838502048,1312353,7,"2026-05-18 11:01:22 EDT"
"Full Sample","Oklahoma","motor_vehicle_theft","Jan - Mar 2026",5060,4286,-15.296442687747,1300,955,795,-38.8461538461538,-16.7539267015707,1312353,7,"2026-05-18 11:01:22 EDT"
"Full Sample","Oklahoma","murder","Jan - Mar 2026",125,107,-14.4,30,26,26,-13.3333333333333,0,1312353,7,"2026-05-18 11:01:22 EDT"
"Full Sample","Oklahoma","property_crime","Jan - Mar 2026",41767,38983,-6.66554935714799,9934,9063,8451,-14.9285282866922,-6.75273088381331,1312353,7,"2026-05-18 11:01:22 EDT"
"Full Sample","Oklahoma","rape","Jan - Mar 2026",1164,1156,-0.687285223367698,270,230,230,-14.8148148148148,0,1312353,7,"2026-05-18 11:01:22 EDT"
"Full Sample","Oklahoma","robbery","Jan - Mar 2026",1181,1022,-13.46316680779,252,229,248,-1.58730158730159,8.29694323144105,1312353,7,"2026-05-18 11:01:22 EDT"
"Full Sample","Oklahoma","theft","Jan - Mar 2026",28462,27384,-3.78750614854894,6750,6399,6084,-9.86666666666667,-4.92264416315049,1312353,7,"2026-05-18 11:01:22 EDT"
"Full Sample","Oklahoma","violent_crime","Jan - Mar 2026",9754,9367,-3.96760303465245,2171,2047,2061,-5.06678949792722,0.683927699071812,1312353,7,"2026-05-18 11:01:22 EDT"
"Full Sample","Oregon","aggravated_assault","Jan - Mar 2026",5171,5099,-1.3923805840263,1148,1134,1050,-8.53658536585366,-7.40740740740741,1678670,10,"2026-05-18 11:01:22 EDT"
"Full Sample","Oregon","burglary","Jan - Mar 2026",7643,6186,-19.0631950804658,1842,1652,1240,-32.6818675352877,-24.9394673123487,1678670,10,"2026-05-18 11:01:22 EDT"
"Full Sample","Oregon","motor_vehicle_theft","Jan - Mar 2026",8406,6087,-27.587437544611,2226,1573,1339,-39.8472596585804,-14.8760330578512,1678670,10,"2026-05-18 11:01:22 EDT"
"Full Sample","Oregon","murder","Jan - Mar 2026",90,72,-20,31,19,5,-83.8709677419355,-73.6842105263158,1678670,10,"2026-05-18 11:01:22 EDT"
"Full Sample","Oregon","property_crime","Jan - Mar 2026",60306,55480,-8.00252047889099,14721,13537,12864,-12.6146321581414,-4.97155942971116,1678670,10,"2026-05-18 11:01:22 EDT"
"Full Sample","Oregon","rape","Jan - Mar 2026",826,828,0.242130750605327,198,187,164,-17.1717171717172,-12.2994652406417,1678670,10,"2026-05-18 11:01:22 EDT"
"Full Sample","Oregon","robbery","Jan - Mar 2026",1732,1548,-10.6235565819861,398,405,333,-16.3316582914573,-17.7777777777778,1678670,10,"2026-05-18 11:01:22 EDT"
"Full Sample","Oregon","theft","Jan - Mar 2026",44257,43207,-2.37250604424159,10653,10312,10285,-3.45442598329109,-0.261830876648565,1678670,10,"2026-05-18 11:01:22 EDT"
"Full Sample","Oregon","violent_crime","Jan - Mar 2026",7819,7547,-3.47870571684359,1775,1745,1552,-12.5633802816901,-11.0601719197708,1678670,10,"2026-05-18 11:01:22 EDT"
"Full Sample","Pennsylvania","aggravated_assault","Jan - Mar 2026",11529,10751,-6.74820019082314,2594,2379,2183,-15.8442559753277,-8.23875577973939,2909352,17,"2026-05-18 11:01:22 EDT"
"Full Sample","Pennsylvania","burglary","Jan - Mar 2026",7156,6689,-6.52599217439911,1727,1622,1334,-22.7562246670527,-17.7558569667078,2909352,17,"2026-05-18 11:01:22 EDT"
"Full Sample","Pennsylvania","motor_vehicle_theft","Jan - Mar 2026",18756,18693,-0.335892514395393,4126,3873,3476,-15.7537566650509,-10.2504518461141,2909352,17,"2026-05-18 11:01:22 EDT"
"Full Sample","Pennsylvania","murder","Jan - Mar 2026",348,301,-13.5057471264368,91,68,33,-63.7362637362637,-51.4705882352941,2909352,17,"2026-05-18 11:01:22 EDT"
"Full Sample","Pennsylvania","property_crime","Jan - Mar 2026",97491,92900,-4.70915263973085,21739,20727,18353,-15.5756934541607,-11.4536594779756,2909352,17,"2026-05-18 11:01:22 EDT"
"Full Sample","Pennsylvania","rape","Jan - Mar 2026",1246,1208,-3.04975922953451,320,277,248,-22.5,-10.4693140794224,2909352,17,"2026-05-18 11:01:22 EDT"
"Full Sample","Pennsylvania","robbery","Jan - Mar 2026",5301,4509,-14.9405772495756,1193,1025,859,-27.9966471081308,-16.1951219512195,2909352,17,"2026-05-18 11:01:22 EDT"
"Full Sample","Pennsylvania","theft","Jan - Mar 2026",71579,67518,-5.67345171069727,15886,15232,13543,-14.7488354525998,-11.0884978991597,2909352,17,"2026-05-18 11:01:22 EDT"
"Full Sample","Pennsylvania","violent_crime","Jan - Mar 2026",18424,16769,-8.98284845853235,4198,3749,3323,-20.8432586946165,-11.363030141371,2909352,17,"2026-05-18 11:01:22 EDT"
"Full Sample","Rhode Island","aggravated_assault","Jan - Mar 2026",238,196,-17.6470588235294,61,37,43,-29.5081967213115,16.2162162162162,244512,3,"2026-05-18 11:01:22 EDT"
"Full Sample","Rhode Island","burglary","Jan - Mar 2026",301,250,-16.9435215946844,64,52,39,-39.0625,-25,244512,3,"2026-05-18 11:01:22 EDT"
"Full Sample","Rhode Island","motor_vehicle_theft","Jan - Mar 2026",341,283,-17.0087976539589,96,63,53,-44.7916666666667,-15.8730158730159,244512,3,"2026-05-18 11:01:22 EDT"
"Full Sample","Rhode Island","murder","Jan - Mar 2026",6,4,-33.3333333333333,3,0,4,33.3333333333333,Inf,244512,3,"2026-05-18 11:01:22 EDT"
"Full Sample","Rhode Island","property_crime","Jan - Mar 2026",3049,2481,-18.629058707773,662,601,524,-20.8459214501511,-12.8119800332779,244512,3,"2026-05-18 11:01:22 EDT"
"Full Sample","Rhode Island","rape","Jan - Mar 2026",75,75,0,13,17,22,69.2307692307692,29.4117647058824,244512,3,"2026-05-18 11:01:22 EDT"
"Full Sample","Rhode Island","robbery","Jan - Mar 2026",65,51,-21.5384615384615,18,14,9,-50,-35.7142857142857,244512,3,"2026-05-18 11:01:22 EDT"
"Full Sample","Rhode Island","theft","Jan - Mar 2026",2407,1948,-19.0693809721645,502,486,432,-13.9442231075697,-11.1111111111111,244512,3,"2026-05-18 11:01:22 EDT"
"Full Sample","Rhode Island","violent_crime","Jan - Mar 2026",384,326,-15.1041666666667,95,68,78,-17.8947368421053,14.7058823529412,244512,3,"2026-05-18 11:01:22 EDT"
"Full Sample","South Carolina","aggravated_assault","Jan - Mar 2026",4608,3910,-15.1475694444444,1008,959,859,-14.781746031746,-10.4275286757039,1682644,11,"2026-05-18 11:01:22 EDT"
"Full Sample","South Carolina","burglary","Jan - Mar 2026",4423,3577,-19.1272891702464,1065,916,739,-30.6103286384977,-19.3231441048035,1682644,11,"2026-05-18 11:01:22 EDT"
"Full Sample","South Carolina","motor_vehicle_theft","Jan - Mar 2026",3242,2247,-30.6909315237508,817,557,485,-40.6364749082007,-12.9263913824057,1682644,11,"2026-05-18 11:01:22 EDT"
"Full Sample","South Carolina","murder","Jan - Mar 2026",95,82,-13.6842105263158,19,25,22,15.7894736842105,-12,1682644,11,"2026-05-18 11:01:22 EDT"
"Full Sample","South Carolina","property_crime","Jan - Mar 2026",29598,23643,-20.1196026758565,7049,5793,4948,-29.8056461909491,-14.5865699982738,1682644,11,"2026-05-18 11:01:22 EDT"
"Full Sample","South Carolina","rape","Jan - Mar 2026",579,513,-11.3989637305699,141,145,87,-38.2978723404255,-40,1682644,11,"2026-05-18 11:01:22 EDT"
"Full Sample","South Carolina","robbery","Jan - Mar 2026",469,361,-23.0277185501066,118,86,60,-49.1525423728814,-30.2325581395349,1682644,11,"2026-05-18 11:01:22 EDT"
"Full Sample","South Carolina","theft","Jan - Mar 2026",21933,17819,-18.7571239684494,5167,4320,3724,-27.927230501258,-13.7962962962963,1682644,11,"2026-05-18 11:01:22 EDT"
"Full Sample","South Carolina","violent_crime","Jan - Mar 2026",5751,4866,-15.3886280646844,1286,1215,1028,-20.0622083981337,-15.3909465020576,1682644,11,"2026-05-18 11:01:22 EDT"
"Full Sample","Tennessee","aggravated_assault","Jan - Mar 2026",25852,20811,-19.4994584558255,5603,5165,4216,-24.7545957522756,-18.3736689254598,3290104,19,"2026-05-18 11:01:22 EDT"
"Full Sample","Tennessee","burglary","Jan - Mar 2026",12147,10328,-14.9748909195686,2934,2500,2017,-31.2542603953647,-19.32,3290104,19,"2026-05-18 11:01:22 EDT"
"Full Sample","Tennessee","motor_vehicle_theft","Jan - Mar 2026",19976,12996,-34.9419303163797,5333,3822,1817,-65.9291205700356,-52.4594453165882,3290104,19,"2026-05-18 11:01:22 EDT"
"Full Sample","Tennessee","murder","Jan - Mar 2026",456,341,-25.219298245614,104,98,73,-29.8076923076923,-25.5102040816327,3290104,19,"2026-05-18 11:01:22 EDT"
"Full Sample","Tennessee","property_crime","Jan - Mar 2026",110769,87351,-21.1412940443626,26333,22699,15578,-40.8422891429005,-31.3714260540112,3290104,19,"2026-05-18 11:01:22 EDT"
"Full Sample","Tennessee","rape","Jan - Mar 2026",1777,1640,-7.70962296004502,425,379,331,-22.1176470588235,-12.664907651715,3290104,19,"2026-05-18 11:01:22 EDT"
"Full Sample","Tennessee","robbery","Jan - Mar 2026",3957,2781,-29.7194844579227,904,764,466,-48.4513274336283,-39.0052356020942,3290104,19,"2026-05-18 11:01:22 EDT"
"Full Sample","Tennessee","theft","Jan - Mar 2026",78646,64027,-18.5883579584467,18066,16377,11744,-34.993911214436,-28.2896745435672,3290104,19,"2026-05-18 11:01:22 EDT"
"Full Sample","Tennessee","violent_crime","Jan - Mar 2026",32042,25573,-20.1891267711129,7036,6406,5086,-27.7146105741899,-20.6056821729628,3290104,19,"2026-05-18 11:01:22 EDT"
"Full Sample","Texas","aggravated_assault","Jan - Mar 2026",59016,52207,-11.5375491392165,13459,12452,11572,-14.0203581246749,-7.06713780918728,18969105,78,"2026-05-18 11:01:22 EDT"
"Full Sample","Texas","burglary","Jan - Mar 2026",60195,53064,-11.8464988786444,14911,13257,11317,-24.1030111997854,-14.6337783812326,18969105,78,"2026-05-18 11:01:22 EDT"
"Full Sample","Texas","motor_vehicle_theft","Jan - Mar 2026",80794,60330,-25.3286135109043,22818,15970,12462,-45.3852221930055,-21.9661865998748,18969105,78,"2026-05-18 11:01:22 EDT"
"Full Sample","Texas","murder","Jan - Mar 2026",1194,1059,-11.3065326633166,279,254,208,-25.4480286738351,-18.1102362204724,18969105,78,"2026-05-18 11:01:22 EDT"
"Full Sample","Texas","property_crime","Jan - Mar 2026",458513,405704,-11.5174487964354,116003,100709,88285,-23.8942096325095,-12.3365339741235,18969105,78,"2026-05-18 11:01:22 EDT"
"Full Sample","Texas","rape","Jan - Mar 2026",10092,9202,-8.81886642885454,2383,2287,2031,-14.771296684851,-11.1937035417578,18969105,78,"2026-05-18 11:01:22 EDT"
"Full Sample","Texas","robbery","Jan - Mar 2026",16370,13468,-17.7275503970678,4033,3460,2639,-34.5648400694272,-23.728323699422,18969105,78,"2026-05-18 11:01:22 EDT"
"Full Sample","Texas","theft","Jan - Mar 2026",317524,292310,-7.94081707209534,78274,71482,64506,-17.5894933183433,-9.75910019305559,18969105,78,"2026-05-18 11:01:22 EDT"
"Full Sample","Texas","violent_crime","Jan - Mar 2026",86672,75936,-12.3869300350748,20154,18453,16450,-18.3784856604148,-10.8546035874925,18969105,78,"2026-05-18 11:01:22 EDT"
"Full Sample","Utah","aggravated_assault","Jan - Mar 2026",1398,1320,-5.5793991416309,321,294,288,-10.2803738317757,-2.04081632653061,867339,10,"2026-05-18 11:01:22 EDT"
"Full Sample","Utah","burglary","Jan - Mar 2026",1147,931,-18.8317349607672,237,202,185,-21.9409282700422,-8.41584158415842,867339,10,"2026-05-18 11:01:22 EDT"
"Full Sample","Utah","motor_vehicle_theft","Jan - Mar 2026",993,916,-7.75427995971803,227,214,191,-15.8590308370044,-10.7476635514019,867339,10,"2026-05-18 11:01:22 EDT"
"Full Sample","Utah","murder","Jan - Mar 2026",16,25,56.25,1,6,3,200,-50,867339,10,"2026-05-18 11:01:22 EDT"
"Full Sample","Utah","property_crime","Jan - Mar 2026",11474,10576,-7.82639009935506,2678,2458,2409,-10.0448095593727,-1.99349064279902,867339,10,"2026-05-18 11:01:22 EDT"
"Full Sample","Utah","rape","Jan - Mar 2026",531,528,-0.564971751412429,114,129,131,14.9122807017544,1.55038759689922,867339,10,"2026-05-18 11:01:22 EDT"
"Full Sample","Utah","robbery","Jan - Mar 2026",241,200,-17.0124481327801,58,41,36,-37.9310344827586,-12.1951219512195,867339,10,"2026-05-18 11:01:22 EDT"
"Full Sample","Utah","theft","Jan - Mar 2026",9334,8729,-6.48167988000857,2214,2042,2033,-8.17524841915086,-0.440744368266406,867339,10,"2026-05-18 11:01:22 EDT"
"Full Sample","Utah","violent_crime","Jan - Mar 2026",2186,2073,-5.16925892040256,494,470,458,-7.28744939271255,-2.5531914893617,867339,10,"2026-05-18 11:01:22 EDT"
"Full Sample","Virginia","aggravated_assault","Jan - Mar 2026",3347,3347,0,736,757,710,-3.53260869565217,-6.20871862615588,1809102,9,"2026-05-18 11:01:22 EDT"
"Full Sample","Virginia","burglary","Jan - Mar 2026",2735,2144,-21.6087751371115,652,512,490,-24.8466257668712,-4.296875,1809102,9,"2026-05-18 11:01:22 EDT"
"Full Sample","Virginia","motor_vehicle_theft","Jan - Mar 2026",3971,2697,-32.0825988416016,1069,597,530,-50.4209541627689,-11.2227805695142,1809102,9,"2026-05-18 11:01:22 EDT"
"Full Sample","Virginia","murder","Jan - Mar 2026",141,109,-22.6950354609929,41,31,20,-51.219512195122,-35.4838709677419,1809102,9,"2026-05-18 11:01:22 EDT"
"Full Sample","Virginia","property_crime","Jan - Mar 2026",38305,32604,-14.8831745202976,8970,7765,6930,-22.742474916388,-10.7533805537669,1809102,9,"2026-05-18 11:01:22 EDT"
"Full Sample","Virginia","rape","Jan - Mar 2026",491,411,-16.2932790224033,113,97,77,-31.858407079646,-20.6185567010309,1809102,9,"2026-05-18 11:01:22 EDT"
"Full Sample","Virginia","robbery","Jan - Mar 2026",1075,920,-14.4186046511628,245,239,160,-34.6938775510204,-33.0543933054393,1809102,9,"2026-05-18 11:01:22 EDT"
"Full Sample","Virginia","theft","Jan - Mar 2026",31599,27763,-12.1396246716668,7249,6656,5910,-18.471513312181,-11.2079326923077,1809102,9,"2026-05-18 11:01:22 EDT"
"Full Sample","Virginia","violent_crime","Jan - Mar 2026",5054,4787,-5.28294420261179,1135,1124,967,-14.8017621145374,-13.9679715302491,1809102,9,"2026-05-18 11:01:22 EDT"
"Full Sample","Washington","aggravated_assault","Jan - Mar 2026",3550,3465,-2.3943661971831,828,740,759,-8.33333333333333,2.56756756756757,1030363,4,"2026-05-18 11:01:22 EDT"
"Full Sample","Washington","burglary","Jan - Mar 2026",9590,8370,-12.7215849843587,2307,1959,2050,-11.1400086692674,4.64522715671261,1030363,4,"2026-05-18 11:01:22 EDT"
"Full Sample","Washington","motor_vehicle_theft","Jan - Mar 2026",8045,6296,-21.7402113113735,1981,1425,1280,-35.3861686017163,-10.1754385964912,1030363,4,"2026-05-18 11:01:22 EDT"
"Full Sample","Washington","murder","Jan - Mar 2026",61,36,-40.9836065573771,12,8,5,-58.3333333333333,-37.5,1030363,4,"2026-05-18 11:01:22 EDT"
"Full Sample","Washington","property_crime","Jan - Mar 2026",48012,43695,-8.99150212446888,10796,9961,9731,-9.86476472767692,-2.30900511996787,1030363,4,"2026-05-18 11:01:22 EDT"
"Full Sample","Washington","rape","Jan - Mar 2026",422,477,13.0331753554502,96,106,111,15.625,4.71698113207547,1030363,4,"2026-05-18 11:01:22 EDT"
"Full Sample","Washington","robbery","Jan - Mar 2026",1832,1556,-15.0655021834061,433,329,348,-19.6304849884527,5.77507598784195,1030363,4,"2026-05-18 11:01:22 EDT"
"Full Sample","Washington","theft","Jan - Mar 2026",30377,29029,-4.437567896764,6508,6577,6401,-1.64413030116779,-2.67599209365972,1030363,4,"2026-05-18 11:01:22 EDT"
"Full Sample","Washington","violent_crime","Jan - Mar 2026",5865,5534,-5.64364876385337,1369,1183,1223,-10.6647187728269,3.38123415046492,1030363,4,"2026-05-18 11:01:22 EDT"
"Full Sample","Wisconsin","aggravated_assault","Jan - Mar 2026",1985,1839,-7.3551637279597,434,367,445,2.53456221198157,21.2534059945504,945484,10,"2026-05-18 11:01:22 EDT"
"Full Sample","Wisconsin","burglary","Jan - Mar 2026",1510,1327,-12.1192052980132,372,284,253,-31.989247311828,-10.9154929577465,945484,10,"2026-05-18 11:01:22 EDT"
"Full Sample","Wisconsin","motor_vehicle_theft","Jan - Mar 2026",1207,993,-17.7299088649544,278,217,249,-10.431654676259,14.7465437788018,945484,10,"2026-05-18 11:01:22 EDT"
"Full Sample","Wisconsin","murder","Jan - Mar 2026",28,21,-25,3,6,6,100,0,945484,10,"2026-05-18 11:01:22 EDT"
"Full Sample","Wisconsin","property_crime","Jan - Mar 2026",16238,15003,-7.60561645522848,3669,3215,3044,-17.0346143363314,-5.31881804043546,945484,10,"2026-05-18 11:01:22 EDT"
"Full Sample","Wisconsin","rape","Jan - Mar 2026",472,443,-6.14406779661017,116,104,93,-19.8275862068966,-10.5769230769231,945484,10,"2026-05-18 11:01:22 EDT"
"Full Sample","Wisconsin","robbery","Jan - Mar 2026",266,248,-6.76691729323308,51,54,46,-9.80392156862745,-14.8148148148148,945484,10,"2026-05-18 11:01:22 EDT"
"Full Sample","Wisconsin","theft","Jan - Mar 2026",13521,12683,-6.19776643739368,3019,2714,2542,-15.7999337528983,-6.33750921149595,945484,10,"2026-05-18 11:01:22 EDT"
"Full Sample","Wisconsin","violent_crime","Jan - Mar 2026",2751,2551,-7.27008360596147,604,531,590,-2.31788079470199,11.1111111111111,945484,10,"2026-05-18 11:01:22 EDT"
"Fullerton","California","aggravated_assault","Jan - Mar 2026",456,365,-19.9561403508772,100,130,74,-26,-43.0769230769231,137942,1,"2026-05-18 11:01:22 EDT"
"Fullerton","California","burglary","Jan - Mar 2026",454,332,-26.8722466960352,107,98,62,-42.0560747663551,-36.734693877551,137942,1,"2026-05-18 11:01:22 EDT"
"Fullerton","California","motor_vehicle_theft","Jan - Mar 2026",290,221,-23.7931034482759,68,52,47,-30.8823529411765,-9.61538461538462,137942,1,"2026-05-18 11:01:22 EDT"
"Fullerton","California","murder","Jan - Mar 2026",1,0,-100,0,0,1,Inf,Inf,137942,1,"2026-05-18 11:01:22 EDT"
"Fullerton","California","property_crime","Jan - Mar 2026",2795,2387,-14.5974955277281,659,686,495,-24.886191198786,-27.8425655976676,137942,1,"2026-05-18 11:01:22 EDT"
"Fullerton","California","rape","Jan - Mar 2026",46,63,36.9565217391304,16,17,13,-18.75,-23.5294117647059,137942,1,"2026-05-18 11:01:22 EDT"
"Fullerton","California","robbery","Jan - Mar 2026",125,100,-20,26,25,15,-42.3076923076923,-40,137942,1,"2026-05-18 11:01:22 EDT"
"Fullerton","California","theft","Jan - Mar 2026",2051,1834,-10.580204778157,484,536,386,-20.2479338842975,-27.9850746268657,137942,1,"2026-05-18 11:01:22 EDT"
"Fullerton","California","violent_crime","Jan - Mar 2026",628,528,-15.9235668789809,142,172,103,-27.4647887323944,-40.1162790697674,137942,1,"2026-05-18 11:01:22 EDT"
"Galveston","Texas","aggravated_assault","Jan - Mar 2026",145,121,-16.551724137931,42,28,27,-35.7142857142857,-3.57142857142857,53100,1,"2026-05-18 11:01:22 EDT"
"Galveston","Texas","burglary","Jan - Mar 2026",139,124,-10.7913669064748,29,18,24,-17.2413793103448,33.3333333333333,53100,1,"2026-05-18 11:01:22 EDT"
"Galveston","Texas","motor_vehicle_theft","Jan - Mar 2026",141,129,-8.51063829787234,33,24,20,-39.3939393939394,-16.6666666666667,53100,1,"2026-05-18 11:01:22 EDT"
"Galveston","Texas","murder","Jan - Mar 2026",3,8,166.666666666667,2,0,0,-100,NA,53100,1,"2026-05-18 11:01:22 EDT"
"Galveston","Texas","property_crime","Jan - Mar 2026",1263,1206,-4.51306413301663,268,253,244,-8.95522388059701,-3.55731225296443,53100,1,"2026-05-18 11:01:22 EDT"
"Galveston","Texas","rape","Jan - Mar 2026",81,89,9.87654320987654,14,15,22,57.1428571428571,46.6666666666667,53100,1,"2026-05-18 11:01:22 EDT"
"Galveston","Texas","robbery","Jan - Mar 2026",57,50,-12.280701754386,18,13,10,-44.4444444444444,-23.0769230769231,53100,1,"2026-05-18 11:01:22 EDT"
"Galveston","Texas","theft","Jan - Mar 2026",983,953,-3.05188199389624,206,211,200,-2.9126213592233,-5.21327014218009,53100,1,"2026-05-18 11:01:22 EDT"
"Galveston","Texas","violent_crime","Jan - Mar 2026",286,268,-6.29370629370629,76,56,59,-22.3684210526316,5.35714285714286,53100,1,"2026-05-18 11:01:22 EDT"
"Gardena","California","aggravated_assault","Jan - Mar 2026",272,244,-10.2941176470588,62,36,53,-14.5161290322581,47.2222222222222,57584,1,"2026-05-18 11:01:22 EDT"
"Gardena","California","burglary","Jan - Mar 2026",245,236,-3.6734693877551,63,48,35,-44.4444444444444,-27.0833333333333,57584,1,"2026-05-18 11:01:22 EDT"
"Gardena","California","motor_vehicle_theft","Jan - Mar 2026",519,391,-24.6628131021195,169,104,88,-47.9289940828402,-15.3846153846154,57584,1,"2026-05-18 11:01:22 EDT"
"Gardena","California","murder","Jan - Mar 2026",3,1,-66.6666666666667,1,1,0,-100,-100,57584,1,"2026-05-18 11:01:22 EDT"
"Gardena","California","property_crime","Jan - Mar 2026",1768,1747,-1.18778280542986,483,457,384,-20.4968944099379,-15.9737417943107,57584,1,"2026-05-18 11:01:22 EDT"
"Gardena","California","rape","Jan - Mar 2026",16,22,37.5,3,4,5,66.6666666666667,25,57584,1,"2026-05-18 11:01:22 EDT"
"Gardena","California","robbery","Jan - Mar 2026",116,93,-19.8275862068966,27,26,27,0,3.84615384615385,57584,1,"2026-05-18 11:01:22 EDT"
"Gardena","California","theft","Jan - Mar 2026",1004,1120,11.5537848605578,251,305,261,3.98406374501992,-14.4262295081967,57584,1,"2026-05-18 11:01:22 EDT"
"Gardena","California","violent_crime","Jan - Mar 2026",407,360,-11.5479115479115,93,67,85,-8.60215053763441,26.865671641791,57584,1,"2026-05-18 11:01:22 EDT"
"Garland","Texas","aggravated_assault","Jan - Mar 2026",347,262,-24.4956772334294,66,73,64,-3.03030303030303,-12.3287671232877,246096,1,"2026-05-18 11:01:22 EDT"
"Garland","Texas","burglary","Jan - Mar 2026",747,551,-26.2382864792503,176,144,98,-44.3181818181818,-31.9444444444444,246096,1,"2026-05-18 11:01:22 EDT"
"Garland","Texas","motor_vehicle_theft","Jan - Mar 2026",991,627,-36.7305751765893,266,142,167,-37.218045112782,17.6056338028169,246096,1,"2026-05-18 11:01:22 EDT"
"Garland","Texas","murder","Jan - Mar 2026",12,6,-50,5,3,1,-80,-66.6666666666667,246096,1,"2026-05-18 11:01:22 EDT"
"Garland","Texas","property_crime","Jan - Mar 2026",4910,4180,-14.867617107943,1259,1037,915,-27.3232724384432,-11.7647058823529,246096,1,"2026-05-18 11:01:22 EDT"
"Garland","Texas","rape","Jan - Mar 2026",71,80,12.6760563380282,9,23,18,100,-21.7391304347826,246096,1,"2026-05-18 11:01:22 EDT"
"Garland","Texas","robbery","Jan - Mar 2026",149,128,-14.0939597315436,31,34,19,-38.7096774193548,-44.1176470588235,246096,1,"2026-05-18 11:01:22 EDT"
"Garland","Texas","theft","Jan - Mar 2026",3172,3002,-5.359394703657,817,751,650,-20.4406364749082,-13.4487350199734,246096,1,"2026-05-18 11:01:22 EDT"
"Garland","Texas","violent_crime","Jan - Mar 2026",579,476,-17.7892918825561,111,133,102,-8.10810810810811,-23.3082706766917,246096,1,"2026-05-18 11:01:22 EDT"
"Gastonia","North Carolina","aggravated_assault","Jan - Mar 2026",580,636,9.6551724137931,114,164,145,27.1929824561404,-11.5853658536585,85112,1,"2026-05-18 11:01:22 EDT"
"Gastonia","North Carolina","burglary","Jan - Mar 2026",419,394,-5.96658711217184,100,110,80,-20,-27.2727272727273,85112,1,"2026-05-18 11:01:22 EDT"
"Gastonia","North Carolina","motor_vehicle_theft","Jan - Mar 2026",349,251,-28.080229226361,80,68,29,-63.75,-57.3529411764706,85112,1,"2026-05-18 11:01:22 EDT"
"Gastonia","North Carolina","murder","Jan - Mar 2026",4,5,25,1,2,1,0,-50,85112,1,"2026-05-18 11:01:22 EDT"
"Gastonia","North Carolina","property_crime","Jan - Mar 2026",3028,2502,-17.3712021136063,762,656,497,-34.7769028871391,-24.2378048780488,85112,1,"2026-05-18 11:01:22 EDT"
"Gastonia","North Carolina","rape","Jan - Mar 2026",31,34,9.67741935483871,7,6,8,14.2857142857143,33.3333333333333,85112,1,"2026-05-18 11:01:22 EDT"
"Gastonia","North Carolina","robbery","Jan - Mar 2026",105,80,-23.8095238095238,27,19,10,-62.962962962963,-47.3684210526316,85112,1,"2026-05-18 11:01:22 EDT"
"Gastonia","North Carolina","theft","Jan - Mar 2026",2260,1857,-17.8318584070796,582,478,388,-33.3333333333333,-18.8284518828452,85112,1,"2026-05-18 11:01:22 EDT"
"Gastonia","North Carolina","violent_crime","Jan - Mar 2026",720,755,4.86111111111111,149,191,164,10.0671140939597,-14.1361256544503,85112,1,"2026-05-18 11:01:22 EDT"
"Georgetown","Texas","aggravated_assault","Jan - Mar 2026",123,118,-4.0650406504065,27,23,21,-22.2222222222222,-8.69565217391304,89481,1,"2026-05-18 11:01:22 EDT"
"Georgetown","Texas","burglary","Jan - Mar 2026",202,137,-32.1782178217822,46,52,27,-41.304347826087,-48.0769230769231,89481,1,"2026-05-18 11:01:22 EDT"
"Georgetown","Texas","motor_vehicle_theft","Jan - Mar 2026",70,83,18.5714285714286,13,22,19,46.1538461538462,-13.6363636363636,89481,1,"2026-05-18 11:01:22 EDT"
"Georgetown","Texas","murder","Jan - Mar 2026",0,8,Inf,0,0,2,Inf,Inf,89481,1,"2026-05-18 11:01:22 EDT"
"Georgetown","Texas","property_crime","Jan - Mar 2026",1054,876,-16.888045540797,240,238,213,-11.25,-10.5042016806723,89481,1,"2026-05-18 11:01:22 EDT"
"Georgetown","Texas","rape","Jan - Mar 2026",43,36,-16.2790697674419,11,8,5,-54.5454545454545,-37.5,89481,1,"2026-05-18 11:01:22 EDT"
"Georgetown","Texas","robbery","Jan - Mar 2026",7,3,-57.1428571428571,0,2,3,Inf,50,89481,1,"2026-05-18 11:01:22 EDT"
"Georgetown","Texas","theft","Jan - Mar 2026",782,656,-16.1125319693095,181,164,167,-7.73480662983425,1.82926829268293,89481,1,"2026-05-18 11:01:22 EDT"
"Georgetown","Texas","violent_crime","Jan - Mar 2026",173,165,-4.6242774566474,38,33,31,-18.4210526315789,-6.06060606060606,89481,1,"2026-05-18 11:01:22 EDT"
"Gilbert","Arizona","aggravated_assault","Jan - Mar 2026",272,228,-16.1764705882353,61,71,55,-9.83606557377049,-22.5352112676056,277527,1,"2026-05-18 11:01:22 EDT"
"Gilbert","Arizona","burglary","Jan - Mar 2026",222,187,-15.7657657657658,58,39,26,-55.1724137931034,-33.3333333333333,277527,1,"2026-05-18 11:01:22 EDT"
"Gilbert","Arizona","motor_vehicle_theft","Jan - Mar 2026",173,175,1.15606936416185,49,43,30,-38.7755102040816,-30.2325581395349,277527,1,"2026-05-18 11:01:22 EDT"
"Gilbert","Arizona","murder","Jan - Mar 2026",1,9,800,0,0,2,Inf,Inf,277527,1,"2026-05-18 11:01:22 EDT"
"Gilbert","Arizona","property_crime","Jan - Mar 2026",2702,2545,-5.81051073279053,631,623,579,-8.24088748019017,-7.06260032102729,277527,1,"2026-05-18 11:01:22 EDT"
"Gilbert","Arizona","rape","Jan - Mar 2026",65,84,29.2307692307692,12,19,25,108.333333333333,31.5789473684211,277527,1,"2026-05-18 11:01:22 EDT"
"Gilbert","Arizona","robbery","Jan - Mar 2026",30,23,-23.3333333333333,11,9,7,-36.3636363636364,-22.2222222222222,277527,1,"2026-05-18 11:01:22 EDT"
"Gilbert","Arizona","theft","Jan - Mar 2026",2307,2183,-5.37494581707846,524,541,523,-0.190839694656489,-3.3271719038817,277527,1,"2026-05-18 11:01:22 EDT"
"Gilbert","Arizona","violent_crime","Jan - Mar 2026",368,344,-6.52173913043478,84,99,89,5.95238095238095,-10.1010101010101,277527,1,"2026-05-18 11:01:22 EDT"
"Gilroy","California","aggravated_assault","Jan - Mar 2026",167,165,-1.19760479041916,40,37,40,0,8.10810810810811,57877,1,"2026-05-18 11:01:22 EDT"
"Gilroy","California","burglary","Jan - Mar 2026",148,107,-27.7027027027027,31,25,23,-25.8064516129032,-8,57877,1,"2026-05-18 11:01:22 EDT"
"Gilroy","California","motor_vehicle_theft","Jan - Mar 2026",232,195,-15.948275862069,59,41,40,-32.2033898305085,-2.4390243902439,57877,1,"2026-05-18 11:01:22 EDT"
"Gilroy","California","murder","Jan - Mar 2026",0,0,NA,0,0,0,NA,NA,57877,1,"2026-05-18 11:01:22 EDT"
"Gilroy","California","property_crime","Jan - Mar 2026",1239,1158,-6.53753026634383,306,263,252,-17.6470588235294,-4.18250950570342,57877,1,"2026-05-18 11:01:22 EDT"
"Gilroy","California","rape","Jan - Mar 2026",32,26,-18.75,2,7,7,250,0,57877,1,"2026-05-18 11:01:22 EDT"
"Gilroy","California","robbery","Jan - Mar 2026",64,51,-20.3125,18,12,12,-33.3333333333333,0,57877,1,"2026-05-18 11:01:22 EDT"
"Gilroy","California","theft","Jan - Mar 2026",859,856,-0.349243306169965,216,197,189,-12.5,-4.06091370558376,57877,1,"2026-05-18 11:01:22 EDT"
"Gilroy","California","violent_crime","Jan - Mar 2026",263,242,-7.98479087452472,60,56,59,-1.66666666666667,5.35714285714286,57877,1,"2026-05-18 11:01:22 EDT"
"Glendale","Arizona","aggravated_assault","Jan - Mar 2026",912,825,-9.53947368421053,239,255,115,-51.8828451882845,-54.9019607843137,255512,1,"2026-05-18 11:01:22 EDT"
"Glendale","Arizona","burglary","Jan - Mar 2026",797,571,-28.3563362609787,187,156,102,-45.4545454545455,-34.6153846153846,255512,1,"2026-05-18 11:01:22 EDT"
"Glendale","Arizona","motor_vehicle_theft","Jan - Mar 2026",1120,810,-27.6785714285714,300,245,78,-74,-68.1632653061224,255512,1,"2026-05-18 11:01:22 EDT"
"Glendale","Arizona","murder","Jan - Mar 2026",20,10,-50,9,3,0,-100,-100,255512,1,"2026-05-18 11:01:22 EDT"
"Glendale","Arizona","property_crime","Jan - Mar 2026",0,0,NA,0,0,0,NA,NA,255512,1,"2026-05-18 11:01:22 EDT"
"Glendale","Arizona","rape","Jan - Mar 2026",150,151,0.666666666666667,33,45,20,-39.3939393939394,-55.5555555555556,255512,1,"2026-05-18 11:01:22 EDT"
"Glendale","Arizona","robbery","Jan - Mar 2026",167,150,-10.1796407185629,43,40,20,-53.4883720930233,-50,255512,1,"2026-05-18 11:01:22 EDT"
"Glendale","Arizona","theft","Jan - Mar 2026",4931,4674,-5.211924558913,1256,1211,661,-47.3726114649682,-45.4170107349298,255512,1,"2026-05-18 11:01:22 EDT"
"Glendale","Arizona","violent_crime","Jan - Mar 2026",0,0,NA,0,0,0,NA,NA,255512,1,"2026-05-18 11:01:22 EDT"
"Glendale","California","aggravated_assault","Jan - Mar 2026",321,269,-16.1993769470405,71,68,65,-8.45070422535211,-4.41176470588235,184180,1,"2026-05-18 11:01:22 EDT"
"Glendale","California","burglary","Jan - Mar 2026",376,317,-15.6914893617021,116,102,45,-61.2068965517241,-55.8823529411765,184180,1,"2026-05-18 11:01:22 EDT"
"Glendale","California","motor_vehicle_theft","Jan - Mar 2026",427,321,-24.824355971897,133,93,58,-56.390977443609,-37.6344086021505,184180,1,"2026-05-18 11:01:22 EDT"
"Glendale","California","murder","Jan - Mar 2026",4,1,-75,1,1,1,0,0,184180,1,"2026-05-18 11:01:22 EDT"
"Glendale","California","property_crime","Jan - Mar 2026",3742,3501,-6.44040619989311,1044,922,767,-26.5325670498084,-16.8112798264642,184180,1,"2026-05-18 11:01:22 EDT"
"Glendale","California","rape","Jan - Mar 2026",21,14,-33.3333333333333,4,3,4,0,33.3333333333333,184180,1,"2026-05-18 11:01:22 EDT"
"Glendale","California","robbery","Jan - Mar 2026",171,148,-13.4502923976608,32,37,25,-21.875,-32.4324324324324,184180,1,"2026-05-18 11:01:22 EDT"
"Glendale","California","theft","Jan - Mar 2026",2939,2863,-2.58591357604627,795,727,664,-16.4779874213836,-8.66574965612105,184180,1,"2026-05-18 11:01:22 EDT"
"Glendale","California","violent_crime","Jan - Mar 2026",517,432,-16.4410058027079,108,109,95,-12.037037037037,-12.8440366972477,184180,1,"2026-05-18 11:01:22 EDT"
"Goodyear","Arizona","aggravated_assault","Jan - Mar 2026",182,237,30.2197802197802,35,45,54,54.2857142857143,20,116892,1,"2026-05-18 11:01:22 EDT"
"Goodyear","Arizona","burglary","Jan - Mar 2026",162,186,14.8148148148148,40,38,32,-20,-15.7894736842105,116892,1,"2026-05-18 11:01:22 EDT"
"Goodyear","Arizona","motor_vehicle_theft","Jan - Mar 2026",186,123,-33.8709677419355,44,33,25,-43.1818181818182,-24.2424242424242,116892,1,"2026-05-18 11:01:22 EDT"
"Goodyear","Arizona","murder","Jan - Mar 2026",0,2,Inf,0,0,0,NA,NA,116892,1,"2026-05-18 11:01:22 EDT"
"Goodyear","Arizona","property_crime","Jan - Mar 2026",1716,1681,-2.03962703962704,393,451,328,-16.5394402035623,-27.2727272727273,116892,1,"2026-05-18 11:01:22 EDT"
"Goodyear","Arizona","rape","Jan - Mar 2026",17,28,64.7058823529412,6,7,10,66.6666666666667,42.8571428571429,116892,1,"2026-05-18 11:01:22 EDT"
"Goodyear","Arizona","robbery","Jan - Mar 2026",15,24,60,3,6,2,-33.3333333333333,-66.6666666666667,116892,1,"2026-05-18 11:01:22 EDT"
"Goodyear","Arizona","theft","Jan - Mar 2026",1368,1372,0.292397660818713,309,380,271,-12.2977346278317,-28.6842105263158,116892,1,"2026-05-18 11:01:22 EDT"
"Goodyear","Arizona","violent_crime","Jan - Mar 2026",214,291,35.981308411215,44,58,66,50,13.7931034482759,116892,1,"2026-05-18 11:01:22 EDT"
"Grand Forks","North Dakota","aggravated_assault","Jan - Mar 2026",150,114,-24,39,30,28,-28.2051282051282,-6.66666666666667,58848,1,"2026-05-18 11:01:22 EDT"
"Grand Forks","North Dakota","burglary","Jan - Mar 2026",154,106,-31.1688311688312,29,23,17,-41.3793103448276,-26.0869565217391,58848,1,"2026-05-18 11:01:22 EDT"
"Grand Forks","North Dakota","motor_vehicle_theft","Jan - Mar 2026",91,85,-6.59340659340659,24,20,18,-25,-10,58848,1,"2026-05-18 11:01:22 EDT"
"Grand Forks","North Dakota","murder","Jan - Mar 2026",3,0,-100,1,0,0,-100,NA,58848,1,"2026-05-18 11:01:22 EDT"
"Grand Forks","North Dakota","property_crime","Jan - Mar 2026",1370,1207,-11.8978102189781,299,265,224,-25.0836120401338,-15.4716981132075,58848,1,"2026-05-18 11:01:22 EDT"
"Grand Forks","North Dakota","rape","Jan - Mar 2026",47,31,-34.0425531914894,17,7,13,-23.5294117647059,85.7142857142857,58848,1,"2026-05-18 11:01:22 EDT"
"Grand Forks","North Dakota","robbery","Jan - Mar 2026",12,14,16.6666666666667,2,3,4,100,33.3333333333333,58848,1,"2026-05-18 11:01:22 EDT"
"Grand Forks","North Dakota","theft","Jan - Mar 2026",1125,1016,-9.68888888888889,246,222,189,-23.1707317073171,-14.8648648648649,58848,1,"2026-05-18 11:01:22 EDT"
"Grand Forks","North Dakota","violent_crime","Jan - Mar 2026",212,159,-25,59,40,45,-23.728813559322,12.5,58848,1,"2026-05-18 11:01:22 EDT"
"Grand Island","Nebraska","aggravated_assault","Jan - Mar 2026",138,154,11.5942028985507,28,36,27,-3.57142857142857,-25,52488,1,"2026-05-18 11:01:22 EDT"
"Grand Island","Nebraska","burglary","Jan - Mar 2026",122,110,-9.83606557377049,22,28,15,-31.8181818181818,-46.4285714285714,52488,1,"2026-05-18 11:01:22 EDT"
"Grand Island","Nebraska","motor_vehicle_theft","Jan - Mar 2026",52,81,55.7692307692308,17,30,9,-47.0588235294118,-70,52488,1,"2026-05-18 11:01:22 EDT"
"Grand Island","Nebraska","murder","Jan - Mar 2026",0,1,Inf,0,0,0,NA,NA,52488,1,"2026-05-18 11:01:22 EDT"
"Grand Island","Nebraska","property_crime","Jan - Mar 2026",911,912,0.109769484083425,221,215,186,-15.8371040723982,-13.4883720930233,52488,1,"2026-05-18 11:01:22 EDT"
"Grand Island","Nebraska","rape","Jan - Mar 2026",37,44,18.9189189189189,8,12,8,0,-33.3333333333333,52488,1,"2026-05-18 11:01:22 EDT"
"Grand Island","Nebraska","robbery","Jan - Mar 2026",17,8,-52.9411764705882,2,2,2,0,0,52488,1,"2026-05-18 11:01:22 EDT"
"Grand Island","Nebraska","theft","Jan - Mar 2026",737,721,-2.17096336499322,182,157,162,-10.989010989011,3.18471337579618,52488,1,"2026-05-18 11:01:22 EDT"
"Grand Island","Nebraska","violent_crime","Jan - Mar 2026",192,207,7.8125,38,50,37,-2.63157894736842,-26,52488,1,"2026-05-18 11:01:22 EDT"
"Grand Junction","Colorado","aggravated_assault","Jan - Mar 2026",291,294,1.03092783505155,52,73,70,34.6153846153846,-4.10958904109589,70686,1,"2026-05-18 11:01:22 EDT"
"Grand Junction","Colorado","burglary","Jan - Mar 2026",229,155,-32.3144104803493,67,39,32,-52.2388059701493,-17.9487179487179,70686,1,"2026-05-18 11:01:22 EDT"
"Grand Junction","Colorado","motor_vehicle_theft","Jan - Mar 2026",169,107,-36.6863905325444,39,30,23,-41.025641025641,-23.3333333333333,70686,1,"2026-05-18 11:01:22 EDT"
"Grand Junction","Colorado","murder","Jan - Mar 2026",3,0,-100,0,0,0,NA,NA,70686,1,"2026-05-18 11:01:22 EDT"
"Grand Junction","Colorado","property_crime","Jan - Mar 2026",2276,1712,-24.780316344464,501,455,441,-11.9760479041916,-3.07692307692308,70686,1,"2026-05-18 11:01:22 EDT"
"Grand Junction","Colorado","rape","Jan - Mar 2026",59,65,10.1694915254237,18,15,12,-33.3333333333333,-20,70686,1,"2026-05-18 11:01:22 EDT"
"Grand Junction","Colorado","robbery","Jan - Mar 2026",38,26,-31.5789473684211,13,3,5,-61.5384615384615,66.6666666666667,70686,1,"2026-05-18 11:01:22 EDT"
"Grand Junction","Colorado","theft","Jan - Mar 2026",1878,1450,-22.790202342918,395,386,386,-2.27848101265823,0,70686,1,"2026-05-18 11:01:22 EDT"
"Grand Junction","Colorado","violent_crime","Jan - Mar 2026",391,385,-1.53452685421995,83,91,87,4.81927710843374,-4.3956043956044,70686,1,"2026-05-18 11:01:22 EDT"
"Grand Prairie","Texas","aggravated_assault","Jan - Mar 2026",344,347,0.872093023255814,77,85,93,20.7792207792208,9.41176470588235,131219,1,"2026-05-18 11:01:22 EDT"
"Grand Prairie","Texas","burglary","Jan - Mar 2026",325,250,-23.0769230769231,89,51,33,-62.9213483146067,-35.2941176470588,131219,1,"2026-05-18 11:01:22 EDT"
"Grand Prairie","Texas","motor_vehicle_theft","Jan - Mar 2026",612,403,-34.1503267973856,148,93,85,-42.5675675675676,-8.60215053763441,131219,1,"2026-05-18 11:01:22 EDT"
"Grand Prairie","Texas","murder","Jan - Mar 2026",4,6,50,1,1,1,0,0,131219,1,"2026-05-18 11:01:22 EDT"
"Grand Prairie","Texas","property_crime","Jan - Mar 2026",3310,2777,-16.1027190332326,823,647,600,-27.0959902794654,-7.26429675425039,131219,1,"2026-05-18 11:01:22 EDT"
"Grand Prairie","Texas","rape","Jan - Mar 2026",41,45,9.75609756097561,8,9,12,50,33.3333333333333,131219,1,"2026-05-18 11:01:22 EDT"
"Grand Prairie","Texas","robbery","Jan - Mar 2026",53,28,-47.1698113207547,13,6,12,-7.69230769230769,100,131219,1,"2026-05-18 11:01:22 EDT"
"Grand Prairie","Texas","theft","Jan - Mar 2026",2373,2124,-10.4930467762326,586,503,482,-17.7474402730375,-4.17495029821074,131219,1,"2026-05-18 11:01:22 EDT"
"Grand Prairie","Texas","violent_crime","Jan - Mar 2026",442,426,-3.61990950226244,99,101,118,19.1919191919192,16.8316831683168,131219,1,"2026-05-18 11:01:22 EDT"
"Grand Rapids","Michigan","aggravated_assault","Jan - Mar 2026",1245,1421,14.136546184739,264,295,280,6.06060606060606,-5.08474576271187,195913,1,"2026-05-18 11:01:22 EDT"
"Grand Rapids","Michigan","burglary","Jan - Mar 2026",473,376,-20.507399577167,98,78,62,-36.734693877551,-20.5128205128205,195913,1,"2026-05-18 11:01:22 EDT"
"Grand Rapids","Michigan","motor_vehicle_theft","Jan - Mar 2026",706,513,-27.3371104815864,212,81,86,-59.4339622641509,6.17283950617284,195913,1,"2026-05-18 11:01:22 EDT"
"Grand Rapids","Michigan","murder","Jan - Mar 2026",12,13,8.33333333333333,0,2,5,Inf,150,195913,1,"2026-05-18 11:01:22 EDT"
"Grand Rapids","Michigan","property_crime","Jan - Mar 2026",4858,4641,-4.46685878962536,1083,886,865,-20.129270544783,-2.37020316027088,195913,1,"2026-05-18 11:01:22 EDT"
"Grand Rapids","Michigan","rape","Jan - Mar 2026",134,166,23.8805970149254,31,41,41,32.258064516129,0,195913,1,"2026-05-18 11:01:22 EDT"
"Grand Rapids","Michigan","robbery","Jan - Mar 2026",229,191,-16.5938864628821,44,36,27,-38.6363636363636,-25,195913,1,"2026-05-18 11:01:22 EDT"
"Grand Rapids","Michigan","theft","Jan - Mar 2026",3679,3752,1.98423484642566,773,727,717,-7.24450194049159,-1.37551581843191,195913,1,"2026-05-18 11:01:22 EDT"
"Grand Rapids","Michigan","violent_crime","Jan - Mar 2026",1620,1791,10.5555555555556,339,374,353,4.12979351032448,-5.61497326203209,195913,1,"2026-05-18 11:01:22 EDT"
"Grapevine","Texas","aggravated_assault","Jan - Mar 2026",69,59,-14.4927536231884,32,9,12,-62.5,33.3333333333333,50983,1,"2026-05-18 11:01:22 EDT"
"Grapevine","Texas","burglary","Jan - Mar 2026",72,60,-16.6666666666667,22,12,8,-63.6363636363636,-33.3333333333333,50983,1,"2026-05-18 11:01:22 EDT"
"Grapevine","Texas","motor_vehicle_theft","Jan - Mar 2026",197,125,-36.5482233502538,64,38,28,-56.25,-26.3157894736842,50983,1,"2026-05-18 11:01:22 EDT"
"Grapevine","Texas","murder","Jan - Mar 2026",1,0,-100,1,0,0,-100,NA,50983,1,"2026-05-18 11:01:22 EDT"
"Grapevine","Texas","property_crime","Jan - Mar 2026",1055,855,-18.957345971564,270,220,155,-42.5925925925926,-29.5454545454545,50983,1,"2026-05-18 11:01:22 EDT"
"Grapevine","Texas","rape","Jan - Mar 2026",17,15,-11.7647058823529,4,5,2,-50,-60,50983,1,"2026-05-18 11:01:22 EDT"
"Grapevine","Texas","robbery","Jan - Mar 2026",4,10,150,0,2,0,NA,-100,50983,1,"2026-05-18 11:01:22 EDT"
"Grapevine","Texas","theft","Jan - Mar 2026",786,670,-14.7582697201018,184,170,119,-35.3260869565217,-30,50983,1,"2026-05-18 11:01:22 EDT"
"Grapevine","Texas","violent_crime","Jan - Mar 2026",91,84,-7.69230769230769,37,16,14,-62.1621621621622,-12.5,50983,1,"2026-05-18 11:01:22 EDT"
"Great Falls","Montana","aggravated_assault","Jan - Mar 2026",265,305,15.0943396226415,51,93,48,-5.88235294117647,-48.3870967741936,60414,1,"2026-05-18 11:01:22 EDT"
"Great Falls","Montana","burglary","Jan - Mar 2026",240,203,-15.4166666666667,64,48,16,-75,-66.6666666666667,60414,1,"2026-05-18 11:01:22 EDT"
"Great Falls","Montana","motor_vehicle_theft","Jan - Mar 2026",132,136,3.03030303030303,31,26,18,-41.9354838709677,-30.7692307692308,60414,1,"2026-05-18 11:01:22 EDT"
"Great Falls","Montana","murder","Jan - Mar 2026",0,2,Inf,0,0,0,NA,NA,60414,1,"2026-05-18 11:01:22 EDT"
"Great Falls","Montana","property_crime","Jan - Mar 2026",2070,2179,5.26570048309179,494,390,418,-15.3846153846154,7.17948717948718,60414,1,"2026-05-18 11:01:22 EDT"
"Great Falls","Montana","rape","Jan - Mar 2026",54,46,-14.8148148148148,11,16,12,9.09090909090909,-25,60414,1,"2026-05-18 11:01:22 EDT"
"Great Falls","Montana","robbery","Jan - Mar 2026",28,19,-32.1428571428571,7,2,6,-14.2857142857143,200,60414,1,"2026-05-18 11:01:22 EDT"
"Great Falls","Montana","theft","Jan - Mar 2026",1698,1840,8.36277974087161,399,316,384,-3.7593984962406,21.5189873417722,60414,1,"2026-05-18 11:01:22 EDT"
"Great Falls","Montana","violent_crime","Jan - Mar 2026",347,372,7.20461095100865,69,111,66,-4.34782608695652,-40.5405405405405,60414,1,"2026-05-18 11:01:22 EDT"
"Greeley","Colorado","aggravated_assault","Jan - Jan 2026",647,589,-8.9644513137558,25,29,34,36,17.2413793103448,113757,1,"2026-05-18 11:01:22 EDT"
"Greeley","Colorado","burglary","Jan - Jan 2026",404,437,8.16831683168317,31,39,21,-32.258064516129,-46.1538461538462,113757,1,"2026-05-18 11:01:22 EDT"
"Greeley","Colorado","motor_vehicle_theft","Jan - Jan 2026",592,391,-33.9527027027027,53,56,23,-56.6037735849057,-58.9285714285714,113757,1,"2026-05-18 11:01:22 EDT"
"Greeley","Colorado","murder","Jan - Jan 2026",6,10,66.6666666666667,0,0,0,NA,NA,113757,1,"2026-05-18 11:01:22 EDT"
"Greeley","Colorado","property_crime","Jan - Jan 2026",0,0,NA,0,0,0,NA,NA,113757,1,"2026-05-18 11:01:22 EDT"
"Greeley","Colorado","rape","Jan - Jan 2026",52,62,19.2307692307692,5,4,2,-60,-50,113757,1,"2026-05-18 11:01:22 EDT"
"Greeley","Colorado","robbery","Jan - Jan 2026",74,68,-8.10810810810811,7,6,5,-28.5714285714286,-16.6666666666667,113757,1,"2026-05-18 11:01:22 EDT"
"Greeley","Colorado","theft","Jan - Jan 2026",2535,2605,2.76134122287968,174,207,139,-20.1149425287356,-32.8502415458937,113757,1,"2026-05-18 11:01:22 EDT"
"Greeley","Colorado","violent_crime","Jan - Jan 2026",0,0,NA,0,0,0,NA,NA,113757,1,"2026-05-18 11:01:22 EDT"
"Green Bay","Wisconsin","aggravated_assault","Jan - Mar 2026",430,361,-16.046511627907,96,64,147,53.125,129.6875,105240,1,"2026-05-18 11:01:22 EDT"
"Green Bay","Wisconsin","burglary","Jan - Mar 2026",116,91,-21.551724137931,27,22,26,-3.7037037037037,18.1818181818182,105240,1,"2026-05-18 11:01:22 EDT"
"Green Bay","Wisconsin","motor_vehicle_theft","Jan - Mar 2026",267,187,-29.9625468164794,73,39,45,-38.3561643835616,15.3846153846154,105240,1,"2026-05-18 11:01:22 EDT"
"Green Bay","Wisconsin","murder","Jan - Mar 2026",2,2,0,0,1,0,NA,-100,105240,1,"2026-05-18 11:01:22 EDT"
"Green Bay","Wisconsin","property_crime","Jan - Mar 2026",1393,1237,-11.1988513998564,329,258,269,-18.2370820668693,4.26356589147287,105240,1,"2026-05-18 11:01:22 EDT"
"Green Bay","Wisconsin","rape","Jan - Mar 2026",67,61,-8.95522388059701,21,8,19,-9.52380952380952,137.5,105240,1,"2026-05-18 11:01:22 EDT"
"Green Bay","Wisconsin","robbery","Jan - Mar 2026",28,32,14.2857142857143,3,4,4,33.3333333333333,0,105240,1,"2026-05-18 11:01:22 EDT"
"Green Bay","Wisconsin","theft","Jan - Mar 2026",1010,959,-5.04950495049505,229,197,198,-13.5371179039301,0.50761421319797,105240,1,"2026-05-18 11:01:22 EDT"
"Green Bay","Wisconsin","violent_crime","Jan - Mar 2026",527,456,-13.4724857685009,120,77,170,41.6666666666667,120.779220779221,105240,1,"2026-05-18 11:01:22 EDT"
"Green Township","Ohio","aggravated_assault","Jan - Mar 2026",49,55,12.2448979591837,7,14,7,0,-50,59277,1,"2026-05-18 11:01:22 EDT"
"Green Township","Ohio","burglary","Jan - Mar 2026",73,69,-5.47945205479452,14,16,22,57.1428571428571,37.5,59277,1,"2026-05-18 11:01:22 EDT"
"Green Township","Ohio","motor_vehicle_theft","Jan - Mar 2026",73,79,8.21917808219178,11,15,7,-36.3636363636364,-53.3333333333333,59277,1,"2026-05-18 11:01:22 EDT"
"Green Township","Ohio","murder","Jan - Mar 2026",1,0,-100,0,0,0,NA,NA,59277,1,"2026-05-18 11:01:22 EDT"
"Green Township","Ohio","property_crime","Jan - Mar 2026",754,864,14.5888594164456,173,187,194,12.1387283236994,3.74331550802139,59277,1,"2026-05-18 11:01:22 EDT"
"Green Township","Ohio","rape","Jan - Mar 2026",9,8,-11.1111111111111,0,2,2,Inf,0,59277,1,"2026-05-18 11:01:22 EDT"
"Green Township","Ohio","robbery","Jan - Mar 2026",15,17,13.3333333333333,2,7,2,0,-71.4285714285714,59277,1,"2026-05-18 11:01:22 EDT"
"Green Township","Ohio","theft","Jan - Mar 2026",608,716,17.7631578947368,148,156,165,11.4864864864865,5.76923076923077,59277,1,"2026-05-18 11:01:22 EDT"
"Green Township","Ohio","violent_crime","Jan - Mar 2026",74,80,8.10810810810811,9,23,11,22.2222222222222,-52.1739130434783,59277,1,"2026-05-18 11:01:22 EDT"
"Greenville","North Carolina","aggravated_assault","Jan - Mar 2026",341,354,3.81231671554252,53,59,71,33.9622641509434,20.3389830508475,90871,1,"2026-05-18 11:01:22 EDT"
"Greenville","North Carolina","burglary","Jan - Mar 2026",257,210,-18.2879377431907,54,43,50,-7.40740740740741,16.2790697674419,90871,1,"2026-05-18 11:01:22 EDT"
"Greenville","North Carolina","motor_vehicle_theft","Jan - Mar 2026",180,141,-21.6666666666667,29,27,33,13.7931034482759,22.2222222222222,90871,1,"2026-05-18 11:01:22 EDT"
"Greenville","North Carolina","murder","Jan - Mar 2026",9,8,-11.1111111111111,0,3,2,Inf,-33.3333333333333,90871,1,"2026-05-18 11:01:22 EDT"
"Greenville","North Carolina","property_crime","Jan - Mar 2026",2721,2351,-13.5979419331128,636,486,515,-19.0251572327044,5.96707818930041,90871,1,"2026-05-18 11:01:22 EDT"
"Greenville","North Carolina","rape","Jan - Mar 2026",19,22,15.7894736842105,7,2,7,0,250,90871,1,"2026-05-18 11:01:22 EDT"
"Greenville","North Carolina","robbery","Jan - Mar 2026",49,48,-2.04081632653061,13,12,10,-23.0769230769231,-16.6666666666667,90871,1,"2026-05-18 11:01:22 EDT"
"Greenville","North Carolina","theft","Jan - Mar 2026",2284,2000,-12.4343257443082,553,416,432,-21.880650994575,3.84615384615385,90871,1,"2026-05-18 11:01:22 EDT"
"Greenville","North Carolina","violent_crime","Jan - Mar 2026",418,432,3.34928229665072,73,76,90,23.2876712328767,18.4210526315789,90871,1,"2026-05-18 11:01:22 EDT"
"Greenville","South Carolina","aggravated_assault","Jan - Mar 2026",397,267,-32.7455919395466,69,58,70,1.44927536231884,20.6896551724138,73405,1,"2026-05-18 11:01:22 EDT"
"Greenville","South Carolina","burglary","Jan - Mar 2026",224,169,-24.5535714285714,48,38,46,-4.16666666666667,21.0526315789474,73405,1,"2026-05-18 11:01:22 EDT"
"Greenville","South Carolina","motor_vehicle_theft","Jan - Mar 2026",225,151,-32.8888888888889,44,36,27,-38.6363636363636,-25,73405,1,"2026-05-18 11:01:22 EDT"
"Greenville","South Carolina","murder","Jan - Mar 2026",7,2,-71.4285714285714,1,1,2,100,100,73405,1,"2026-05-18 11:01:22 EDT"
"Greenville","South Carolina","property_crime","Jan - Mar 2026",2552,2138,-16.2225705329154,562,527,413,-26.5124555160142,-21.6318785578748,73405,1,"2026-05-18 11:01:22 EDT"
"Greenville","South Carolina","rape","Jan - Mar 2026",24,31,29.1666666666667,6,3,4,-33.3333333333333,33.3333333333333,73405,1,"2026-05-18 11:01:22 EDT"
"Greenville","South Carolina","robbery","Jan - Mar 2026",47,49,4.25531914893617,3,16,9,200,-43.75,73405,1,"2026-05-18 11:01:22 EDT"
"Greenville","South Carolina","theft","Jan - Mar 2026",2103,1818,-13.5520684736091,470,453,340,-27.6595744680851,-24.9448123620309,73405,1,"2026-05-18 11:01:22 EDT"
"Greenville","South Carolina","violent_crime","Jan - Mar 2026",475,349,-26.5263157894737,79,78,85,7.59493670886076,8.97435897435897,73405,1,"2026-05-18 11:01:22 EDT"
"Greenville County","South Carolina","aggravated_assault","Jan - Mar 2026",1159,1003,-13.4598792062123,266,284,229,-13.9097744360902,-19.3661971830986,385553,1,"2026-05-18 11:01:22 EDT"
"Greenville County","South Carolina","burglary","Jan - Mar 2026",1047,807,-22.9226361031519,294,184,137,-53.4013605442177,-25.5434782608696,385553,1,"2026-05-18 11:01:22 EDT"
"Greenville County","South Carolina","motor_vehicle_theft","Jan - Mar 2026",738,369,-50,177,101,86,-51.4124293785311,-14.8514851485149,385553,1,"2026-05-18 11:01:22 EDT"
"Greenville County","South Carolina","murder","Jan - Mar 2026",24,19,-20.8333333333333,5,5,4,-20,-20,385553,1,"2026-05-18 11:01:22 EDT"
"Greenville County","South Carolina","property_crime","Jan - Mar 2026",7007,4737,-32.3961752533181,1675,1203,844,-49.6119402985075,-29.8420615128845,385553,1,"2026-05-18 11:01:22 EDT"
"Greenville County","South Carolina","rape","Jan - Mar 2026",162,141,-12.962962962963,55,37,18,-67.2727272727273,-51.3513513513513,385553,1,"2026-05-18 11:01:22 EDT"
"Greenville County","South Carolina","robbery","Jan - Mar 2026",140,91,-35,39,18,15,-61.5384615384615,-16.6666666666667,385553,1,"2026-05-18 11:01:22 EDT"
"Greenville County","South Carolina","theft","Jan - Mar 2026",5222,3561,-31.8077364994255,1204,918,621,-48.421926910299,-32.3529411764706,385553,1,"2026-05-18 11:01:22 EDT"
"Greenville County","South Carolina","violent_crime","Jan - Mar 2026",1485,1254,-15.5555555555556,365,344,266,-27.1232876712329,-22.6744186046512,385553,1,"2026-05-18 11:01:22 EDT"
"Greenwich","Connecticut","aggravated_assault","Jan - Jan 2026",0,4,Inf,0,0,0,NA,NA,63651,1,"2026-05-18 11:01:22 EDT"
"Greenwich","Connecticut","burglary","Jan - Jan 2026",59,26,-55.9322033898305,9,3,2,-77.7777777777778,-33.3333333333333,63651,1,"2026-05-18 11:01:22 EDT"
"Greenwich","Connecticut","motor_vehicle_theft","Jan - Jan 2026",85,77,-9.41176470588235,4,10,5,25,-50,63651,1,"2026-05-18 11:01:22 EDT"
"Greenwich","Connecticut","murder","Jan - Jan 2026",0,1,Inf,0,0,0,NA,NA,63651,1,"2026-05-18 11:01:22 EDT"
"Greenwich","Connecticut","property_crime","Jan - Jan 2026",0,0,NA,0,0,0,NA,NA,63651,1,"2026-05-18 11:01:22 EDT"
"Greenwich","Connecticut","rape","Jan - Jan 2026",3,2,-33.3333333333333,0,0,0,NA,NA,63651,1,"2026-05-18 11:01:22 EDT"
"Greenwich","Connecticut","robbery","Jan - Jan 2026",3,3,0,0,1,1,Inf,0,63651,1,"2026-05-18 11:01:22 EDT"
"Greenwich","Connecticut","theft","Jan - Jan 2026",417,331,-20.6235011990408,36,38,13,-63.8888888888889,-65.7894736842105,63651,1,"2026-05-18 11:01:22 EDT"
"Greenwich","Connecticut","violent_crime","Jan - Jan 2026",0,0,NA,0,0,0,NA,NA,63651,1,"2026-05-18 11:01:22 EDT"
"Greenwood","Indiana","aggravated_assault","Jan - Mar 2026",55,73,32.7272727272727,12,17,16,33.3333333333333,-5.88235294117647,67086,1,"2026-05-18 11:01:22 EDT"
"Greenwood","Indiana","burglary","Jan - Mar 2026",49,59,20.4081632653061,10,8,6,-40,-25,67086,1,"2026-05-18 11:01:22 EDT"
"Greenwood","Indiana","motor_vehicle_theft","Jan - Mar 2026",96,93,-3.125,27,18,16,-40.7407407407407,-11.1111111111111,67086,1,"2026-05-18 11:01:22 EDT"
"Greenwood","Indiana","murder","Jan - Mar 2026",1,5,400,0,0,0,NA,NA,67086,1,"2026-05-18 11:01:22 EDT"
"Greenwood","Indiana","property_crime","Jan - Mar 2026",1030,1174,13.9805825242718,290,250,230,-20.6896551724138,-8,67086,1,"2026-05-18 11:01:22 EDT"
"Greenwood","Indiana","rape","Jan - Mar 2026",4,6,50,2,1,2,0,100,67086,1,"2026-05-18 11:01:22 EDT"
"Greenwood","Indiana","robbery","Jan - Mar 2026",13,14,7.69230769230769,2,5,1,-50,-80,67086,1,"2026-05-18 11:01:22 EDT"
"Greenwood","Indiana","theft","Jan - Mar 2026",885,1022,15.4802259887006,253,224,208,-17.7865612648221,-7.14285714285714,67086,1,"2026-05-18 11:01:22 EDT"
"Greenwood","Indiana","violent_crime","Jan - Mar 2026",73,98,34.2465753424658,16,23,19,18.75,-17.3913043478261,67086,1,"2026-05-18 11:01:22 EDT"
"Gresham","Oregon","aggravated_assault","Jan - Mar 2026",262,217,-17.175572519084,62,54,53,-14.5161290322581,-1.85185185185185,109452,1,"2026-05-18 11:01:22 EDT"
"Gresham","Oregon","burglary","Jan - Mar 2026",355,294,-17.1830985915493,114,65,61,-46.4912280701754,-6.15384615384615,109452,1,"2026-05-18 11:01:22 EDT"
"Gresham","Oregon","motor_vehicle_theft","Jan - Mar 2026",701,450,-35.8059914407989,201,129,81,-59.7014925373134,-37.2093023255814,109452,1,"2026-05-18 11:01:22 EDT"
"Gresham","Oregon","murder","Jan - Mar 2026",6,9,50,3,4,1,-66.6666666666667,-75,109452,1,"2026-05-18 11:01:22 EDT"
"Gresham","Oregon","property_crime","Jan - Mar 2026",2741,2550,-6.96825975921197,813,582,590,-27.4292742927429,1.3745704467354,109452,1,"2026-05-18 11:01:22 EDT"
"Gresham","Oregon","rape","Jan - Mar 2026",64,50,-21.875,15,10,12,-20,20,109452,1,"2026-05-18 11:01:22 EDT"
"Gresham","Oregon","robbery","Jan - Mar 2026",93,93,0,31,31,15,-51.6129032258064,-51.6129032258064,109452,1,"2026-05-18 11:01:22 EDT"
"Gresham","Oregon","theft","Jan - Mar 2026",1685,1806,7.18100890207715,498,388,448,-10.0401606425703,15.4639175257732,109452,1,"2026-05-18 11:01:22 EDT"
"Gresham","Oregon","violent_crime","Jan - Mar 2026",425,369,-13.1764705882353,111,99,81,-27.027027027027,-18.1818181818182,109452,1,"2026-05-18 11:01:22 EDT"
"Guilford County","North Carolina","aggravated_assault","Jan - Mar 2026",229,148,-35.3711790393013,49,39,32,-34.6938775510204,-17.9487179487179,134375,1,"2026-05-18 11:01:22 EDT"
"Guilford County","North Carolina","burglary","Jan - Mar 2026",162,165,1.85185185185185,30,42,24,-20,-42.8571428571429,134375,1,"2026-05-18 11:01:22 EDT"
"Guilford County","North Carolina","motor_vehicle_theft","Jan - Mar 2026",118,120,1.69491525423729,25,23,28,12,21.7391304347826,134375,1,"2026-05-18 11:01:22 EDT"
"Guilford County","North Carolina","murder","Jan - Mar 2026",6,5,-16.6666666666667,0,1,1,Inf,0,134375,1,"2026-05-18 11:01:22 EDT"
"Guilford County","North Carolina","property_crime","Jan - Mar 2026",840,849,1.07142857142857,200,192,156,-22,-18.75,134375,1,"2026-05-18 11:01:22 EDT"
"Guilford County","North Carolina","rape","Jan - Mar 2026",30,13,-56.6666666666667,6,4,2,-66.6666666666667,-50,134375,1,"2026-05-18 11:01:22 EDT"
"Guilford County","North Carolina","robbery","Jan - Mar 2026",30,37,23.3333333333333,8,8,5,-37.5,-37.5,134375,1,"2026-05-18 11:01:22 EDT"
"Guilford County","North Carolina","theft","Jan - Mar 2026",560,564,0.714285714285714,145,127,104,-28.2758620689655,-18.1102362204724,134375,1,"2026-05-18 11:01:22 EDT"
"Guilford County","North Carolina","violent_crime","Jan - Mar 2026",295,203,-31.1864406779661,63,52,40,-36.5079365079365,-23.0769230769231,134375,1,"2026-05-18 11:01:22 EDT"
"Hall County","Georgia","aggravated_assault","Jan - Mar 2026",226,235,3.98230088495575,37,55,43,16.2162162162162,-21.8181818181818,150860,1,"2026-05-18 11:01:22 EDT"
"Hall County","Georgia","burglary","Jan - Mar 2026",148,106,-28.3783783783784,42,27,34,-19.047619047619,25.9259259259259,150860,1,"2026-05-18 11:01:22 EDT"
"Hall County","Georgia","motor_vehicle_theft","Jan - Mar 2026",98,92,-6.12244897959184,30,16,21,-30,31.25,150860,1,"2026-05-18 11:01:22 EDT"
"Hall County","Georgia","murder","Jan - Mar 2026",2,4,100,0,1,2,Inf,100,150860,1,"2026-05-18 11:01:22 EDT"
"Hall County","Georgia","property_crime","Jan - Mar 2026",1144,1066,-6.81818181818182,294,248,248,-15.6462585034014,0,150860,1,"2026-05-18 11:01:22 EDT"
"Hall County","Georgia","rape","Jan - Mar 2026",45,51,13.3333333333333,9,5,9,0,80,150860,1,"2026-05-18 11:01:22 EDT"
"Hall County","Georgia","robbery","Jan - Mar 2026",17,9,-47.0588235294118,3,2,2,-33.3333333333333,0,150860,1,"2026-05-18 11:01:22 EDT"
"Hall County","Georgia","theft","Jan - Mar 2026",898,868,-3.34075723830735,222,205,193,-13.0630630630631,-5.85365853658537,150860,1,"2026-05-18 11:01:22 EDT"
"Hall County","Georgia","violent_crime","Jan - Mar 2026",290,299,3.10344827586207,49,63,56,14.2857142857143,-11.1111111111111,150860,1,"2026-05-18 11:01:22 EDT"
"Hamilton","Ohio","aggravated_assault","Jan - Mar 2026",136,132,-2.94117647058824,29,22,58,100,163.636363636364,62860,1,"2026-05-18 11:01:22 EDT"
"Hamilton","Ohio","burglary","Jan - Mar 2026",206,131,-36.4077669902913,42,31,35,-16.6666666666667,12.9032258064516,62860,1,"2026-05-18 11:01:22 EDT"
"Hamilton","Ohio","motor_vehicle_theft","Jan - Mar 2026",137,126,-8.02919708029197,31,19,38,22.5806451612903,100,62860,1,"2026-05-18 11:01:22 EDT"
"Hamilton","Ohio","murder","Jan - Mar 2026",2,2,0,0,0,0,NA,NA,62860,1,"2026-05-18 11:01:22 EDT"
"Hamilton","Ohio","property_crime","Jan - Mar 2026",1389,1689,21.5982721382289,273,313,458,67.7655677655678,46.3258785942492,62860,1,"2026-05-18 11:01:22 EDT"
"Hamilton","Ohio","rape","Jan - Mar 2026",34,46,35.2941176470588,9,8,6,-33.3333333333333,-25,62860,1,"2026-05-18 11:01:22 EDT"
"Hamilton","Ohio","robbery","Jan - Mar 2026",27,28,3.7037037037037,6,5,7,16.6666666666667,40,62860,1,"2026-05-18 11:01:22 EDT"
"Hamilton","Ohio","theft","Jan - Mar 2026",1046,1432,36.9024856596558,200,263,385,92.5,46.3878326996198,62860,1,"2026-05-18 11:01:22 EDT"
"Hamilton","Ohio","violent_crime","Jan - Mar 2026",199,208,4.52261306532663,44,35,71,61.3636363636364,102.857142857143,62860,1,"2026-05-18 11:01:22 EDT"
"Hamilton County","Ohio","aggravated_assault","Jan - Mar 2026",123,123,0,29,36,0,-100,-100,126067,1,"2026-05-18 11:01:22 EDT"
"Hamilton County","Ohio","burglary","Jan - Mar 2026",139,106,-23.7410071942446,33,28,0,-100,-100,126067,1,"2026-05-18 11:01:22 EDT"
"Hamilton County","Ohio","motor_vehicle_theft","Jan - Mar 2026",132,155,17.4242424242424,36,32,0,-100,-100,126067,1,"2026-05-18 11:01:22 EDT"
"Hamilton County","Ohio","murder","Jan - Mar 2026",6,6,0,2,0,0,-100,NA,126067,1,"2026-05-18 11:01:22 EDT"
"Hamilton County","Ohio","property_crime","Jan - Mar 2026",0,0,NA,0,0,0,NA,NA,126067,1,"2026-05-18 11:01:22 EDT"
"Hamilton County","Ohio","rape","Jan - Mar 2026",46,44,-4.34782608695652,10,7,0,-100,-100,126067,1,"2026-05-18 11:01:22 EDT"
"Hamilton County","Ohio","robbery","Jan - Mar 2026",33,22,-33.3333333333333,8,8,0,-100,-100,126067,1,"2026-05-18 11:01:22 EDT"
"Hamilton County","Ohio","theft","Jan - Mar 2026",1476,1433,-2.91327913279133,362,364,0,-100,-100,126067,1,"2026-05-18 11:01:22 EDT"
"Hamilton County","Ohio","violent_crime","Jan - Mar 2026",0,0,NA,0,0,0,NA,NA,126067,1,"2026-05-18 11:01:22 EDT"
"Hamilton County","Tennessee","aggravated_assault","Jan - Mar 2026",292,230,-21.2328767123288,67,49,48,-28.3582089552239,-2.04081632653061,127086,1,"2026-05-18 11:01:22 EDT"
"Hamilton County","Tennessee","burglary","Jan - Mar 2026",148,99,-33.1081081081081,41,28,18,-56.0975609756098,-35.7142857142857,127086,1,"2026-05-18 11:01:22 EDT"
"Hamilton County","Tennessee","motor_vehicle_theft","Jan - Mar 2026",60,5,-91.6666666666667,13,1,0,-100,-100,127086,1,"2026-05-18 11:01:22 EDT"
"Hamilton County","Tennessee","murder","Jan - Mar 2026",2,1,-50,1,0,0,-100,NA,127086,1,"2026-05-18 11:01:22 EDT"
"Hamilton County","Tennessee","property_crime","Jan - Mar 2026",658,486,-26.1398176291793,156,124,106,-32.0512820512821,-14.5161290322581,127086,1,"2026-05-18 11:01:22 EDT"
"Hamilton County","Tennessee","rape","Jan - Mar 2026",31,15,-51.6129032258064,7,3,5,-28.5714285714286,66.6666666666667,127086,1,"2026-05-18 11:01:22 EDT"
"Hamilton County","Tennessee","robbery","Jan - Mar 2026",8,3,-62.5,1,2,1,0,-50,127086,1,"2026-05-18 11:01:22 EDT"
"Hamilton County","Tennessee","theft","Jan - Mar 2026",450,382,-15.1111111111111,102,95,88,-13.7254901960784,-7.36842105263158,127086,1,"2026-05-18 11:01:22 EDT"
"Hamilton County","Tennessee","violent_crime","Jan - Mar 2026",333,249,-25.2252252252252,76,54,54,-28.9473684210526,0,127086,1,"2026-05-18 11:01:22 EDT"
"Hammond","Indiana","aggravated_assault","Jan - Feb 2026",395,357,-9.62025316455696,36,52,47,30.5555555555556,-9.61538461538462,75677,1,"2026-05-18 11:01:22 EDT"
"Hammond","Indiana","burglary","Jan - Feb 2026",181,105,-41.9889502762431,30,17,16,-46.6666666666667,-5.88235294117647,75677,1,"2026-05-18 11:01:22 EDT"
"Hammond","Indiana","motor_vehicle_theft","Jan - Feb 2026",283,313,10.6007067137809,50,29,32,-36,10.3448275862069,75677,1,"2026-05-18 11:01:22 EDT"
"Hammond","Indiana","murder","Jan - Feb 2026",9,13,44.4444444444444,2,3,1,-50,-66.6666666666667,75677,1,"2026-05-18 11:01:22 EDT"
"Hammond","Indiana","property_crime","Jan - Feb 2026",0,0,NA,0,0,0,NA,NA,75677,1,"2026-05-18 11:01:22 EDT"
"Hammond","Indiana","rape","Jan - Feb 2026",30,31,3.33333333333333,3,1,7,133.333333333333,600,75677,1,"2026-05-18 11:01:22 EDT"
"Hammond","Indiana","robbery","Jan - Feb 2026",72,40,-44.4444444444444,13,2,5,-61.5384615384615,150,75677,1,"2026-05-18 11:01:22 EDT"
"Hammond","Indiana","theft","Jan - Feb 2026",1901,1420,-25.3024723829563,320,206,183,-42.8125,-11.1650485436893,75677,1,"2026-05-18 11:01:22 EDT"
"Hammond","Indiana","violent_crime","Jan - Feb 2026",0,0,NA,0,0,0,NA,NA,75677,1,"2026-05-18 11:01:22 EDT"
"Hampton","Virginia","aggravated_assault","Jan - Jan 2026",211,210,-0.4739336492891,6,12,10,66.6666666666667,-16.6666666666667,138100,1,"2026-05-18 11:01:22 EDT"
"Hampton","Virginia","burglary","Jan - Jan 2026",298,193,-35.2348993288591,26,21,9,-65.3846153846154,-57.1428571428571,138100,1,"2026-05-18 11:01:22 EDT"
"Hampton","Virginia","motor_vehicle_theft","Jan - Jan 2026",337,489,45.1038575667656,19,23,8,-57.8947368421053,-65.2173913043478,138100,1,"2026-05-18 11:01:22 EDT"
"Hampton","Virginia","murder","Jan - Jan 2026",15,24,60,3,0,0,-100,NA,138100,1,"2026-05-18 11:01:22 EDT"
"Hampton","Virginia","property_crime","Jan - Jan 2026",0,0,NA,0,0,0,NA,NA,138100,1,"2026-05-18 11:01:22 EDT"
"Hampton","Virginia","rape","Jan - Jan 2026",40,46,15,6,4,2,-66.6666666666667,-50,138100,1,"2026-05-18 11:01:22 EDT"
"Hampton","Virginia","robbery","Jan - Jan 2026",80,87,8.75,7,2,2,-71.4285714285714,0,138100,1,"2026-05-18 11:01:22 EDT"
"Hampton","Virginia","theft","Jan - Jan 2026",3396,3273,-3.62190812720848,293,277,179,-38.9078498293515,-35.3790613718412,138100,1,"2026-05-18 11:01:22 EDT"
"Hampton","Virginia","violent_crime","Jan - Jan 2026",0,0,NA,0,0,0,NA,NA,138100,1,"2026-05-18 11:01:22 EDT"
"Hanover County","Virginia","aggravated_assault","Jan - Feb 2026",165,102,-38.1818181818182,13,14,13,0,-7.14285714285714,108487,1,"2026-05-18 11:01:22 EDT"
"Hanover County","Virginia","burglary","Jan - Feb 2026",38,34,-10.5263157894737,9,7,2,-77.7777777777778,-71.4285714285714,108487,1,"2026-05-18 11:01:22 EDT"
"Hanover County","Virginia","motor_vehicle_theft","Jan - Feb 2026",29,19,-34.4827586206897,3,4,3,0,-25,108487,1,"2026-05-18 11:01:22 EDT"
"Hanover County","Virginia","murder","Jan - Feb 2026",1,0,-100,0,0,0,NA,NA,108487,1,"2026-05-18 11:01:22 EDT"
"Hanover County","Virginia","property_crime","Jan - Feb 2026",0,0,NA,0,0,0,NA,NA,108487,1,"2026-05-18 11:01:22 EDT"
"Hanover County","Virginia","rape","Jan - Feb 2026",16,14,-12.5,4,2,2,-50,0,108487,1,"2026-05-18 11:01:22 EDT"
"Hanover County","Virginia","robbery","Jan - Feb 2026",4,6,50,0,2,0,NA,-100,108487,1,"2026-05-18 11:01:22 EDT"
"Hanover County","Virginia","theft","Jan - Feb 2026",765,663,-13.3333333333333,127,122,83,-34.6456692913386,-31.9672131147541,108487,1,"2026-05-18 11:01:22 EDT"
"Hanover County","Virginia","violent_crime","Jan - Feb 2026",0,0,NA,0,0,0,NA,NA,108487,1,"2026-05-18 11:01:22 EDT"
"Harlingen","Texas","aggravated_assault","Jan - Mar 2026",143,122,-14.6853146853147,38,28,31,-18.4210526315789,10.7142857142857,71388,1,"2026-05-18 11:01:22 EDT"
"Harlingen","Texas","burglary","Jan - Mar 2026",246,203,-17.479674796748,82,46,49,-40.2439024390244,6.52173913043478,71388,1,"2026-05-18 11:01:22 EDT"
"Harlingen","Texas","motor_vehicle_theft","Jan - Mar 2026",220,134,-39.0909090909091,62,33,21,-66.1290322580645,-36.3636363636364,71388,1,"2026-05-18 11:01:22 EDT"
"Harlingen","Texas","murder","Jan - Mar 2026",1,1,0,1,0,0,-100,NA,71388,1,"2026-05-18 11:01:22 EDT"
"Harlingen","Texas","property_crime","Jan - Mar 2026",1950,1642,-15.7948717948718,550,398,383,-30.3636363636364,-3.76884422110553,71388,1,"2026-05-18 11:01:22 EDT"
"Harlingen","Texas","rape","Jan - Mar 2026",13,14,7.69230769230769,2,2,0,-100,-100,71388,1,"2026-05-18 11:01:22 EDT"
"Harlingen","Texas","robbery","Jan - Mar 2026",29,28,-3.44827586206897,10,8,7,-30,-12.5,71388,1,"2026-05-18 11:01:22 EDT"
"Harlingen","Texas","theft","Jan - Mar 2026",1484,1305,-12.0619946091644,406,319,313,-22.9064039408867,-1.88087774294671,71388,1,"2026-05-18 11:01:22 EDT"
"Harlingen","Texas","violent_crime","Jan - Mar 2026",186,165,-11.2903225806452,51,38,38,-25.4901960784314,0,71388,1,"2026-05-18 11:01:22 EDT"
"Harris County","Texas","aggravated_assault","Jan - Mar 2026",5262,4754,-9.6541239072596,1325,1182,1112,-16.0754716981132,-5.92216582064298,2151209,1,"2026-05-18 11:01:22 EDT"
"Harris County","Texas","burglary","Jan - Mar 2026",4955,4803,-3.06760847628658,1307,1315,870,-33.4353481254782,-33.8403041825095,2151209,1,"2026-05-18 11:01:22 EDT"
"Harris County","Texas","motor_vehicle_theft","Jan - Mar 2026",6223,4553,-26.8359312228829,1834,1279,935,-49.0185387131952,-26.8960125097733,2151209,1,"2026-05-18 11:01:22 EDT"
"Harris County","Texas","murder","Jan - Mar 2026",116,108,-6.89655172413793,29,30,11,-62.0689655172414,-63.3333333333333,2151209,1,"2026-05-18 11:01:22 EDT"
"Harris County","Texas","property_crime","Jan - Mar 2026",33117,29614,-10.5776489416312,8614,7701,6425,-25.4121198049687,-16.5692767173094,2151209,1,"2026-05-18 11:01:22 EDT"
"Harris County","Texas","rape","Jan - Mar 2026",971,887,-8.65087538619979,241,236,213,-11.6182572614108,-9.74576271186441,2151209,1,"2026-05-18 11:01:22 EDT"
"Harris County","Texas","robbery","Jan - Mar 2026",1382,1097,-20.6222865412446,364,307,252,-30.7692307692308,-17.9153094462541,2151209,1,"2026-05-18 11:01:22 EDT"
"Harris County","Texas","theft","Jan - Mar 2026",21939,20258,-7.66215415470167,5473,5107,4620,-15.5856020464096,-9.5359310749951,2151209,1,"2026-05-18 11:01:22 EDT"
"Harris County","Texas","violent_crime","Jan - Mar 2026",7731,6846,-11.4474194800155,1959,1755,1588,-18.9382337927514,-9.51566951566952,2151209,1,"2026-05-18 11:01:22 EDT"
"Harrisburg","Pennsylvania","aggravated_assault","Jan - Mar 2026",257,164,-36.1867704280156,58,38,32,-44.8275862068966,-15.7894736842105,49985,1,"2026-05-18 11:01:22 EDT"
"Harrisburg","Pennsylvania","burglary","Jan - Mar 2026",167,148,-11.377245508982,37,42,30,-18.9189189189189,-28.5714285714286,49985,1,"2026-05-18 11:01:22 EDT"
"Harrisburg","Pennsylvania","motor_vehicle_theft","Jan - Mar 2026",243,165,-32.0987654320988,60,39,44,-26.6666666666667,12.8205128205128,49985,1,"2026-05-18 11:01:22 EDT"
"Harrisburg","Pennsylvania","murder","Jan - Mar 2026",15,11,-26.6666666666667,2,2,1,-50,-50,49985,1,"2026-05-18 11:01:22 EDT"
"Harrisburg","Pennsylvania","property_crime","Jan - Mar 2026",996,918,-7.83132530120482,206,224,196,-4.85436893203883,-12.5,49985,1,"2026-05-18 11:01:22 EDT"
"Harrisburg","Pennsylvania","rape","Jan - Mar 2026",28,32,14.2857142857143,10,6,7,-30,16.6666666666667,49985,1,"2026-05-18 11:01:22 EDT"
"Harrisburg","Pennsylvania","robbery","Jan - Mar 2026",82,113,37.8048780487805,16,31,17,6.25,-45.1612903225806,49985,1,"2026-05-18 11:01:22 EDT"
"Harrisburg","Pennsylvania","theft","Jan - Mar 2026",586,605,3.24232081911263,109,143,122,11.9266055045872,-14.6853146853147,49985,1,"2026-05-18 11:01:22 EDT"
"Harrisburg","Pennsylvania","violent_crime","Jan - Mar 2026",382,320,-16.2303664921466,86,77,57,-33.7209302325581,-25.974025974026,49985,1,"2026-05-18 11:01:22 EDT"
"Harrisonburg","Virginia","aggravated_assault","Jan - Mar 2026",97,78,-19.5876288659794,25,30,15,-40,-50,51270,1,"2026-05-18 11:01:22 EDT"
"Harrisonburg","Virginia","burglary","Jan - Mar 2026",73,55,-24.6575342465753,20,8,9,-55,12.5,51270,1,"2026-05-18 11:01:22 EDT"
"Harrisonburg","Virginia","motor_vehicle_theft","Jan - Mar 2026",45,24,-46.6666666666667,15,2,2,-86.6666666666667,0,51270,1,"2026-05-18 11:01:22 EDT"
"Harrisonburg","Virginia","murder","Jan - Mar 2026",0,0,NA,0,0,0,NA,NA,51270,1,"2026-05-18 11:01:22 EDT"
"Harrisonburg","Virginia","property_crime","Jan - Mar 2026",876,713,-18.6073059360731,238,131,134,-43.6974789915966,2.29007633587786,51270,1,"2026-05-18 11:01:22 EDT"
"Harrisonburg","Virginia","rape","Jan - Mar 2026",29,18,-37.9310344827586,10,5,5,-50,0,51270,1,"2026-05-18 11:01:22 EDT"
"Harrisonburg","Virginia","robbery","Jan - Mar 2026",11,11,0,3,3,2,-33.3333333333333,-33.3333333333333,51270,1,"2026-05-18 11:01:22 EDT"
"Harrisonburg","Virginia","theft","Jan - Mar 2026",758,634,-16.3588390501319,203,121,123,-39.4088669950739,1.65289256198347,51270,1,"2026-05-18 11:01:22 EDT"
"Harrisonburg","Virginia","violent_crime","Jan - Mar 2026",137,107,-21.8978102189781,38,38,22,-42.1052631578947,-42.1052631578947,51270,1,"2026-05-18 11:01:22 EDT"
"Hartford","Connecticut","aggravated_assault","Jan - Jan 2026",387,357,-7.75193798449612,30,35,26,-13.3333333333333,-25.7142857142857,119626,1,"2026-05-18 11:01:22 EDT"
"Hartford","Connecticut","burglary","Jan - Jan 2026",274,241,-12.043795620438,22,32,13,-40.9090909090909,-59.375,119626,1,"2026-05-18 11:01:22 EDT"
"Hartford","Connecticut","motor_vehicle_theft","Jan - Jan 2026",1061,757,-28.6522148916117,108,74,42,-61.1111111111111,-43.2432432432432,119626,1,"2026-05-18 11:01:22 EDT"
"Hartford","Connecticut","murder","Jan - Jan 2026",23,11,-52.1739130434783,1,2,1,0,-50,119626,1,"2026-05-18 11:01:22 EDT"
"Hartford","Connecticut","property_crime","Jan - Jan 2026",0,0,NA,0,0,0,NA,NA,119626,1,"2026-05-18 11:01:22 EDT"
"Hartford","Connecticut","rape","Jan - Jan 2026",53,43,-18.8679245283019,3,9,5,66.6666666666667,-44.4444444444444,119626,1,"2026-05-18 11:01:22 EDT"
"Hartford","Connecticut","robbery","Jan - Jan 2026",163,145,-11.0429447852761,16,16,10,-37.5,-37.5,119626,1,"2026-05-18 11:01:22 EDT"
"Hartford","Connecticut","theft","Jan - Jan 2026",2105,1748,-16.9596199524941,126,150,104,-17.4603174603175,-30.6666666666667,119626,1,"2026-05-18 11:01:22 EDT"
"Hartford","Connecticut","violent_crime","Jan - Jan 2026",0,0,NA,0,0,0,NA,NA,119626,1,"2026-05-18 11:01:22 EDT"
"Haverford","Pennsylvania","aggravated_assault","Jan - Mar 2026",8,7,-12.5,2,0,0,-100,NA,50544,1,"2026-05-18 11:01:22 EDT"
"Haverford","Pennsylvania","burglary","Jan - Mar 2026",14,16,14.2857142857143,3,5,1,-66.6666666666667,-80,50544,1,"2026-05-18 11:01:22 EDT"
"Haverford","Pennsylvania","motor_vehicle_theft","Jan - Mar 2026",40,39,-2.5,10,8,4,-60,-50,50544,1,"2026-05-18 11:01:22 EDT"
"Haverford","Pennsylvania","murder","Jan - Mar 2026",0,0,NA,0,0,0,NA,NA,50544,1,"2026-05-18 11:01:22 EDT"
"Haverford","Pennsylvania","property_crime","Jan - Mar 2026",519,532,2.50481695568401,119,132,89,-25.2100840336134,-32.5757575757576,50544,1,"2026-05-18 11:01:22 EDT"
"Haverford","Pennsylvania","rape","Jan - Mar 2026",1,1,0,0,0,0,NA,NA,50544,1,"2026-05-18 11:01:22 EDT"
"Haverford","Pennsylvania","robbery","Jan - Mar 2026",2,2,0,0,0,0,NA,NA,50544,1,"2026-05-18 11:01:22 EDT"
"Haverford","Pennsylvania","theft","Jan - Mar 2026",465,477,2.58064516129032,106,119,84,-20.7547169811321,-29.4117647058824,50544,1,"2026-05-18 11:01:22 EDT"
"Haverford","Pennsylvania","violent_crime","Jan - Mar 2026",11,10,-9.09090909090909,2,0,0,-100,NA,50544,1,"2026-05-18 11:01:22 EDT"
"Haverhill","Massachusetts","aggravated_assault","Jan - Mar 2026",266,216,-18.796992481203,58,50,51,-12.0689655172414,2,68602,1,"2026-05-18 11:01:22 EDT"
"Haverhill","Massachusetts","burglary","Jan - Mar 2026",80,41,-48.75,15,12,9,-40,-25,68602,1,"2026-05-18 11:01:22 EDT"
"Haverhill","Massachusetts","motor_vehicle_theft","Jan - Mar 2026",31,37,19.3548387096774,5,7,6,20,-14.2857142857143,68602,1,"2026-05-18 11:01:22 EDT"
"Haverhill","Massachusetts","murder","Jan - Mar 2026",0,0,NA,0,0,0,NA,NA,68602,1,"2026-05-18 11:01:22 EDT"
"Haverhill","Massachusetts","property_crime","Jan - Mar 2026",639,461,-27.8560250391236,155,102,102,-34.1935483870968,0,68602,1,"2026-05-18 11:01:22 EDT"
"Haverhill","Massachusetts","rape","Jan - Mar 2026",7,1,-85.7142857142857,1,1,1,0,0,68602,1,"2026-05-18 11:01:22 EDT"
"Haverhill","Massachusetts","robbery","Jan - Mar 2026",9,8,-11.1111111111111,5,1,1,-80,0,68602,1,"2026-05-18 11:01:22 EDT"
"Haverhill","Massachusetts","theft","Jan - Mar 2026",528,383,-27.4621212121212,135,83,87,-35.5555555555556,4.81927710843374,68602,1,"2026-05-18 11:01:22 EDT"
"Haverhill","Massachusetts","violent_crime","Jan - Mar 2026",282,225,-20.2127659574468,64,52,53,-17.1875,1.92307692307692,68602,1,"2026-05-18 11:01:22 EDT"
"Hays County","Texas","aggravated_assault","Jan - Mar 2026",141,147,4.25531914893617,35,32,54,54.2857142857143,68.75,137886,1,"2026-05-18 11:01:22 EDT"
"Hays County","Texas","burglary","Jan - Mar 2026",185,141,-23.7837837837838,55,45,39,-29.0909090909091,-13.3333333333333,137886,1,"2026-05-18 11:01:22 EDT"
"Hays County","Texas","motor_vehicle_theft","Jan - Mar 2026",137,108,-21.1678832116788,25,45,19,-24,-57.7777777777778,137886,1,"2026-05-18 11:01:22 EDT"
"Hays County","Texas","murder","Jan - Mar 2026",1,0,-100,0,0,1,Inf,Inf,137886,1,"2026-05-18 11:01:22 EDT"
"Hays County","Texas","property_crime","Jan - Mar 2026",1023,818,-20.039100684262,215,259,171,-20.4651162790698,-33.976833976834,137886,1,"2026-05-18 11:01:22 EDT"
"Hays County","Texas","rape","Jan - Mar 2026",38,38,0,12,8,15,25,87.5,137886,1,"2026-05-18 11:01:22 EDT"
"Hays County","Texas","robbery","Jan - Mar 2026",8,14,75,3,2,3,0,50,137886,1,"2026-05-18 11:01:22 EDT"
"Hays County","Texas","theft","Jan - Mar 2026",701,569,-18.830242510699,135,169,113,-16.2962962962963,-33.1360946745562,137886,1,"2026-05-18 11:01:22 EDT"
"Hays County","Texas","violent_crime","Jan - Mar 2026",188,199,5.85106382978723,50,42,73,46,73.8095238095238,137886,1,"2026-05-18 11:01:22 EDT"
"Hayward","California","aggravated_assault","Jan - Mar 2026",384,416,8.33333333333333,117,75,110,-5.98290598290598,46.6666666666667,153419,1,"2026-05-18 11:01:22 EDT"
"Hayward","California","burglary","Jan - Mar 2026",560,473,-15.5357142857143,175,134,64,-63.4285714285714,-52.2388059701493,153419,1,"2026-05-18 11:01:22 EDT"
"Hayward","California","motor_vehicle_theft","Jan - Mar 2026",2119,1170,-44.7852760736196,607,308,279,-54.0362438220758,-9.41558441558442,153419,1,"2026-05-18 11:01:22 EDT"
"Hayward","California","murder","Jan - Mar 2026",12,7,-41.6666666666667,2,3,1,-50,-66.6666666666667,153419,1,"2026-05-18 11:01:22 EDT"
"Hayward","California","property_crime","Jan - Mar 2026",5640,4152,-26.3829787234043,1628,1063,919,-43.5503685503686,-13.5465663217309,153419,1,"2026-05-18 11:01:22 EDT"
"Hayward","California","rape","Jan - Mar 2026",76,81,6.57894736842105,13,25,13,0,-48,153419,1,"2026-05-18 11:01:22 EDT"
"Hayward","California","robbery","Jan - Mar 2026",267,204,-23.5955056179775,100,52,32,-68,-38.4615384615385,153419,1,"2026-05-18 11:01:22 EDT"
"Hayward","California","theft","Jan - Mar 2026",2961,2509,-15.2651131374536,846,621,576,-31.9148936170213,-7.2463768115942,153419,1,"2026-05-18 11:01:22 EDT"
"Hayward","California","violent_crime","Jan - Mar 2026",739,708,-4.19485791610284,232,155,156,-32.7586206896552,0.645161290322581,153419,1,"2026-05-18 11:01:22 EDT"
"Hempstead Village","New York","aggravated_assault","Jan - Mar 2026",180,172,-4.44444444444444,46,50,29,-36.9565217391304,-42,58013,1,"2026-05-18 11:01:22 EDT"
"Hempstead Village","New York","burglary","Jan - Mar 2026",95,96,1.05263157894737,21,18,9,-57.1428571428571,-50,58013,1,"2026-05-18 11:01:22 EDT"
"Hempstead Village","New York","motor_vehicle_theft","Jan - Mar 2026",127,75,-40.9448818897638,33,25,13,-60.6060606060606,-48,58013,1,"2026-05-18 11:01:22 EDT"
"Hempstead Village","New York","murder","Jan - Mar 2026",3,3,0,1,0,0,-100,NA,58013,1,"2026-05-18 11:01:22 EDT"
"Hempstead Village","New York","property_crime","Jan - Mar 2026",640,589,-7.96875,166,156,75,-54.8192771084337,-51.9230769230769,58013,1,"2026-05-18 11:01:22 EDT"
"Hempstead Village","New York","rape","Jan - Mar 2026",3,4,33.3333333333333,0,0,1,Inf,Inf,58013,1,"2026-05-18 11:01:22 EDT"
"Hempstead Village","New York","robbery","Jan - Mar 2026",80,77,-3.75,25,15,6,-76,-60,58013,1,"2026-05-18 11:01:22 EDT"
"Hempstead Village","New York","theft","Jan - Mar 2026",418,418,0,112,113,53,-52.6785714285714,-53.0973451327434,58013,1,"2026-05-18 11:01:22 EDT"
"Hempstead Village","New York","violent_crime","Jan - Mar 2026",266,256,-3.7593984962406,72,65,36,-50,-44.6153846153846,58013,1,"2026-05-18 11:01:22 EDT"
"Henderson","Nevada","aggravated_assault","Jan - Mar 2026",639,517,-19.0923317683881,153,130,139,-9.15032679738562,6.92307692307692,343619,1,"2026-05-18 11:01:22 EDT"
"Henderson","Nevada","burglary","Jan - Mar 2026",778,744,-4.37017994858612,218,184,169,-22.4770642201835,-8.15217391304348,343619,1,"2026-05-18 11:01:22 EDT"
"Henderson","Nevada","motor_vehicle_theft","Jan - Mar 2026",1245,965,-22.4899598393574,319,239,170,-46.7084639498433,-28.8702928870293,343619,1,"2026-05-18 11:01:22 EDT"
"Henderson","Nevada","murder","Jan - Mar 2026",9,4,-55.5555555555556,2,1,0,-100,-100,343619,1,"2026-05-18 11:01:22 EDT"
"Henderson","Nevada","property_crime","Jan - Mar 2026",5901,5368,-9.03236739535672,1539,1255,1164,-24.3664717348928,-7.25099601593625,343619,1,"2026-05-18 11:01:22 EDT"
"Henderson","Nevada","rape","Jan - Mar 2026",104,107,2.88461538461538,22,22,17,-22.7272727272727,-22.7272727272727,343619,1,"2026-05-18 11:01:22 EDT"
"Henderson","Nevada","robbery","Jan - Mar 2026",180,173,-3.88888888888889,58,42,32,-44.8275862068966,-23.8095238095238,343619,1,"2026-05-18 11:01:22 EDT"
"Henderson","Nevada","theft","Jan - Mar 2026",3878,3659,-5.6472408457968,1002,832,825,-17.6646706586826,-0.841346153846154,343619,1,"2026-05-18 11:01:22 EDT"
"Henderson","Nevada","violent_crime","Jan - Mar 2026",932,801,-14.0557939914163,235,195,188,-20,-3.58974358974359,343619,1,"2026-05-18 11:01:22 EDT"
"Hendersonville","Tennessee","aggravated_assault","Jan - Mar 2026",75,86,14.6666666666667,26,14,17,-34.6153846153846,21.4285714285714,64126,1,"2026-05-18 11:01:22 EDT"
"Hendersonville","Tennessee","burglary","Jan - Mar 2026",34,34,0,8,7,8,0,14.2857142857143,64126,1,"2026-05-18 11:01:22 EDT"
"Hendersonville","Tennessee","motor_vehicle_theft","Jan - Mar 2026",32,23,-28.125,5,4,5,0,25,64126,1,"2026-05-18 11:01:22 EDT"
"Hendersonville","Tennessee","murder","Jan - Mar 2026",2,1,-50,0,1,0,NA,-100,64126,1,"2026-05-18 11:01:22 EDT"
"Hendersonville","Tennessee","property_crime","Jan - Mar 2026",479,398,-16.9102296450939,128,96,81,-36.71875,-15.625,64126,1,"2026-05-18 11:01:22 EDT"
"Hendersonville","Tennessee","rape","Jan - Mar 2026",2,3,50,0,1,0,NA,-100,64126,1,"2026-05-18 11:01:22 EDT"
"Hendersonville","Tennessee","robbery","Jan - Mar 2026",2,0,-100,0,0,2,Inf,Inf,64126,1,"2026-05-18 11:01:22 EDT"
"Hendersonville","Tennessee","theft","Jan - Mar 2026",413,341,-17.4334140435835,115,85,68,-40.8695652173913,-20,64126,1,"2026-05-18 11:01:22 EDT"
"Hendersonville","Tennessee","violent_crime","Jan - Mar 2026",81,90,11.1111111111111,26,16,19,-26.9230769230769,18.75,64126,1,"2026-05-18 11:01:22 EDT"
"Henrico County","Virginia","aggravated_assault","Jan - Mar 2026",438,413,-5.70776255707763,96,72,96,0,33.3333333333333,337305,1,"2026-05-18 11:01:22 EDT"
"Henrico County","Virginia","burglary","Jan - Mar 2026",367,321,-12.5340599455041,83,62,63,-24.0963855421687,1.61290322580645,337305,1,"2026-05-18 11:01:22 EDT"
"Henrico County","Virginia","motor_vehicle_theft","Jan - Mar 2026",515,346,-32.8155339805825,142,94,74,-47.887323943662,-21.2765957446809,337305,1,"2026-05-18 11:01:22 EDT"
"Henrico County","Virginia","murder","Jan - Mar 2026",21,3,-85.7142857142857,8,1,3,-62.5,200,337305,1,"2026-05-18 11:01:22 EDT"
"Henrico County","Virginia","property_crime","Jan - Mar 2026",6952,6105,-12.1835443037975,1615,1504,1269,-21.4241486068111,-15.625,337305,1,"2026-05-18 11:01:22 EDT"
"Henrico County","Virginia","rape","Jan - Mar 2026",38,19,-50,6,2,5,-16.6666666666667,150,337305,1,"2026-05-18 11:01:22 EDT"
"Henrico County","Virginia","robbery","Jan - Mar 2026",87,102,17.2413793103448,23,45,14,-39.1304347826087,-68.8888888888889,337305,1,"2026-05-18 11:01:22 EDT"
"Henrico County","Virginia","theft","Jan - Mar 2026",6070,5438,-10.4118616144975,1390,1348,1132,-18.5611510791367,-16.0237388724036,337305,1,"2026-05-18 11:01:22 EDT"
"Henrico County","Virginia","violent_crime","Jan - Mar 2026",584,537,-8.04794520547945,133,120,118,-11.2781954887218,-1.66666666666667,337305,1,"2026-05-18 11:01:22 EDT"
"Henry County","Georgia","aggravated_assault","Jan - Mar 2026",268,340,26.865671641791,37,74,50,35.1351351351351,-32.4324324324324,170224,1,"2026-05-18 11:01:22 EDT"
"Henry County","Georgia","burglary","Jan - Mar 2026",338,210,-37.8698224852071,86,75,61,-29.0697674418605,-18.6666666666667,170224,1,"2026-05-18 11:01:22 EDT"
"Henry County","Georgia","motor_vehicle_theft","Jan - Mar 2026",324,245,-24.3827160493827,77,54,43,-44.1558441558442,-20.3703703703704,170224,1,"2026-05-18 11:01:22 EDT"
"Henry County","Georgia","murder","Jan - Mar 2026",6,4,-33.3333333333333,1,0,0,-100,NA,170224,1,"2026-05-18 11:01:22 EDT"
"Henry County","Georgia","property_crime","Jan - Mar 2026",0,0,NA,0,0,0,NA,NA,170224,1,"2026-05-18 11:01:22 EDT"
"Henry County","Georgia","rape","Jan - Mar 2026",158,123,-22.1518987341772,32,24,35,9.375,45.8333333333333,170224,1,"2026-05-18 11:01:22 EDT"
"Henry County","Georgia","robbery","Jan - Mar 2026",47,36,-23.4042553191489,11,14,5,-54.5454545454545,-64.2857142857143,170224,1,"2026-05-18 11:01:22 EDT"
"Henry County","Georgia","theft","Jan - Mar 2026",1838,1517,-17.4646354733406,417,355,324,-22.3021582733813,-8.73239436619718,170224,1,"2026-05-18 11:01:22 EDT"
"Henry County","Georgia","violent_crime","Jan - Mar 2026",0,0,NA,0,0,0,NA,NA,170224,1,"2026-05-18 11:01:22 EDT"
"Hidalgo County","Texas","aggravated_assault","Jan - Mar 2026",626,582,-7.02875399361022,64,170,117,82.8125,-31.1764705882353,270638,1,"2026-05-18 11:01:22 EDT"
"Hidalgo County","Texas","burglary","Jan - Mar 2026",499,404,-19.0380761523046,114,99,110,-3.50877192982456,11.1111111111111,270638,1,"2026-05-18 11:01:22 EDT"
"Hidalgo County","Texas","motor_vehicle_theft","Jan - Mar 2026",451,363,-19.5121951219512,145,91,59,-59.3103448275862,-35.1648351648352,270638,1,"2026-05-18 11:01:22 EDT"
"Hidalgo County","Texas","murder","Jan - Mar 2026",8,9,12.5,3,2,4,33.3333333333333,100,270638,1,"2026-05-18 11:01:22 EDT"
"Hidalgo County","Texas","property_crime","Jan - Mar 2026",2552,2033,-20.3369905956113,769,508,405,-47.334200260078,-20.2755905511811,270638,1,"2026-05-18 11:01:22 EDT"
"Hidalgo County","Texas","rape","Jan - Mar 2026",167,130,-22.1556886227545,35,39,24,-31.4285714285714,-38.4615384615385,270638,1,"2026-05-18 11:01:22 EDT"
"Hidalgo County","Texas","robbery","Jan - Mar 2026",73,47,-35.6164383561644,20,10,12,-40,20,270638,1,"2026-05-18 11:01:22 EDT"
"Hidalgo County","Texas","theft","Jan - Mar 2026",1602,1266,-20.9737827715356,510,318,236,-53.7254901960784,-25.7861635220126,270638,1,"2026-05-18 11:01:22 EDT"
"Hidalgo County","Texas","violent_crime","Jan - Mar 2026",874,768,-12.1281464530892,122,221,157,28.6885245901639,-28.9592760180996,270638,1,"2026-05-18 11:01:22 EDT"
"High Point","North Carolina","aggravated_assault","Jan - Mar 2026",425,517,21.6470588235294,92,98,105,14.1304347826087,7.14285714285714,109802,1,"2026-05-18 11:01:22 EDT"
"High Point","North Carolina","burglary","Jan - Mar 2026",405,384,-5.18518518518519,102,76,82,-19.6078431372549,7.89473684210526,109802,1,"2026-05-18 11:01:22 EDT"
"High Point","North Carolina","motor_vehicle_theft","Jan - Mar 2026",707,332,-53.041018387553,150,94,44,-70.6666666666667,-53.1914893617021,109802,1,"2026-05-18 11:01:22 EDT"
"High Point","North Carolina","murder","Jan - Mar 2026",3,5,66.6666666666667,1,0,3,200,Inf,109802,1,"2026-05-18 11:01:22 EDT"
"High Point","North Carolina","property_crime","Jan - Mar 2026",2928,2333,-20.3210382513661,721,544,462,-35.9223300970874,-15.0735294117647,109802,1,"2026-05-18 11:01:22 EDT"
"High Point","North Carolina","rape","Jan - Mar 2026",17,22,29.4117647058824,5,2,4,-20,100,109802,1,"2026-05-18 11:01:22 EDT"
"High Point","North Carolina","robbery","Jan - Mar 2026",92,83,-9.78260869565217,21,17,11,-47.6190476190476,-35.2941176470588,109802,1,"2026-05-18 11:01:22 EDT"
"High Point","North Carolina","theft","Jan - Mar 2026",1816,1617,-10.9581497797357,469,374,336,-28.3582089552239,-10.1604278074866,109802,1,"2026-05-18 11:01:22 EDT"
"High Point","North Carolina","violent_crime","Jan - Mar 2026",537,627,16.7597765363128,119,117,123,3.36134453781513,5.12820512820513,109802,1,"2026-05-18 11:01:22 EDT"
"Hillsboro","Oregon","aggravated_assault","Jan - Mar 2026",197,166,-15.7360406091371,42,39,43,2.38095238095238,10.2564102564103,107978,1,"2026-05-18 11:01:22 EDT"
"Hillsboro","Oregon","burglary","Jan - Mar 2026",184,171,-7.06521739130435,51,51,38,-25.4901960784314,-25.4901960784314,107978,1,"2026-05-18 11:01:22 EDT"
"Hillsboro","Oregon","motor_vehicle_theft","Jan - Mar 2026",204,121,-40.6862745098039,61,31,28,-54.0983606557377,-9.67741935483871,107978,1,"2026-05-18 11:01:22 EDT"
"Hillsboro","Oregon","murder","Jan - Mar 2026",0,4,Inf,0,0,0,NA,NA,107978,1,"2026-05-18 11:01:22 EDT"
"Hillsboro","Oregon","property_crime","Jan - Mar 2026",2663,2182,-18.0623357116035,665,594,476,-28.4210526315789,-19.8653198653199,107978,1,"2026-05-18 11:01:22 EDT"
"Hillsboro","Oregon","rape","Jan - Mar 2026",53,51,-3.77358490566038,15,9,7,-53.3333333333333,-22.2222222222222,107978,1,"2026-05-18 11:01:22 EDT"
"Hillsboro","Oregon","robbery","Jan - Mar 2026",66,53,-19.6969696969697,6,13,8,33.3333333333333,-38.4615384615385,107978,1,"2026-05-18 11:01:22 EDT"
"Hillsboro","Oregon","theft","Jan - Mar 2026",2275,1890,-16.9230769230769,553,512,410,-25.8589511754069,-19.921875,107978,1,"2026-05-18 11:01:22 EDT"
"Hillsboro","Oregon","violent_crime","Jan - Mar 2026",316,274,-13.2911392405063,63,61,58,-7.93650793650794,-4.91803278688525,107978,1,"2026-05-18 11:01:22 EDT"
"Hoboken","New Jersey","aggravated_assault","Jan - Mar 2026",70,81,15.7142857142857,20,18,25,25,38.8888888888889,57293,1,"2026-05-18 11:01:22 EDT"
"Hoboken","New Jersey","burglary","Jan - Mar 2026",68,115,69.1176470588235,27,18,21,-22.2222222222222,16.6666666666667,57293,1,"2026-05-18 11:01:22 EDT"
"Hoboken","New Jersey","motor_vehicle_theft","Jan - Mar 2026",60,37,-38.3333333333333,13,9,8,-38.4615384615385,-11.1111111111111,57293,1,"2026-05-18 11:01:22 EDT"
"Hoboken","New Jersey","murder","Jan - Mar 2026",1,1,0,0,1,0,NA,-100,57293,1,"2026-05-18 11:01:22 EDT"
"Hoboken","New Jersey","property_crime","Jan - Mar 2026",1022,820,-19.7651663405088,267,178,115,-56.9288389513109,-35.3932584269663,57293,1,"2026-05-18 11:01:22 EDT"
"Hoboken","New Jersey","rape","Jan - Mar 2026",1,1,0,0,0,0,NA,NA,57293,1,"2026-05-18 11:01:22 EDT"
"Hoboken","New Jersey","robbery","Jan - Mar 2026",36,34,-5.55555555555556,15,3,5,-66.6666666666667,66.6666666666667,57293,1,"2026-05-18 11:01:22 EDT"
"Hoboken","New Jersey","theft","Jan - Mar 2026",894,668,-25.2796420581655,227,151,86,-62.1145374449339,-43.046357615894,57293,1,"2026-05-18 11:01:22 EDT"
"Hoboken","New Jersey","violent_crime","Jan - Mar 2026",108,117,8.33333333333333,35,22,30,-14.2857142857143,36.3636363636364,57293,1,"2026-05-18 11:01:22 EDT"
"Honolulu","Hawaii","aggravated_assault","Jan - Mar 2026",986,1049,6.3894523326572,225,248,265,17.7777777777778,6.85483870967742,992973,1,"2026-05-18 11:01:22 EDT"
"Honolulu","Hawaii","burglary","Jan - Mar 2026",1647,1584,-3.82513661202186,421,422,281,-33.2541567695962,-33.4123222748815,992973,1,"2026-05-18 11:01:22 EDT"
"Honolulu","Hawaii","motor_vehicle_theft","Jan - Mar 2026",3005,2388,-20.5324459234609,857,675,611,-28.7047841306884,-9.48148148148148,992973,1,"2026-05-18 11:01:22 EDT"
"Honolulu","Hawaii","murder","Jan - Mar 2026",30,11,-63.3333333333333,11,1,6,-45.4545454545455,500,992973,1,"2026-05-18 11:01:22 EDT"
"Honolulu","Hawaii","property_crime","Jan - Mar 2026",18612,14906,-19.9118848055018,4890,4068,3211,-34.3353783231084,-21.0668633235005,992973,1,"2026-05-18 11:01:22 EDT"
"Honolulu","Hawaii","rape","Jan - Mar 2026",389,350,-10.025706940874,101,70,74,-26.7326732673267,5.71428571428571,992973,1,"2026-05-18 11:01:22 EDT"
"Honolulu","Hawaii","robbery","Jan - Mar 2026",607,512,-15.6507413509061,127,128,119,-6.2992125984252,-7.03125,992973,1,"2026-05-18 11:01:22 EDT"
"Honolulu","Hawaii","theft","Jan - Mar 2026",13960,10934,-21.676217765043,3612,2971,2319,-35.797342192691,-21.9454729047459,992973,1,"2026-05-18 11:01:22 EDT"
"Honolulu","Hawaii","violent_crime","Jan - Mar 2026",2012,1922,-4.47316103379722,464,447,464,0,3.80313199105145,992973,1,"2026-05-18 11:01:22 EDT"
"Horry County","South Carolina","aggravated_assault","Jan - Feb 2026",721,645,-10.5409153952843,121,125,69,-42.9752066115703,-44.8,314658,1,"2026-05-18 11:01:22 EDT"
"Horry County","South Carolina","burglary","Jan - Feb 2026",484,473,-2.27272727272727,73,82,96,31.5068493150685,17.0731707317073,314658,1,"2026-05-18 11:01:22 EDT"
"Horry County","South Carolina","motor_vehicle_theft","Jan - Feb 2026",521,436,-16.3147792706334,86,76,52,-39.5348837209302,-31.5789473684211,314658,1,"2026-05-18 11:01:22 EDT"
"Horry County","South Carolina","murder","Jan - Feb 2026",11,15,36.3636363636364,1,2,1,0,-50,314658,1,"2026-05-18 11:01:22 EDT"
"Horry County","South Carolina","property_crime","Jan - Feb 2026",0,0,NA,0,0,0,NA,NA,314658,1,"2026-05-18 11:01:22 EDT"
"Horry County","South Carolina","rape","Jan - Feb 2026",111,101,-9.00900900900901,17,16,18,5.88235294117647,12.5,314658,1,"2026-05-18 11:01:22 EDT"
"Horry County","South Carolina","robbery","Jan - Feb 2026",35,45,28.5714285714286,12,1,7,-41.6666666666667,600,314658,1,"2026-05-18 11:01:22 EDT"
"Horry County","South Carolina","theft","Jan - Feb 2026",3315,3007,-9.29110105580694,501,481,398,-20.5588822355289,-17.2557172557173,314658,1,"2026-05-18 11:01:22 EDT"
"Horry County","South Carolina","violent_crime","Jan - Feb 2026",0,0,NA,0,0,0,NA,NA,314658,1,"2026-05-18 11:01:22 EDT"
"Houston","Texas","aggravated_assault","Jan - Mar 2026",18272,14848,-18.739054290718,4140,3520,3277,-20.8454106280193,-6.90340909090909,2269799,1,"2026-05-18 11:01:22 EDT"
"Houston","Texas","burglary","Jan - Mar 2026",14974,11727,-21.6842527046881,3401,2992,2444,-28.1387827109674,-18.3155080213904,2269799,1,"2026-05-18 11:01:22 EDT"
"Houston","Texas","motor_vehicle_theft","Jan - Mar 2026",16339,12566,-23.0919884937879,4577,3256,2934,-35.8968756827616,-9.88943488943489,2269799,1,"2026-05-18 11:01:22 EDT"
"Houston","Texas","murder","Jan - Mar 2026",322,271,-15.8385093167702,63,75,49,-22.2222222222222,-34.6666666666667,2269799,1,"2026-05-18 11:01:22 EDT"
"Houston","Texas","property_crime","Jan - Mar 2026",99732,92020,-7.7327236995147,24675,22278,19041,-22.8328267477204,-14.5300296256396,2269799,1,"2026-05-18 11:01:22 EDT"
"Houston","Texas","rape","Jan - Mar 2026",1707,1385,-18.8635032220269,365,363,268,-26.5753424657534,-26.1707988980716,2269799,1,"2026-05-18 11:01:22 EDT"
"Houston","Texas","robbery","Jan - Mar 2026",6361,4847,-23.8012891054866,1574,1325,889,-43.5196950444727,-32.9056603773585,2269799,1,"2026-05-18 11:01:22 EDT"
"Houston","Texas","theft","Jan - Mar 2026",68419,67727,-1.01141495783335,16697,16030,13663,-18.1709289093849,-14.7660636306925,2269799,1,"2026-05-18 11:01:22 EDT"
"Houston","Texas","violent_crime","Jan - Mar 2026",26662,21351,-19.9197359537919,6142,5283,4483,-27.0107456854445,-15.1429112246829,2269799,1,"2026-05-18 11:01:22 EDT"
"Howard County","Maryland","aggravated_assault","Jan - Mar 2026",218,232,6.42201834862385,43,47,46,6.97674418604651,-2.12765957446809,341435,1,"2026-05-18 11:01:22 EDT"
"Howard County","Maryland","burglary","Jan - Mar 2026",457,340,-25.601750547046,111,109,62,-44.1441441441441,-43.1192660550459,341435,1,"2026-05-18 11:01:22 EDT"
"Howard County","Maryland","motor_vehicle_theft","Jan - Mar 2026",1064,965,-9.30451127819549,269,277,183,-31.9702602230483,-33.9350180505415,341435,1,"2026-05-18 11:01:22 EDT"
"Howard County","Maryland","murder","Jan - Mar 2026",8,9,12.5,5,5,2,-60,-60,341435,1,"2026-05-18 11:01:22 EDT"
"Howard County","Maryland","property_crime","Jan - Mar 2026",5772,4937,-14.4663894663895,1377,1299,964,-29.9927378358751,-25.7890685142417,341435,1,"2026-05-18 11:01:22 EDT"
"Howard County","Maryland","rape","Jan - Mar 2026",67,36,-46.2686567164179,17,9,6,-64.7058823529412,-33.3333333333333,341435,1,"2026-05-18 11:01:22 EDT"
"Howard County","Maryland","robbery","Jan - Mar 2026",165,93,-43.6363636363636,37,27,25,-32.4324324324324,-7.40740740740741,341435,1,"2026-05-18 11:01:22 EDT"
"Howard County","Maryland","theft","Jan - Mar 2026",4251,3632,-14.5612796988944,997,913,719,-27.8836509528586,-21.2486308871851,341435,1,"2026-05-18 11:01:22 EDT"
"Howard County","Maryland","violent_crime","Jan - Mar 2026",458,370,-19.2139737991266,102,88,79,-22.5490196078431,-10.2272727272727,341435,1,"2026-05-18 11:01:22 EDT"
"Huntersville","North Carolina","aggravated_assault","Jan - Mar 2026",68,61,-10.2941176470588,14,13,12,-14.2857142857143,-7.69230769230769,65752,1,"2026-05-18 11:01:22 EDT"
"Huntersville","North Carolina","burglary","Jan - Mar 2026",67,88,31.3432835820896,15,17,15,0,-11.7647058823529,65752,1,"2026-05-18 11:01:22 EDT"
"Huntersville","North Carolina","motor_vehicle_theft","Jan - Mar 2026",88,81,-7.95454545454545,26,30,14,-46.1538461538462,-53.3333333333333,65752,1,"2026-05-18 11:01:22 EDT"
"Huntersville","North Carolina","murder","Jan - Mar 2026",1,2,100,1,1,0,-100,-100,65752,1,"2026-05-18 11:01:22 EDT"
"Huntersville","North Carolina","property_crime","Jan - Mar 2026",807,763,-5.45229244114002,204,198,137,-32.843137254902,-30.8080808080808,65752,1,"2026-05-18 11:01:22 EDT"
"Huntersville","North Carolina","rape","Jan - Mar 2026",13,5,-61.5384615384615,4,2,2,-50,0,65752,1,"2026-05-18 11:01:22 EDT"
"Huntersville","North Carolina","robbery","Jan - Mar 2026",12,13,8.33333333333333,4,5,1,-75,-80,65752,1,"2026-05-18 11:01:22 EDT"
"Huntersville","North Carolina","theft","Jan - Mar 2026",652,594,-8.89570552147239,163,151,108,-33.7423312883436,-28.476821192053,65752,1,"2026-05-18 11:01:22 EDT"
"Huntersville","North Carolina","violent_crime","Jan - Mar 2026",94,81,-13.8297872340426,23,21,15,-34.7826086956522,-28.5714285714286,65752,1,"2026-05-18 11:01:22 EDT"
"Idaho Falls","Idaho","aggravated_assault","Jan - Mar 2026",189,162,-14.2857142857143,43,49,47,9.30232558139535,-4.08163265306122,68716,1,"2026-05-18 11:01:22 EDT"
"Idaho Falls","Idaho","burglary","Jan - Mar 2026",216,159,-26.3888888888889,65,48,41,-36.9230769230769,-14.5833333333333,68716,1,"2026-05-18 11:01:22 EDT"
"Idaho Falls","Idaho","motor_vehicle_theft","Jan - Mar 2026",89,61,-31.4606741573034,24,10,12,-50,20,68716,1,"2026-05-18 11:01:22 EDT"
"Idaho Falls","Idaho","murder","Jan - Mar 2026",3,0,-100,2,0,1,-50,Inf,68716,1,"2026-05-18 11:01:22 EDT"
"Idaho Falls","Idaho","property_crime","Jan - Mar 2026",852,684,-19.7183098591549,252,169,152,-39.6825396825397,-10.0591715976331,68716,1,"2026-05-18 11:01:22 EDT"
"Idaho Falls","Idaho","rape","Jan - Mar 2026",50,41,-18,11,8,16,45.4545454545455,100,68716,1,"2026-05-18 11:01:22 EDT"
"Idaho Falls","Idaho","robbery","Jan - Mar 2026",7,7,0,2,2,2,0,0,68716,1,"2026-05-18 11:01:22 EDT"
"Idaho Falls","Idaho","theft","Jan - Mar 2026",547,464,-15.1736745886654,163,111,99,-39.2638036809816,-10.8108108108108,68716,1,"2026-05-18 11:01:22 EDT"
"Idaho Falls","Idaho","violent_crime","Jan - Mar 2026",249,210,-15.6626506024096,58,59,66,13.7931034482759,11.864406779661,68716,1,"2026-05-18 11:01:22 EDT"
"Independence","Missouri","aggravated_assault","Jan - Mar 2026",480,484,0.833333333333333,102,104,105,2.94117647058824,0.961538461538462,120271,1,"2026-05-18 11:01:22 EDT"
"Independence","Missouri","burglary","Jan - Mar 2026",499,463,-7.21442885771543,109,118,118,8.25688073394496,0,120271,1,"2026-05-18 11:01:22 EDT"
"Independence","Missouri","motor_vehicle_theft","Jan - Mar 2026",982,602,-38.6965376782077,257,173,173,-32.6848249027237,0,120271,1,"2026-05-18 11:01:22 EDT"
"Independence","Missouri","murder","Jan - Mar 2026",11,7,-36.3636363636364,2,2,2,0,0,120271,1,"2026-05-18 11:01:22 EDT"
"Independence","Missouri","property_crime","Jan - Mar 2026",4262,3617,-15.1337400281558,1063,884,886,-16.650987770461,0.226244343891403,120271,1,"2026-05-18 11:01:22 EDT"
"Independence","Missouri","rape","Jan - Mar 2026",113,120,6.19469026548673,21,26,31,47.6190476190476,19.2307692307692,120271,1,"2026-05-18 11:01:22 EDT"
"Independence","Missouri","robbery","Jan - Mar 2026",91,58,-36.2637362637363,18,23,23,27.7777777777778,0,120271,1,"2026-05-18 11:01:22 EDT"
"Independence","Missouri","theft","Jan - Mar 2026",2781,2552,-8.23444804027328,697,593,595,-14.6341463414634,0.337268128161889,120271,1,"2026-05-18 11:01:22 EDT"
"Independence","Missouri","violent_crime","Jan - Mar 2026",695,669,-3.7410071942446,143,155,161,12.5874125874126,3.87096774193548,120271,1,"2026-05-18 11:01:22 EDT"
"Indianapolis","Indiana","aggravated_assault","Jan - Mar 2026",4490,4407,-1.84855233853007,1091,1003,667,-38.8634280476627,-33.4995014955135,890685,1,"2026-05-18 11:01:22 EDT"
"Indianapolis","Indiana","burglary","Jan - Mar 2026",4115,3346,-18.6877278250304,986,866,629,-36.2068965517241,-27.3672055427252,890685,1,"2026-05-18 11:01:22 EDT"
"Indianapolis","Indiana","motor_vehicle_theft","Jan - Mar 2026",6460,4763,-26.2693498452012,1661,1192,1013,-39.0126429861529,-15.0167785234899,890685,1,"2026-05-18 11:01:22 EDT"
"Indianapolis","Indiana","murder","Jan - Mar 2026",173,138,-20.2312138728324,42,34,20,-52.3809523809524,-41.1764705882353,890685,1,"2026-05-18 11:01:22 EDT"
"Indianapolis","Indiana","property_crime","Jan - Mar 2026",28684,24439,-14.7991911867243,6746,5735,4938,-26.8010672991402,-13.897122929381,890685,1,"2026-05-18 11:01:22 EDT"
"Indianapolis","Indiana","rape","Jan - Mar 2026",819,729,-10.989010989011,204,170,148,-27.4509803921569,-12.9411764705882,890685,1,"2026-05-18 11:01:22 EDT"
"Indianapolis","Indiana","robbery","Jan - Mar 2026",1263,1042,-17.4980205859066,306,271,144,-52.9411764705882,-46.8634686346863,890685,1,"2026-05-18 11:01:22 EDT"
"Indianapolis","Indiana","theft","Jan - Mar 2026",18109,16330,-9.82384449721133,4099,3677,3296,-19.5901439375457,-10.3617079140604,890685,1,"2026-05-18 11:01:22 EDT"
"Indianapolis","Indiana","violent_crime","Jan - Mar 2026",6745,6316,-6.36026686434396,1643,1478,979,-40.4138770541692,-33.7618403247632,890685,1,"2026-05-18 11:01:22 EDT"
"Iowa City","Iowa","aggravated_assault","Jan - Mar 2026",164,142,-13.4146341463415,26,35,31,19.2307692307692,-11.4285714285714,75934,1,"2026-05-18 11:01:22 EDT"
"Iowa City","Iowa","burglary","Jan - Mar 2026",119,126,5.88235294117647,32,31,25,-21.875,-19.3548387096774,75934,1,"2026-05-18 11:01:22 EDT"
"Iowa City","Iowa","motor_vehicle_theft","Jan - Mar 2026",98,89,-9.18367346938776,14,17,15,7.14285714285714,-11.7647058823529,75934,1,"2026-05-18 11:01:22 EDT"
"Iowa City","Iowa","murder","Jan - Mar 2026",1,2,100,0,2,0,NA,-100,75934,1,"2026-05-18 11:01:22 EDT"
"Iowa City","Iowa","property_crime","Jan - Mar 2026",1275,1238,-2.90196078431373,254,290,288,13.3858267716535,-0.689655172413793,75934,1,"2026-05-18 11:01:22 EDT"
"Iowa City","Iowa","rape","Jan - Mar 2026",42,30,-28.5714285714286,10,5,7,-30,40,75934,1,"2026-05-18 11:01:22 EDT"
"Iowa City","Iowa","robbery","Jan - Mar 2026",38,23,-39.4736842105263,9,4,3,-66.6666666666667,-25,75934,1,"2026-05-18 11:01:22 EDT"
"Iowa City","Iowa","theft","Jan - Mar 2026",1058,1023,-3.30812854442344,208,242,248,19.2307692307692,2.47933884297521,75934,1,"2026-05-18 11:01:22 EDT"
"Iowa City","Iowa","violent_crime","Jan - Mar 2026",245,197,-19.5918367346939,45,46,41,-8.88888888888889,-10.8695652173913,75934,1,"2026-05-18 11:01:22 EDT"
"Iredell County","North Carolina","aggravated_assault","Jan - Mar 2026",168,155,-7.73809523809524,25,31,31,24,0,115264,1,"2026-05-18 11:01:22 EDT"
"Iredell County","North Carolina","burglary","Jan - Mar 2026",197,188,-4.56852791878173,45,56,33,-26.6666666666667,-41.0714285714286,115264,1,"2026-05-18 11:01:22 EDT"
"Iredell County","North Carolina","motor_vehicle_theft","Jan - Mar 2026",75,71,-5.33333333333333,23,17,7,-69.5652173913043,-58.8235294117647,115264,1,"2026-05-18 11:01:22 EDT"
"Iredell County","North Carolina","murder","Jan - Mar 2026",2,0,-100,2,0,0,-100,NA,115264,1,"2026-05-18 11:01:22 EDT"
"Iredell County","North Carolina","property_crime","Jan - Mar 2026",656,602,-8.23170731707317,144,153,116,-19.4444444444444,-24.1830065359477,115264,1,"2026-05-18 11:01:22 EDT"
"Iredell County","North Carolina","rape","Jan - Mar 2026",8,6,-25,1,1,2,100,100,115264,1,"2026-05-18 11:01:22 EDT"
"Iredell County","North Carolina","robbery","Jan - Mar 2026",9,6,-33.3333333333333,3,1,2,-33.3333333333333,100,115264,1,"2026-05-18 11:01:22 EDT"
"Iredell County","North Carolina","theft","Jan - Mar 2026",384,343,-10.6770833333333,76,80,76,0,-5,115264,1,"2026-05-18 11:01:22 EDT"
"Iredell County","North Carolina","violent_crime","Jan - Mar 2026",187,167,-10.6951871657754,31,33,35,12.9032258064516,6.06060606060606,115264,1,"2026-05-18 11:01:22 EDT"
"Irvine","California","aggravated_assault","Jan - Mar 2026",154,153,-0.649350649350649,50,40,33,-34,-17.5,316764,1,"2026-05-18 11:01:22 EDT"
"Irvine","California","burglary","Jan - Mar 2026",636,549,-13.6792452830189,142,185,98,-30.9859154929577,-47.027027027027,316764,1,"2026-05-18 11:01:22 EDT"
"Irvine","California","motor_vehicle_theft","Jan - Mar 2026",222,168,-24.3243243243243,58,40,47,-18.9655172413793,17.5,316764,1,"2026-05-18 11:01:22 EDT"
"Irvine","California","murder","Jan - Mar 2026",5,0,-100,0,0,0,NA,NA,316764,1,"2026-05-18 11:01:22 EDT"
"Irvine","California","property_crime","Jan - Mar 2026",4420,3684,-16.6515837104072,1030,997,697,-32.3300970873786,-30.0902708124373,316764,1,"2026-05-18 11:01:22 EDT"
"Irvine","California","rape","Jan - Mar 2026",41,42,2.4390243902439,11,7,8,-27.2727272727273,14.2857142857143,316764,1,"2026-05-18 11:01:22 EDT"
"Irvine","California","robbery","Jan - Mar 2026",70,56,-20,22,16,11,-50,-31.25,316764,1,"2026-05-18 11:01:22 EDT"
"Irvine","California","theft","Jan - Mar 2026",3562,2967,-16.7040988208871,830,772,552,-33.4939759036145,-28.4974093264249,316764,1,"2026-05-18 11:01:22 EDT"
"Irvine","California","violent_crime","Jan - Mar 2026",270,251,-7.03703703703704,83,63,52,-37.3493975903614,-17.4603174603175,316764,1,"2026-05-18 11:01:22 EDT"
"Irving","Texas","aggravated_assault","Jan - Mar 2026",406,449,10.5911330049261,86,120,80,-6.97674418604651,-33.3333333333333,257460,1,"2026-05-18 11:01:22 EDT"
"Irving","Texas","burglary","Jan - Mar 2026",646,649,0.464396284829721,165,153,185,12.1212121212121,20.9150326797386,257460,1,"2026-05-18 11:01:22 EDT"
"Irving","Texas","motor_vehicle_theft","Jan - Mar 2026",1104,700,-36.5942028985507,299,179,141,-52.8428093645485,-21.2290502793296,257460,1,"2026-05-18 11:01:22 EDT"
"Irving","Texas","murder","Jan - Mar 2026",19,3,-84.2105263157895,2,1,1,-50,0,257460,1,"2026-05-18 11:01:22 EDT"
"Irving","Texas","property_crime","Jan - Mar 2026",5671,4516,-20.3667783459707,1381,1175,979,-29.1093410572049,-16.6808510638298,257460,1,"2026-05-18 11:01:22 EDT"
"Irving","Texas","rape","Jan - Mar 2026",140,112,-20,43,35,18,-58.1395348837209,-48.5714285714286,257460,1,"2026-05-18 11:01:22 EDT"
"Irving","Texas","robbery","Jan - Mar 2026",147,122,-17.0068027210884,41,30,20,-51.219512195122,-33.3333333333333,257460,1,"2026-05-18 11:01:22 EDT"
"Irving","Texas","theft","Jan - Mar 2026",3921,3167,-19.2297883193063,917,843,653,-28.7895310796074,-22.5385527876631,257460,1,"2026-05-18 11:01:22 EDT"
"Irving","Texas","violent_crime","Jan - Mar 2026",712,686,-3.65168539325843,172,186,119,-30.8139534883721,-36.0215053763441,257460,1,"2026-05-18 11:01:22 EDT"
"Jackson","Tennessee","aggravated_assault","Jan - Mar 2026",569,436,-23.3743409490334,148,102,86,-41.8918918918919,-15.6862745098039,68286,1,"2026-05-18 11:01:22 EDT"
"Jackson","Tennessee","burglary","Jan - Mar 2026",259,230,-11.1969111969112,50,59,75,50,27.1186440677966,68286,1,"2026-05-18 11:01:22 EDT"
"Jackson","Tennessee","motor_vehicle_theft","Jan - Mar 2026",191,145,-24.0837696335079,55,40,34,-38.1818181818182,-15,68286,1,"2026-05-18 11:01:22 EDT"
"Jackson","Tennessee","murder","Jan - Mar 2026",17,13,-23.5294117647059,4,6,7,75,16.6666666666667,68286,1,"2026-05-18 11:01:22 EDT"
"Jackson","Tennessee","property_crime","Jan - Mar 2026",2144,1833,-14.5055970149254,483,454,440,-8.90269151138716,-3.08370044052863,68286,1,"2026-05-18 11:01:22 EDT"
"Jackson","Tennessee","rape","Jan - Mar 2026",24,17,-29.1666666666667,5,3,5,0,66.6666666666667,68286,1,"2026-05-18 11:01:22 EDT"
"Jackson","Tennessee","robbery","Jan - Mar 2026",68,36,-47.0588235294118,16,6,5,-68.75,-16.6666666666667,68286,1,"2026-05-18 11:01:22 EDT"
"Jackson","Tennessee","theft","Jan - Mar 2026",1694,1458,-13.9315230224321,378,355,331,-12.4338624338624,-6.76056338028169,68286,1,"2026-05-18 11:01:22 EDT"
"Jackson","Tennessee","violent_crime","Jan - Mar 2026",678,502,-25.9587020648968,173,117,103,-40.4624277456647,-11.965811965812,68286,1,"2026-05-18 11:01:22 EDT"
"Jacksonville","Florida","aggravated_assault","Jan - Mar 2026",0,0,NA,0,0,0,NA,NA,1017014,1,"2026-05-18 11:01:22 EDT"
"Jacksonville","Florida","burglary","Jan - Mar 2026",0,0,NA,0,0,0,NA,NA,1017014,1,"2026-05-18 11:01:22 EDT"
"Jacksonville","Florida","motor_vehicle_theft","Jan - Mar 2026",0,0,NA,0,0,0,NA,NA,1017014,1,"2026-05-18 11:01:22 EDT"
"Jacksonville","Florida","murder","Jan - Mar 2026",61,80,31.1475409836066,16,19,13,-18.75,-31.5789473684211,1017014,1,"2026-05-18 11:01:22 EDT"
"Jacksonville","Florida","property_crime","Jan - Mar 2026",0,0,NA,0,0,0,NA,NA,1017014,1,"2026-05-18 11:01:22 EDT"
"Jacksonville","Florida","rape","Jan - Mar 2026",0,0,NA,0,0,0,NA,NA,1017014,1,"2026-05-18 11:01:22 EDT"
"Jacksonville","Florida","robbery","Jan - Mar 2026",0,0,NA,0,0,0,NA,NA,1017014,1,"2026-05-18 11:01:22 EDT"
"Jacksonville","Florida","theft","Jan - Mar 2026",0,0,NA,0,0,0,NA,NA,1017014,1,"2026-05-18 11:01:22 EDT"
"Jacksonville","Florida","violent_crime","Jan - Mar 2026",61,80,31.1475409836066,16,19,13,-18.75,-31.5789473684211,1017014,1,"2026-05-18 11:01:22 EDT"
"Jacksonville","North Carolina","aggravated_assault","Jan - Mar 2026",122,114,-6.55737704918033,32,28,33,3.125,17.8571428571429,72227,1,"2026-05-18 11:01:22 EDT"
"Jacksonville","North Carolina","burglary","Jan - Mar 2026",150,120,-20,55,34,36,-34.5454545454545,5.88235294117647,72227,1,"2026-05-18 11:01:22 EDT"
"Jacksonville","North Carolina","motor_vehicle_theft","Jan - Mar 2026",32,61,90.625,7,18,7,0,-61.1111111111111,72227,1,"2026-05-18 11:01:22 EDT"
"Jacksonville","North Carolina","murder","Jan - Mar 2026",2,6,200,0,4,1,Inf,-75,72227,1,"2026-05-18 11:01:22 EDT"
"Jacksonville","North Carolina","property_crime","Jan - Mar 2026",0,0,NA,0,0,0,NA,NA,72227,1,"2026-05-18 11:01:22 EDT"
"Jacksonville","North Carolina","rape","Jan - Mar 2026",15,24,60,1,10,5,400,-50,72227,1,"2026-05-18 11:01:22 EDT"
"Jacksonville","North Carolina","robbery","Jan - Mar 2026",15,16,6.66666666666667,4,5,3,-25,-40,72227,1,"2026-05-18 11:01:22 EDT"
"Jacksonville","North Carolina","theft","Jan - Mar 2026",908,1037,14.2070484581498,302,288,187,-38.0794701986755,-35.0694444444444,72227,1,"2026-05-18 11:01:22 EDT"
"Jacksonville","North Carolina","violent_crime","Jan - Mar 2026",0,0,NA,0,0,0,NA,NA,72227,1,"2026-05-18 11:01:22 EDT"
"Janesville","Wisconsin","aggravated_assault","Jan - Mar 2026",55,55,0,11,9,9,-18.1818181818182,0,66247,1,"2026-05-18 11:01:22 EDT"
"Janesville","Wisconsin","burglary","Jan - Mar 2026",77,50,-35.0649350649351,12,12,11,-8.33333333333333,-8.33333333333333,66247,1,"2026-05-18 11:01:22 EDT"
"Janesville","Wisconsin","motor_vehicle_theft","Jan - Mar 2026",52,41,-21.1538461538462,11,8,5,-54.5454545454545,-37.5,66247,1,"2026-05-18 11:01:22 EDT"
"Janesville","Wisconsin","murder","Jan - Mar 2026",2,4,100,0,1,0,NA,-100,66247,1,"2026-05-18 11:01:22 EDT"
"Janesville","Wisconsin","property_crime","Jan - Mar 2026",1232,1051,-14.6915584415584,242,277,215,-11.1570247933884,-22.3826714801444,66247,1,"2026-05-18 11:01:22 EDT"
"Janesville","Wisconsin","rape","Jan - Mar 2026",26,15,-42.3076923076923,4,7,9,125,28.5714285714286,66247,1,"2026-05-18 11:01:22 EDT"
"Janesville","Wisconsin","robbery","Jan - Mar 2026",11,7,-36.3636363636364,3,1,6,100,500,66247,1,"2026-05-18 11:01:22 EDT"
"Janesville","Wisconsin","theft","Jan - Mar 2026",1103,960,-12.9646418857661,219,257,199,-9.1324200913242,-22.568093385214,66247,1,"2026-05-18 11:01:22 EDT"
"Janesville","Wisconsin","violent_crime","Jan - Mar 2026",94,81,-13.8297872340426,18,18,24,33.3333333333333,33.3333333333333,66247,1,"2026-05-18 11:01:22 EDT"
"Jefferson County","Colorado","aggravated_assault","Jan - Mar 2026",301,342,13.6212624584718,95,68,35,-63.1578947368421,-48.5294117647059,199783,1,"2026-05-18 11:01:22 EDT"
"Jefferson County","Colorado","burglary","Jan - Mar 2026",374,276,-26.2032085561497,75,75,39,-48,-48,199783,1,"2026-05-18 11:01:22 EDT"
"Jefferson County","Colorado","motor_vehicle_theft","Jan - Mar 2026",364,263,-27.7472527472527,101,63,34,-66.3366336633663,-46.031746031746,199783,1,"2026-05-18 11:01:22 EDT"
"Jefferson County","Colorado","murder","Jan - Mar 2026",3,0,-100,0,0,0,NA,NA,199783,1,"2026-05-18 11:01:22 EDT"
"Jefferson County","Colorado","property_crime","Jan - Mar 2026",0,0,NA,0,0,0,NA,NA,199783,1,"2026-05-18 11:01:22 EDT"
"Jefferson County","Colorado","rape","Jan - Mar 2026",91,90,-1.0989010989011,26,25,9,-65.3846153846154,-64,199783,1,"2026-05-18 11:01:22 EDT"
"Jefferson County","Colorado","robbery","Jan - Mar 2026",39,22,-43.5897435897436,13,6,3,-76.9230769230769,-50,199783,1,"2026-05-18 11:01:22 EDT"
"Jefferson County","Colorado","theft","Jan - Mar 2026",1663,1287,-22.6097414311485,427,328,177,-58.5480093676815,-46.0365853658537,199783,1,"2026-05-18 11:01:22 EDT"
"Jefferson County","Colorado","violent_crime","Jan - Mar 2026",0,0,NA,0,0,0,NA,NA,199783,1,"2026-05-18 11:01:22 EDT"
"Jefferson County","Missouri","aggravated_assault","Jan - Mar 2026",402,341,-15.1741293532338,89,69,69,-22.4719101123595,0,169503,1,"2026-05-18 11:01:22 EDT"
"Jefferson County","Missouri","burglary","Jan - Mar 2026",251,184,-26.6932270916335,34,61,60,76.4705882352941,-1.63934426229508,169503,1,"2026-05-18 11:01:22 EDT"
"Jefferson County","Missouri","motor_vehicle_theft","Jan - Mar 2026",219,152,-30.5936073059361,30,43,43,43.3333333333333,0,169503,1,"2026-05-18 11:01:22 EDT"
"Jefferson County","Missouri","murder","Jan - Mar 2026",5,5,0,1,3,3,200,0,169503,1,"2026-05-18 11:01:22 EDT"
"Jefferson County","Missouri","property_crime","Jan - Mar 2026",1347,1057,-21.5293244246474,252,287,286,13.4920634920635,-0.348432055749129,169503,1,"2026-05-18 11:01:22 EDT"
"Jefferson County","Missouri","rape","Jan - Mar 2026",36,30,-16.6666666666667,10,3,3,-70,0,169503,1,"2026-05-18 11:01:22 EDT"
"Jefferson County","Missouri","robbery","Jan - Mar 2026",11,10,-9.09090909090909,3,0,0,-100,NA,169503,1,"2026-05-18 11:01:22 EDT"
"Jefferson County","Missouri","theft","Jan - Mar 2026",877,721,-17.787913340935,188,183,183,-2.65957446808511,0,169503,1,"2026-05-18 11:01:22 EDT"
"Jefferson County","Missouri","violent_crime","Jan - Mar 2026",454,386,-14.9779735682819,103,75,75,-27.1844660194175,0,169503,1,"2026-05-18 11:01:22 EDT"
"Jefferson Parish","Louisiana","aggravated_assault","Jan - Mar 2026",752,652,-13.2978723404255,193,183,162,-16.0621761658031,-11.4754098360656,322846,1,"2026-05-18 11:01:22 EDT"
"Jefferson Parish","Louisiana","burglary","Jan - Mar 2026",731,752,2.87277701778386,177,212,112,-36.7231638418079,-47.1698113207547,322846,1,"2026-05-18 11:01:22 EDT"
"Jefferson Parish","Louisiana","motor_vehicle_theft","Jan - Mar 2026",505,544,7.72277227722772,150,126,74,-50.6666666666667,-41.2698412698413,322846,1,"2026-05-18 11:01:22 EDT"
"Jefferson Parish","Louisiana","murder","Jan - Mar 2026",19,20,5.26315789473684,4,6,1,-75,-83.3333333333333,322846,1,"2026-05-18 11:01:22 EDT"
"Jefferson Parish","Louisiana","property_crime","Jan - Mar 2026",6795,6178,-9.08020603384842,1798,1413,1453,-19.1879866518354,2.83085633404105,322846,1,"2026-05-18 11:01:22 EDT"
"Jefferson Parish","Louisiana","rape","Jan - Mar 2026",80,58,-27.5,25,12,16,-36,33.3333333333333,322846,1,"2026-05-18 11:01:22 EDT"
"Jefferson Parish","Louisiana","robbery","Jan - Mar 2026",201,130,-35.3233830845771,56,38,35,-37.5,-7.89473684210526,322846,1,"2026-05-18 11:01:22 EDT"
"Jefferson Parish","Louisiana","theft","Jan - Mar 2026",5559,4882,-12.1784493613959,1471,1075,1267,-13.8681169272604,17.8604651162791,322846,1,"2026-05-18 11:01:22 EDT"
"Jefferson Parish","Louisiana","violent_crime","Jan - Mar 2026",1052,860,-18.2509505703422,278,239,214,-23.021582733813,-10.4602510460251,322846,1,"2026-05-18 11:01:22 EDT"
"Jersey City","New Jersey","aggravated_assault","Jan - Mar 2026",1063,992,-6.67920978363123,207,252,220,6.28019323671498,-12.6984126984127,297922,1,"2026-05-18 11:01:22 EDT"
"Jersey City","New Jersey","burglary","Jan - Mar 2026",613,466,-23.9804241435563,161,131,63,-60.8695652173913,-51.9083969465649,297922,1,"2026-05-18 11:01:22 EDT"
"Jersey City","New Jersey","motor_vehicle_theft","Jan - Mar 2026",886,886,0,223,191,148,-33.6322869955157,-22.5130890052356,297922,1,"2026-05-18 11:01:22 EDT"
"Jersey City","New Jersey","murder","Jan - Mar 2026",7,12,71.4285714285714,1,5,0,-100,-100,297922,1,"2026-05-18 11:01:22 EDT"
"Jersey City","New Jersey","property_crime","Jan - Mar 2026",6053,5576,-7.88038988931109,1394,1281,1015,-27.1879483500717,-20.7650273224044,297922,1,"2026-05-18 11:01:22 EDT"
"Jersey City","New Jersey","rape","Jan - Mar 2026",88,86,-2.27272727272727,19,24,17,-10.5263157894737,-29.1666666666667,297922,1,"2026-05-18 11:01:22 EDT"
"Jersey City","New Jersey","robbery","Jan - Mar 2026",515,395,-23.3009708737864,103,101,68,-33.9805825242718,-32.6732673267327,297922,1,"2026-05-18 11:01:22 EDT"
"Jersey City","New Jersey","theft","Jan - Mar 2026",4554,4224,-7.2463768115942,1010,959,804,-20.3960396039604,-16.162669447341,297922,1,"2026-05-18 11:01:22 EDT"
"Jersey City","New Jersey","violent_crime","Jan - Mar 2026",1673,1485,-11.237298266587,330,382,305,-7.57575757575758,-20.1570680628272,297922,1,"2026-05-18 11:01:22 EDT"
"Johns Creek","Georgia","aggravated_assault","Jan - Mar 2026",20,21,5,2,6,2,0,-66.6666666666667,81056,1,"2026-05-18 11:01:22 EDT"
"Johns Creek","Georgia","burglary","Jan - Mar 2026",39,21,-46.1538461538462,3,5,9,200,80,81056,1,"2026-05-18 11:01:22 EDT"
"Johns Creek","Georgia","motor_vehicle_theft","Jan - Mar 2026",25,20,-20,8,8,0,-100,-100,81056,1,"2026-05-18 11:01:22 EDT"
"Johns Creek","Georgia","murder","Jan - Mar 2026",0,3,Inf,0,1,0,NA,-100,81056,1,"2026-05-18 11:01:22 EDT"
"Johns Creek","Georgia","property_crime","Jan - Mar 2026",436,358,-17.8899082568807,128,83,64,-50,-22.8915662650602,81056,1,"2026-05-18 11:01:22 EDT"
"Johns Creek","Georgia","rape","Jan - Mar 2026",2,3,50,0,3,0,NA,-100,81056,1,"2026-05-18 11:01:22 EDT"
"Johns Creek","Georgia","robbery","Jan - Mar 2026",7,5,-28.5714285714286,4,2,1,-75,-50,81056,1,"2026-05-18 11:01:22 EDT"
"Johns Creek","Georgia","theft","Jan - Mar 2026",372,317,-14.7849462365591,117,70,55,-52.991452991453,-21.4285714285714,81056,1,"2026-05-18 11:01:22 EDT"
"Johns Creek","Georgia","violent_crime","Jan - Mar 2026",29,32,10.3448275862069,6,12,3,-50,-75,81056,1,"2026-05-18 11:01:22 EDT"
"Johnson City","Tennessee","aggravated_assault","Jan - Mar 2026",216,225,4.16666666666667,39,42,38,-2.56410256410256,-9.52380952380952,71850,1,"2026-05-18 11:01:22 EDT"
"Johnson City","Tennessee","burglary","Jan - Mar 2026",133,141,6.01503759398496,40,25,29,-27.5,16,71850,1,"2026-05-18 11:01:22 EDT"
"Johnson City","Tennessee","motor_vehicle_theft","Jan - Mar 2026",130,92,-29.2307692307692,34,23,24,-29.4117647058824,4.34782608695652,71850,1,"2026-05-18 11:01:22 EDT"
"Johnson City","Tennessee","murder","Jan - Mar 2026",4,1,-75,0,0,0,NA,NA,71850,1,"2026-05-18 11:01:22 EDT"
"Johnson City","Tennessee","property_crime","Jan - Mar 2026",1691,1576,-6.80070963926671,432,400,255,-40.9722222222222,-36.25,71850,1,"2026-05-18 11:01:22 EDT"
"Johnson City","Tennessee","rape","Jan - Mar 2026",57,55,-3.50877192982456,14,12,10,-28.5714285714286,-16.6666666666667,71850,1,"2026-05-18 11:01:22 EDT"
"Johnson City","Tennessee","robbery","Jan - Mar 2026",25,26,4,4,3,2,-50,-33.3333333333333,71850,1,"2026-05-18 11:01:22 EDT"
"Johnson City","Tennessee","theft","Jan - Mar 2026",1428,1343,-5.95238095238095,358,352,202,-43.5754189944134,-42.6136363636364,71850,1,"2026-05-18 11:01:22 EDT"
"Johnson City","Tennessee","violent_crime","Jan - Mar 2026",302,307,1.65562913907285,57,57,50,-12.280701754386,-12.280701754386,71850,1,"2026-05-18 11:01:22 EDT"
"Johnston County","North Carolina","aggravated_assault","Jan - Mar 2026",127,132,3.93700787401575,19,44,17,-10.5263157894737,-61.3636363636364,184826,1,"2026-05-18 11:01:22 EDT"
"Johnston County","North Carolina","burglary","Jan - Mar 2026",213,204,-4.22535211267606,55,52,37,-32.7272727272727,-28.8461538461538,184826,1,"2026-05-18 11:01:22 EDT"
"Johnston County","North Carolina","motor_vehicle_theft","Jan - Mar 2026",148,125,-15.5405405405405,31,26,28,-9.67741935483871,7.69230769230769,184826,1,"2026-05-18 11:01:22 EDT"
"Johnston County","North Carolina","murder","Jan - Mar 2026",2,14,600,2,5,2,0,-60,184826,1,"2026-05-18 11:01:22 EDT"
"Johnston County","North Carolina","property_crime","Jan - Mar 2026",1324,1303,-1.58610271903323,321,335,246,-23.3644859813084,-26.5671641791045,184826,1,"2026-05-18 11:01:22 EDT"
"Johnston County","North Carolina","rape","Jan - Mar 2026",33,23,-30.3030303030303,14,5,6,-57.1428571428571,20,184826,1,"2026-05-18 11:01:22 EDT"
"Johnston County","North Carolina","robbery","Jan - Mar 2026",8,13,62.5,1,6,2,100,-66.6666666666667,184826,1,"2026-05-18 11:01:22 EDT"
"Johnston County","North Carolina","theft","Jan - Mar 2026",963,974,1.14226375908619,235,257,181,-22.9787234042553,-29.5719844357977,184826,1,"2026-05-18 11:01:22 EDT"
"Johnston County","North Carolina","violent_crime","Jan - Mar 2026",170,182,7.05882352941176,36,60,27,-25,-55,184826,1,"2026-05-18 11:01:22 EDT"
"Jonesboro","Arkansas","aggravated_assault","Jan - Feb 2026",476,367,-22.8991596638655,67,51,48,-28.3582089552239,-5.88235294117647,81256,1,"2026-05-18 11:01:22 EDT"
"Jonesboro","Arkansas","burglary","Jan - Feb 2026",754,239,-68.3023872679045,121,30,22,-81.8181818181818,-26.6666666666667,81256,1,"2026-05-18 11:01:22 EDT"
"Jonesboro","Arkansas","motor_vehicle_theft","Jan - Feb 2026",182,130,-28.5714285714286,29,16,8,-72.4137931034483,-50,81256,1,"2026-05-18 11:01:22 EDT"
"Jonesboro","Arkansas","murder","Jan - Feb 2026",5,4,-20,0,3,3,Inf,0,81256,1,"2026-05-18 11:01:22 EDT"
"Jonesboro","Arkansas","property_crime","Jan - Feb 2026",0,0,NA,0,0,0,NA,NA,81256,1,"2026-05-18 11:01:22 EDT"
"Jonesboro","Arkansas","rape","Jan - Feb 2026",85,68,-20,9,6,8,-11.1111111111111,33.3333333333333,81256,1,"2026-05-18 11:01:22 EDT"
"Jonesboro","Arkansas","robbery","Jan - Feb 2026",50,33,-34,9,6,9,0,50,81256,1,"2026-05-18 11:01:22 EDT"
"Jonesboro","Arkansas","theft","Jan - Feb 2026",1550,1688,8.90322580645161,265,269,206,-22.2641509433962,-23.4200743494424,81256,1,"2026-05-18 11:01:22 EDT"
"Jonesboro","Arkansas","violent_crime","Jan - Feb 2026",0,0,NA,0,0,0,NA,NA,81256,1,"2026-05-18 11:01:22 EDT"
"Joplin","Missouri","aggravated_assault","Jan - Mar 2026",224,206,-8.03571428571429,23,41,41,78.2608695652174,0,45692,1,"2026-05-18 11:01:22 EDT"
"Joplin","Missouri","burglary","Jan - Mar 2026",223,229,2.69058295964126,65,54,54,-16.9230769230769,0,45692,1,"2026-05-18 11:01:22 EDT"
"Joplin","Missouri","motor_vehicle_theft","Jan - Mar 2026",217,218,0.460829493087558,41,43,43,4.8780487804878,0,45692,1,"2026-05-18 11:01:22 EDT"
"Joplin","Missouri","murder","Jan - Mar 2026",0,0,NA,0,0,0,NA,NA,45692,1,"2026-05-18 11:01:22 EDT"
"Joplin","Missouri","property_crime","Jan - Mar 2026",2207,1937,-12.2338015405528,551,514,514,-6.71506352087114,0,45692,1,"2026-05-18 11:01:22 EDT"
"Joplin","Missouri","rape","Jan - Mar 2026",48,72,50,11,18,18,63.6363636363636,0,45692,1,"2026-05-18 11:01:22 EDT"
"Joplin","Missouri","robbery","Jan - Mar 2026",28,24,-14.2857142857143,6,7,7,16.6666666666667,0,45692,1,"2026-05-18 11:01:22 EDT"
"Joplin","Missouri","theft","Jan - Mar 2026",1767,1490,-15.6762874929259,445,417,417,-6.29213483146067,0,45692,1,"2026-05-18 11:01:22 EDT"
"Joplin","Missouri","violent_crime","Jan - Mar 2026",300,302,0.666666666666667,40,66,66,65,0,45692,1,"2026-05-18 11:01:22 EDT"
"Kalamazoo","Michigan","aggravated_assault","Jan - Mar 2026",565,608,7.61061946902655,117,119,100,-14.5299145299145,-15.9663865546218,73002,1,"2026-05-18 11:01:22 EDT"
"Kalamazoo","Michigan","burglary","Jan - Mar 2026",399,347,-13.0325814536341,92,79,58,-36.9565217391304,-26.5822784810127,73002,1,"2026-05-18 11:01:22 EDT"
"Kalamazoo","Michigan","motor_vehicle_theft","Jan - Mar 2026",363,297,-18.1818181818182,89,45,53,-40.4494382022472,17.7777777777778,73002,1,"2026-05-18 11:01:22 EDT"
"Kalamazoo","Michigan","murder","Jan - Mar 2026",10,7,-30,3,2,3,0,50,73002,1,"2026-05-18 11:01:22 EDT"
"Kalamazoo","Michigan","property_crime","Jan - Mar 2026",2388,2128,-10.8877721943049,560,443,311,-44.4642857142857,-29.7968397291196,73002,1,"2026-05-18 11:01:22 EDT"
"Kalamazoo","Michigan","rape","Jan - Mar 2026",100,100,0,21,23,8,-61.9047619047619,-65.2173913043478,73002,1,"2026-05-18 11:01:22 EDT"
"Kalamazoo","Michigan","robbery","Jan - Mar 2026",114,77,-32.4561403508772,21,14,15,-28.5714285714286,7.14285714285714,73002,1,"2026-05-18 11:01:22 EDT"
"Kalamazoo","Michigan","theft","Jan - Mar 2026",1626,1484,-8.73308733087331,379,319,200,-47.2295514511873,-37.3040752351097,73002,1,"2026-05-18 11:01:22 EDT"
"Kalamazoo","Michigan","violent_crime","Jan - Mar 2026",789,792,0.380228136882129,162,158,126,-22.2222222222222,-20.253164556962,73002,1,"2026-05-18 11:01:22 EDT"
"Kalamazoo County","Michigan","aggravated_assault","Jan - Mar 2026",239,339,41.8410041841004,43,65,71,65.1162790697674,9.23076923076923,107378,1,"2026-05-18 11:01:22 EDT"
"Kalamazoo County","Michigan","burglary","Jan - Mar 2026",296,241,-18.5810810810811,61,59,46,-24.5901639344262,-22.0338983050847,107378,1,"2026-05-18 11:01:22 EDT"
"Kalamazoo County","Michigan","motor_vehicle_theft","Jan - Mar 2026",233,241,3.43347639484979,40,33,26,-35,-21.2121212121212,107378,1,"2026-05-18 11:01:22 EDT"
"Kalamazoo County","Michigan","murder","Jan - Mar 2026",3,4,33.3333333333333,0,0,0,NA,NA,107378,1,"2026-05-18 11:01:22 EDT"
"Kalamazoo County","Michigan","property_crime","Jan - Mar 2026",0,0,NA,0,0,0,NA,NA,107378,1,"2026-05-18 11:01:22 EDT"
"Kalamazoo County","Michigan","rape","Jan - Mar 2026",42,41,-2.38095238095238,11,11,10,-9.09090909090909,-9.09090909090909,107378,1,"2026-05-18 11:01:22 EDT"
"Kalamazoo County","Michigan","robbery","Jan - Mar 2026",19,26,36.8421052631579,5,8,5,0,-37.5,107378,1,"2026-05-18 11:01:22 EDT"
"Kalamazoo County","Michigan","theft","Jan - Mar 2026",1432,1464,2.23463687150838,303,326,282,-6.93069306930693,-13.4969325153374,107378,1,"2026-05-18 11:01:22 EDT"
"Kalamazoo County","Michigan","violent_crime","Jan - Mar 2026",0,0,NA,0,0,0,NA,NA,107378,1,"2026-05-18 11:01:22 EDT"
"Kannapolis","North Carolina","aggravated_assault","Jan - Mar 2026",63,81,28.5714285714286,9,25,17,88.8888888888889,-32,49552,1,"2026-05-18 11:01:22 EDT"
"Kannapolis","North Carolina","burglary","Jan - Mar 2026",123,129,4.8780487804878,29,33,18,-37.9310344827586,-45.4545454545455,49552,1,"2026-05-18 11:01:22 EDT"
"Kannapolis","North Carolina","motor_vehicle_theft","Jan - Mar 2026",131,96,-26.7175572519084,38,30,25,-34.2105263157895,-16.6666666666667,49552,1,"2026-05-18 11:01:22 EDT"
"Kannapolis","North Carolina","murder","Jan - Mar 2026",6,3,-50,1,3,0,-100,-100,49552,1,"2026-05-18 11:01:22 EDT"
"Kannapolis","North Carolina","property_crime","Jan - Mar 2026",1092,916,-16.1172161172161,263,226,184,-30.0380228136882,-18.5840707964602,49552,1,"2026-05-18 11:01:22 EDT"
"Kannapolis","North Carolina","rape","Jan - Mar 2026",19,8,-57.8947368421053,5,3,6,20,100,49552,1,"2026-05-18 11:01:22 EDT"
"Kannapolis","North Carolina","robbery","Jan - Mar 2026",14,13,-7.14285714285714,4,3,3,-25,0,49552,1,"2026-05-18 11:01:22 EDT"
"Kannapolis","North Carolina","theft","Jan - Mar 2026",838,691,-17.5417661097852,196,163,141,-28.0612244897959,-13.4969325153374,49552,1,"2026-05-18 11:01:22 EDT"
"Kannapolis","North Carolina","violent_crime","Jan - Mar 2026",102,105,2.94117647058824,19,34,26,36.8421052631579,-23.5294117647059,49552,1,"2026-05-18 11:01:22 EDT"
"Kansas City","Missouri","aggravated_assault","Jan - Mar 2026",6100,5568,-8.72131147540984,1367,1131,1132,-17.1909290416971,0.0884173297966401,314045,1,"2026-05-18 11:01:22 EDT"
"Kansas City","Missouri","burglary","Jan - Mar 2026",2512,2812,11.9426751592357,565,652,652,15.3982300884956,0,314045,1,"2026-05-18 11:01:22 EDT"
"Kansas City","Missouri","motor_vehicle_theft","Jan - Mar 2026",8857,6179,-30.2359715479282,2065,1724,1726,-16.4164648910412,0.116009280742459,314045,1,"2026-05-18 11:01:22 EDT"
"Kansas City","Missouri","murder","Jan - Mar 2026",141,135,-4.25531914893617,29,37,36,24.1379310344828,-2.7027027027027,314045,1,"2026-05-18 11:01:22 EDT"
"Kansas City","Missouri","property_crime","Jan - Mar 2026",23950,20525,-14.3006263048017,5440,5089,5098,-6.28676470588235,0.176852033798389,314045,1,"2026-05-18 11:01:22 EDT"
"Kansas City","Missouri","rape","Jan - Mar 2026",385,366,-4.93506493506494,100,93,96,-4,3.2258064516129,314045,1,"2026-05-18 11:01:22 EDT"
"Kansas City","Missouri","robbery","Jan - Mar 2026",1300,1040,-20,273,264,265,-2.93040293040293,0.378787878787879,314045,1,"2026-05-18 11:01:22 EDT"
"Kansas City","Missouri","theft","Jan - Mar 2026",12581,11534,-8.32207296717272,2810,2713,2720,-3.20284697508897,0.258016955399926,314045,1,"2026-05-18 11:01:22 EDT"
"Kansas City","Missouri","violent_crime","Jan - Mar 2026",7926,7109,-10.3078475902094,1769,1525,1529,-13.5669869983041,0.262295081967213,314045,1,"2026-05-18 11:01:22 EDT"
"Kaufman County","Texas","aggravated_assault","Jan - Mar 2026",103,74,-28.1553398058252,28,15,16,-42.8571428571429,6.66666666666667,115399,1,"2026-05-18 11:01:22 EDT"
"Kaufman County","Texas","burglary","Jan - Mar 2026",129,72,-44.1860465116279,33,23,16,-51.5151515151515,-30.4347826086957,115399,1,"2026-05-18 11:01:22 EDT"
"Kaufman County","Texas","motor_vehicle_theft","Jan - Mar 2026",76,47,-38.1578947368421,14,8,14,0,75,115399,1,"2026-05-18 11:01:22 EDT"
"Kaufman County","Texas","murder","Jan - Mar 2026",2,6,200,1,2,1,0,-50,115399,1,"2026-05-18 11:01:22 EDT"
"Kaufman County","Texas","property_crime","Jan - Mar 2026",432,320,-25.9259259259259,112,77,74,-33.9285714285714,-3.8961038961039,115399,1,"2026-05-18 11:01:22 EDT"
"Kaufman County","Texas","rape","Jan - Mar 2026",24,21,-12.5,4,5,5,25,0,115399,1,"2026-05-18 11:01:22 EDT"
"Kaufman County","Texas","robbery","Jan - Mar 2026",8,9,12.5,2,3,0,-100,-100,115399,1,"2026-05-18 11:01:22 EDT"
"Kaufman County","Texas","theft","Jan - Mar 2026",227,201,-11.4537444933921,65,46,44,-32.3076923076923,-4.34782608695652,115399,1,"2026-05-18 11:01:22 EDT"
"Kaufman County","Texas","violent_crime","Jan - Mar 2026",137,110,-19.7080291970803,35,25,22,-37.1428571428571,-12,115399,1,"2026-05-18 11:01:22 EDT"
"Kenosha","Wisconsin","aggravated_assault","Jan - Mar 2026",218,250,14.6788990825688,41,66,53,29.2682926829268,-19.6969696969697,97652,1,"2026-05-18 11:01:22 EDT"
"Kenosha","Wisconsin","burglary","Jan - Mar 2026",96,83,-13.5416666666667,24,23,7,-70.8333333333333,-69.5652173913043,97652,1,"2026-05-18 11:01:22 EDT"
"Kenosha","Wisconsin","motor_vehicle_theft","Jan - Mar 2026",82,82,0,18,20,17,-5.55555555555556,-15,97652,1,"2026-05-18 11:01:22 EDT"
"Kenosha","Wisconsin","murder","Jan - Mar 2026",3,2,-33.3333333333333,1,1,2,100,100,97652,1,"2026-05-18 11:01:22 EDT"
"Kenosha","Wisconsin","property_crime","Jan - Mar 2026",948,779,-17.8270042194093,223,193,166,-25.5605381165919,-13.9896373056995,97652,1,"2026-05-18 11:01:22 EDT"
"Kenosha","Wisconsin","rape","Jan - Mar 2026",53,48,-9.43396226415094,10,8,7,-30,-12.5,97652,1,"2026-05-18 11:01:22 EDT"
"Kenosha","Wisconsin","robbery","Jan - Mar 2026",36,23,-36.1111111111111,12,5,4,-66.6666666666667,-20,97652,1,"2026-05-18 11:01:22 EDT"
"Kenosha","Wisconsin","theft","Jan - Mar 2026",770,614,-20.2597402597403,181,150,142,-21.5469613259669,-5.33333333333333,97652,1,"2026-05-18 11:01:22 EDT"
"Kenosha","Wisconsin","violent_crime","Jan - Mar 2026",310,323,4.19354838709677,64,80,66,3.125,-17.5,97652,1,"2026-05-18 11:01:22 EDT"
"Kent County","Michigan","aggravated_assault","Jan - Feb 2026",294,332,12.9251700680272,49,59,57,16.3265306122449,-3.38983050847458,274131,1,"2026-05-18 11:01:22 EDT"
"Kent County","Michigan","burglary","Jan - Feb 2026",178,183,2.80898876404494,23,15,26,13.0434782608696,73.3333333333333,274131,1,"2026-05-18 11:01:22 EDT"
"Kent County","Michigan","motor_vehicle_theft","Jan - Feb 2026",205,135,-34.1463414634146,36,22,16,-55.5555555555556,-27.2727272727273,274131,1,"2026-05-18 11:01:22 EDT"
"Kent County","Michigan","murder","Jan - Feb 2026",0,2,Inf,0,2,0,NA,-100,274131,1,"2026-05-18 11:01:22 EDT"
"Kent County","Michigan","property_crime","Jan - Feb 2026",0,0,NA,0,0,0,NA,NA,274131,1,"2026-05-18 11:01:22 EDT"
"Kent County","Michigan","rape","Jan - Feb 2026",113,95,-15.929203539823,19,20,14,-26.3157894736842,-30,274131,1,"2026-05-18 11:01:22 EDT"
"Kent County","Michigan","robbery","Jan - Feb 2026",13,7,-46.1538461538462,3,0,0,-100,NA,274131,1,"2026-05-18 11:01:22 EDT"
"Kent County","Michigan","theft","Jan - Feb 2026",1806,1627,-9.91140642303433,255,235,186,-27.0588235294118,-20.8510638297872,274131,1,"2026-05-18 11:01:22 EDT"
"Kent County","Michigan","violent_crime","Jan - Feb 2026",0,0,NA,0,0,0,NA,NA,274131,1,"2026-05-18 11:01:22 EDT"
"Kettering","Ohio","aggravated_assault","Jan - Mar 2026",9,30,233.333333333333,3,9,2,-33.3333333333333,-77.7777777777778,55834,1,"2026-05-18 11:01:22 EDT"
"Kettering","Ohio","burglary","Jan - Mar 2026",87,54,-37.9310344827586,21,6,8,-61.9047619047619,33.3333333333333,55834,1,"2026-05-18 11:01:22 EDT"
"Kettering","Ohio","motor_vehicle_theft","Jan - Mar 2026",86,87,1.16279069767442,11,17,21,90.9090909090909,23.5294117647059,55834,1,"2026-05-18 11:01:22 EDT"
"Kettering","Ohio","murder","Jan - Mar 2026",0,0,NA,0,0,0,NA,NA,55834,1,"2026-05-18 11:01:22 EDT"
"Kettering","Ohio","property_crime","Jan - Mar 2026",0,0,NA,0,0,0,NA,NA,55834,1,"2026-05-18 11:01:22 EDT"
"Kettering","Ohio","rape","Jan - Mar 2026",10,8,-20,1,2,3,200,50,55834,1,"2026-05-18 11:01:22 EDT"
"Kettering","Ohio","robbery","Jan - Mar 2026",7,3,-57.1428571428571,3,0,0,-100,NA,55834,1,"2026-05-18 11:01:22 EDT"
"Kettering","Ohio","theft","Jan - Mar 2026",710,658,-7.32394366197183,172,163,119,-30.8139534883721,-26.9938650306748,55834,1,"2026-05-18 11:01:22 EDT"
"Kettering","Ohio","violent_crime","Jan - Mar 2026",0,0,NA,0,0,0,NA,NA,55834,1,"2026-05-18 11:01:22 EDT"
"Killeen","Texas","aggravated_assault","Jan - Feb 2026",634,599,-5.5205047318612,90,69,71,-21.1111111111111,2.89855072463768,161667,1,"2026-05-18 11:01:22 EDT"
"Killeen","Texas","burglary","Jan - Feb 2026",501,506,0.998003992015968,74,95,60,-18.9189189189189,-36.8421052631579,161667,1,"2026-05-18 11:01:22 EDT"
"Killeen","Texas","motor_vehicle_theft","Jan - Feb 2026",461,421,-8.67678958785249,95,96,51,-46.3157894736842,-46.875,161667,1,"2026-05-18 11:01:22 EDT"
"Killeen","Texas","murder","Jan - Feb 2026",20,19,-5,2,4,4,100,0,161667,1,"2026-05-18 11:01:22 EDT"
"Killeen","Texas","property_crime","Jan - Feb 2026",0,0,NA,0,0,0,NA,NA,161667,1,"2026-05-18 11:01:22 EDT"
"Killeen","Texas","rape","Jan - Feb 2026",112,93,-16.9642857142857,14,11,21,50,90.9090909090909,161667,1,"2026-05-18 11:01:22 EDT"
"Killeen","Texas","robbery","Jan - Feb 2026",88,75,-14.7727272727273,10,7,7,-30,0,161667,1,"2026-05-18 11:01:22 EDT"
"Killeen","Texas","theft","Jan - Feb 2026",1273,1725,35.5066771406127,205,259,238,16.0975609756098,-8.10810810810811,161667,1,"2026-05-18 11:01:22 EDT"
"Killeen","Texas","violent_crime","Jan - Feb 2026",0,0,NA,0,0,0,NA,NA,161667,1,"2026-05-18 11:01:22 EDT"
"Kingsport","Tennessee","aggravated_assault","Jan - Mar 2026",202,251,24.2574257425743,57,45,38,-33.3333333333333,-15.5555555555556,54345,1,"2026-05-18 11:01:22 EDT"
"Kingsport","Tennessee","burglary","Jan - Mar 2026",183,134,-26.775956284153,49,30,43,-12.2448979591837,43.3333333333333,54345,1,"2026-05-18 11:01:22 EDT"
"Kingsport","Tennessee","motor_vehicle_theft","Jan - Mar 2026",177,124,-29.9435028248588,59,28,16,-72.8813559322034,-42.8571428571429,54345,1,"2026-05-18 11:01:22 EDT"
"Kingsport","Tennessee","murder","Jan - Mar 2026",2,1,-50,1,0,1,0,Inf,54345,1,"2026-05-18 11:01:22 EDT"
"Kingsport","Tennessee","property_crime","Jan - Mar 2026",1715,1275,-25.6559766763848,467,304,249,-46.6809421841542,-18.0921052631579,54345,1,"2026-05-18 11:01:22 EDT"
"Kingsport","Tennessee","rape","Jan - Mar 2026",28,36,28.5714285714286,6,6,6,0,0,54345,1,"2026-05-18 11:01:22 EDT"
"Kingsport","Tennessee","robbery","Jan - Mar 2026",21,37,76.1904761904762,7,8,3,-57.1428571428571,-62.5,54345,1,"2026-05-18 11:01:22 EDT"
"Kingsport","Tennessee","theft","Jan - Mar 2026",1355,1017,-24.9446494464945,359,246,190,-47.075208913649,-22.7642276422764,54345,1,"2026-05-18 11:01:22 EDT"
"Kingsport","Tennessee","violent_crime","Jan - Mar 2026",253,325,28.4584980237154,71,59,48,-32.3943661971831,-18.6440677966102,54345,1,"2026-05-18 11:01:22 EDT"
"Knox County","Tennessee","aggravated_assault","Jan - Mar 2026",468,437,-6.62393162393162,125,81,95,-24,17.2839506172839,309336,1,"2026-05-18 11:01:22 EDT"
"Knox County","Tennessee","burglary","Jan - Mar 2026",252,243,-3.57142857142857,52,68,60,15.3846153846154,-11.7647058823529,309336,1,"2026-05-18 11:01:22 EDT"
"Knox County","Tennessee","motor_vehicle_theft","Jan - Mar 2026",331,348,5.13595166163142,70,84,59,-15.7142857142857,-29.7619047619048,309336,1,"2026-05-18 11:01:22 EDT"
"Knox County","Tennessee","murder","Jan - Mar 2026",2,4,100,0,1,1,Inf,0,309336,1,"2026-05-18 11:01:22 EDT"
"Knox County","Tennessee","property_crime","Jan - Mar 2026",2147,2223,3.53982300884956,509,507,425,-16.5029469548134,-16.1735700197239,309336,1,"2026-05-18 11:01:22 EDT"
"Knox County","Tennessee","rape","Jan - Mar 2026",72,71,-1.38888888888889,12,20,9,-25,-55,309336,1,"2026-05-18 11:01:22 EDT"
"Knox County","Tennessee","robbery","Jan - Mar 2026",18,11,-38.8888888888889,0,2,3,Inf,50,309336,1,"2026-05-18 11:01:22 EDT"
"Knox County","Tennessee","theft","Jan - Mar 2026",1564,1632,4.34782608695652,387,355,306,-20.9302325581395,-13.8028169014085,309336,1,"2026-05-18 11:01:22 EDT"
"Knox County","Tennessee","violent_crime","Jan - Mar 2026",560,523,-6.60714285714286,137,104,108,-21.1678832116788,3.84615384615385,309336,1,"2026-05-18 11:01:22 EDT"
"Knoxville","Tennessee","aggravated_assault","Jan - Mar 2026",1176,1097,-6.71768707482993,249,258,221,-11.2449799196787,-14.3410852713178,200457,1,"2026-05-18 11:01:22 EDT"
"Knoxville","Tennessee","burglary","Jan - Mar 2026",674,660,-2.07715133531157,142,196,112,-21.1267605633803,-42.8571428571429,200457,1,"2026-05-18 11:01:22 EDT"
"Knoxville","Tennessee","motor_vehicle_theft","Jan - Mar 2026",782,574,-26.5984654731458,183,163,92,-49.7267759562842,-43.558282208589,200457,1,"2026-05-18 11:01:22 EDT"
"Knoxville","Tennessee","murder","Jan - Mar 2026",23,16,-30.4347826086957,6,3,0,-100,-100,200457,1,"2026-05-18 11:01:22 EDT"
"Knoxville","Tennessee","property_crime","Jan - Mar 2026",5585,4732,-15.2730528200537,1316,1272,820,-37.6899696048632,-35.5345911949685,200457,1,"2026-05-18 11:01:22 EDT"
"Knoxville","Tennessee","rape","Jan - Mar 2026",130,147,13.0769230769231,26,38,22,-15.3846153846154,-42.1052631578947,200457,1,"2026-05-18 11:01:22 EDT"
"Knoxville","Tennessee","robbery","Jan - Mar 2026",164,111,-32.3170731707317,37,35,29,-21.6216216216216,-17.1428571428571,200457,1,"2026-05-18 11:01:22 EDT"
"Knoxville","Tennessee","theft","Jan - Mar 2026",4129,3498,-15.2821506418019,991,913,616,-37.8405650857719,-32.5301204819277,200457,1,"2026-05-18 11:01:22 EDT"
"Knoxville","Tennessee","violent_crime","Jan - Mar 2026",1493,1371,-8.17146684527796,318,334,272,-14.4654088050314,-18.562874251497,200457,1,"2026-05-18 11:01:22 EDT"
"Kyle","Texas","aggravated_assault","Jan - Mar 2026",99,62,-37.3737373737374,25,17,15,-40,-11.7647058823529,69069,1,"2026-05-18 11:01:22 EDT"
"Kyle","Texas","burglary","Jan - Mar 2026",65,83,27.6923076923077,12,5,11,-8.33333333333333,120,69069,1,"2026-05-18 11:01:22 EDT"
"Kyle","Texas","motor_vehicle_theft","Jan - Mar 2026",48,62,29.1666666666667,14,13,9,-35.7142857142857,-30.7692307692308,69069,1,"2026-05-18 11:01:22 EDT"
"Kyle","Texas","murder","Jan - Mar 2026",1,0,-100,1,0,1,0,Inf,69069,1,"2026-05-18 11:01:22 EDT"
"Kyle","Texas","property_crime","Jan - Mar 2026",570,574,0.701754385964912,117,141,89,-23.9316239316239,-36.8794326241135,69069,1,"2026-05-18 11:01:22 EDT"
"Kyle","Texas","rape","Jan - Mar 2026",24,31,29.1666666666667,5,6,3,-40,-50,69069,1,"2026-05-18 11:01:22 EDT"
"Kyle","Texas","robbery","Jan - Mar 2026",13,3,-76.9230769230769,5,2,2,-60,0,69069,1,"2026-05-18 11:01:22 EDT"
"Kyle","Texas","theft","Jan - Mar 2026",457,429,-6.12691466083151,91,123,69,-24.1758241758242,-43.9024390243902,69069,1,"2026-05-18 11:01:22 EDT"
"Kyle","Texas","violent_crime","Jan - Mar 2026",137,96,-29.9270072992701,36,25,21,-41.6666666666667,-16,69069,1,"2026-05-18 11:01:22 EDT"
"La Crosse","Wisconsin","aggravated_assault","Jan - Mar 2026",149,164,10.0671140939597,30,31,26,-13.3333333333333,-16.1290322580645,50893,1,"2026-05-18 11:01:22 EDT"
"La Crosse","Wisconsin","burglary","Jan - Mar 2026",147,148,0.680272108843537,14,43,11,-21.4285714285714,-74.4186046511628,50893,1,"2026-05-18 11:01:22 EDT"
"La Crosse","Wisconsin","motor_vehicle_theft","Jan - Mar 2026",84,70,-16.6666666666667,7,12,10,42.8571428571429,-16.6666666666667,50893,1,"2026-05-18 11:01:22 EDT"
"La Crosse","Wisconsin","murder","Jan - Mar 2026",1,2,100,1,1,0,-100,-100,50893,1,"2026-05-18 11:01:22 EDT"
"La Crosse","Wisconsin","property_crime","Jan - Mar 2026",1915,1767,-7.72845953002611,397,345,280,-29.4710327455919,-18.8405797101449,50893,1,"2026-05-18 11:01:22 EDT"
"La Crosse","Wisconsin","rape","Jan - Mar 2026",45,40,-11.1111111111111,11,16,7,-36.3636363636364,-56.25,50893,1,"2026-05-18 11:01:22 EDT"
"La Crosse","Wisconsin","robbery","Jan - Mar 2026",13,18,38.4615384615385,0,2,1,Inf,-50,50893,1,"2026-05-18 11:01:22 EDT"
"La Crosse","Wisconsin","theft","Jan - Mar 2026",1684,1549,-8.0166270783848,376,290,259,-31.1170212765957,-10.6896551724138,50893,1,"2026-05-18 11:01:22 EDT"
"La Crosse","Wisconsin","violent_crime","Jan - Mar 2026",208,224,7.69230769230769,42,50,34,-19.047619047619,-32,50893,1,"2026-05-18 11:01:22 EDT"
"La Mesa","California","aggravated_assault","Jan - Mar 2026",181,180,-0.552486187845304,34,32,45,32.3529411764706,40.625,60352,1,"2026-05-18 11:01:22 EDT"
"La Mesa","California","burglary","Jan - Mar 2026",129,124,-3.87596899224806,40,28,18,-55,-35.7142857142857,60352,1,"2026-05-18 11:01:22 EDT"
"La Mesa","California","motor_vehicle_theft","Jan - Mar 2026",160,107,-33.125,52,29,28,-46.1538461538462,-3.44827586206897,60352,1,"2026-05-18 11:01:22 EDT"
"La Mesa","California","murder","Jan - Mar 2026",2,2,0,0,2,0,NA,-100,60352,1,"2026-05-18 11:01:22 EDT"
"La Mesa","California","property_crime","Jan - Mar 2026",879,814,-7.39476678043231,286,203,231,-19.2307692307692,13.7931034482759,60352,1,"2026-05-18 11:01:22 EDT"
"La Mesa","California","rape","Jan - Mar 2026",16,17,6.25,4,2,6,50,200,60352,1,"2026-05-18 11:01:22 EDT"
"La Mesa","California","robbery","Jan - Mar 2026",51,50,-1.96078431372549,9,11,6,-33.3333333333333,-45.4545454545455,60352,1,"2026-05-18 11:01:22 EDT"
"La Mesa","California","theft","Jan - Mar 2026",590,583,-1.1864406779661,194,146,185,-4.63917525773196,26.7123287671233,60352,1,"2026-05-18 11:01:22 EDT"
"La Mesa","California","violent_crime","Jan - Mar 2026",250,249,-0.4,47,47,57,21.2765957446809,21.2765957446809,60352,1,"2026-05-18 11:01:22 EDT"
"Lafayette","Louisiana","aggravated_assault","Jan - Mar 2026",1160,1251,7.8448275862069,279,289,270,-3.2258064516129,-6.57439446366782,121471,1,"2026-05-18 11:01:22 EDT"
"Lafayette","Louisiana","burglary","Jan - Mar 2026",805,1045,29.8136645962733,204,239,253,24.0196078431373,5.85774058577406,121471,1,"2026-05-18 11:01:22 EDT"
"Lafayette","Louisiana","motor_vehicle_theft","Jan - Mar 2026",558,370,-33.6917562724014,186,91,48,-74.1935483870968,-47.2527472527472,121471,1,"2026-05-18 11:01:22 EDT"
"Lafayette","Louisiana","murder","Jan - Mar 2026",11,5,-54.5454545454545,4,1,1,-75,0,121471,1,"2026-05-18 11:01:22 EDT"
"Lafayette","Louisiana","property_crime","Jan - Mar 2026",5289,4230,-20.022688598979,1395,1015,980,-29.7491039426523,-3.44827586206897,121471,1,"2026-05-18 11:01:22 EDT"
"Lafayette","Louisiana","rape","Jan - Mar 2026",42,44,4.76190476190476,9,8,11,22.2222222222222,37.5,121471,1,"2026-05-18 11:01:22 EDT"
"Lafayette","Louisiana","robbery","Jan - Mar 2026",84,81,-3.57142857142857,15,14,16,6.66666666666667,14.2857142857143,121471,1,"2026-05-18 11:01:22 EDT"
"Lafayette","Louisiana","theft","Jan - Mar 2026",3926,2815,-28.2985226693836,1005,685,679,-32.4378109452736,-0.875912408759124,121471,1,"2026-05-18 11:01:22 EDT"
"Lafayette","Louisiana","violent_crime","Jan - Mar 2026",1297,1381,6.47648419429453,307,312,298,-2.93159609120521,-4.48717948717949,121471,1,"2026-05-18 11:01:22 EDT"
"Laguna Niguel","California","aggravated_assault","Jan - Mar 2026",55,60,9.09090909090909,19,13,10,-47.3684210526316,-23.0769230769231,63502,1,"2026-05-18 11:01:22 EDT"
"Laguna Niguel","California","burglary","Jan - Mar 2026",95,37,-61.0526315789474,44,11,8,-81.8181818181818,-27.2727272727273,63502,1,"2026-05-18 11:01:22 EDT"
"Laguna Niguel","California","motor_vehicle_theft","Jan - Mar 2026",62,31,-50,16,14,11,-31.25,-21.4285714285714,63502,1,"2026-05-18 11:01:22 EDT"
"Laguna Niguel","California","murder","Jan - Mar 2026",0,0,NA,0,0,0,NA,NA,63502,1,"2026-05-18 11:01:22 EDT"
"Laguna Niguel","California","property_crime","Jan - Mar 2026",565,412,-27.0796460176991,170,113,87,-48.8235294117647,-23.0088495575221,63502,1,"2026-05-18 11:01:22 EDT"
"Laguna Niguel","California","rape","Jan - Mar 2026",8,6,-25,1,2,0,-100,-100,63502,1,"2026-05-18 11:01:22 EDT"
"Laguna Niguel","California","robbery","Jan - Mar 2026",16,6,-62.5,2,1,3,50,200,63502,1,"2026-05-18 11:01:22 EDT"
"Laguna Niguel","California","theft","Jan - Mar 2026",408,344,-15.6862745098039,110,88,68,-38.1818181818182,-22.7272727272727,63502,1,"2026-05-18 11:01:22 EDT"
"Laguna Niguel","California","violent_crime","Jan - Mar 2026",79,72,-8.86075949367089,22,16,13,-40.9090909090909,-18.75,63502,1,"2026-05-18 11:01:22 EDT"
"Lake Charles","Louisiana","aggravated_assault","Jan - Mar 2026",375,428,14.1333333333333,88,92,90,2.27272727272727,-2.17391304347826,77982,1,"2026-05-18 11:01:22 EDT"
"Lake Charles","Louisiana","burglary","Jan - Mar 2026",481,401,-16.6320166320166,100,101,63,-37,-37.6237623762376,77982,1,"2026-05-18 11:01:22 EDT"
"Lake Charles","Louisiana","motor_vehicle_theft","Jan - Mar 2026",161,136,-15.527950310559,38,31,23,-39.4736842105263,-25.8064516129032,77982,1,"2026-05-18 11:01:22 EDT"
"Lake Charles","Louisiana","murder","Jan - Mar 2026",13,14,7.69230769230769,1,5,2,100,-60,77982,1,"2026-05-18 11:01:22 EDT"
"Lake Charles","Louisiana","property_crime","Jan - Mar 2026",1937,1935,-0.103252452245741,435,441,409,-5.97701149425287,-7.2562358276644,77982,1,"2026-05-18 11:01:22 EDT"
"Lake Charles","Louisiana","rape","Jan - Mar 2026",42,34,-19.047619047619,8,7,13,62.5,85.7142857142857,77982,1,"2026-05-18 11:01:22 EDT"
"Lake Charles","Louisiana","robbery","Jan - Mar 2026",50,56,12,17,15,14,-17.6470588235294,-6.66666666666667,77982,1,"2026-05-18 11:01:22 EDT"
"Lake Charles","Louisiana","theft","Jan - Mar 2026",1295,1398,7.95366795366795,297,309,323,8.75420875420875,4.53074433656958,77982,1,"2026-05-18 11:01:22 EDT"
"Lake Charles","Louisiana","violent_crime","Jan - Mar 2026",480,532,10.8333333333333,114,119,119,4.3859649122807,0,77982,1,"2026-05-18 11:01:22 EDT"
"Lake Havasu City","Arizona","aggravated_assault","Jan - Jan 2026",176,141,-19.8863636363636,4,9,10,150,11.1111111111111,59898,1,"2026-05-18 11:01:22 EDT"
"Lake Havasu City","Arizona","burglary","Jan - Jan 2026",140,59,-57.8571428571429,1,2,6,500,200,59898,1,"2026-05-18 11:01:22 EDT"
"Lake Havasu City","Arizona","motor_vehicle_theft","Jan - Jan 2026",53,31,-41.5094339622642,6,2,3,-50,50,59898,1,"2026-05-18 11:01:22 EDT"
"Lake Havasu City","Arizona","murder","Jan - Jan 2026",0,0,NA,0,0,0,NA,NA,59898,1,"2026-05-18 11:01:22 EDT"
"Lake Havasu City","Arizona","property_crime","Jan - Jan 2026",0,0,NA,0,0,0,NA,NA,59898,1,"2026-05-18 11:01:22 EDT"
"Lake Havasu City","Arizona","rape","Jan - Jan 2026",30,32,6.66666666666667,3,1,1,-66.6666666666667,0,59898,1,"2026-05-18 11:01:22 EDT"
"Lake Havasu City","Arizona","robbery","Jan - Jan 2026",8,5,-37.5,0,0,1,Inf,Inf,59898,1,"2026-05-18 11:01:22 EDT"
"Lake Havasu City","Arizona","theft","Jan - Jan 2026",642,524,-18.380062305296,43,55,43,0,-21.8181818181818,59898,1,"2026-05-18 11:01:22 EDT"
"Lake Havasu City","Arizona","violent_crime","Jan - Jan 2026",0,0,NA,0,0,0,NA,NA,59898,1,"2026-05-18 11:01:22 EDT"
"Lakeville","Minnesota","aggravated_assault","Jan - Mar 2026",34,41,20.5882352941176,8,4,11,37.5,175,78436,1,"2026-05-18 11:01:22 EDT"
"Lakeville","Minnesota","burglary","Jan - Mar 2026",42,38,-9.52380952380952,8,12,6,-25,-50,78436,1,"2026-05-18 11:01:22 EDT"
"Lakeville","Minnesota","motor_vehicle_theft","Jan - Mar 2026",31,21,-32.258064516129,9,7,2,-77.7777777777778,-71.4285714285714,78436,1,"2026-05-18 11:01:22 EDT"
"Lakeville","Minnesota","murder","Jan - Mar 2026",2,0,-100,0,0,0,NA,NA,78436,1,"2026-05-18 11:01:22 EDT"
"Lakeville","Minnesota","property_crime","Jan - Mar 2026",452,409,-9.51327433628319,112,112,82,-26.7857142857143,-26.7857142857143,78436,1,"2026-05-18 11:01:22 EDT"
"Lakeville","Minnesota","rape","Jan - Mar 2026",24,28,16.6666666666667,9,4,3,-66.6666666666667,-25,78436,1,"2026-05-18 11:01:22 EDT"
"Lakeville","Minnesota","robbery","Jan - Mar 2026",2,2,0,1,0,1,0,Inf,78436,1,"2026-05-18 11:01:22 EDT"
"Lakeville","Minnesota","theft","Jan - Mar 2026",379,350,-7.65171503957784,95,93,74,-22.1052631578947,-20.4301075268817,78436,1,"2026-05-18 11:01:22 EDT"
"Lakeville","Minnesota","violent_crime","Jan - Mar 2026",62,71,14.5161290322581,18,8,15,-16.6666666666667,87.5,78436,1,"2026-05-18 11:01:22 EDT"
"Lakewood","Colorado","aggravated_assault","Jan - Jan 2026",932,701,-24.7854077253219,71,59,58,-18.3098591549296,-1.69491525423729,155868,1,"2026-05-18 11:01:22 EDT"
"Lakewood","Colorado","burglary","Jan - Jan 2026",831,819,-1.44404332129964,77,69,80,3.8961038961039,15.9420289855072,155868,1,"2026-05-18 11:01:22 EDT"
"Lakewood","Colorado","motor_vehicle_theft","Jan - Jan 2026",1221,805,-34.0704340704341,95,77,45,-52.6315789473684,-41.5584415584416,155868,1,"2026-05-18 11:01:22 EDT"
"Lakewood","Colorado","murder","Jan - Jan 2026",4,6,50,0,1,0,NA,-100,155868,1,"2026-05-18 11:01:22 EDT"
"Lakewood","Colorado","property_crime","Jan - Jan 2026",0,0,NA,0,0,0,NA,NA,155868,1,"2026-05-18 11:01:22 EDT"
"Lakewood","Colorado","rape","Jan - Jan 2026",96,88,-8.33333333333333,7,10,8,14.2857142857143,-20,155868,1,"2026-05-18 11:01:22 EDT"
"Lakewood","Colorado","robbery","Jan - Jan 2026",220,165,-25,24,15,18,-25,20,155868,1,"2026-05-18 11:01:22 EDT"
"Lakewood","Colorado","theft","Jan - Jan 2026",5951,4913,-17.4424466476222,499,425,434,-13.0260521042084,2.11764705882353,155868,1,"2026-05-18 11:01:22 EDT"
"Lakewood","Colorado","violent_crime","Jan - Jan 2026",0,0,NA,0,0,0,NA,NA,155868,1,"2026-05-18 11:01:22 EDT"
"Lakewood","Ohio","aggravated_assault","Jan - Jan 2026",62,26,-58.0645161290323,1,3,0,-100,-100,49272,1,"2026-05-18 11:01:22 EDT"
"Lakewood","Ohio","burglary","Jan - Jan 2026",54,40,-25.9259259259259,8,3,0,-100,-100,49272,1,"2026-05-18 11:01:22 EDT"
"Lakewood","Ohio","motor_vehicle_theft","Jan - Jan 2026",70,53,-24.2857142857143,1,2,0,-100,-100,49272,1,"2026-05-18 11:01:22 EDT"
"Lakewood","Ohio","murder","Jan - Jan 2026",0,0,NA,0,0,0,NA,NA,49272,1,"2026-05-18 11:01:22 EDT"
"Lakewood","Ohio","property_crime","Jan - Jan 2026",0,0,NA,0,0,0,NA,NA,49272,1,"2026-05-18 11:01:22 EDT"
"Lakewood","Ohio","rape","Jan - Jan 2026",7,4,-42.8571428571429,0,0,0,NA,NA,49272,1,"2026-05-18 11:01:22 EDT"
"Lakewood","Ohio","robbery","Jan - Jan 2026",8,11,37.5,1,3,0,-100,-100,49272,1,"2026-05-18 11:01:22 EDT"
"Lakewood","Ohio","theft","Jan - Jan 2026",445,365,-17.9775280898876,34,36,0,-100,-100,49272,1,"2026-05-18 11:01:22 EDT"
"Lakewood","Ohio","violent_crime","Jan - Jan 2026",0,0,NA,0,0,0,NA,NA,49272,1,"2026-05-18 11:01:22 EDT"
"Lancaster","Pennsylvania","aggravated_assault","Jan - Mar 2026",237,178,-24.8945147679325,47,45,58,23.4042553191489,28.8888888888889,56890,1,"2026-05-18 11:01:22 EDT"
"Lancaster","Pennsylvania","burglary","Jan - Mar 2026",65,57,-12.3076923076923,10,12,11,10,-8.33333333333333,56890,1,"2026-05-18 11:01:22 EDT"
"Lancaster","Pennsylvania","motor_vehicle_theft","Jan - Mar 2026",101,73,-27.7227722772277,30,13,15,-50,15.3846153846154,56890,1,"2026-05-18 11:01:22 EDT"
"Lancaster","Pennsylvania","murder","Jan - Mar 2026",2,0,-100,1,0,0,-100,NA,56890,1,"2026-05-18 11:01:22 EDT"
"Lancaster","Pennsylvania","property_crime","Jan - Mar 2026",885,800,-9.6045197740113,204,166,171,-16.1764705882353,3.01204819277108,56890,1,"2026-05-18 11:01:22 EDT"
"Lancaster","Pennsylvania","rape","Jan - Mar 2026",18,21,16.6666666666667,7,10,3,-57.1428571428571,-70,56890,1,"2026-05-18 11:01:22 EDT"
"Lancaster","Pennsylvania","robbery","Jan - Mar 2026",18,20,11.1111111111111,5,2,6,20,200,56890,1,"2026-05-18 11:01:22 EDT"
"Lancaster","Pennsylvania","theft","Jan - Mar 2026",719,670,-6.81502086230876,164,141,145,-11.5853658536585,2.83687943262411,56890,1,"2026-05-18 11:01:22 EDT"
"Lancaster","Pennsylvania","violent_crime","Jan - Mar 2026",275,219,-20.3636363636364,60,57,67,11.6666666666667,17.5438596491228,56890,1,"2026-05-18 11:01:22 EDT"
"Lancaster County","South Carolina","aggravated_assault","Jan - Mar 2026",200,151,-24.5,38,34,42,10.5263157894737,23.5294117647059,103515,1,"2026-05-18 11:01:22 EDT"
"Lancaster County","South Carolina","burglary","Jan - Mar 2026",184,183,-0.543478260869565,53,37,23,-56.6037735849057,-37.8378378378378,103515,1,"2026-05-18 11:01:22 EDT"
"Lancaster County","South Carolina","motor_vehicle_theft","Jan - Mar 2026",93,83,-10.752688172043,20,16,10,-50,-37.5,103515,1,"2026-05-18 11:01:22 EDT"
"Lancaster County","South Carolina","murder","Jan - Mar 2026",3,5,66.6666666666667,2,2,2,0,0,103515,1,"2026-05-18 11:01:22 EDT"
"Lancaster County","South Carolina","property_crime","Jan - Mar 2026",1021,953,-6.66013712047013,256,197,168,-34.375,-14.7208121827411,103515,1,"2026-05-18 11:01:22 EDT"
"Lancaster County","South Carolina","rape","Jan - Mar 2026",48,50,4.16666666666667,9,17,11,22.2222222222222,-35.2941176470588,103515,1,"2026-05-18 11:01:22 EDT"
"Lancaster County","South Carolina","robbery","Jan - Mar 2026",10,11,10,4,1,5,25,400,103515,1,"2026-05-18 11:01:22 EDT"
"Lancaster County","South Carolina","theft","Jan - Mar 2026",744,687,-7.66129032258065,183,144,135,-26.2295081967213,-6.25,103515,1,"2026-05-18 11:01:22 EDT"
"Lancaster County","South Carolina","violent_crime","Jan - Mar 2026",261,217,-16.8582375478927,53,54,60,13.2075471698113,11.1111111111111,103515,1,"2026-05-18 11:01:22 EDT"
"Lansing","Michigan","aggravated_assault","Jan - Mar 2026",1017,1088,6.98131760078663,191,269,193,1.04712041884817,-28.2527881040892,106901,1,"2026-05-18 11:01:22 EDT"
"Lansing","Michigan","burglary","Jan - Mar 2026",492,340,-30.8943089430894,128,87,58,-54.6875,-33.3333333333333,106901,1,"2026-05-18 11:01:22 EDT"
"Lansing","Michigan","motor_vehicle_theft","Jan - Mar 2026",726,534,-26.4462809917355,243,182,104,-57.201646090535,-42.8571428571429,106901,1,"2026-05-18 11:01:22 EDT"
"Lansing","Michigan","murder","Jan - Mar 2026",9,4,-55.5555555555556,0,2,1,Inf,-50,106901,1,"2026-05-18 11:01:22 EDT"
"Lansing","Michigan","property_crime","Jan - Mar 2026",2828,2143,-24.2220650636492,751,555,474,-36.884154460719,-14.5945945945946,106901,1,"2026-05-18 11:01:22 EDT"
"Lansing","Michigan","rape","Jan - Mar 2026",111,117,5.40540540540541,31,28,26,-16.1290322580645,-7.14285714285714,106901,1,"2026-05-18 11:01:22 EDT"
"Lansing","Michigan","robbery","Jan - Mar 2026",105,109,3.80952380952381,20,27,18,-10,-33.3333333333333,106901,1,"2026-05-18 11:01:22 EDT"
"Lansing","Michigan","theft","Jan - Mar 2026",1610,1269,-21.1801242236025,380,286,312,-17.8947368421053,9.09090909090909,106901,1,"2026-05-18 11:01:22 EDT"
"Lansing","Michigan","violent_crime","Jan - Mar 2026",1242,1318,6.11916264090177,242,326,238,-1.65289256198347,-26.9938650306748,106901,1,"2026-05-18 11:01:22 EDT"
"Laredo","Texas","aggravated_assault","Jan - Mar 2026",693,613,-11.5440115440115,181,156,154,-14.9171270718232,-1.28205128205128,258311,1,"2026-05-18 11:01:22 EDT"
"Laredo","Texas","burglary","Jan - Mar 2026",515,387,-24.8543689320388,109,104,96,-11.9266055045872,-7.69230769230769,258311,1,"2026-05-18 11:01:22 EDT"
"Laredo","Texas","motor_vehicle_theft","Jan - Mar 2026",431,326,-24.3619489559165,85,76,57,-32.9411764705882,-25,258311,1,"2026-05-18 11:01:22 EDT"
"Laredo","Texas","murder","Jan - Mar 2026",6,8,33.3333333333333,0,4,1,Inf,-75,258311,1,"2026-05-18 11:01:22 EDT"
"Laredo","Texas","property_crime","Jan - Mar 2026",3800,2983,-21.5,922,788,610,-33.8394793926247,-22.5888324873096,258311,1,"2026-05-18 11:01:22 EDT"
"Laredo","Texas","rape","Jan - Mar 2026",123,104,-15.4471544715447,28,28,28,0,0,258311,1,"2026-05-18 11:01:22 EDT"
"Laredo","Texas","robbery","Jan - Mar 2026",126,92,-26.984126984127,29,18,19,-34.4827586206897,5.55555555555556,258311,1,"2026-05-18 11:01:22 EDT"
"Laredo","Texas","theft","Jan - Mar 2026",2854,2270,-20.4625087596356,728,608,457,-37.2252747252747,-24.8355263157895,258311,1,"2026-05-18 11:01:22 EDT"
"Laredo","Texas","violent_crime","Jan - Mar 2026",948,817,-13.8185654008439,238,206,202,-15.1260504201681,-1.94174757281553,258311,1,"2026-05-18 11:01:22 EDT"
"Las Vegas","Nevada","aggravated_assault","Jan - Mar 2026",4523,3726,-17.6210479770064,1079,1012,955,-11.4921223354958,-5.63241106719368,1716565,1,"2026-05-18 11:01:22 EDT"
"Las Vegas","Nevada","burglary","Jan - Mar 2026",8098,5987,-26.0681649790072,2088,1787,1495,-28.4003831417625,-16.3402350307778,1716565,1,"2026-05-18 11:01:22 EDT"
"Las Vegas","Nevada","motor_vehicle_theft","Jan - Mar 2026",10392,7614,-26.7321016166282,2746,2104,1777,-35.2876911871814,-15.541825095057,1716565,1,"2026-05-18 11:01:22 EDT"
"Las Vegas","Nevada","murder","Jan - Mar 2026",107,81,-24.2990654205607,29,22,22,-24.1379310344828,0,1716565,1,"2026-05-18 11:01:22 EDT"
"Las Vegas","Nevada","property_crime","Jan - Mar 2026",46748,36739,-21.4105416274493,12143,10098,9648,-20.5468170962695,-4.45632798573975,1716565,1,"2026-05-18 11:01:22 EDT"
"Las Vegas","Nevada","rape","Jan - Mar 2026",0,0,NA,0,0,0,NA,NA,1716565,1,"2026-05-18 11:01:22 EDT"
"Las Vegas","Nevada","robbery","Jan - Mar 2026",1119,812,-27.4352100089366,277,213,199,-28.158844765343,-6.57276995305164,1716565,1,"2026-05-18 11:01:22 EDT"
"Las Vegas","Nevada","theft","Jan - Mar 2026",28258,23138,-18.1187628282256,7309,6207,6376,-12.7650841428376,2.72273239890446,1716565,1,"2026-05-18 11:01:22 EDT"
"Las Vegas","Nevada","violent_crime","Jan - Mar 2026",5749,4619,-19.6555922769177,1385,1247,1176,-15.0902527075812,-5.69366479550922,1716565,1,"2026-05-18 11:01:22 EDT"
"Lawrence","Massachusetts","aggravated_assault","Jan - Mar 2026",312,270,-13.4615384615385,67,68,65,-2.98507462686567,-4.41176470588235,89600,1,"2026-05-18 11:01:22 EDT"
"Lawrence","Massachusetts","burglary","Jan - Mar 2026",65,64,-1.53846153846154,27,14,8,-70.3703703703704,-42.8571428571429,89600,1,"2026-05-18 11:01:22 EDT"
"Lawrence","Massachusetts","motor_vehicle_theft","Jan - Mar 2026",67,92,37.3134328358209,14,24,10,-28.5714285714286,-58.3333333333333,89600,1,"2026-05-18 11:01:22 EDT"
"Lawrence","Massachusetts","murder","Jan - Mar 2026",7,2,-71.4285714285714,1,0,1,0,Inf,89600,1,"2026-05-18 11:01:22 EDT"
"Lawrence","Massachusetts","property_crime","Jan - Mar 2026",895,802,-10.391061452514,151,194,125,-17.2185430463576,-35.5670103092784,89600,1,"2026-05-18 11:01:22 EDT"
"Lawrence","Massachusetts","rape","Jan - Mar 2026",28,15,-46.4285714285714,3,3,2,-33.3333333333333,-33.3333333333333,89600,1,"2026-05-18 11:01:22 EDT"
"Lawrence","Massachusetts","robbery","Jan - Mar 2026",47,35,-25.531914893617,10,3,6,-40,100,89600,1,"2026-05-18 11:01:22 EDT"
"Lawrence","Massachusetts","theft","Jan - Mar 2026",763,646,-15.3342070773263,110,156,107,-2.72727272727273,-31.4102564102564,89600,1,"2026-05-18 11:01:22 EDT"
"Lawrence","Massachusetts","violent_crime","Jan - Mar 2026",394,322,-18.2741116751269,81,74,74,-8.64197530864197,0,89600,1,"2026-05-18 11:01:22 EDT"
"Layton","Utah","aggravated_assault","Jan - Mar 2026",68,82,20.5882352941176,16,19,14,-12.5,-26.3157894736842,84017,1,"2026-05-18 11:01:22 EDT"
"Layton","Utah","burglary","Jan - Mar 2026",103,78,-24.2718446601942,6,20,23,283.333333333333,15,84017,1,"2026-05-18 11:01:22 EDT"
"Layton","Utah","motor_vehicle_theft","Jan - Mar 2026",59,59,0,13,19,17,30.7692307692308,-10.5263157894737,84017,1,"2026-05-18 11:01:22 EDT"
"Layton","Utah","murder","Jan - Mar 2026",1,0,-100,0,0,0,NA,NA,84017,1,"2026-05-18 11:01:22 EDT"
"Layton","Utah","property_crime","Jan - Mar 2026",1137,1127,-0.879507475813544,210,280,248,18.0952380952381,-11.4285714285714,84017,1,"2026-05-18 11:01:22 EDT"
"Layton","Utah","rape","Jan - Mar 2026",37,25,-32.4324324324324,11,6,7,-36.3636363636364,16.6666666666667,84017,1,"2026-05-18 11:01:22 EDT"
"Layton","Utah","robbery","Jan - Mar 2026",6,8,33.3333333333333,0,1,2,Inf,100,84017,1,"2026-05-18 11:01:22 EDT"
"Layton","Utah","theft","Jan - Mar 2026",975,990,1.53846153846154,191,241,208,8.90052356020942,-13.6929460580913,84017,1,"2026-05-18 11:01:22 EDT"
"Layton","Utah","violent_crime","Jan - Mar 2026",112,115,2.67857142857143,27,26,23,-14.8148148148148,-11.5384615384615,84017,1,"2026-05-18 11:01:22 EDT"
"League City","Texas","aggravated_assault","Jan - Mar 2026",75,30,-60,12,7,14,16.6666666666667,100,114352,1,"2026-05-18 11:01:22 EDT"
"League City","Texas","burglary","Jan - Mar 2026",204,117,-42.6470588235294,96,27,37,-61.4583333333333,37.037037037037,114352,1,"2026-05-18 11:01:22 EDT"
"League City","Texas","motor_vehicle_theft","Jan - Mar 2026",102,103,0.980392156862745,21,26,12,-42.8571428571429,-53.8461538461538,114352,1,"2026-05-18 11:01:22 EDT"
"League City","Texas","murder","Jan - Mar 2026",4,2,-50,0,1,0,NA,-100,114352,1,"2026-05-18 11:01:22 EDT"
"League City","Texas","property_crime","Jan - Mar 2026",1357,1241,-8.54826823876197,370,315,282,-23.7837837837838,-10.4761904761905,114352,1,"2026-05-18 11:01:22 EDT"
"League City","Texas","rape","Jan - Mar 2026",33,26,-21.2121212121212,6,6,4,-33.3333333333333,-33.3333333333333,114352,1,"2026-05-18 11:01:22 EDT"
"League City","Texas","robbery","Jan - Mar 2026",9,8,-11.1111111111111,3,1,3,0,200,114352,1,"2026-05-18 11:01:22 EDT"
"League City","Texas","theft","Jan - Mar 2026",1051,1021,-2.85442435775452,253,262,233,-7.90513833992095,-11.0687022900763,114352,1,"2026-05-18 11:01:22 EDT"
"League City","Texas","violent_crime","Jan - Mar 2026",121,66,-45.4545454545455,21,15,21,0,40,114352,1,"2026-05-18 11:01:22 EDT"
"Leander","Texas","aggravated_assault","Jan - Mar 2026",13,12,-7.69230769230769,4,2,3,-25,50,75632,1,"2026-05-18 11:01:22 EDT"
"Leander","Texas","burglary","Jan - Mar 2026",129,106,-17.8294573643411,40,37,8,-80,-78.3783783783784,75632,1,"2026-05-18 11:01:22 EDT"
"Leander","Texas","motor_vehicle_theft","Jan - Mar 2026",63,26,-58.7301587301587,13,5,4,-69.2307692307692,-20,75632,1,"2026-05-18 11:01:22 EDT"
"Leander","Texas","murder","Jan - Mar 2026",0,2,Inf,0,0,0,NA,NA,75632,1,"2026-05-18 11:01:22 EDT"
"Leander","Texas","property_crime","Jan - Mar 2026",868,450,-48.1566820276498,231,128,94,-59.3073593073593,-26.5625,75632,1,"2026-05-18 11:01:22 EDT"
"Leander","Texas","rape","Jan - Mar 2026",47,38,-19.1489361702128,16,8,5,-68.75,-37.5,75632,1,"2026-05-18 11:01:22 EDT"
"Leander","Texas","robbery","Jan - Mar 2026",1,4,300,0,1,0,NA,-100,75632,1,"2026-05-18 11:01:22 EDT"
"Leander","Texas","theft","Jan - Mar 2026",676,318,-52.9585798816568,178,86,82,-53.9325842696629,-4.65116279069767,75632,1,"2026-05-18 11:01:22 EDT"
"Leander","Texas","violent_crime","Jan - Mar 2026",61,56,-8.19672131147541,20,11,8,-60,-27.2727272727273,75632,1,"2026-05-18 11:01:22 EDT"
"Lee's Summit","Missouri","aggravated_assault","Jan - Mar 2026",117,81,-30.7692307692308,27,15,15,-44.4444444444444,0,102349,1,"2026-05-18 11:01:22 EDT"
"Lee's Summit","Missouri","burglary","Jan - Mar 2026",140,154,10,32,31,31,-3.125,0,102349,1,"2026-05-18 11:01:22 EDT"
"Lee's Summit","Missouri","motor_vehicle_theft","Jan - Mar 2026",311,203,-34.7266881028939,65,58,58,-10.7692307692308,0,102349,1,"2026-05-18 11:01:22 EDT"
"Lee's Summit","Missouri","murder","Jan - Mar 2026",1,3,200,0,1,0,NA,-100,102349,1,"2026-05-18 11:01:22 EDT"
"Lee's Summit","Missouri","property_crime","Jan - Mar 2026",0,0,NA,0,0,0,NA,NA,102349,1,"2026-05-18 11:01:22 EDT"
"Lee's Summit","Missouri","rape","Jan - Mar 2026",37,30,-18.9189189189189,8,11,11,37.5,0,102349,1,"2026-05-18 11:01:22 EDT"
"Lee's Summit","Missouri","robbery","Jan - Mar 2026",11,6,-45.4545454545455,4,2,2,-50,0,102349,1,"2026-05-18 11:01:22 EDT"
"Lee's Summit","Missouri","theft","Jan - Mar 2026",2045,1742,-14.8166259168704,416,397,397,-4.56730769230769,0,102349,1,"2026-05-18 11:01:22 EDT"
"Lee's Summit","Missouri","violent_crime","Jan - Mar 2026",0,0,NA,0,0,0,NA,NA,102349,1,"2026-05-18 11:01:22 EDT"
"Lenexa","Kansas","aggravated_assault","Jan - Mar 2026",83,80,-3.6144578313253,14,16,23,64.2857142857143,43.75,58871,1,"2026-05-18 11:01:22 EDT"
"Lenexa","Kansas","burglary","Jan - Mar 2026",65,49,-24.6153846153846,10,17,5,-50,-70.5882352941177,58871,1,"2026-05-18 11:01:22 EDT"
"Lenexa","Kansas","motor_vehicle_theft","Jan - Mar 2026",131,70,-46.5648854961832,28,22,11,-60.7142857142857,-50,58871,1,"2026-05-18 11:01:22 EDT"
"Lenexa","Kansas","murder","Jan - Mar 2026",4,4,0,0,4,0,NA,-100,58871,1,"2026-05-18 11:01:22 EDT"
"Lenexa","Kansas","property_crime","Jan - Mar 2026",794,632,-20.4030226700252,170,181,145,-14.7058823529412,-19.8895027624309,58871,1,"2026-05-18 11:01:22 EDT"
"Lenexa","Kansas","rape","Jan - Mar 2026",15,18,20,6,1,6,0,500,58871,1,"2026-05-18 11:01:22 EDT"
"Lenexa","Kansas","robbery","Jan - Mar 2026",9,7,-22.2222222222222,0,1,4,Inf,300,58871,1,"2026-05-18 11:01:22 EDT"
"Lenexa","Kansas","theft","Jan - Mar 2026",598,513,-14.2140468227425,132,142,129,-2.27272727272727,-9.15492957746479,58871,1,"2026-05-18 11:01:22 EDT"
"Lenexa","Kansas","violent_crime","Jan - Mar 2026",111,109,-1.8018018018018,20,22,33,65,50,58871,1,"2026-05-18 11:01:22 EDT"
"Lewisville","Texas","aggravated_assault","Jan - Mar 2026",174,201,15.5172413793103,39,54,36,-7.69230769230769,-33.3333333333333,134630,1,"2026-05-18 11:01:22 EDT"
"Lewisville","Texas","burglary","Jan - Mar 2026",180,193,7.22222222222222,51,34,32,-37.2549019607843,-5.88235294117647,134630,1,"2026-05-18 11:01:22 EDT"
"Lewisville","Texas","motor_vehicle_theft","Jan - Mar 2026",377,276,-26.790450928382,77,70,43,-44.1558441558442,-38.5714285714286,134630,1,"2026-05-18 11:01:22 EDT"
"Lewisville","Texas","murder","Jan - Mar 2026",4,6,50,2,3,2,0,-33.3333333333333,134630,1,"2026-05-18 11:01:22 EDT"
"Lewisville","Texas","property_crime","Jan - Mar 2026",2070,1863,-10,502,386,426,-15.1394422310757,10.3626943005181,134630,1,"2026-05-18 11:01:22 EDT"
"Lewisville","Texas","rape","Jan - Mar 2026",57,51,-10.5263157894737,13,12,10,-23.0769230769231,-16.6666666666667,134630,1,"2026-05-18 11:01:22 EDT"
"Lewisville","Texas","robbery","Jan - Mar 2026",23,40,73.9130434782609,7,11,7,0,-36.3636363636364,134630,1,"2026-05-18 11:01:22 EDT"
"Lewisville","Texas","theft","Jan - Mar 2026",1513,1394,-7.86516853932584,374,282,351,-6.14973262032086,24.468085106383,134630,1,"2026-05-18 11:01:22 EDT"
"Lewisville","Texas","violent_crime","Jan - Mar 2026",258,298,15.5038759689922,61,80,55,-9.83606557377049,-31.25,134630,1,"2026-05-18 11:01:22 EDT"
"Lexington","Kentucky","aggravated_assault","Jan - Mar 2026",711,658,-7.45428973277075,152,150,136,-10.5263157894737,-9.33333333333333,323254,1,"2026-05-18 11:01:22 EDT"
"Lexington","Kentucky","burglary","Jan - Mar 2026",884,704,-20.3619909502262,219,158,126,-42.4657534246575,-20.253164556962,323254,1,"2026-05-18 11:01:22 EDT"
"Lexington","Kentucky","motor_vehicle_theft","Jan - Mar 2026",976,821,-15.8811475409836,259,175,192,-25.8687258687259,9.71428571428571,323254,1,"2026-05-18 11:01:22 EDT"
"Lexington","Kentucky","murder","Jan - Mar 2026",23,20,-13.0434782608696,2,5,6,200,20,323254,1,"2026-05-18 11:01:22 EDT"
"Lexington","Kentucky","property_crime","Jan - Mar 2026",8218,7576,-7.81211973716233,1949,1656,1627,-16.5212929707542,-1.7512077294686,323254,1,"2026-05-18 11:01:22 EDT"
"Lexington","Kentucky","rape","Jan - Mar 2026",162,155,-4.32098765432099,37,33,32,-13.5135135135135,-3.03030303030303,323254,1,"2026-05-18 11:01:22 EDT"
"Lexington","Kentucky","robbery","Jan - Mar 2026",269,200,-25.6505576208178,51,57,38,-25.4901960784314,-33.3333333333333,323254,1,"2026-05-18 11:01:22 EDT"
"Lexington","Kentucky","theft","Jan - Mar 2026",6358,6051,-4.82856244101919,1471,1323,1309,-11.0129163834126,-1.05820105820106,323254,1,"2026-05-18 11:01:22 EDT"
"Lexington","Kentucky","violent_crime","Jan - Mar 2026",1165,1033,-11.3304721030043,242,245,212,-12.396694214876,-13.469387755102,323254,1,"2026-05-18 11:01:22 EDT"
"Lexington County","South Carolina","aggravated_assault","Jan - Mar 2026",517,439,-15.0870406189555,111,81,82,-26.1261261261261,1.23456790123457,236417,1,"2026-05-18 11:01:22 EDT"
"Lexington County","South Carolina","burglary","Jan - Mar 2026",661,679,2.7231467473525,146,230,150,2.73972602739726,-34.7826086956522,236417,1,"2026-05-18 11:01:22 EDT"
"Lexington County","South Carolina","motor_vehicle_theft","Jan - Mar 2026",472,398,-15.6779661016949,133,114,89,-33.0827067669173,-21.9298245614035,236417,1,"2026-05-18 11:01:22 EDT"
"Lexington County","South Carolina","murder","Jan - Mar 2026",6,4,-33.3333333333333,1,0,3,200,Inf,236417,1,"2026-05-18 11:01:22 EDT"
"Lexington County","South Carolina","property_crime","Jan - Mar 2026",3572,3227,-9.65845464725644,820,895,797,-2.80487804878049,-10.9497206703911,236417,1,"2026-05-18 11:01:22 EDT"
"Lexington County","South Carolina","rape","Jan - Mar 2026",71,61,-14.0845070422535,13,21,15,15.3846153846154,-28.5714285714286,236417,1,"2026-05-18 11:01:22 EDT"
"Lexington County","South Carolina","robbery","Jan - Mar 2026",38,30,-21.0526315789474,10,7,4,-60,-42.8571428571429,236417,1,"2026-05-18 11:01:22 EDT"
"Lexington County","South Carolina","theft","Jan - Mar 2026",2439,2150,-11.8491184911849,541,551,558,3.14232902033272,1.27041742286751,236417,1,"2026-05-18 11:01:22 EDT"
"Lexington County","South Carolina","violent_crime","Jan - Mar 2026",632,534,-15.506329113924,135,109,104,-22.962962962963,-4.58715596330275,236417,1,"2026-05-18 11:01:22 EDT"
"Lincoln","California","aggravated_assault","Jan - Mar 2026",35,30,-14.2857142857143,8,13,9,12.5,-30.7692307692308,56152,1,"2026-05-18 11:01:22 EDT"
"Lincoln","California","burglary","Jan - Mar 2026",20,4,-80,7,0,1,-85.7142857142857,Inf,56152,1,"2026-05-18 11:01:22 EDT"
"Lincoln","California","motor_vehicle_theft","Jan - Mar 2026",19,23,21.0526315789474,4,8,8,100,0,56152,1,"2026-05-18 11:01:22 EDT"
"Lincoln","California","murder","Jan - Mar 2026",1,0,-100,0,0,1,Inf,Inf,56152,1,"2026-05-18 11:01:22 EDT"
"Lincoln","California","property_crime","Jan - Mar 2026",317,272,-14.1955835962145,78,72,63,-19.2307692307692,-12.5,56152,1,"2026-05-18 11:01:22 EDT"
"Lincoln","California","rape","Jan - Mar 2026",10,22,120,4,5,5,25,0,56152,1,"2026-05-18 11:01:22 EDT"
"Lincoln","California","robbery","Jan - Mar 2026",8,1,-87.5,3,0,1,-66.6666666666667,Inf,56152,1,"2026-05-18 11:01:22 EDT"
"Lincoln","California","theft","Jan - Mar 2026",278,245,-11.8705035971223,67,64,54,-19.4029850746269,-15.625,56152,1,"2026-05-18 11:01:22 EDT"
"Lincoln","California","violent_crime","Jan - Mar 2026",54,53,-1.85185185185185,15,18,16,6.66666666666667,-11.1111111111111,56152,1,"2026-05-18 11:01:22 EDT"
"Lincoln","Nebraska","aggravated_assault","Jan - Mar 2026",707,900,27.2984441301273,138,206,178,28.9855072463768,-13.5922330097087,295808,1,"2026-05-18 11:01:22 EDT"
"Lincoln","Nebraska","burglary","Jan - Mar 2026",760,563,-25.9210526315789,187,137,110,-41.1764705882353,-19.7080291970803,295808,1,"2026-05-18 11:01:22 EDT"
"Lincoln","Nebraska","motor_vehicle_theft","Jan - Mar 2026",939,669,-28.7539936102236,263,177,110,-58.1749049429658,-37.8531073446328,295808,1,"2026-05-18 11:01:22 EDT"
"Lincoln","Nebraska","murder","Jan - Mar 2026",7,6,-14.2857142857143,0,3,0,NA,-100,295808,1,"2026-05-18 11:01:22 EDT"
"Lincoln","Nebraska","property_crime","Jan - Mar 2026",7149,5790,-19.0096516995384,1807,1409,1232,-31.8206972883232,-12.5621007806955,295808,1,"2026-05-18 11:01:22 EDT"
"Lincoln","Nebraska","rape","Jan - Mar 2026",169,248,46.7455621301775,35,42,59,68.5714285714286,40.4761904761905,295808,1,"2026-05-18 11:01:22 EDT"
"Lincoln","Nebraska","robbery","Jan - Mar 2026",121,139,14.8760330578512,25,37,21,-16,-43.2432432432432,295808,1,"2026-05-18 11:01:22 EDT"
"Lincoln","Nebraska","theft","Jan - Mar 2026",5450,4558,-16.3669724770642,1357,1095,1012,-25.4237288135593,-7.57990867579909,295808,1,"2026-05-18 11:01:22 EDT"
"Lincoln","Nebraska","violent_crime","Jan - Mar 2026",1004,1293,28.7848605577689,198,288,258,30.3030303030303,-10.4166666666667,295808,1,"2026-05-18 11:01:22 EDT"
"Little Elm","Texas","aggravated_assault","Jan - Mar 2026",46,41,-10.8695652173913,17,15,8,-52.9411764705882,-46.6666666666667,62837,1,"2026-05-18 11:01:22 EDT"
"Little Elm","Texas","burglary","Jan - Mar 2026",27,21,-22.2222222222222,2,9,3,50,-66.6666666666667,62837,1,"2026-05-18 11:01:22 EDT"
"Little Elm","Texas","motor_vehicle_theft","Jan - Mar 2026",38,25,-34.2105263157895,8,2,9,12.5,350,62837,1,"2026-05-18 11:01:22 EDT"
"Little Elm","Texas","murder","Jan - Mar 2026",2,3,50,0,1,0,NA,-100,62837,1,"2026-05-18 11:01:22 EDT"
"Little Elm","Texas","property_crime","Jan - Mar 2026",268,220,-17.910447761194,52,54,54,3.84615384615385,0,62837,1,"2026-05-18 11:01:22 EDT"
"Little Elm","Texas","rape","Jan - Mar 2026",26,32,23.0769230769231,10,13,7,-30,-46.1538461538462,62837,1,"2026-05-18 11:01:22 EDT"
"Little Elm","Texas","robbery","Jan - Mar 2026",13,13,0,4,4,0,-100,-100,62837,1,"2026-05-18 11:01:22 EDT"
"Little Elm","Texas","theft","Jan - Mar 2026",203,174,-14.2857142857143,42,43,42,0,-2.32558139534884,62837,1,"2026-05-18 11:01:22 EDT"
"Little Elm","Texas","violent_crime","Jan - Mar 2026",87,89,2.29885057471264,31,33,15,-51.6129032258064,-54.5454545454545,62837,1,"2026-05-18 11:01:22 EDT"
"Little Rock","Arkansas","aggravated_assault","Jan - Mar 2026",2756,2466,-10.522496371553,640,615,564,-11.875,-8.29268292682927,204247,1,"2026-05-18 11:01:22 EDT"
"Little Rock","Arkansas","burglary","Jan - Mar 2026",1808,1332,-26.3274336283186,412,386,325,-21.1165048543689,-15.8031088082902,204247,1,"2026-05-18 11:01:22 EDT"
"Little Rock","Arkansas","motor_vehicle_theft","Jan - Mar 2026",904,641,-29.0929203539823,239,136,122,-48.9539748953975,-10.2941176470588,204247,1,"2026-05-18 11:01:22 EDT"
"Little Rock","Arkansas","murder","Jan - Mar 2026",37,45,21.6216216216216,10,18,4,-60,-77.7777777777778,204247,1,"2026-05-18 11:01:22 EDT"
"Little Rock","Arkansas","property_crime","Jan - Mar 2026",10657,8162,-23.411841981796,2432,2059,1951,-19.7779605263158,-5.24526469159786,204247,1,"2026-05-18 11:01:22 EDT"
"Little Rock","Arkansas","rape","Jan - Mar 2026",190,164,-13.6842105263158,39,37,40,2.56410256410256,8.10810810810811,204247,1,"2026-05-18 11:01:22 EDT"
"Little Rock","Arkansas","robbery","Jan - Mar 2026",438,347,-20.7762557077626,72,83,73,1.38888888888889,-12.0481927710843,204247,1,"2026-05-18 11:01:22 EDT"
"Little Rock","Arkansas","theft","Jan - Mar 2026",7945,6189,-22.1019509125236,1781,1537,1504,-15.5530600786075,-2.14703968770332,204247,1,"2026-05-18 11:01:22 EDT"
"Little Rock","Arkansas","violent_crime","Jan - Mar 2026",3421,3022,-11.6632563577901,761,753,681,-10.5124835742444,-9.56175298804781,204247,1,"2026-05-18 11:01:22 EDT"
"Livermore","California","aggravated_assault","Jan - Mar 2026",120,92,-23.3333333333333,30,26,19,-36.6666666666667,-26.9230769230769,81316,1,"2026-05-18 11:01:22 EDT"
"Livermore","California","burglary","Jan - Mar 2026",237,145,-38.8185654008439,67,32,41,-38.8059701492537,28.125,81316,1,"2026-05-18 11:01:22 EDT"
"Livermore","California","motor_vehicle_theft","Jan - Mar 2026",313,246,-21.405750798722,58,88,56,-3.44827586206897,-36.3636363636364,81316,1,"2026-05-18 11:01:22 EDT"
"Livermore","California","murder","Jan - Mar 2026",3,1,-66.6666666666667,0,0,0,NA,NA,81316,1,"2026-05-18 11:01:22 EDT"
"Livermore","California","property_crime","Jan - Mar 2026",1895,1514,-20.1055408970976,417,389,302,-27.5779376498801,-22.3650385604113,81316,1,"2026-05-18 11:01:22 EDT"
"Livermore","California","rape","Jan - Mar 2026",29,27,-6.89655172413793,6,10,14,133.333333333333,40,81316,1,"2026-05-18 11:01:22 EDT"
"Livermore","California","robbery","Jan - Mar 2026",40,26,-35,14,6,10,-28.5714285714286,66.6666666666667,81316,1,"2026-05-18 11:01:22 EDT"
"Livermore","California","theft","Jan - Mar 2026",1345,1123,-16.5055762081784,292,269,205,-29.7945205479452,-23.7918215613383,81316,1,"2026-05-18 11:01:22 EDT"
"Livermore","California","violent_crime","Jan - Mar 2026",192,146,-23.9583333333333,50,42,43,-14,2.38095238095238,81316,1,"2026-05-18 11:01:22 EDT"
"Livingston County","Michigan","aggravated_assault","Jan - Feb 2026",68,56,-17.6470588235294,8,7,8,0,14.2857142857143,131955,1,"2026-05-18 11:01:22 EDT"
"Livingston County","Michigan","burglary","Jan - Feb 2026",36,28,-22.2222222222222,5,3,1,-80,-66.6666666666667,131955,1,"2026-05-18 11:01:22 EDT"
"Livingston County","Michigan","motor_vehicle_theft","Jan - Feb 2026",25,19,-24,8,1,2,-75,100,131955,1,"2026-05-18 11:01:22 EDT"
"Livingston County","Michigan","murder","Jan - Feb 2026",0,1,Inf,0,0,0,NA,NA,131955,1,"2026-05-18 11:01:22 EDT"
"Livingston County","Michigan","property_crime","Jan - Feb 2026",0,0,NA,0,0,0,NA,NA,131955,1,"2026-05-18 11:01:22 EDT"
"Livingston County","Michigan","rape","Jan - Feb 2026",25,13,-48,4,0,1,-75,Inf,131955,1,"2026-05-18 11:01:22 EDT"
"Livingston County","Michigan","robbery","Jan - Feb 2026",2,4,100,0,0,0,NA,NA,131955,1,"2026-05-18 11:01:22 EDT"
"Livingston County","Michigan","theft","Jan - Feb 2026",364,241,-33.7912087912088,58,27,36,-37.9310344827586,33.3333333333333,131955,1,"2026-05-18 11:01:22 EDT"
"Livingston County","Michigan","violent_crime","Jan - Feb 2026",0,0,NA,0,0,0,NA,NA,131955,1,"2026-05-18 11:01:22 EDT"
"Livingston Parish","Louisiana","aggravated_assault","Jan - Mar 2026",384,405,5.46875,80,74,82,2.5,10.8108108108108,136545,1,"2026-05-18 11:01:22 EDT"
"Livingston Parish","Louisiana","burglary","Jan - Mar 2026",347,284,-18.1556195965418,66,80,66,0,-17.5,136545,1,"2026-05-18 11:01:22 EDT"
"Livingston Parish","Louisiana","motor_vehicle_theft","Jan - Mar 2026",306,208,-32.0261437908497,67,51,42,-37.3134328358209,-17.6470588235294,136545,1,"2026-05-18 11:01:22 EDT"
"Livingston Parish","Louisiana","murder","Jan - Mar 2026",7,6,-14.2857142857143,3,1,2,-33.3333333333333,100,136545,1,"2026-05-18 11:01:22 EDT"
"Livingston Parish","Louisiana","property_crime","Jan - Mar 2026",1881,1578,-16.1084529505582,410,437,341,-16.8292682926829,-21.9679633867277,136545,1,"2026-05-18 11:01:22 EDT"
"Livingston Parish","Louisiana","rape","Jan - Mar 2026",75,75,0,18,22,6,-66.6666666666667,-72.7272727272727,136545,1,"2026-05-18 11:01:22 EDT"
"Livingston Parish","Louisiana","robbery","Jan - Mar 2026",22,18,-18.1818181818182,10,6,1,-90,-83.3333333333333,136545,1,"2026-05-18 11:01:22 EDT"
"Livingston Parish","Louisiana","theft","Jan - Mar 2026",1228,1086,-11.5635179153094,277,306,233,-15.884476534296,-23.8562091503268,136545,1,"2026-05-18 11:01:22 EDT"
"Livingston Parish","Louisiana","violent_crime","Jan - Mar 2026",488,504,3.27868852459016,111,103,91,-18.018018018018,-11.6504854368932,136545,1,"2026-05-18 11:01:22 EDT"
"Livonia","Michigan","aggravated_assault","Jan - Mar 2026",174,168,-3.44827586206897,44,42,37,-15.9090909090909,-11.9047619047619,91189,1,"2026-05-18 11:01:22 EDT"
"Livonia","Michigan","burglary","Jan - Mar 2026",75,52,-30.6666666666667,25,10,15,-40,50,91189,1,"2026-05-18 11:01:22 EDT"
"Livonia","Michigan","motor_vehicle_theft","Jan - Mar 2026",154,110,-28.5714285714286,42,23,16,-61.9047619047619,-30.4347826086957,91189,1,"2026-05-18 11:01:22 EDT"
"Livonia","Michigan","murder","Jan - Mar 2026",0,0,NA,0,0,0,NA,NA,91189,1,"2026-05-18 11:01:22 EDT"
"Livonia","Michigan","property_crime","Jan - Mar 2026",1160,1139,-1.81034482758621,251,296,211,-15.9362549800797,-28.7162162162162,91189,1,"2026-05-18 11:01:22 EDT"
"Livonia","Michigan","rape","Jan - Mar 2026",22,26,18.1818181818182,5,5,5,0,0,91189,1,"2026-05-18 11:01:22 EDT"
"Livonia","Michigan","robbery","Jan - Mar 2026",14,7,-50,2,2,3,50,50,91189,1,"2026-05-18 11:01:22 EDT"
"Livonia","Michigan","theft","Jan - Mar 2026",931,977,4.94092373791622,184,263,180,-2.17391304347826,-31.5589353612167,91189,1,"2026-05-18 11:01:22 EDT"
"Livonia","Michigan","violent_crime","Jan - Mar 2026",210,201,-4.28571428571429,51,49,45,-11.7647058823529,-8.16326530612245,91189,1,"2026-05-18 11:01:22 EDT"
"Logan","Utah","aggravated_assault","Jan - Mar 2026",47,59,25.531914893617,8,12,13,62.5,8.33333333333333,56083,1,"2026-05-18 11:01:22 EDT"
"Logan","Utah","burglary","Jan - Mar 2026",78,64,-17.9487179487179,14,18,11,-21.4285714285714,-38.8888888888889,56083,1,"2026-05-18 11:01:22 EDT"
"Logan","Utah","motor_vehicle_theft","Jan - Mar 2026",44,24,-45.4545454545455,6,2,5,-16.6666666666667,150,56083,1,"2026-05-18 11:01:22 EDT"
"Logan","Utah","murder","Jan - Mar 2026",0,0,NA,0,0,0,NA,NA,56083,1,"2026-05-18 11:01:22 EDT"
"Logan","Utah","property_crime","Jan - Mar 2026",643,538,-16.3297045101089,129,114,122,-5.42635658914729,7.01754385964912,56083,1,"2026-05-18 11:01:22 EDT"
"Logan","Utah","rape","Jan - Mar 2026",24,43,79.1666666666667,5,15,8,60,-46.6666666666667,56083,1,"2026-05-18 11:01:22 EDT"
"Logan","Utah","robbery","Jan - Mar 2026",4,2,-50,2,1,0,-100,-100,56083,1,"2026-05-18 11:01:22 EDT"
"Logan","Utah","theft","Jan - Mar 2026",521,450,-13.6276391554703,109,94,106,-2.75229357798165,12.7659574468085,56083,1,"2026-05-18 11:01:22 EDT"
"Logan","Utah","violent_crime","Jan - Mar 2026",75,104,38.6666666666667,15,28,21,40,-25,56083,1,"2026-05-18 11:01:22 EDT"
"Long Beach","California","aggravated_assault","Jan - Mar 2026",2017,2130,5.60237977193852,476,512,507,6.51260504201681,-0.9765625,444232,1,"2026-05-18 11:01:22 EDT"
"Long Beach","California","burglary","Jan - Mar 2026",3036,1981,-34.7496706192358,747,566,443,-40.6961178045515,-21.7314487632509,444232,1,"2026-05-18 11:01:22 EDT"
"Long Beach","California","motor_vehicle_theft","Jan - Mar 2026",4260,3235,-24.0610328638498,1294,815,642,-50.386398763524,-21.2269938650307,444232,1,"2026-05-18 11:01:22 EDT"
"Long Beach","California","murder","Jan - Mar 2026",39,27,-30.7692307692308,9,6,5,-44.4444444444444,-16.6666666666667,444232,1,"2026-05-18 11:01:22 EDT"
"Long Beach","California","property_crime","Jan - Mar 2026",14878,11564,-22.2744992606533,3882,3128,2423,-37.5837197320969,-22.5383631713555,444232,1,"2026-05-18 11:01:22 EDT"
"Long Beach","California","rape","Jan - Mar 2026",513,356,-30.6042884990253,133,132,53,-60.1503759398496,-59.8484848484849,444232,1,"2026-05-18 11:01:22 EDT"
"Long Beach","California","robbery","Jan - Mar 2026",1097,852,-22.3336371923428,252,235,191,-24.2063492063492,-18.7234042553191,444232,1,"2026-05-18 11:01:22 EDT"
"Long Beach","California","theft","Jan - Mar 2026",7582,6348,-16.2753890793986,1841,1747,1338,-27.3221075502444,-23.4115626788781,444232,1,"2026-05-18 11:01:22 EDT"
"Long Beach","California","violent_crime","Jan - Mar 2026",3666,3365,-8.21058374249864,870,885,756,-13.1034482758621,-14.5762711864407,444232,1,"2026-05-18 11:01:22 EDT"
"Longview","Texas","aggravated_assault","Jan - Mar 2026",179,194,8.37988826815642,41,43,53,29.2682926829268,23.2558139534884,81344,1,"2026-05-18 11:01:22 EDT"
"Longview","Texas","burglary","Jan - Mar 2026",264,202,-23.4848484848485,77,36,38,-50.6493506493506,5.55555555555556,81344,1,"2026-05-18 11:01:22 EDT"
"Longview","Texas","motor_vehicle_theft","Jan - Mar 2026",173,145,-16.1849710982659,39,30,25,-35.8974358974359,-16.6666666666667,81344,1,"2026-05-18 11:01:22 EDT"
"Longview","Texas","murder","Jan - Mar 2026",9,5,-44.4444444444444,2,0,0,-100,NA,81344,1,"2026-05-18 11:01:22 EDT"
"Longview","Texas","property_crime","Jan - Mar 2026",1970,1790,-9.13705583756345,500,430,350,-30,-18.6046511627907,81344,1,"2026-05-18 11:01:22 EDT"
"Longview","Texas","rape","Jan - Mar 2026",52,60,15.3846153846154,10,19,17,70,-10.5263157894737,81344,1,"2026-05-18 11:01:22 EDT"
"Longview","Texas","robbery","Jan - Mar 2026",42,32,-23.8095238095238,10,7,12,20,71.4285714285714,81344,1,"2026-05-18 11:01:22 EDT"
"Longview","Texas","theft","Jan - Mar 2026",1533,1443,-5.87084148727984,384,364,287,-25.2604166666667,-21.1538461538462,81344,1,"2026-05-18 11:01:22 EDT"
"Longview","Texas","violent_crime","Jan - Mar 2026",282,291,3.19148936170213,63,69,82,30.1587301587302,18.8405797101449,81344,1,"2026-05-18 11:01:22 EDT"
"Lorain","Ohio","aggravated_assault","Jan - Mar 2026",324,317,-2.16049382716049,74,62,49,-33.7837837837838,-20.9677419354839,65374,1,"2026-05-18 11:01:22 EDT"
"Lorain","Ohio","burglary","Jan - Mar 2026",178,170,-4.49438202247191,34,36,32,-5.88235294117647,-11.1111111111111,65374,1,"2026-05-18 11:01:22 EDT"
"Lorain","Ohio","motor_vehicle_theft","Jan - Mar 2026",100,160,60,30,35,15,-50,-57.1428571428571,65374,1,"2026-05-18 11:01:22 EDT"
"Lorain","Ohio","murder","Jan - Mar 2026",2,3,50,1,0,0,-100,NA,65374,1,"2026-05-18 11:01:22 EDT"
"Lorain","Ohio","property_crime","Jan - Mar 2026",1060,936,-11.6981132075472,273,220,181,-33.6996336996337,-17.7272727272727,65374,1,"2026-05-18 11:01:22 EDT"
"Lorain","Ohio","rape","Jan - Mar 2026",20,23,15,6,3,6,0,100,65374,1,"2026-05-18 11:01:22 EDT"
"Lorain","Ohio","robbery","Jan - Mar 2026",36,33,-8.33333333333333,9,8,8,-11.1111111111111,0,65374,1,"2026-05-18 11:01:22 EDT"
"Lorain","Ohio","theft","Jan - Mar 2026",782,606,-22.5063938618926,209,149,134,-35.8851674641148,-10.0671140939597,65374,1,"2026-05-18 11:01:22 EDT"
"Lorain","Ohio","violent_crime","Jan - Mar 2026",382,376,-1.57068062827225,90,73,63,-30,-13.6986301369863,65374,1,"2026-05-18 11:01:22 EDT"
"Los Angeles","California","aggravated_assault","Jan - Mar 2026",18646,17052,-8.54875040223104,4587,3943,4041,-11.9032047089601,2.48541719502917,3796352,1,"2026-05-18 11:01:22 EDT"
"Los Angeles","California","burglary","Jan - Mar 2026",14759,11955,-18.9985771393726,4031,3314,2341,-41.925080625155,-29.3602896801448,3796352,1,"2026-05-18 11:01:22 EDT"
"Los Angeles","California","motor_vehicle_theft","Jan - Mar 2026",23681,20101,-15.1176048308771,6345,5360,3863,-39.1174152876281,-27.9291044776119,3796352,1,"2026-05-18 11:01:22 EDT"
"Los Angeles","California","murder","Jan - Mar 2026",280,224,-20,85,54,47,-44.7058823529412,-12.962962962963,3796352,1,"2026-05-18 11:01:22 EDT"
"Los Angeles","California","property_crime","Jan - Mar 2026",102289,86631,-15.3076088337944,27082,22998,19276,-28.8235728528174,-16.1840160013914,3796352,1,"2026-05-18 11:01:22 EDT"
"Los Angeles","California","rape","Jan - Mar 2026",1679,1390,-17.2126265634306,406,333,339,-16.5024630541872,1.8018018018018,3796352,1,"2026-05-18 11:01:22 EDT"
"Los Angeles","California","robbery","Jan - Mar 2026",8484,7230,-14.7807637906648,2122,1799,1665,-21.5362865221489,-7.44858254585881,3796352,1,"2026-05-18 11:01:22 EDT"
"Los Angeles","California","theft","Jan - Mar 2026",63849,54575,-14.52489467337,16706,14324,13072,-21.7526637136358,-8.74057525830774,3796352,1,"2026-05-18 11:01:22 EDT"
"Los Angeles","California","violent_crime","Jan - Mar 2026",29089,25896,-10.976657843171,7200,6129,6092,-15.3888888888889,-0.603687387828357,3796352,1,"2026-05-18 11:01:22 EDT"
"Los Angeles County","California","aggravated_assault","Jan - Mar 2026",9939,9935,-0.0402454975349633,2295,2398,2296,0.0435729847494553,-4.2535446205171,1110752,1,"2026-05-18 11:01:22 EDT"
"Los Angeles County","California","burglary","Jan - Mar 2026",10368,8453,-18.4702932098765,2611,2719,1744,-33.2056683263118,-35.8587716072085,1110752,1,"2026-05-18 11:01:22 EDT"
"Los Angeles County","California","motor_vehicle_theft","Jan - Mar 2026",15853,12597,-20.5386992998171,4362,3592,2429,-44.3145346171481,-32.3775055679287,1110752,1,"2026-05-18 11:01:22 EDT"
"Los Angeles County","California","murder","Jan - Mar 2026",183,158,-13.6612021857924,32,40,32,0,-20,1110752,1,"2026-05-18 11:01:22 EDT"
"Los Angeles County","California","property_crime","Jan - Mar 2026",59324,50684,-14.5640887330591,15533,14258,11920,-23.2601557973347,-16.3978117548043,1110752,1,"2026-05-18 11:01:22 EDT"
"Los Angeles County","California","rape","Jan - Mar 2026",691,794,14.9059334298119,190,198,207,8.94736842105263,4.54545454545455,1110752,1,"2026-05-18 11:01:22 EDT"
"Los Angeles County","California","robbery","Jan - Mar 2026",4184,3708,-11.376673040153,1092,914,914,-16.3003663003663,0,1110752,1,"2026-05-18 11:01:22 EDT"
"Los Angeles County","California","theft","Jan - Mar 2026",33103,29634,-10.4794127420475,8560,7947,7747,-9.49766355140187,-2.51667295834906,1110752,1,"2026-05-18 11:01:22 EDT"
"Los Angeles County","California","violent_crime","Jan - Mar 2026",14997,14595,-2.68053610722144,3609,3550,3449,-4.43336104183985,-2.84507042253521,1110752,1,"2026-05-18 11:01:22 EDT"
"Loudoun County","Virginia","aggravated_assault","Jan - Mar 2026",187,157,-16.0427807486631,49,37,51,4.08163265306122,37.8378378378378,385187,1,"2026-05-18 11:01:22 EDT"
"Loudoun County","Virginia","burglary","Jan - Mar 2026",80,68,-15,31,22,16,-48.3870967741936,-27.2727272727273,385187,1,"2026-05-18 11:01:22 EDT"
"Loudoun County","Virginia","motor_vehicle_theft","Jan - Mar 2026",213,209,-1.87793427230047,79,36,34,-56.9620253164557,-5.55555555555556,385187,1,"2026-05-18 11:01:22 EDT"
"Loudoun County","Virginia","murder","Jan - Mar 2026",5,4,-20,1,1,1,0,0,385187,1,"2026-05-18 11:01:22 EDT"
"Loudoun County","Virginia","property_crime","Jan - Mar 2026",2393,2081,-13.038027580443,666,461,324,-51.3513513513513,-29.7180043383948,385187,1,"2026-05-18 11:01:22 EDT"
"Loudoun County","Virginia","rape","Jan - Mar 2026",74,80,8.10810810810811,14,20,16,14.2857142857143,-20,385187,1,"2026-05-18 11:01:22 EDT"
"Loudoun County","Virginia","robbery","Jan - Mar 2026",34,31,-8.82352941176471,7,5,10,42.8571428571429,100,385187,1,"2026-05-18 11:01:22 EDT"
"Loudoun County","Virginia","theft","Jan - Mar 2026",2100,1804,-14.0952380952381,556,403,274,-50.7194244604317,-32.0099255583127,385187,1,"2026-05-18 11:01:22 EDT"
"Loudoun County","Virginia","violent_crime","Jan - Mar 2026",300,272,-9.33333333333333,71,63,78,9.85915492957746,23.8095238095238,385187,1,"2026-05-18 11:01:22 EDT"
"Louisville","Kentucky","aggravated_assault","Jan - Mar 2026",3250,3051,-6.12307692307692,731,726,644,-11.9015047879617,-11.2947658402204,676843,1,"2026-05-18 11:01:22 EDT"
"Louisville","Kentucky","burglary","Jan - Mar 2026",3523,3048,-13.4828271359637,787,634,610,-22.4904701397713,-3.78548895899054,676843,1,"2026-05-18 11:01:22 EDT"
"Louisville","Kentucky","motor_vehicle_theft","Jan - Mar 2026",5960,4706,-21.0402684563758,1463,1146,807,-44.8393711551606,-29.5811518324607,676843,1,"2026-05-18 11:01:22 EDT"
"Louisville","Kentucky","murder","Jan - Mar 2026",146,108,-26.027397260274,42,25,20,-52.3809523809524,-20,676843,1,"2026-05-18 11:01:22 EDT"
"Louisville","Kentucky","property_crime","Jan - Mar 2026",26154,24846,-5.00114705207616,5825,5218,5091,-12.6008583690987,-2.4338827136834,676843,1,"2026-05-18 11:01:22 EDT"
"Louisville","Kentucky","rape","Jan - Mar 2026",305,269,-11.8032786885246,61,69,66,8.19672131147541,-4.34782608695652,676843,1,"2026-05-18 11:01:22 EDT"
"Louisville","Kentucky","robbery","Jan - Mar 2026",947,760,-19.7465681098205,225,190,140,-37.7777777777778,-26.3157894736842,676843,1,"2026-05-18 11:01:22 EDT"
"Louisville","Kentucky","theft","Jan - Mar 2026",16671,17092,2.52534341071321,3575,3438,3674,2.76923076923077,6.86445607911576,676843,1,"2026-05-18 11:01:22 EDT"
"Louisville","Kentucky","violent_crime","Jan - Mar 2026",4648,4188,-9.89672977624785,1059,1010,870,-17.8470254957507,-13.8613861386139,676843,1,"2026-05-18 11:01:22 EDT"
"Loveland","Colorado","aggravated_assault","Jan - Mar 2026",166,79,-52.4096385542169,45,20,27,-40,35,80374,1,"2026-05-18 11:01:22 EDT"
"Loveland","Colorado","burglary","Jan - Mar 2026",136,91,-33.0882352941176,32,19,21,-34.375,10.5263157894737,80374,1,"2026-05-18 11:01:22 EDT"
"Loveland","Colorado","motor_vehicle_theft","Jan - Mar 2026",156,59,-62.1794871794872,42,27,12,-71.4285714285714,-55.5555555555556,80374,1,"2026-05-18 11:01:22 EDT"
"Loveland","Colorado","murder","Jan - Mar 2026",2,1,-50,1,0,0,-100,NA,80374,1,"2026-05-18 11:01:22 EDT"
"Loveland","Colorado","property_crime","Jan - Mar 2026",1676,1203,-28.2219570405728,403,321,246,-38.9578163771712,-23.3644859813084,80374,1,"2026-05-18 11:01:22 EDT"
"Loveland","Colorado","rape","Jan - Mar 2026",64,48,-25,23,11,9,-60.8695652173913,-18.1818181818182,80374,1,"2026-05-18 11:01:22 EDT"
"Loveland","Colorado","robbery","Jan - Mar 2026",24,8,-66.6666666666667,6,2,2,-66.6666666666667,0,80374,1,"2026-05-18 11:01:22 EDT"
"Loveland","Colorado","theft","Jan - Mar 2026",1384,1053,-23.9161849710983,329,275,213,-35.258358662614,-22.5454545454545,80374,1,"2026-05-18 11:01:22 EDT"
"Loveland","Colorado","violent_crime","Jan - Mar 2026",256,136,-46.875,75,33,38,-49.3333333333333,15.1515151515152,80374,1,"2026-05-18 11:01:22 EDT"
"Lowell","Massachusetts","aggravated_assault","Jan - Mar 2026",539,485,-10.0185528756957,118,94,115,-2.54237288135593,22.3404255319149,116062,1,"2026-05-18 11:01:22 EDT"
"Lowell","Massachusetts","burglary","Jan - Mar 2026",174,160,-8.04597701149425,46,32,33,-28.2608695652174,3.125,116062,1,"2026-05-18 11:01:22 EDT"
"Lowell","Massachusetts","motor_vehicle_theft","Jan - Mar 2026",236,222,-5.93220338983051,50,28,22,-56,-21.4285714285714,116062,1,"2026-05-18 11:01:22 EDT"
"Lowell","Massachusetts","murder","Jan - Mar 2026",5,4,-20,0,0,0,NA,NA,116062,1,"2026-05-18 11:01:22 EDT"
"Lowell","Massachusetts","property_crime","Jan - Mar 2026",0,0,NA,0,0,0,NA,NA,116062,1,"2026-05-18 11:01:22 EDT"
"Lowell","Massachusetts","rape","Jan - Mar 2026",8,15,87.5,1,0,5,400,Inf,116062,1,"2026-05-18 11:01:22 EDT"
"Lowell","Massachusetts","robbery","Jan - Mar 2026",66,84,27.2727272727273,16,13,7,-56.25,-46.1538461538462,116062,1,"2026-05-18 11:01:22 EDT"
"Lowell","Massachusetts","theft","Jan - Mar 2026",1521,1229,-19.197896120973,287,324,249,-13.2404181184669,-23.1481481481481,116062,1,"2026-05-18 11:01:22 EDT"
"Lowell","Massachusetts","violent_crime","Jan - Mar 2026",0,0,NA,0,0,0,NA,NA,116062,1,"2026-05-18 11:01:22 EDT"
"Lower Merion","Pennsylvania","aggravated_assault","Jan - Mar 2026",30,22,-26.6666666666667,6,5,10,66.6666666666667,100,64290,1,"2026-05-18 11:01:22 EDT"
"Lower Merion","Pennsylvania","burglary","Jan - Mar 2026",47,40,-14.8936170212766,6,13,8,33.3333333333333,-38.4615384615385,64290,1,"2026-05-18 11:01:22 EDT"
"Lower Merion","Pennsylvania","motor_vehicle_theft","Jan - Mar 2026",113,104,-7.9646017699115,19,21,24,26.3157894736842,14.2857142857143,64290,1,"2026-05-18 11:01:22 EDT"
"Lower Merion","Pennsylvania","murder","Jan - Mar 2026",2,0,-100,0,0,0,NA,NA,64290,1,"2026-05-18 11:01:22 EDT"
"Lower Merion","Pennsylvania","property_crime","Jan - Mar 2026",1156,928,-19.7231833910035,246,234,192,-21.9512195121951,-17.9487179487179,64290,1,"2026-05-18 11:01:22 EDT"
"Lower Merion","Pennsylvania","rape","Jan - Mar 2026",1,1,0,0,0,0,NA,NA,64290,1,"2026-05-18 11:01:22 EDT"
"Lower Merion","Pennsylvania","robbery","Jan - Mar 2026",13,5,-61.5384615384615,3,2,3,0,50,64290,1,"2026-05-18 11:01:22 EDT"
"Lower Merion","Pennsylvania","theft","Jan - Mar 2026",996,784,-21.285140562249,221,200,160,-27.6018099547511,-20,64290,1,"2026-05-18 11:01:22 EDT"
"Lower Merion","Pennsylvania","violent_crime","Jan - Mar 2026",46,28,-39.1304347826087,9,7,13,44.4444444444444,85.7142857142857,64290,1,"2026-05-18 11:01:22 EDT"
"Lower Paxton","Pennsylvania","aggravated_assault","Jan - Mar 2026",52,51,-1.92307692307692,10,14,10,0,-28.5714285714286,55174,1,"2026-05-18 11:01:22 EDT"
"Lower Paxton","Pennsylvania","burglary","Jan - Mar 2026",28,25,-10.7142857142857,6,4,5,-16.6666666666667,25,55174,1,"2026-05-18 11:01:22 EDT"
"Lower Paxton","Pennsylvania","motor_vehicle_theft","Jan - Mar 2026",39,25,-35.8974358974359,14,3,6,-57.1428571428571,100,55174,1,"2026-05-18 11:01:22 EDT"
"Lower Paxton","Pennsylvania","murder","Jan - Mar 2026",0,1,Inf,0,1,0,NA,-100,55174,1,"2026-05-18 11:01:22 EDT"
"Lower Paxton","Pennsylvania","property_crime","Jan - Mar 2026",616,552,-10.3896103896104,141,128,106,-24.822695035461,-17.1875,55174,1,"2026-05-18 11:01:22 EDT"
"Lower Paxton","Pennsylvania","rape","Jan - Mar 2026",24,16,-33.3333333333333,3,7,2,-33.3333333333333,-71.4285714285714,55174,1,"2026-05-18 11:01:22 EDT"
"Lower Paxton","Pennsylvania","robbery","Jan - Mar 2026",12,7,-41.6666666666667,6,2,0,-100,-100,55174,1,"2026-05-18 11:01:22 EDT"
"Lower Paxton","Pennsylvania","theft","Jan - Mar 2026",549,502,-8.56102003642987,121,121,95,-21.4876033057851,-21.4876033057851,55174,1,"2026-05-18 11:01:22 EDT"
"Lower Paxton","Pennsylvania","violent_crime","Jan - Mar 2026",88,75,-14.7727272727273,19,24,12,-36.8421052631579,-50,55174,1,"2026-05-18 11:01:22 EDT"
"Lubbock","Texas","aggravated_assault","Jan - Feb 2026",1693,1410,-16.7158889545186,271,248,198,-26.9372693726937,-20.1612903225806,269900,1,"2026-05-18 11:01:22 EDT"
"Lubbock","Texas","burglary","Jan - Feb 2026",1469,1197,-18.5159972770592,191,177,140,-26.7015706806283,-20.9039548022599,269900,1,"2026-05-18 11:01:22 EDT"
"Lubbock","Texas","motor_vehicle_theft","Jan - Feb 2026",731,571,-21.8878248974008,134,103,101,-24.6268656716418,-1.94174757281553,269900,1,"2026-05-18 11:01:22 EDT"
"Lubbock","Texas","murder","Jan - Feb 2026",14,11,-21.4285714285714,1,5,0,-100,-100,269900,1,"2026-05-18 11:01:22 EDT"
"Lubbock","Texas","property_crime","Jan - Feb 2026",0,0,NA,0,0,0,NA,NA,269900,1,"2026-05-18 11:01:22 EDT"
"Lubbock","Texas","rape","Jan - Feb 2026",210,177,-15.7142857142857,39,25,23,-41.025641025641,-8,269900,1,"2026-05-18 11:01:22 EDT"
"Lubbock","Texas","robbery","Jan - Feb 2026",312,210,-32.6923076923077,41,51,34,-17.0731707317073,-33.3333333333333,269900,1,"2026-05-18 11:01:22 EDT"
"Lubbock","Texas","theft","Jan - Feb 2026",4969,4714,-5.13181726705575,808,792,739,-8.53960396039604,-6.69191919191919,269900,1,"2026-05-18 11:01:22 EDT"
"Lubbock","Texas","violent_crime","Jan - Feb 2026",0,0,NA,0,0,0,NA,NA,269900,1,"2026-05-18 11:01:22 EDT"
"Lynn","Massachusetts","aggravated_assault","Jan - Feb 2026",478,490,2.51046025104602,80,60,72,-10,20,103200,1,"2026-05-18 11:01:22 EDT"
"Lynn","Massachusetts","burglary","Jan - Feb 2026",209,142,-32.0574162679426,31,18,15,-51.6129032258064,-16.6666666666667,103200,1,"2026-05-18 11:01:22 EDT"
"Lynn","Massachusetts","motor_vehicle_theft","Jan - Feb 2026",190,173,-8.94736842105263,28,24,14,-50,-41.6666666666667,103200,1,"2026-05-18 11:01:22 EDT"
"Lynn","Massachusetts","murder","Jan - Feb 2026",3,3,0,0,2,1,Inf,-50,103200,1,"2026-05-18 11:01:22 EDT"
"Lynn","Massachusetts","property_crime","Jan - Feb 2026",0,0,NA,0,0,0,NA,NA,103200,1,"2026-05-18 11:01:22 EDT"
"Lynn","Massachusetts","rape","Jan - Feb 2026",34,41,20.5882352941176,10,5,7,-30,40,103200,1,"2026-05-18 11:01:22 EDT"
"Lynn","Massachusetts","robbery","Jan - Feb 2026",78,45,-42.3076923076923,9,2,7,-22.2222222222222,250,103200,1,"2026-05-18 11:01:22 EDT"
"Lynn","Massachusetts","theft","Jan - Feb 2026",812,833,2.58620689655172,134,109,82,-38.8059701492537,-24.7706422018349,103200,1,"2026-05-18 11:01:22 EDT"
"Lynn","Massachusetts","violent_crime","Jan - Feb 2026",0,0,NA,0,0,0,NA,NA,103200,1,"2026-05-18 11:01:22 EDT"
"Macomb County","Michigan","aggravated_assault","Jan - Feb 2026",174,190,9.19540229885057,39,25,39,0,56,200960,1,"2026-05-18 11:01:22 EDT"
"Macomb County","Michigan","burglary","Jan - Feb 2026",62,50,-19.3548387096774,8,4,10,25,150,200960,1,"2026-05-18 11:01:22 EDT"
"Macomb County","Michigan","motor_vehicle_theft","Jan - Feb 2026",168,113,-32.7380952380952,34,17,8,-76.4705882352941,-52.9411764705882,200960,1,"2026-05-18 11:01:22 EDT"
"Macomb County","Michigan","murder","Jan - Feb 2026",1,0,-100,0,0,0,NA,NA,200960,1,"2026-05-18 11:01:22 EDT"
"Macomb County","Michigan","property_crime","Jan - Feb 2026",0,0,NA,0,0,0,NA,NA,200960,1,"2026-05-18 11:01:22 EDT"
"Macomb County","Michigan","rape","Jan - Feb 2026",42,49,16.6666666666667,6,6,5,-16.6666666666667,-16.6666666666667,200960,1,"2026-05-18 11:01:22 EDT"
"Macomb County","Michigan","robbery","Jan - Feb 2026",13,11,-15.3846153846154,2,2,1,-50,-50,200960,1,"2026-05-18 11:01:22 EDT"
"Macomb County","Michigan","theft","Jan - Feb 2026",606,524,-13.5313531353135,104,89,55,-47.1153846153846,-38.2022471910112,200960,1,"2026-05-18 11:01:22 EDT"
"Macomb County","Michigan","violent_crime","Jan - Feb 2026",0,0,NA,0,0,0,NA,NA,200960,1,"2026-05-18 11:01:22 EDT"
"Madera","California","aggravated_assault","Jan - Mar 2026",187,213,13.903743315508,30,37,38,26.6666666666667,2.7027027027027,68607,1,"2026-05-18 11:01:22 EDT"
"Madera","California","burglary","Jan - Mar 2026",70,62,-11.4285714285714,21,13,15,-28.5714285714286,15.3846153846154,68607,1,"2026-05-18 11:01:22 EDT"
"Madera","California","motor_vehicle_theft","Jan - Mar 2026",190,119,-37.3684210526316,55,25,38,-30.9090909090909,52,68607,1,"2026-05-18 11:01:22 EDT"
"Madera","California","murder","Jan - Mar 2026",2,6,200,0,0,0,NA,NA,68607,1,"2026-05-18 11:01:22 EDT"
"Madera","California","property_crime","Jan - Mar 2026",814,734,-9.82800982800983,212,151,159,-25,5.29801324503311,68607,1,"2026-05-18 11:01:22 EDT"
"Madera","California","rape","Jan - Mar 2026",35,40,14.2857142857143,13,8,2,-84.6153846153846,-75,68607,1,"2026-05-18 11:01:22 EDT"
"Madera","California","robbery","Jan - Mar 2026",51,42,-17.6470588235294,11,8,8,-27.2727272727273,0,68607,1,"2026-05-18 11:01:22 EDT"
"Madera","California","theft","Jan - Mar 2026",554,553,-0.180505415162455,136,113,106,-22.0588235294118,-6.19469026548673,68607,1,"2026-05-18 11:01:22 EDT"
"Madera","California","violent_crime","Jan - Mar 2026",275,301,9.45454545454546,54,53,48,-11.1111111111111,-9.43396226415094,68607,1,"2026-05-18 11:01:22 EDT"
"Madison","Wisconsin","aggravated_assault","Jan - Mar 2026",594,456,-23.2323232323232,132,92,98,-25.7575757575758,6.52173913043478,282045,1,"2026-05-18 11:01:22 EDT"
"Madison","Wisconsin","burglary","Jan - Mar 2026",481,402,-16.4241164241164,128,109,66,-48.4375,-39.4495412844037,282045,1,"2026-05-18 11:01:22 EDT"
"Madison","Wisconsin","motor_vehicle_theft","Jan - Mar 2026",355,279,-21.4084507042254,91,74,79,-13.1868131868132,6.75675675675676,282045,1,"2026-05-18 11:01:22 EDT"
"Madison","Wisconsin","murder","Jan - Mar 2026",7,5,-28.5714285714286,0,1,3,Inf,200,282045,1,"2026-05-18 11:01:22 EDT"
"Madison","Wisconsin","property_crime","Jan - Mar 2026",5849,5489,-6.1548982732091,1357,1233,1173,-13.5593220338983,-4.8661800486618,282045,1,"2026-05-18 11:01:22 EDT"
"Madison","Wisconsin","rape","Jan - Mar 2026",86,60,-30.2325581395349,27,18,11,-59.2592592592593,-38.8888888888889,282045,1,"2026-05-18 11:01:22 EDT"
"Madison","Wisconsin","robbery","Jan - Mar 2026",101,96,-4.95049504950495,19,21,16,-15.7894736842105,-23.8095238095238,282045,1,"2026-05-18 11:01:22 EDT"
"Madison","Wisconsin","theft","Jan - Mar 2026",5013,4808,-4.08936764412527,1138,1050,1028,-9.66608084358524,-2.0952380952381,282045,1,"2026-05-18 11:01:22 EDT"
"Madison","Wisconsin","violent_crime","Jan - Mar 2026",788,617,-21.7005076142132,178,132,128,-28.0898876404494,-3.03030303030303,282045,1,"2026-05-18 11:01:22 EDT"
"Malden","Massachusetts","aggravated_assault","Jan - Mar 2026",157,113,-28.0254777070064,38,29,22,-42.1052631578947,-24.1379310344828,66046,1,"2026-05-18 11:01:22 EDT"
"Malden","Massachusetts","burglary","Jan - Mar 2026",80,76,-5,25,16,12,-52,-25,66046,1,"2026-05-18 11:01:22 EDT"
"Malden","Massachusetts","motor_vehicle_theft","Jan - Mar 2026",112,101,-9.82142857142857,23,24,13,-43.4782608695652,-45.8333333333333,66046,1,"2026-05-18 11:01:22 EDT"
"Malden","Massachusetts","murder","Jan - Mar 2026",0,0,NA,0,0,0,NA,NA,66046,1,"2026-05-18 11:01:22 EDT"
"Malden","Massachusetts","property_crime","Jan - Mar 2026",779,799,2.56739409499358,186,203,111,-40.3225806451613,-45.320197044335,66046,1,"2026-05-18 11:01:22 EDT"
"Malden","Massachusetts","rape","Jan - Mar 2026",10,3,-70,3,1,1,-66.6666666666667,0,66046,1,"2026-05-18 11:01:22 EDT"
"Malden","Massachusetts","robbery","Jan - Mar 2026",26,19,-26.9230769230769,6,3,6,0,100,66046,1,"2026-05-18 11:01:22 EDT"
"Malden","Massachusetts","theft","Jan - Mar 2026",587,622,5.96252129471891,138,163,86,-37.6811594202899,-47.239263803681,66046,1,"2026-05-18 11:01:22 EDT"
"Malden","Massachusetts","violent_crime","Jan - Mar 2026",193,135,-30.0518134715026,47,33,29,-38.2978723404255,-12.1212121212121,66046,1,"2026-05-18 11:01:22 EDT"
"Manchester","Connecticut","aggravated_assault","Jan - Mar 2026",38,37,-2.63157894736842,8,14,4,-50,-71.4285714285714,59378,1,"2026-05-18 11:01:22 EDT"
"Manchester","Connecticut","burglary","Jan - Mar 2026",136,77,-43.3823529411765,18,10,17,-5.55555555555556,70,59378,1,"2026-05-18 11:01:22 EDT"
"Manchester","Connecticut","motor_vehicle_theft","Jan - Mar 2026",125,110,-12,45,17,16,-64.4444444444444,-5.88235294117647,59378,1,"2026-05-18 11:01:22 EDT"
"Manchester","Connecticut","murder","Jan - Mar 2026",1,1,0,1,0,0,-100,NA,59378,1,"2026-05-18 11:01:22 EDT"
"Manchester","Connecticut","property_crime","Jan - Mar 2026",1253,1112,-11.2529928172386,322,285,259,-19.5652173913043,-9.12280701754386,59378,1,"2026-05-18 11:01:22 EDT"
"Manchester","Connecticut","rape","Jan - Mar 2026",25,14,-44,10,5,1,-90,-80,59378,1,"2026-05-18 11:01:22 EDT"
"Manchester","Connecticut","robbery","Jan - Mar 2026",19,19,0,10,6,4,-60,-33.3333333333333,59378,1,"2026-05-18 11:01:22 EDT"
"Manchester","Connecticut","theft","Jan - Mar 2026",992,925,-6.75403225806452,259,258,226,-12.7413127413127,-12.4031007751938,59378,1,"2026-05-18 11:01:22 EDT"
"Manchester","Connecticut","violent_crime","Jan - Mar 2026",83,71,-14.4578313253012,29,25,9,-68.9655172413793,-64,59378,1,"2026-05-18 11:01:22 EDT"
"Manchester","New Hampshire","aggravated_assault","Jan - Mar 2026",219,250,14.1552511415525,59,51,42,-28.8135593220339,-17.6470588235294,115464,1,"2026-05-18 11:01:22 EDT"
"Manchester","New Hampshire","burglary","Jan - Mar 2026",120,104,-13.3333333333333,29,28,21,-27.5862068965517,-25,115464,1,"2026-05-18 11:01:22 EDT"
"Manchester","New Hampshire","motor_vehicle_theft","Jan - Mar 2026",174,135,-22.4137931034483,49,36,26,-46.9387755102041,-27.7777777777778,115464,1,"2026-05-18 11:01:22 EDT"
"Manchester","New Hampshire","murder","Jan - Mar 2026",3,2,-33.3333333333333,1,0,2,100,Inf,115464,1,"2026-05-18 11:01:22 EDT"
"Manchester","New Hampshire","property_crime","Jan - Mar 2026",2034,1770,-12.9793510324484,443,353,353,-20.3160270880361,0,115464,1,"2026-05-18 11:01:22 EDT"
"Manchester","New Hampshire","rape","Jan - Mar 2026",51,72,41.1764705882353,22,17,13,-40.9090909090909,-23.5294117647059,115464,1,"2026-05-18 11:01:22 EDT"
"Manchester","New Hampshire","robbery","Jan - Mar 2026",66,51,-22.7272727272727,15,12,14,-6.66666666666667,16.6666666666667,115464,1,"2026-05-18 11:01:22 EDT"
"Manchester","New Hampshire","theft","Jan - Mar 2026",1740,1531,-12.0114942528736,365,289,306,-16.1643835616438,5.88235294117647,115464,1,"2026-05-18 11:01:22 EDT"
"Manchester","New Hampshire","violent_crime","Jan - Mar 2026",339,375,10.6194690265487,97,80,71,-26.8041237113402,-11.25,115464,1,"2026-05-18 11:01:22 EDT"
"Mansfield","Texas","aggravated_assault","Jan - Mar 2026",51,64,25.4901960784314,7,18,9,28.5714285714286,-50,74436,1,"2026-05-18 11:01:22 EDT"
"Mansfield","Texas","burglary","Jan - Mar 2026",89,78,-12.3595505617978,31,12,13,-58.0645161290323,8.33333333333333,74436,1,"2026-05-18 11:01:22 EDT"
"Mansfield","Texas","motor_vehicle_theft","Jan - Mar 2026",121,76,-37.1900826446281,15,20,16,6.66666666666667,-20,74436,1,"2026-05-18 11:01:22 EDT"
"Mansfield","Texas","murder","Jan - Mar 2026",2,2,0,0,0,1,Inf,Inf,74436,1,"2026-05-18 11:01:22 EDT"
"Mansfield","Texas","property_crime","Jan - Mar 2026",1114,978,-12.2082585278276,253,213,196,-22.5296442687747,-7.981220657277,74436,1,"2026-05-18 11:01:22 EDT"
"Mansfield","Texas","rape","Jan - Mar 2026",14,9,-35.7142857142857,3,3,2,-33.3333333333333,-33.3333333333333,74436,1,"2026-05-18 11:01:22 EDT"
"Mansfield","Texas","robbery","Jan - Mar 2026",8,14,75,1,2,1,0,-50,74436,1,"2026-05-18 11:01:22 EDT"
"Mansfield","Texas","theft","Jan - Mar 2026",904,824,-8.84955752212389,207,181,167,-19.3236714975845,-7.73480662983425,74436,1,"2026-05-18 11:01:22 EDT"
"Mansfield","Texas","violent_crime","Jan - Mar 2026",75,89,18.6666666666667,11,23,13,18.1818181818182,-43.4782608695652,74436,1,"2026-05-18 11:01:22 EDT"
"Manteca","California","aggravated_assault","Jan - Mar 2026",161,241,49.6894409937888,37,46,39,5.40540540540541,-15.2173913043478,93538,1,"2026-05-18 11:01:22 EDT"
"Manteca","California","burglary","Jan - Mar 2026",353,146,-58.6402266288952,99,46,26,-73.7373737373737,-43.4782608695652,93538,1,"2026-05-18 11:01:22 EDT"
"Manteca","California","motor_vehicle_theft","Jan - Mar 2026",235,225,-4.25531914893617,54,41,50,-7.40740740740741,21.9512195121951,93538,1,"2026-05-18 11:01:22 EDT"
"Manteca","California","murder","Jan - Mar 2026",1,1,0,0,0,0,NA,NA,93538,1,"2026-05-18 11:01:22 EDT"
"Manteca","California","property_crime","Jan - Mar 2026",1363,1257,-7.77696258253852,354,235,321,-9.32203389830508,36.5957446808511,93538,1,"2026-05-18 11:01:22 EDT"
"Manteca","California","rape","Jan - Mar 2026",45,29,-35.5555555555556,14,7,5,-64.2857142857143,-28.5714285714286,93538,1,"2026-05-18 11:01:22 EDT"
"Manteca","California","robbery","Jan - Mar 2026",62,52,-16.1290322580645,13,9,13,0,44.4444444444444,93538,1,"2026-05-18 11:01:22 EDT"
"Manteca","California","theft","Jan - Mar 2026",775,886,14.3225806451613,201,148,245,21.8905472636816,65.5405405405405,93538,1,"2026-05-18 11:01:22 EDT"
"Manteca","California","violent_crime","Jan - Mar 2026",269,323,20.0743494423792,64,62,57,-10.9375,-8.06451612903226,93538,1,"2026-05-18 11:01:22 EDT"
"Maple Grove","Minnesota","aggravated_assault","Jan - Mar 2026",52,49,-5.76923076923077,9,8,14,55.5555555555556,75,71622,1,"2026-05-18 11:01:22 EDT"
"Maple Grove","Minnesota","burglary","Jan - Mar 2026",99,60,-39.3939393939394,25,10,10,-60,0,71622,1,"2026-05-18 11:01:22 EDT"
"Maple Grove","Minnesota","motor_vehicle_theft","Jan - Mar 2026",28,33,17.8571428571429,8,5,6,-25,20,71622,1,"2026-05-18 11:01:22 EDT"
"Maple Grove","Minnesota","murder","Jan - Mar 2026",0,0,NA,0,0,0,NA,NA,71622,1,"2026-05-18 11:01:22 EDT"
"Maple Grove","Minnesota","property_crime","Jan - Mar 2026",1260,1027,-18.4920634920635,280,247,197,-29.6428571428571,-20.2429149797571,71622,1,"2026-05-18 11:01:22 EDT"
"Maple Grove","Minnesota","rape","Jan - Mar 2026",17,22,29.4117647058824,4,6,2,-50,-66.6666666666667,71622,1,"2026-05-18 11:01:22 EDT"
"Maple Grove","Minnesota","robbery","Jan - Mar 2026",12,10,-16.6666666666667,0,5,3,Inf,-40,71622,1,"2026-05-18 11:01:22 EDT"
"Maple Grove","Minnesota","theft","Jan - Mar 2026",1133,934,-17.5639894086496,247,232,181,-26.7206477732794,-21.9827586206897,71622,1,"2026-05-18 11:01:22 EDT"
"Maple Grove","Minnesota","violent_crime","Jan - Mar 2026",81,81,0,13,19,19,46.1538461538462,0,71622,1,"2026-05-18 11:01:22 EDT"
"Marana","Arizona","aggravated_assault","Jan - Mar 2026",59,35,-40.6779661016949,12,19,7,-41.6666666666667,-63.1578947368421,60507,1,"2026-05-18 11:01:22 EDT"
"Marana","Arizona","burglary","Jan - Mar 2026",53,25,-52.8301886792453,18,6,12,-33.3333333333333,100,60507,1,"2026-05-18 11:01:22 EDT"
"Marana","Arizona","motor_vehicle_theft","Jan - Mar 2026",36,42,16.6666666666667,11,13,9,-18.1818181818182,-30.7692307692308,60507,1,"2026-05-18 11:01:22 EDT"
"Marana","Arizona","murder","Jan - Mar 2026",2,0,-100,1,0,1,0,Inf,60507,1,"2026-05-18 11:01:22 EDT"
"Marana","Arizona","property_crime","Jan - Mar 2026",817,834,2.08078335373317,202,214,200,-0.99009900990099,-6.54205607476635,60507,1,"2026-05-18 11:01:22 EDT"
"Marana","Arizona","rape","Jan - Mar 2026",5,3,-40,2,0,2,0,Inf,60507,1,"2026-05-18 11:01:22 EDT"
"Marana","Arizona","robbery","Jan - Mar 2026",4,2,-50,0,0,2,Inf,Inf,60507,1,"2026-05-18 11:01:22 EDT"
"Marana","Arizona","theft","Jan - Mar 2026",728,767,5.35714285714286,173,195,179,3.46820809248555,-8.2051282051282,60507,1,"2026-05-18 11:01:22 EDT"
"Marana","Arizona","violent_crime","Jan - Mar 2026",70,40,-42.8571428571429,15,19,12,-20,-36.8421052631579,60507,1,"2026-05-18 11:01:22 EDT"
"Maricopa","Arizona","aggravated_assault","Jan - Mar 2026",158,170,7.59493670886076,54,31,23,-57.4074074074074,-25.8064516129032,75614,1,"2026-05-18 11:01:22 EDT"
"Maricopa","Arizona","burglary","Jan - Mar 2026",46,53,15.2173913043478,8,7,15,87.5,114.285714285714,75614,1,"2026-05-18 11:01:22 EDT"
"Maricopa","Arizona","motor_vehicle_theft","Jan - Mar 2026",44,49,11.3636363636364,15,17,11,-26.6666666666667,-35.2941176470588,75614,1,"2026-05-18 11:01:22 EDT"
"Maricopa","Arizona","murder","Jan - Mar 2026",2,1,-50,0,0,0,NA,NA,75614,1,"2026-05-18 11:01:22 EDT"
"Maricopa","Arizona","property_crime","Jan - Mar 2026",660,649,-1.66666666666667,179,154,186,3.91061452513966,20.7792207792208,75614,1,"2026-05-18 11:01:22 EDT"
"Maricopa","Arizona","rape","Jan - Mar 2026",6,20,233.333333333333,1,4,6,500,50,75614,1,"2026-05-18 11:01:22 EDT"
"Maricopa","Arizona","robbery","Jan - Mar 2026",4,7,75,0,1,4,Inf,300,75614,1,"2026-05-18 11:01:22 EDT"
"Maricopa","Arizona","theft","Jan - Mar 2026",570,547,-4.03508771929825,156,130,160,2.56410256410256,23.0769230769231,75614,1,"2026-05-18 11:01:22 EDT"
"Maricopa","Arizona","violent_crime","Jan - Mar 2026",170,198,16.4705882352941,55,36,33,-40,-8.33333333333333,75614,1,"2026-05-18 11:01:22 EDT"
"Marietta","Georgia","aggravated_assault","Jan - Mar 2026",141,146,3.54609929078014,35,25,45,28.5714285714286,80,63354,1,"2026-05-18 11:01:22 EDT"
"Marietta","Georgia","burglary","Jan - Mar 2026",115,80,-30.4347826086957,36,22,29,-19.4444444444444,31.8181818181818,63354,1,"2026-05-18 11:01:22 EDT"
"Marietta","Georgia","motor_vehicle_theft","Jan - Mar 2026",135,82,-39.2592592592593,53,18,25,-52.8301886792453,38.8888888888889,63354,1,"2026-05-18 11:01:22 EDT"
"Marietta","Georgia","murder","Jan - Mar 2026",6,2,-66.6666666666667,1,0,1,0,Inf,63354,1,"2026-05-18 11:01:22 EDT"
"Marietta","Georgia","property_crime","Jan - Mar 2026",1147,970,-15.4315605928509,291,204,239,-17.8694158075601,17.156862745098,63354,1,"2026-05-18 11:01:22 EDT"
"Marietta","Georgia","rape","Jan - Mar 2026",17,12,-29.4117647058824,4,2,6,50,200,63354,1,"2026-05-18 11:01:22 EDT"
"Marietta","Georgia","robbery","Jan - Mar 2026",25,25,0,7,8,2,-71.4285714285714,-75,63354,1,"2026-05-18 11:01:22 EDT"
"Marietta","Georgia","theft","Jan - Mar 2026",897,808,-9.92196209587514,202,164,185,-8.41584158415842,12.8048780487805,63354,1,"2026-05-18 11:01:22 EDT"
"Marietta","Georgia","violent_crime","Jan - Mar 2026",189,185,-2.11640211640212,47,35,54,14.8936170212766,54.2857142857143,63354,1,"2026-05-18 11:01:22 EDT"
"McAllen","Texas","aggravated_assault","Jan - Mar 2026",125,124,-0.8,27,33,36,33.3333333333333,9.09090909090909,148017,1,"2026-05-18 11:01:22 EDT"
"McAllen","Texas","burglary","Jan - Mar 2026",94,78,-17.0212765957447,21,17,13,-38.0952380952381,-23.5294117647059,148017,1,"2026-05-18 11:01:22 EDT"
"McAllen","Texas","motor_vehicle_theft","Jan - Mar 2026",100,43,-57,33,19,8,-75.7575757575758,-57.8947368421053,148017,1,"2026-05-18 11:01:22 EDT"
"McAllen","Texas","murder","Jan - Mar 2026",4,1,-75,1,0,0,-100,NA,148017,1,"2026-05-18 11:01:22 EDT"
"McAllen","Texas","property_crime","Jan - Mar 2026",2717,2137,-21.3470739786529,634,561,473,-25.3943217665615,-15.6862745098039,148017,1,"2026-05-18 11:01:22 EDT"
"McAllen","Texas","rape","Jan - Mar 2026",58,45,-22.4137931034483,17,10,16,-5.88235294117647,60,148017,1,"2026-05-18 11:01:22 EDT"
"McAllen","Texas","robbery","Jan - Mar 2026",35,20,-42.8571428571429,13,0,6,-53.8461538461538,Inf,148017,1,"2026-05-18 11:01:22 EDT"
"McAllen","Texas","theft","Jan - Mar 2026",2523,2016,-20.0951248513674,580,525,452,-22.0689655172414,-13.9047619047619,148017,1,"2026-05-18 11:01:22 EDT"
"McAllen","Texas","violent_crime","Jan - Mar 2026",222,190,-14.4144144144144,58,43,58,0,34.8837209302326,148017,1,"2026-05-18 11:01:22 EDT"
"Mckinney","Texas","aggravated_assault","Jan - Mar 2026",168,186,10.7142857142857,37,40,36,-2.7027027027027,-10,219132,1,"2026-05-18 11:01:22 EDT"
"Mckinney","Texas","burglary","Jan - Mar 2026",187,188,0.53475935828877,41,36,36,-12.1951219512195,0,219132,1,"2026-05-18 11:01:22 EDT"
"Mckinney","Texas","motor_vehicle_theft","Jan - Mar 2026",161,117,-27.3291925465839,49,34,31,-36.734693877551,-8.82352941176471,219132,1,"2026-05-18 11:01:22 EDT"
"Mckinney","Texas","murder","Jan - Mar 2026",6,10,66.6666666666667,0,1,2,Inf,100,219132,1,"2026-05-18 11:01:22 EDT"
"Mckinney","Texas","property_crime","Jan - Mar 2026",1789,1588,-11.2353269983231,437,394,403,-7.78032036613272,2.28426395939086,219132,1,"2026-05-18 11:01:22 EDT"
"Mckinney","Texas","rape","Jan - Mar 2026",58,46,-20.6896551724138,14,19,9,-35.7142857142857,-52.6315789473684,219132,1,"2026-05-18 11:01:22 EDT"
"Mckinney","Texas","robbery","Jan - Mar 2026",28,29,3.57142857142857,3,8,10,233.333333333333,25,219132,1,"2026-05-18 11:01:22 EDT"
"Mckinney","Texas","theft","Jan - Mar 2026",1441,1283,-10.9646079111728,347,324,336,-3.1700288184438,3.7037037037037,219132,1,"2026-05-18 11:01:22 EDT"
"Mckinney","Texas","violent_crime","Jan - Mar 2026",260,271,4.23076923076923,54,68,57,5.55555555555556,-16.1764705882353,219132,1,"2026-05-18 11:01:22 EDT"
"Medford","Massachusetts","aggravated_assault","Jan - Feb 2026",79,87,10.126582278481,13,16,0,-100,-100,59601,1,"2026-05-18 11:01:22 EDT"
"Medford","Massachusetts","burglary","Jan - Feb 2026",46,41,-10.8695652173913,11,2,0,-100,-100,59601,1,"2026-05-18 11:01:22 EDT"
"Medford","Massachusetts","motor_vehicle_theft","Jan - Feb 2026",69,48,-30.4347826086957,8,9,0,-100,-100,59601,1,"2026-05-18 11:01:22 EDT"
"Medford","Massachusetts","murder","Jan - Feb 2026",0,0,NA,0,0,0,NA,NA,59601,1,"2026-05-18 11:01:22 EDT"
"Medford","Massachusetts","property_crime","Jan - Feb 2026",0,0,NA,0,0,0,NA,NA,59601,1,"2026-05-18 11:01:22 EDT"
"Medford","Massachusetts","rape","Jan - Feb 2026",13,14,7.69230769230769,2,3,0,-100,-100,59601,1,"2026-05-18 11:01:22 EDT"
"Medford","Massachusetts","robbery","Jan - Feb 2026",14,7,-50,3,3,0,-100,-100,59601,1,"2026-05-18 11:01:22 EDT"
"Medford","Massachusetts","theft","Jan - Feb 2026",603,471,-21.8905472636816,83,67,0,-100,-100,59601,1,"2026-05-18 11:01:22 EDT"
"Medford","Massachusetts","violent_crime","Jan - Feb 2026",0,0,NA,0,0,0,NA,NA,59601,1,"2026-05-18 11:01:22 EDT"
"Medford","Oregon","aggravated_assault","Jan - Feb 2026",247,201,-18.6234817813765,39,26,22,-43.5897435897436,-15.3846153846154,84766,1,"2026-05-18 11:01:22 EDT"
"Medford","Oregon","burglary","Jan - Feb 2026",249,221,-11.2449799196787,55,32,29,-47.2727272727273,-9.375,84766,1,"2026-05-18 11:01:22 EDT"
"Medford","Oregon","motor_vehicle_theft","Jan - Feb 2026",168,142,-15.4761904761905,38,28,14,-63.1578947368421,-50,84766,1,"2026-05-18 11:01:22 EDT"
"Medford","Oregon","murder","Jan - Feb 2026",3,2,-33.3333333333333,2,0,0,-100,NA,84766,1,"2026-05-18 11:01:22 EDT"
"Medford","Oregon","property_crime","Jan - Feb 2026",0,0,NA,0,0,0,NA,NA,84766,1,"2026-05-18 11:01:22 EDT"
"Medford","Oregon","rape","Jan - Feb 2026",56,42,-25,9,7,3,-66.6666666666667,-57.1428571428571,84766,1,"2026-05-18 11:01:22 EDT"
"Medford","Oregon","robbery","Jan - Feb 2026",76,76,0,13,17,12,-7.69230769230769,-29.4117647058824,84766,1,"2026-05-18 11:01:22 EDT"
"Medford","Oregon","theft","Jan - Feb 2026",2878,2835,-1.49409312022238,490,385,406,-17.1428571428571,5.45454545454545,84766,1,"2026-05-18 11:01:22 EDT"
"Medford","Oregon","violent_crime","Jan - Feb 2026",0,0,NA,0,0,0,NA,NA,84766,1,"2026-05-18 11:01:22 EDT"
"Memphis","Tennessee","aggravated_assault","Jan - Mar 2026",12885,9227,-28.3896003104385,2696,2493,1836,-31.8991097922849,-26.3537906137184,613207,1,"2026-05-18 11:01:22 EDT"
"Memphis","Tennessee","burglary","Jan - Mar 2026",5449,4341,-20.334006239677,1341,976,675,-49.6644295302013,-30.8401639344262,613207,1,"2026-05-18 11:01:22 EDT"
"Memphis","Tennessee","motor_vehicle_theft","Jan - Mar 2026",9856,5464,-44.5616883116883,2648,1686,565,-78.6631419939577,-66.4887307236062,613207,1,"2026-05-18 11:01:22 EDT"
"Memphis","Tennessee","murder","Jan - Mar 2026",250,189,-24.4,66,58,42,-36.3636363636364,-27.5862068965517,613207,1,"2026-05-18 11:01:22 EDT"
"Memphis","Tennessee","property_crime","Jan - Mar 2026",42908,30145,-29.745035890743,10172,8128,4539,-55.3775068816359,-44.1560039370079,613207,1,"2026-05-18 11:01:22 EDT"
"Memphis","Tennessee","rape","Jan - Mar 2026",442,335,-24.2081447963801,110,82,59,-46.3636363636364,-28.0487804878049,613207,1,"2026-05-18 11:01:22 EDT"
"Memphis","Tennessee","robbery","Jan - Mar 2026",2161,1473,-31.8371124479408,495,421,211,-57.3737373737374,-49.8812351543943,613207,1,"2026-05-18 11:01:22 EDT"
"Memphis","Tennessee","theft","Jan - Mar 2026",27603,20340,-26.3123573524617,6183,5466,3299,-46.6440239366004,-39.6450786681303,613207,1,"2026-05-18 11:01:22 EDT"
"Memphis","Tennessee","violent_crime","Jan - Mar 2026",15738,11224,-28.6821705426357,3367,3054,2148,-36.2043362043362,-29.6660117878193,613207,1,"2026-05-18 11:01:22 EDT"
"Merced","California","aggravated_assault","Jan - Mar 2026",492,489,-0.609756097560976,103,107,102,-0.970873786407767,-4.67289719626168,96077,1,"2026-05-18 11:01:22 EDT"
"Merced","California","burglary","Jan - Mar 2026",548,375,-31.5693430656934,100,106,106,6,0,96077,1,"2026-05-18 11:01:22 EDT"
"Merced","California","motor_vehicle_theft","Jan - Mar 2026",464,291,-37.2844827586207,129,77,66,-48.8372093023256,-14.2857142857143,96077,1,"2026-05-18 11:01:22 EDT"
"Merced","California","murder","Jan - Mar 2026",7,6,-14.2857142857143,1,0,6,500,Inf,96077,1,"2026-05-18 11:01:22 EDT"
"Merced","California","property_crime","Jan - Mar 2026",2701,2375,-12.0696038504258,628,540,567,-9.71337579617834,5,96077,1,"2026-05-18 11:01:22 EDT"
"Merced","California","rape","Jan - Mar 2026",99,71,-28.2828282828283,22,15,19,-13.6363636363636,26.6666666666667,96077,1,"2026-05-18 11:01:22 EDT"
"Merced","California","robbery","Jan - Mar 2026",160,120,-25,33,29,24,-27.2727272727273,-17.2413793103448,96077,1,"2026-05-18 11:01:22 EDT"
"Merced","California","theft","Jan - Mar 2026",1689,1709,1.18413262285376,399,357,395,-1.00250626566416,10.6442577030812,96077,1,"2026-05-18 11:01:22 EDT"
"Merced","California","violent_crime","Jan - Mar 2026",758,686,-9.49868073878628,159,151,151,-5.0314465408805,0,96077,1,"2026-05-18 11:01:22 EDT"
"Meriden","Connecticut","aggravated_assault","Jan - Mar 2026",33,45,36.3636363636364,10,13,5,-50,-61.5384615384615,59943,1,"2026-05-18 11:01:22 EDT"
"Meriden","Connecticut","burglary","Jan - Mar 2026",193,83,-56.9948186528497,21,9,4,-80.9523809523809,-55.5555555555556,59943,1,"2026-05-18 11:01:22 EDT"
"Meriden","Connecticut","motor_vehicle_theft","Jan - Mar 2026",116,120,3.44827586206897,27,28,12,-55.5555555555556,-57.1428571428571,59943,1,"2026-05-18 11:01:22 EDT"
"Meriden","Connecticut","murder","Jan - Mar 2026",1,1,0,1,0,1,0,Inf,59943,1,"2026-05-18 11:01:22 EDT"
"Meriden","Connecticut","property_crime","Jan - Mar 2026",1035,1022,-1.256038647343,232,209,138,-40.5172413793103,-33.9712918660287,59943,1,"2026-05-18 11:01:22 EDT"
"Meriden","Connecticut","rape","Jan - Mar 2026",14,17,21.4285714285714,2,2,2,0,0,59943,1,"2026-05-18 11:01:22 EDT"
"Meriden","Connecticut","robbery","Jan - Mar 2026",37,28,-24.3243243243243,12,4,1,-91.6666666666667,-75,59943,1,"2026-05-18 11:01:22 EDT"
"Meriden","Connecticut","theft","Jan - Mar 2026",726,819,12.8099173553719,184,172,122,-33.695652173913,-29.0697674418605,59943,1,"2026-05-18 11:01:22 EDT"
"Meriden","Connecticut","violent_crime","Jan - Mar 2026",85,91,7.05882352941176,25,19,9,-64,-52.6315789473684,59943,1,"2026-05-18 11:01:22 EDT"
"Meridian","Idaho","aggravated_assault","Jan - Mar 2026",148,143,-3.37837837837838,42,36,42,0,16.6666666666667,140353,1,"2026-05-18 11:01:22 EDT"
"Meridian","Idaho","burglary","Jan - Mar 2026",75,72,-4,20,18,13,-35,-27.7777777777778,140353,1,"2026-05-18 11:01:22 EDT"
"Meridian","Idaho","motor_vehicle_theft","Jan - Mar 2026",54,33,-38.8888888888889,12,6,9,-25,50,140353,1,"2026-05-18 11:01:22 EDT"
"Meridian","Idaho","murder","Jan - Mar 2026",1,0,-100,0,0,1,Inf,Inf,140353,1,"2026-05-18 11:01:22 EDT"
"Meridian","Idaho","property_crime","Jan - Mar 2026",817,589,-27.906976744186,192,158,146,-23.9583333333333,-7.59493670886076,140353,1,"2026-05-18 11:01:22 EDT"
"Meridian","Idaho","rape","Jan - Mar 2026",42,45,7.14285714285714,15,9,7,-53.3333333333333,-22.2222222222222,140353,1,"2026-05-18 11:01:22 EDT"
"Meridian","Idaho","robbery","Jan - Mar 2026",15,4,-73.3333333333333,3,0,2,-33.3333333333333,Inf,140353,1,"2026-05-18 11:01:22 EDT"
"Meridian","Idaho","theft","Jan - Mar 2026",688,484,-29.6511627906977,160,134,124,-22.5,-7.46268656716418,140353,1,"2026-05-18 11:01:22 EDT"
"Meridian","Idaho","violent_crime","Jan - Mar 2026",206,192,-6.79611650485437,60,45,52,-13.3333333333333,15.5555555555556,140353,1,"2026-05-18 11:01:22 EDT"
"Mesa","Arizona","aggravated_assault","Jan - Mar 2026",1964,1772,-9.77596741344195,494,434,469,-5.06072874493927,8.06451612903226,513585,1,"2026-05-18 11:01:22 EDT"
"Mesa","Arizona","burglary","Jan - Mar 2026",971,877,-9.68074150360453,272,204,167,-38.6029411764706,-18.1372549019608,513585,1,"2026-05-18 11:01:22 EDT"
"Mesa","Arizona","motor_vehicle_theft","Jan - Mar 2026",1023,833,-18.5728250244379,275,243,158,-42.5454545454545,-34.9794238683128,513585,1,"2026-05-18 11:01:22 EDT"
"Mesa","Arizona","murder","Jan - Mar 2026",14,18,28.5714285714286,5,3,3,-40,0,513585,1,"2026-05-18 11:01:22 EDT"
"Mesa","Arizona","property_crime","Jan - Mar 2026",7574,6750,-10.8793240031687,2033,1813,1453,-28.5292670929661,-19.8565912851627,513585,1,"2026-05-18 11:01:22 EDT"
"Mesa","Arizona","rape","Jan - Mar 2026",235,154,-34.468085106383,60,30,34,-43.3333333333333,13.3333333333333,513585,1,"2026-05-18 11:01:22 EDT"
"Mesa","Arizona","robbery","Jan - Mar 2026",259,246,-5.01930501930502,67,41,68,1.49253731343284,65.8536585365854,513585,1,"2026-05-18 11:01:22 EDT"
"Mesa","Arizona","theft","Jan - Mar 2026",5580,5040,-9.67741935483871,1486,1366,1128,-24.0915208613728,-17.4231332357247,513585,1,"2026-05-18 11:01:22 EDT"
"Mesa","Arizona","violent_crime","Jan - Mar 2026",2472,2190,-11.4077669902913,626,508,574,-8.30670926517572,12.992125984252,513585,1,"2026-05-18 11:01:22 EDT"
"Mesquite","Texas","aggravated_assault","Jan - Mar 2026",560,503,-10.1785714285714,132,113,93,-29.5454545454545,-17.6991150442478,148598,1,"2026-05-18 11:01:22 EDT"
"Mesquite","Texas","burglary","Jan - Mar 2026",583,369,-36.7066895368782,208,110,136,-34.6153846153846,23.6363636363636,148598,1,"2026-05-18 11:01:22 EDT"
"Mesquite","Texas","motor_vehicle_theft","Jan - Mar 2026",922,543,-41.1062906724512,250,163,141,-43.6,-13.4969325153374,148598,1,"2026-05-18 11:01:22 EDT"
"Mesquite","Texas","murder","Jan - Mar 2026",6,13,116.666666666667,0,3,1,Inf,-66.6666666666667,148598,1,"2026-05-18 11:01:22 EDT"
"Mesquite","Texas","property_crime","Jan - Mar 2026",4429,3296,-25.5813953488372,1253,868,790,-36.951316839585,-8.98617511520737,148598,1,"2026-05-18 11:01:22 EDT"
"Mesquite","Texas","rape","Jan - Mar 2026",60,58,-3.33333333333333,16,13,14,-12.5,7.69230769230769,148598,1,"2026-05-18 11:01:22 EDT"
"Mesquite","Texas","robbery","Jan - Mar 2026",120,106,-11.6666666666667,29,33,12,-58.6206896551724,-63.6363636363636,148598,1,"2026-05-18 11:01:22 EDT"
"Mesquite","Texas","theft","Jan - Mar 2026",2924,2384,-18.4678522571819,795,595,513,-35.4716981132075,-13.781512605042,148598,1,"2026-05-18 11:01:22 EDT"
"Mesquite","Texas","violent_crime","Jan - Mar 2026",746,680,-8.84718498659517,177,162,120,-32.2033898305085,-25.9259259259259,148598,1,"2026-05-18 11:01:22 EDT"
"Methuen","Massachusetts","aggravated_assault","Jan - Mar 2026",91,54,-40.6593406593407,22,20,22,0,10,54623,1,"2026-05-18 11:01:22 EDT"
"Methuen","Massachusetts","burglary","Jan - Mar 2026",26,13,-50,2,3,5,150,66.6666666666667,54623,1,"2026-05-18 11:01:22 EDT"
"Methuen","Massachusetts","motor_vehicle_theft","Jan - Mar 2026",38,12,-68.4210526315789,5,2,3,-40,50,54623,1,"2026-05-18 11:01:22 EDT"
"Methuen","Massachusetts","murder","Jan - Mar 2026",0,1,Inf,0,0,0,NA,NA,54623,1,"2026-05-18 11:01:22 EDT"
"Methuen","Massachusetts","property_crime","Jan - Mar 2026",442,322,-27.1493212669683,110,77,93,-15.4545454545455,20.7792207792208,54623,1,"2026-05-18 11:01:22 EDT"
"Methuen","Massachusetts","rape","Jan - Mar 2026",6,3,-50,2,0,2,0,Inf,54623,1,"2026-05-18 11:01:22 EDT"
"Methuen","Massachusetts","robbery","Jan - Mar 2026",0,4,Inf,0,1,1,Inf,0,54623,1,"2026-05-18 11:01:22 EDT"
"Methuen","Massachusetts","theft","Jan - Mar 2026",378,297,-21.4285714285714,103,72,85,-17.4757281553398,18.0555555555556,54623,1,"2026-05-18 11:01:22 EDT"
"Methuen","Massachusetts","violent_crime","Jan - Mar 2026",97,62,-36.0824742268041,24,21,25,4.16666666666667,19.047619047619,54623,1,"2026-05-18 11:01:22 EDT"
"Miami Beach","Florida","aggravated_assault","Jan - Mar 2026",264,269,1.89393939393939,59,67,57,-3.38983050847458,-14.9253731343284,78676,1,"2026-05-18 11:01:22 EDT"
"Miami Beach","Florida","burglary","Jan - Mar 2026",524,391,-25.381679389313,162,122,80,-50.6172839506173,-34.4262295081967,78676,1,"2026-05-18 11:01:22 EDT"
"Miami Beach","Florida","motor_vehicle_theft","Jan - Mar 2026",354,226,-36.1581920903955,84,69,34,-59.5238095238095,-50.7246376811594,78676,1,"2026-05-18 11:01:22 EDT"
"Miami Beach","Florida","murder","Jan - Mar 2026",4,1,-75,0,0,1,Inf,Inf,78676,1,"2026-05-18 11:01:22 EDT"
"Miami Beach","Florida","property_crime","Jan - Mar 2026",5571,4422,-20.6246634356489,1434,1102,1044,-27.1966527196653,-5.26315789473684,78676,1,"2026-05-18 11:01:22 EDT"
"Miami Beach","Florida","rape","Jan - Mar 2026",88,89,1.13636363636364,23,19,24,4.34782608695652,26.3157894736842,78676,1,"2026-05-18 11:01:22 EDT"
"Miami Beach","Florida","robbery","Jan - Mar 2026",156,105,-32.6923076923077,35,32,7,-80,-78.125,78676,1,"2026-05-18 11:01:22 EDT"
"Miami Beach","Florida","theft","Jan - Mar 2026",4693,3805,-18.9217984231835,1188,911,930,-21.7171717171717,2.08562019758507,78676,1,"2026-05-18 11:01:22 EDT"
"Miami Beach","Florida","violent_crime","Jan - Mar 2026",512,464,-9.375,117,118,89,-23.9316239316239,-24.5762711864407,78676,1,"2026-05-18 11:01:22 EDT"
"Middletown","Ohio","aggravated_assault","Jan - Mar 2026",69,36,-47.8260869565217,9,12,10,11.1111111111111,-16.6666666666667,47684,1,"2026-05-18 11:01:22 EDT"
"Middletown","Ohio","burglary","Jan - Mar 2026",83,65,-21.6867469879518,26,26,16,-38.4615384615385,-38.4615384615385,47684,1,"2026-05-18 11:01:22 EDT"
"Middletown","Ohio","motor_vehicle_theft","Jan - Mar 2026",70,47,-32.8571428571429,19,21,28,47.3684210526316,33.3333333333333,47684,1,"2026-05-18 11:01:22 EDT"
"Middletown","Ohio","murder","Jan - Mar 2026",0,0,NA,0,0,0,NA,NA,47684,1,"2026-05-18 11:01:22 EDT"
"Middletown","Ohio","property_crime","Jan - Mar 2026",0,0,NA,0,0,0,NA,NA,47684,1,"2026-05-18 11:01:22 EDT"
"Middletown","Ohio","rape","Jan - Mar 2026",5,5,0,1,2,1,0,-50,47684,1,"2026-05-18 11:01:22 EDT"
"Middletown","Ohio","robbery","Jan - Mar 2026",8,5,-37.5,2,0,1,-50,Inf,47684,1,"2026-05-18 11:01:22 EDT"
"Middletown","Ohio","theft","Jan - Mar 2026",708,410,-42.090395480226,219,162,133,-39.2694063926941,-17.9012345679012,47684,1,"2026-05-18 11:01:22 EDT"
"Middletown","Ohio","violent_crime","Jan - Mar 2026",0,0,NA,0,0,0,NA,NA,47684,1,"2026-05-18 11:01:22 EDT"
"Midland","Texas","aggravated_assault","Jan - Mar 2026",378,358,-5.29100529100529,91,52,104,14.2857142857143,100,140265,1,"2026-05-18 11:01:22 EDT"
"Midland","Texas","burglary","Jan - Mar 2026",321,237,-26.1682242990654,100,18,72,-28,300,140265,1,"2026-05-18 11:01:22 EDT"
"Midland","Texas","motor_vehicle_theft","Jan - Mar 2026",297,210,-29.2929292929293,96,29,67,-30.2083333333333,131.034482758621,140265,1,"2026-05-18 11:01:22 EDT"
"Midland","Texas","murder","Jan - Mar 2026",8,3,-62.5,1,0,3,200,Inf,140265,1,"2026-05-18 11:01:22 EDT"
"Midland","Texas","property_crime","Jan - Mar 2026",2271,1654,-27.1686481726112,686,156,470,-31.4868804664723,201.282051282051,140265,1,"2026-05-18 11:01:22 EDT"
"Midland","Texas","rape","Jan - Mar 2026",94,79,-15.9574468085106,19,16,15,-21.0526315789474,-6.25,140265,1,"2026-05-18 11:01:22 EDT"
"Midland","Texas","robbery","Jan - Mar 2026",33,30,-9.09090909090909,9,6,6,-33.3333333333333,0,140265,1,"2026-05-18 11:01:22 EDT"
"Midland","Texas","theft","Jan - Mar 2026",1653,1207,-26.9812462189958,490,109,331,-32.4489795918367,203.669724770642,140265,1,"2026-05-18 11:01:22 EDT"
"Midland","Texas","violent_crime","Jan - Mar 2026",513,470,-8.38206627680312,120,74,128,6.66666666666667,72.972972972973,140265,1,"2026-05-18 11:01:22 EDT"
"Midwest","Nationwide","aggravated_assault","Jan - Mar 2026",78508,72745,-7.34065318184134,16948,15312,15250,-10.0188812839273,-0.40491118077325,17576640,126,"2026-05-18 11:01:22 EDT"
"Midwest","Nationwide","burglary","Jan - Mar 2026",59919,49857,-16.7926701046413,13650,11302,9809,-28.1391941391941,-13.2100513183507,17576640,126,"2026-05-18 11:01:22 EDT"
"Midwest","Nationwide","motor_vehicle_theft","Jan - Mar 2026",94130,73828,-21.5680441941995,22855,17227,16394,-28.2695252679939,-4.83543275091426,17576640,126,"2026-05-18 11:01:22 EDT"
"Midwest","Nationwide","murder","Jan - Mar 2026",1967,1581,-19.6237925775292,417,348,329,-21.1031175059952,-5.45977011494253,17576640,126,"2026-05-18 11:01:22 EDT"
"Midwest","Nationwide","property_crime","Jan - Mar 2026",467664,414771,-11.3100431078723,107738,93763,86846,-19.3914867549054,-7.37711037402813,17576640,126,"2026-05-18 11:01:22 EDT"
"Midwest","Nationwide","rape","Jan - Mar 2026",10799,10499,-2.77803500324104,2575,2515,2354,-8.58252427184466,-6.40159045725646,17576640,126,"2026-05-18 11:01:22 EDT"
"Midwest","Nationwide","robbery","Jan - Mar 2026",21810,16251,-25.4883081155433,4889,3736,3026,-38.1059521374514,-19.0042826552463,17576640,126,"2026-05-18 11:01:22 EDT"
"Midwest","Nationwide","theft","Jan - Mar 2026",313615,291086,-7.18364874129107,71233,65234,60643,-14.8667050383951,-7.03774105527792,17576640,126,"2026-05-18 11:01:22 EDT"
"Midwest","Nationwide","violent_crime","Jan - Mar 2026",113084,101076,-10.6186551589969,24829,21911,20959,-15.5866124290145,-4.34484961891287,17576640,126,"2026-05-18 11:01:22 EDT"
"Midwest City","Oklahoma","aggravated_assault","Jan - Mar 2026",154,146,-5.19480519480519,43,37,21,-51.1627906976744,-43.2432432432432,57961,1,"2026-05-18 11:01:22 EDT"
"Midwest City","Oklahoma","burglary","Jan - Mar 2026",152,115,-24.3421052631579,24,23,20,-16.6666666666667,-13.0434782608696,57961,1,"2026-05-18 11:01:22 EDT"
"Midwest City","Oklahoma","motor_vehicle_theft","Jan - Mar 2026",132,149,12.8787878787879,36,28,35,-2.77777777777778,25,57961,1,"2026-05-18 11:01:22 EDT"
"Midwest City","Oklahoma","murder","Jan - Mar 2026",4,4,0,1,1,0,-100,-100,57961,1,"2026-05-18 11:01:22 EDT"
"Midwest City","Oklahoma","property_crime","Jan - Mar 2026",1207,1328,10.0248550124275,273,286,331,21.2454212454212,15.7342657342657,57961,1,"2026-05-18 11:01:22 EDT"
"Midwest City","Oklahoma","rape","Jan - Mar 2026",24,27,12.5,8,7,5,-37.5,-28.5714285714286,57961,1,"2026-05-18 11:01:22 EDT"
"Midwest City","Oklahoma","robbery","Jan - Mar 2026",21,23,9.52380952380952,4,8,4,0,-50,57961,1,"2026-05-18 11:01:22 EDT"
"Midwest City","Oklahoma","theft","Jan - Mar 2026",923,1064,15.2762730227519,213,235,276,29.5774647887324,17.4468085106383,57961,1,"2026-05-18 11:01:22 EDT"
"Midwest City","Oklahoma","violent_crime","Jan - Mar 2026",203,200,-1.47783251231527,56,53,30,-46.4285714285714,-43.3962264150943,57961,1,"2026-05-18 11:01:22 EDT"
"Milford","Connecticut","aggravated_assault","Jan - Feb 2026",11,10,-9.09090909090909,2,0,1,-50,Inf,53065,1,"2026-05-18 11:01:22 EDT"
"Milford","Connecticut","burglary","Jan - Feb 2026",46,35,-23.9130434782609,9,4,1,-88.8888888888889,-75,53065,1,"2026-05-18 11:01:22 EDT"
"Milford","Connecticut","motor_vehicle_theft","Jan - Feb 2026",103,114,10.6796116504854,17,13,13,-23.5294117647059,0,53065,1,"2026-05-18 11:01:22 EDT"
"Milford","Connecticut","murder","Jan - Feb 2026",1,1,0,0,0,0,NA,NA,53065,1,"2026-05-18 11:01:22 EDT"
"Milford","Connecticut","property_crime","Jan - Feb 2026",0,0,NA,0,0,0,NA,NA,53065,1,"2026-05-18 11:01:22 EDT"
"Milford","Connecticut","rape","Jan - Feb 2026",13,13,0,0,3,4,Inf,33.3333333333333,53065,1,"2026-05-18 11:01:22 EDT"
"Milford","Connecticut","robbery","Jan - Feb 2026",37,14,-62.1621621621622,13,2,2,-84.6153846153846,0,53065,1,"2026-05-18 11:01:22 EDT"
"Milford","Connecticut","theft","Jan - Feb 2026",968,803,-17.0454545454545,188,137,109,-42.0212765957447,-20.4379562043796,53065,1,"2026-05-18 11:01:22 EDT"
"Milford","Connecticut","violent_crime","Jan - Feb 2026",0,0,NA,0,0,0,NA,NA,53065,1,"2026-05-18 11:01:22 EDT"
"Millcreek","Pennsylvania","aggravated_assault","Jan - Mar 2026",79,61,-22.7848101265823,16,28,9,-43.75,-67.8571428571429,52803,1,"2026-05-18 11:01:22 EDT"
"Millcreek","Pennsylvania","burglary","Jan - Mar 2026",32,40,25,7,9,6,-14.2857142857143,-33.3333333333333,52803,1,"2026-05-18 11:01:22 EDT"
"Millcreek","Pennsylvania","motor_vehicle_theft","Jan - Mar 2026",13,10,-23.0769230769231,3,2,1,-66.6666666666667,-50,52803,1,"2026-05-18 11:01:22 EDT"
"Millcreek","Pennsylvania","murder","Jan - Mar 2026",0,1,Inf,0,0,0,NA,NA,52803,1,"2026-05-18 11:01:22 EDT"
"Millcreek","Pennsylvania","property_crime","Jan - Mar 2026",371,358,-3.50404312668464,81,72,70,-13.5802469135802,-2.77777777777778,52803,1,"2026-05-18 11:01:22 EDT"
"Millcreek","Pennsylvania","rape","Jan - Mar 2026",6,18,200,1,0,5,400,Inf,52803,1,"2026-05-18 11:01:22 EDT"
"Millcreek","Pennsylvania","robbery","Jan - Mar 2026",6,3,-50,2,1,2,0,100,52803,1,"2026-05-18 11:01:22 EDT"
"Millcreek","Pennsylvania","theft","Jan - Mar 2026",326,308,-5.52147239263804,71,61,63,-11.2676056338028,3.27868852459016,52803,1,"2026-05-18 11:01:22 EDT"
"Millcreek","Pennsylvania","violent_crime","Jan - Mar 2026",91,83,-8.79120879120879,19,29,16,-15.7894736842105,-44.8275862068966,52803,1,"2026-05-18 11:01:22 EDT"
"Milpitas","California","aggravated_assault","Jan - Mar 2026",89,79,-11.2359550561798,15,14,19,26.6666666666667,35.7142857142857,76523,1,"2026-05-18 11:01:22 EDT"
"Milpitas","California","burglary","Jan - Mar 2026",181,130,-28.1767955801105,41,26,37,-9.75609756097561,42.3076923076923,76523,1,"2026-05-18 11:01:22 EDT"
"Milpitas","California","motor_vehicle_theft","Jan - Mar 2026",295,166,-43.728813559322,70,45,34,-51.4285714285714,-24.4444444444444,76523,1,"2026-05-18 11:01:22 EDT"
"Milpitas","California","murder","Jan - Mar 2026",0,0,NA,0,0,0,NA,NA,76523,1,"2026-05-18 11:01:22 EDT"
"Milpitas","California","property_crime","Jan - Mar 2026",2460,1749,-28.9024390243902,598,385,424,-29.0969899665552,10.1298701298701,76523,1,"2026-05-18 11:01:22 EDT"
"Milpitas","California","rape","Jan - Mar 2026",0,0,NA,0,0,0,NA,NA,76523,1,"2026-05-18 11:01:22 EDT"
"Milpitas","California","robbery","Jan - Mar 2026",65,55,-15.3846153846154,11,10,10,-9.09090909090909,0,76523,1,"2026-05-18 11:01:22 EDT"
"Milpitas","California","theft","Jan - Mar 2026",1984,1453,-26.7641129032258,487,314,353,-27.5154004106776,12.4203821656051,76523,1,"2026-05-18 11:01:22 EDT"
"Milpitas","California","violent_crime","Jan - Mar 2026",154,134,-12.987012987013,26,24,29,11.5384615384615,20.8333333333333,76523,1,"2026-05-18 11:01:22 EDT"
"Milwaukee","Wisconsin","aggravated_assault","Jan - Feb 2026",5403,4753,-12.0303535073108,880,666,631,-28.2954545454545,-5.25525525525526,560416,1,"2026-05-18 11:01:22 EDT"
"Milwaukee","Wisconsin","burglary","Jan - Feb 2026",2171,1979,-8.84385076001842,338,242,220,-34.9112426035503,-9.09090909090909,560416,1,"2026-05-18 11:01:22 EDT"
"Milwaukee","Wisconsin","motor_vehicle_theft","Jan - Feb 2026",5806,4847,-16.5173957974509,776,766,624,-19.5876288659794,-18.5378590078329,560416,1,"2026-05-18 11:01:22 EDT"
"Milwaukee","Wisconsin","murder","Jan - Feb 2026",131,142,8.3969465648855,17,15,13,-23.5294117647059,-13.3333333333333,560416,1,"2026-05-18 11:01:22 EDT"
"Milwaukee","Wisconsin","property_crime","Jan - Feb 2026",0,0,NA,0,0,0,NA,NA,560416,1,"2026-05-18 11:01:22 EDT"
"Milwaukee","Wisconsin","rape","Jan - Feb 2026",370,317,-14.3243243243243,65,40,31,-52.3076923076923,-22.5,560416,1,"2026-05-18 11:01:22 EDT"
"Milwaukee","Wisconsin","robbery","Jan - Feb 2026",1584,1265,-20.1388888888889,235,197,155,-34.0425531914894,-21.3197969543147,560416,1,"2026-05-18 11:01:22 EDT"
"Milwaukee","Wisconsin","theft","Jan - Feb 2026",6842,6712,-1.90002923121894,1029,905,835,-18.8532555879495,-7.73480662983425,560416,1,"2026-05-18 11:01:22 EDT"
"Milwaukee","Wisconsin","violent_crime","Jan - Feb 2026",0,0,NA,0,0,0,NA,NA,560416,1,"2026-05-18 11:01:22 EDT"
"Minneapolis","Minnesota","aggravated_assault","Jan - Mar 2026",2965,2826,-4.68802698145025,620,583,678,9.35483870967742,16.295025728988,423282,1,"2026-05-18 11:01:22 EDT"
"Minneapolis","Minnesota","burglary","Jan - Mar 2026",2605,2377,-8.75239923224568,540,465,419,-22.4074074074074,-9.89247311827957,423282,1,"2026-05-18 11:01:22 EDT"
"Minneapolis","Minnesota","motor_vehicle_theft","Jan - Mar 2026",6651,4958,-25.454818824237,1443,1195,1560,8.10810810810811,30.5439330543933,423282,1,"2026-05-18 11:01:22 EDT"
"Minneapolis","Minnesota","murder","Jan - Mar 2026",77,63,-18.1818181818182,13,7,8,-38.4615384615385,14.2857142857143,423282,1,"2026-05-18 11:01:22 EDT"
"Minneapolis","Minnesota","property_crime","Jan - Mar 2026",22005,19405,-11.8154964780732,4507,4152,4587,1.77501664078101,10.4768786127168,423282,1,"2026-05-18 11:01:22 EDT"
"Minneapolis","Minnesota","rape","Jan - Mar 2026",380,401,5.52631578947368,93,90,97,4.3010752688172,7.77777777777778,423282,1,"2026-05-18 11:01:22 EDT"
"Minneapolis","Minnesota","robbery","Jan - Mar 2026",1580,1081,-31.5822784810127,355,227,184,-48.169014084507,-18.942731277533,423282,1,"2026-05-18 11:01:22 EDT"
"Minneapolis","Minnesota","theft","Jan - Mar 2026",12749,12070,-5.32590791434622,2524,2492,2608,3.32805071315372,4.65489566613162,423282,1,"2026-05-18 11:01:22 EDT"
"Minneapolis","Minnesota","violent_crime","Jan - Mar 2026",5002,4371,-12.6149540183926,1081,907,967,-10.5457909343201,6.61521499448732,423282,1,"2026-05-18 11:01:22 EDT"
"Minnetonka","Minnesota","aggravated_assault","Jan - Mar 2026",45,38,-15.5555555555556,8,13,7,-12.5,-46.1538461538462,51935,1,"2026-05-18 11:01:22 EDT"
"Minnetonka","Minnesota","burglary","Jan - Mar 2026",97,60,-38.1443298969072,23,23,4,-82.6086956521739,-82.6086956521739,51935,1,"2026-05-18 11:01:22 EDT"
"Minnetonka","Minnesota","motor_vehicle_theft","Jan - Mar 2026",41,36,-12.1951219512195,9,8,11,22.2222222222222,37.5,51935,1,"2026-05-18 11:01:22 EDT"
"Minnetonka","Minnesota","murder","Jan - Mar 2026",0,0,NA,0,0,0,NA,NA,51935,1,"2026-05-18 11:01:22 EDT"
"Minnetonka","Minnesota","property_crime","Jan - Mar 2026",861,682,-20.7897793263647,207,197,155,-25.1207729468599,-21.3197969543147,51935,1,"2026-05-18 11:01:22 EDT"
"Minnetonka","Minnesota","rape","Jan - Mar 2026",9,11,22.2222222222222,3,0,5,66.6666666666667,Inf,51935,1,"2026-05-18 11:01:22 EDT"
"Minnetonka","Minnesota","robbery","Jan - Mar 2026",7,5,-28.5714285714286,3,0,0,-100,NA,51935,1,"2026-05-18 11:01:22 EDT"
"Minnetonka","Minnesota","theft","Jan - Mar 2026",723,586,-18.9488243430152,175,166,140,-20,-15.6626506024096,51935,1,"2026-05-18 11:01:22 EDT"
"Minnetonka","Minnesota","violent_crime","Jan - Mar 2026",61,54,-11.4754098360656,14,13,12,-14.2857142857143,-7.69230769230769,51935,1,"2026-05-18 11:01:22 EDT"
"Mission","Texas","aggravated_assault","Jan - Mar 2026",117,87,-25.6410256410256,32,21,15,-53.125,-28.5714285714286,87777,1,"2026-05-18 11:01:22 EDT"
"Mission","Texas","burglary","Jan - Mar 2026",99,50,-49.4949494949495,16,18,9,-43.75,-50,87777,1,"2026-05-18 11:01:22 EDT"
"Mission","Texas","motor_vehicle_theft","Jan - Mar 2026",50,27,-46,15,8,9,-40,12.5,87777,1,"2026-05-18 11:01:22 EDT"
"Mission","Texas","murder","Jan - Mar 2026",4,1,-75,1,0,0,-100,NA,87777,1,"2026-05-18 11:01:22 EDT"
"Mission","Texas","property_crime","Jan - Mar 2026",0,0,NA,0,0,0,NA,NA,87777,1,"2026-05-18 11:01:22 EDT"
"Mission","Texas","rape","Jan - Mar 2026",31,20,-35.4838709677419,7,2,10,42.8571428571429,400,87777,1,"2026-05-18 11:01:22 EDT"
"Mission","Texas","robbery","Jan - Mar 2026",14,14,0,6,7,0,-100,-100,87777,1,"2026-05-18 11:01:22 EDT"
"Mission","Texas","theft","Jan - Mar 2026",859,957,11.4086146682189,132,247,211,59.8484848484849,-14.5748987854251,87777,1,"2026-05-18 11:01:22 EDT"
"Mission","Texas","violent_crime","Jan - Mar 2026",0,0,NA,0,0,0,NA,NA,87777,1,"2026-05-18 11:01:22 EDT"
"Mission Viejo","California","aggravated_assault","Jan - Mar 2026",56,58,3.57142857142857,20,16,17,-15,6.25,90944,1,"2026-05-18 11:01:22 EDT"
"Mission Viejo","California","burglary","Jan - Mar 2026",98,57,-41.8367346938776,27,14,19,-29.6296296296296,35.7142857142857,90944,1,"2026-05-18 11:01:22 EDT"
"Mission Viejo","California","motor_vehicle_theft","Jan - Mar 2026",90,84,-6.66666666666667,22,22,17,-22.7272727272727,-22.7272727272727,90944,1,"2026-05-18 11:01:22 EDT"
"Mission Viejo","California","murder","Jan - Mar 2026",0,2,Inf,0,0,0,NA,NA,90944,1,"2026-05-18 11:01:22 EDT"
"Mission Viejo","California","property_crime","Jan - Mar 2026",1065,780,-26.7605633802817,260,214,168,-35.3846153846154,-21.4953271028037,90944,1,"2026-05-18 11:01:22 EDT"
"Mission Viejo","California","rape","Jan - Mar 2026",4,15,275,1,5,5,400,0,90944,1,"2026-05-18 11:01:22 EDT"
"Mission Viejo","California","robbery","Jan - Mar 2026",29,32,10.3448275862069,7,10,8,14.2857142857143,-20,90944,1,"2026-05-18 11:01:22 EDT"
"Mission Viejo","California","theft","Jan - Mar 2026",877,639,-27.1379703534778,211,178,132,-37.4407582938389,-25.8426966292135,90944,1,"2026-05-18 11:01:22 EDT"
"Mission Viejo","California","violent_crime","Jan - Mar 2026",89,107,20.2247191011236,28,31,30,7.14285714285714,-3.2258064516129,90944,1,"2026-05-18 11:01:22 EDT"
"Missoula","Montana","aggravated_assault","Jan - Mar 2026",349,352,0.859598853868195,72,80,67,-6.94444444444444,-16.25,78911,1,"2026-05-18 11:01:22 EDT"
"Missoula","Montana","burglary","Jan - Mar 2026",257,179,-30.3501945525292,62,37,44,-29.0322580645161,18.9189189189189,78911,1,"2026-05-18 11:01:22 EDT"
"Missoula","Montana","motor_vehicle_theft","Jan - Mar 2026",156,91,-41.6666666666667,30,29,24,-20,-17.2413793103448,78911,1,"2026-05-18 11:01:22 EDT"
"Missoula","Montana","murder","Jan - Mar 2026",2,0,-100,0,0,1,Inf,Inf,78911,1,"2026-05-18 11:01:22 EDT"
"Missoula","Montana","property_crime","Jan - Mar 2026",2872,2241,-21.9707520891365,691,547,390,-43.5600578871201,-28.7020109689214,78911,1,"2026-05-18 11:01:22 EDT"
"Missoula","Montana","rape","Jan - Mar 2026",84,79,-5.95238095238095,18,23,16,-11.1111111111111,-30.4347826086957,78911,1,"2026-05-18 11:01:22 EDT"
"Missoula","Montana","robbery","Jan - Mar 2026",36,34,-5.55555555555556,8,4,6,-25,50,78911,1,"2026-05-18 11:01:22 EDT"
"Missoula","Montana","theft","Jan - Mar 2026",2459,1971,-19.8454656364376,599,481,322,-46.2437395659432,-33.0561330561331,78911,1,"2026-05-18 11:01:22 EDT"
"Missoula","Montana","violent_crime","Jan - Mar 2026",471,465,-1.27388535031847,98,107,90,-8.16326530612245,-15.8878504672897,78911,1,"2026-05-18 11:01:22 EDT"
"Missouri City","Texas","aggravated_assault","Jan - Mar 2026",61,81,32.7868852459016,14,16,10,-28.5714285714286,-37.5,71653,1,"2026-05-18 11:01:22 EDT"
"Missouri City","Texas","burglary","Jan - Mar 2026",76,94,23.6842105263158,16,22,10,-37.5,-54.5454545454545,71653,1,"2026-05-18 11:01:22 EDT"
"Missouri City","Texas","motor_vehicle_theft","Jan - Mar 2026",66,86,30.3030303030303,23,26,11,-52.1739130434783,-57.6923076923077,71653,1,"2026-05-18 11:01:22 EDT"
"Missouri City","Texas","murder","Jan - Mar 2026",2,3,50,0,1,0,NA,-100,71653,1,"2026-05-18 11:01:22 EDT"
"Missouri City","Texas","property_crime","Jan - Mar 2026",813,779,-4.1820418204182,221,205,178,-19.4570135746606,-13.1707317073171,71653,1,"2026-05-18 11:01:22 EDT"
"Missouri City","Texas","rape","Jan - Mar 2026",23,11,-52.1739130434783,9,3,4,-55.5555555555556,33.3333333333333,71653,1,"2026-05-18 11:01:22 EDT"
"Missouri City","Texas","robbery","Jan - Mar 2026",20,26,30,7,9,6,-14.2857142857143,-33.3333333333333,71653,1,"2026-05-18 11:01:22 EDT"
"Missouri City","Texas","theft","Jan - Mar 2026",671,599,-10.7302533532042,182,157,157,-13.7362637362637,0,71653,1,"2026-05-18 11:01:22 EDT"
"Missouri City","Texas","violent_crime","Jan - Mar 2026",106,121,14.1509433962264,30,29,20,-33.3333333333333,-31.0344827586207,71653,1,"2026-05-18 11:01:22 EDT"
"Mobile","Alabama","aggravated_assault","Jan - Mar 2026",0,0,NA,0,0,0,NA,NA,237092,1,"2026-05-18 11:01:22 EDT"
"Mobile","Alabama","burglary","Jan - Mar 2026",0,0,NA,0,0,0,NA,NA,237092,1,"2026-05-18 11:01:22 EDT"
"Mobile","Alabama","motor_vehicle_theft","Jan - Mar 2026",0,0,NA,0,0,0,NA,NA,237092,1,"2026-05-18 11:01:22 EDT"
"Mobile","Alabama","murder","Jan - Mar 2026",39,37,-5.12820512820513,17,18,12,-29.4117647058824,-33.3333333333333,237092,1,"2026-05-18 11:01:22 EDT"
"Mobile","Alabama","property_crime","Jan - Mar 2026",0,0,NA,0,0,0,NA,NA,237092,1,"2026-05-18 11:01:22 EDT"
"Mobile","Alabama","rape","Jan - Mar 2026",0,0,NA,0,0,0,NA,NA,237092,1,"2026-05-18 11:01:22 EDT"
"Mobile","Alabama","robbery","Jan - Mar 2026",0,0,NA,0,0,0,NA,NA,237092,1,"2026-05-18 11:01:22 EDT"
"Mobile","Alabama","theft","Jan - Mar 2026",0,0,NA,0,0,0,NA,NA,237092,1,"2026-05-18 11:01:22 EDT"
"Mobile","Alabama","violent_crime","Jan - Mar 2026",39,37,-5.12820512820513,17,18,12,-29.4117647058824,-33.3333333333333,237092,1,"2026-05-18 11:01:22 EDT"
"Monterey County","California","aggravated_assault","Jan - Mar 2026",306,295,-3.59477124183007,75,75,47,-37.3333333333333,-37.3333333333333,107372,1,"2026-05-18 11:01:22 EDT"
"Monterey County","California","burglary","Jan - Mar 2026",173,159,-8.09248554913295,46,41,18,-60.8695652173913,-56.0975609756098,107372,1,"2026-05-18 11:01:22 EDT"
"Monterey County","California","motor_vehicle_theft","Jan - Mar 2026",36,48,33.3333333333333,4,13,4,0,-69.2307692307692,107372,1,"2026-05-18 11:01:22 EDT"
"Monterey County","California","murder","Jan - Mar 2026",2,6,200,1,2,2,100,0,107372,1,"2026-05-18 11:01:22 EDT"
"Monterey County","California","property_crime","Jan - Mar 2026",714,655,-8.26330532212885,187,159,109,-41.7112299465241,-31.4465408805031,107372,1,"2026-05-18 11:01:22 EDT"
"Monterey County","California","rape","Jan - Mar 2026",35,14,-60,16,5,6,-62.5,20,107372,1,"2026-05-18 11:01:22 EDT"
"Monterey County","California","robbery","Jan - Mar 2026",53,43,-18.8679245283019,15,6,9,-40,50,107372,1,"2026-05-18 11:01:22 EDT"
"Monterey County","California","theft","Jan - Mar 2026",505,448,-11.2871287128713,137,105,87,-36.4963503649635,-17.1428571428571,107372,1,"2026-05-18 11:01:22 EDT"
"Monterey County","California","violent_crime","Jan - Mar 2026",396,358,-9.5959595959596,107,88,64,-40.1869158878505,-27.2727272727273,107372,1,"2026-05-18 11:01:22 EDT"
"Monterey Park","California","aggravated_assault","Jan - Mar 2026",80,92,15,19,26,22,15.7894736842105,-15.3846153846154,56904,1,"2026-05-18 11:01:22 EDT"
"Monterey Park","California","burglary","Jan - Mar 2026",236,182,-22.8813559322034,70,61,46,-34.2857142857143,-24.5901639344262,56904,1,"2026-05-18 11:01:22 EDT"
"Monterey Park","California","motor_vehicle_theft","Jan - Mar 2026",202,214,5.94059405940594,53,60,50,-5.66037735849057,-16.6666666666667,56904,1,"2026-05-18 11:01:22 EDT"
"Monterey Park","California","murder","Jan - Mar 2026",1,0,-100,0,0,0,NA,NA,56904,1,"2026-05-18 11:01:22 EDT"
"Monterey Park","California","property_crime","Jan - Mar 2026",1203,1034,-14.04821280133,295,292,263,-10.8474576271186,-9.93150684931507,56904,1,"2026-05-18 11:01:22 EDT"
"Monterey Park","California","rape","Jan - Mar 2026",11,4,-63.6363636363636,4,2,0,-100,-100,56904,1,"2026-05-18 11:01:22 EDT"
"Monterey Park","California","robbery","Jan - Mar 2026",64,56,-12.5,15,25,13,-13.3333333333333,-48,56904,1,"2026-05-18 11:01:22 EDT"
"Monterey Park","California","theft","Jan - Mar 2026",765,638,-16.6013071895425,172,171,167,-2.90697674418605,-2.33918128654971,56904,1,"2026-05-18 11:01:22 EDT"
"Monterey Park","California","violent_crime","Jan - Mar 2026",156,152,-2.56410256410256,38,53,35,-7.89473684210526,-33.9622641509434,56904,1,"2026-05-18 11:01:22 EDT"
"Montgomery County","Maryland","aggravated_assault","Jan - Mar 2026",1061,944,-11.0273327049953,253,216,211,-16.600790513834,-2.31481481481481,915053,1,"2026-05-18 11:01:22 EDT"
"Montgomery County","Maryland","burglary","Jan - Mar 2026",1568,1241,-20.8545918367347,367,329,246,-32.9700272479564,-25.2279635258359,915053,1,"2026-05-18 11:01:22 EDT"
"Montgomery County","Maryland","motor_vehicle_theft","Jan - Mar 2026",3001,2242,-25.2915694768411,831,509,712,-14.3200962695548,39.8821218074656,915053,1,"2026-05-18 11:01:22 EDT"
"Montgomery County","Maryland","murder","Jan - Mar 2026",20,23,15,1,6,4,300,-33.3333333333333,915053,1,"2026-05-18 11:01:22 EDT"
"Montgomery County","Maryland","property_crime","Jan - Mar 2026",19774,16240,-17.8719530696875,4731,4227,3628,-23.3143098710632,-14.170806718713,915053,1,"2026-05-18 11:01:22 EDT"
"Montgomery County","Maryland","rape","Jan - Mar 2026",417,365,-12.4700239808153,90,127,79,-12.2222222222222,-37.7952755905512,915053,1,"2026-05-18 11:01:22 EDT"
"Montgomery County","Maryland","robbery","Jan - Mar 2026",633,517,-18.3254344391785,184,159,93,-49.4565217391304,-41.5094339622642,915053,1,"2026-05-18 11:01:22 EDT"
"Montgomery County","Maryland","theft","Jan - Mar 2026",15205,12757,-16.0999671160802,3533,3389,2670,-24.4268327200679,-21.2156978459723,915053,1,"2026-05-18 11:01:22 EDT"
"Montgomery County","Maryland","violent_crime","Jan - Mar 2026",2131,1849,-13.2332238385734,528,508,387,-26.7045454545455,-23.8188976377953,915053,1,"2026-05-18 11:01:22 EDT"
"Montgomery County","Texas","aggravated_assault","Jan - Mar 2026",694,274,-60.5187319884726,172,122,0,-100,-100,600014,1,"2026-05-18 11:01:22 EDT"
"Montgomery County","Texas","burglary","Jan - Mar 2026",905,455,-49.7237569060773,199,249,0,-100,-100,600014,1,"2026-05-18 11:01:22 EDT"
"Montgomery County","Texas","motor_vehicle_theft","Jan - Mar 2026",580,241,-58.448275862069,194,122,0,-100,-100,600014,1,"2026-05-18 11:01:22 EDT"
"Montgomery County","Texas","murder","Jan - Mar 2026",9,10,11.1111111111111,6,3,0,-100,-100,600014,1,"2026-05-18 11:01:22 EDT"
"Montgomery County","Texas","property_crime","Jan - Mar 2026",0,0,NA,0,0,0,NA,NA,600014,1,"2026-05-18 11:01:22 EDT"
"Montgomery County","Texas","rape","Jan - Mar 2026",305,138,-54.7540983606557,107,67,0,-100,-100,600014,1,"2026-05-18 11:01:22 EDT"
"Montgomery County","Texas","robbery","Jan - Mar 2026",86,46,-46.5116279069767,16,21,0,-100,-100,600014,1,"2026-05-18 11:01:22 EDT"
"Montgomery County","Texas","theft","Jan - Mar 2026",3868,1895,-51.0082730093071,957,879,2,-99.791013584117,-99.7724687144482,600014,1,"2026-05-18 11:01:22 EDT"
"Montgomery County","Texas","violent_crime","Jan - Mar 2026",0,0,NA,0,0,0,NA,NA,600014,1,"2026-05-18 11:01:22 EDT"
"Moore","Oklahoma","aggravated_assault","Jan - Mar 2026",87,113,29.8850574712644,22,24,26,18.1818181818182,8.33333333333333,63609,1,"2026-05-18 11:01:22 EDT"
"Moore","Oklahoma","burglary","Jan - Mar 2026",141,150,6.38297872340426,38,36,27,-28.9473684210526,-25,63609,1,"2026-05-18 11:01:22 EDT"
"Moore","Oklahoma","motor_vehicle_theft","Jan - Mar 2026",106,67,-36.7924528301887,30,19,13,-56.6666666666667,-31.5789473684211,63609,1,"2026-05-18 11:01:22 EDT"
"Moore","Oklahoma","murder","Jan - Mar 2026",1,0,-100,1,0,0,-100,NA,63609,1,"2026-05-18 11:01:22 EDT"
"Moore","Oklahoma","property_crime","Jan - Mar 2026",963,893,-7.26895119418484,223,219,182,-18.3856502242152,-16.8949771689498,63609,1,"2026-05-18 11:01:22 EDT"
"Moore","Oklahoma","rape","Jan - Mar 2026",25,23,-8,3,4,1,-66.6666666666667,-75,63609,1,"2026-05-18 11:01:22 EDT"
"Moore","Oklahoma","robbery","Jan - Mar 2026",9,10,11.1111111111111,2,2,1,-50,-50,63609,1,"2026-05-18 11:01:22 EDT"
"Moore","Oklahoma","theft","Jan - Mar 2026",716,676,-5.58659217877095,155,164,142,-8.38709677419355,-13.4146341463415,63609,1,"2026-05-18 11:01:22 EDT"
"Moore","Oklahoma","violent_crime","Jan - Mar 2026",122,146,19.672131147541,28,30,28,0,-6.66666666666667,63609,1,"2026-05-18 11:01:22 EDT"
"Mooresville","North Carolina","aggravated_assault","Jan - Mar 2026",74,88,18.9189189189189,26,20,14,-46.1538461538462,-30,54823,1,"2026-05-18 11:01:22 EDT"
"Mooresville","North Carolina","burglary","Jan - Mar 2026",76,61,-19.7368421052632,19,18,10,-47.3684210526316,-44.4444444444444,54823,1,"2026-05-18 11:01:22 EDT"
"Mooresville","North Carolina","motor_vehicle_theft","Jan - Mar 2026",64,66,3.125,21,12,4,-80.9523809523809,-66.6666666666667,54823,1,"2026-05-18 11:01:22 EDT"
"Mooresville","North Carolina","murder","Jan - Mar 2026",2,1,-50,0,0,0,NA,NA,54823,1,"2026-05-18 11:01:22 EDT"
"Mooresville","North Carolina","property_crime","Jan - Mar 2026",1202,1043,-13.2279534109817,288,278,210,-27.0833333333333,-24.4604316546763,54823,1,"2026-05-18 11:01:22 EDT"
"Mooresville","North Carolina","rape","Jan - Mar 2026",31,28,-9.67741935483871,9,6,4,-55.5555555555556,-33.3333333333333,54823,1,"2026-05-18 11:01:22 EDT"
"Mooresville","North Carolina","robbery","Jan - Mar 2026",12,19,58.3333333333333,1,4,4,300,0,54823,1,"2026-05-18 11:01:22 EDT"
"Mooresville","North Carolina","theft","Jan - Mar 2026",1062,916,-13.7476459510358,248,248,196,-20.9677419354839,-20.9677419354839,54823,1,"2026-05-18 11:01:22 EDT"
"Mooresville","North Carolina","violent_crime","Jan - Mar 2026",119,136,14.2857142857143,36,30,22,-38.8888888888889,-26.6666666666667,54823,1,"2026-05-18 11:01:22 EDT"
"Mount Pleasant","South Carolina","aggravated_assault","Jan - Mar 2026",89,105,17.9775280898876,20,31,31,55,0,96608,1,"2026-05-18 11:01:22 EDT"
"Mount Pleasant","South Carolina","burglary","Jan - Mar 2026",95,82,-13.6842105263158,16,24,14,-12.5,-41.6666666666667,96608,1,"2026-05-18 11:01:22 EDT"
"Mount Pleasant","South Carolina","motor_vehicle_theft","Jan - Mar 2026",71,66,-7.04225352112676,18,10,8,-55.5555555555556,-20,96608,1,"2026-05-18 11:01:22 EDT"
"Mount Pleasant","South Carolina","murder","Jan - Mar 2026",0,1,Inf,0,0,0,NA,NA,96608,1,"2026-05-18 11:01:22 EDT"
"Mount Pleasant","South Carolina","property_crime","Jan - Mar 2026",1135,981,-13.568281938326,285,228,180,-36.8421052631579,-21.0526315789474,96608,1,"2026-05-18 11:01:22 EDT"
"Mount Pleasant","South Carolina","rape","Jan - Mar 2026",15,12,-20,2,4,2,0,-50,96608,1,"2026-05-18 11:01:22 EDT"
"Mount Pleasant","South Carolina","robbery","Jan - Mar 2026",21,9,-57.1428571428571,10,0,0,-100,NA,96608,1,"2026-05-18 11:01:22 EDT"
"Mount Pleasant","South Carolina","theft","Jan - Mar 2026",969,833,-14.0350877192982,251,194,158,-37.0517928286853,-18.5567010309278,96608,1,"2026-05-18 11:01:22 EDT"
"Mount Pleasant","South Carolina","violent_crime","Jan - Mar 2026",125,127,1.6,32,35,33,3.125,-5.71428571428571,96608,1,"2026-05-18 11:01:22 EDT"
"Mount Prospect","Illinois","aggravated_assault","Jan - Mar 2026",27,17,-37.037037037037,8,4,6,-25,50,53523,1,"2026-05-18 11:01:22 EDT"
"Mount Prospect","Illinois","burglary","Jan - Mar 2026",102,44,-56.8627450980392,25,13,6,-76,-53.8461538461538,53523,1,"2026-05-18 11:01:22 EDT"
"Mount Prospect","Illinois","motor_vehicle_theft","Jan - Mar 2026",51,31,-39.2156862745098,15,10,5,-66.6666666666667,-50,53523,1,"2026-05-18 11:01:22 EDT"
"Mount Prospect","Illinois","murder","Jan - Mar 2026",1,0,-100,0,0,0,NA,NA,53523,1,"2026-05-18 11:01:22 EDT"
"Mount Prospect","Illinois","property_crime","Jan - Mar 2026",493,446,-9.53346855983773,99,99,88,-11.1111111111111,-11.1111111111111,53523,1,"2026-05-18 11:01:22 EDT"
"Mount Prospect","Illinois","rape","Jan - Mar 2026",13,7,-46.1538461538462,4,1,1,-75,0,53523,1,"2026-05-18 11:01:22 EDT"
"Mount Prospect","Illinois","robbery","Jan - Mar 2026",7,6,-14.2857142857143,1,0,1,0,Inf,53523,1,"2026-05-18 11:01:22 EDT"
"Mount Prospect","Illinois","theft","Jan - Mar 2026",340,371,9.11764705882353,59,76,77,30.5084745762712,1.31578947368421,53523,1,"2026-05-18 11:01:22 EDT"
"Mount Prospect","Illinois","violent_crime","Jan - Mar 2026",48,30,-37.5,13,5,8,-38.4615384615385,60,53523,1,"2026-05-18 11:01:22 EDT"
"Mount Vernon","New York","aggravated_assault","Jan - Feb 2026",303,259,-14.5214521452145,48,39,34,-29.1666666666667,-12.8205128205128,70390,1,"2026-05-18 11:01:22 EDT"
"Mount Vernon","New York","burglary","Jan - Feb 2026",108,78,-27.7777777777778,25,10,12,-52,20,70390,1,"2026-05-18 11:01:22 EDT"
"Mount Vernon","New York","motor_vehicle_theft","Jan - Feb 2026",150,146,-2.66666666666667,33,27,13,-60.6060606060606,-51.8518518518518,70390,1,"2026-05-18 11:01:22 EDT"
"Mount Vernon","New York","murder","Jan - Feb 2026",3,1,-66.6666666666667,0,0,0,NA,NA,70390,1,"2026-05-18 11:01:22 EDT"
"Mount Vernon","New York","property_crime","Jan - Feb 2026",0,0,NA,0,0,0,NA,NA,70390,1,"2026-05-18 11:01:22 EDT"
"Mount Vernon","New York","rape","Jan - Feb 2026",13,14,7.69230769230769,3,1,1,-66.6666666666667,0,70390,1,"2026-05-18 11:01:22 EDT"
"Mount Vernon","New York","robbery","Jan - Feb 2026",80,89,11.25,13,16,14,7.69230769230769,-12.5,70390,1,"2026-05-18 11:01:22 EDT"
"Mount Vernon","New York","theft","Jan - Feb 2026",742,763,2.83018867924528,127,86,96,-24.4094488188976,11.6279069767442,70390,1,"2026-05-18 11:01:22 EDT"
"Mount Vernon","New York","violent_crime","Jan - Feb 2026",0,0,NA,0,0,0,NA,NA,70390,1,"2026-05-18 11:01:22 EDT"
"Mountain View","California","aggravated_assault","Jan - Feb 2026",167,132,-20.9580838323353,22,9,17,-22.7272727272727,88.8888888888889,81461,1,"2026-05-18 11:01:22 EDT"
"Mountain View","California","burglary","Jan - Feb 2026",402,255,-36.5671641791045,67,46,50,-25.3731343283582,8.69565217391304,81461,1,"2026-05-18 11:01:22 EDT"
"Mountain View","California","motor_vehicle_theft","Jan - Feb 2026",189,98,-48.1481481481481,42,21,13,-69.0476190476191,-38.0952380952381,81461,1,"2026-05-18 11:01:22 EDT"
"Mountain View","California","murder","Jan - Feb 2026",0,1,Inf,0,1,0,NA,-100,81461,1,"2026-05-18 11:01:22 EDT"
"Mountain View","California","property_crime","Jan - Feb 2026",0,0,NA,0,0,0,NA,NA,81461,1,"2026-05-18 11:01:22 EDT"
"Mountain View","California","rape","Jan - Feb 2026",39,15,-61.5384615384615,8,3,4,-50,33.3333333333333,81461,1,"2026-05-18 11:01:22 EDT"
"Mountain View","California","robbery","Jan - Feb 2026",45,33,-26.6666666666667,7,8,8,14.2857142857143,0,81461,1,"2026-05-18 11:01:22 EDT"
"Mountain View","California","theft","Jan - Feb 2026",1681,1762,4.81856038072576,317,190,283,-10.7255520504732,48.9473684210526,81461,1,"2026-05-18 11:01:22 EDT"
"Mountain View","California","violent_crime","Jan - Feb 2026",0,0,NA,0,0,0,NA,NA,81461,1,"2026-05-18 11:01:22 EDT"
"Muncie","Indiana","aggravated_assault","Jan - Mar 2026",278,247,-11.1510791366906,63,48,54,-14.2857142857143,12.5,65072,1,"2026-05-18 11:01:22 EDT"
"Muncie","Indiana","burglary","Jan - Mar 2026",278,225,-19.0647482014388,58,60,35,-39.6551724137931,-41.6666666666667,65072,1,"2026-05-18 11:01:22 EDT"
"Muncie","Indiana","motor_vehicle_theft","Jan - Mar 2026",249,163,-34.5381526104418,64,33,45,-29.6875,36.3636363636364,65072,1,"2026-05-18 11:01:22 EDT"
"Muncie","Indiana","murder","Jan - Mar 2026",3,3,0,0,0,0,NA,NA,65072,1,"2026-05-18 11:01:22 EDT"
"Muncie","Indiana","property_crime","Jan - Mar 2026",1492,945,-36.6621983914209,404,217,186,-53.960396039604,-14.2857142857143,65072,1,"2026-05-18 11:01:22 EDT"
"Muncie","Indiana","rape","Jan - Mar 2026",58,42,-27.5862068965517,14,7,15,7.14285714285714,114.285714285714,65072,1,"2026-05-18 11:01:22 EDT"
"Muncie","Indiana","robbery","Jan - Mar 2026",23,23,0,4,5,6,50,20,65072,1,"2026-05-18 11:01:22 EDT"
"Muncie","Indiana","theft","Jan - Mar 2026",965,557,-42.279792746114,282,124,106,-62.4113475177305,-14.5161290322581,65072,1,"2026-05-18 11:01:22 EDT"
"Muncie","Indiana","violent_crime","Jan - Mar 2026",362,315,-12.9834254143646,81,60,75,-7.40740740740741,25,65072,1,"2026-05-18 11:01:22 EDT"
"Murfreesboro","Tennessee","aggravated_assault","Jan - Mar 2026",575,556,-3.30434782608696,104,117,157,50.9615384615385,34.1880341880342,169520,1,"2026-05-18 11:01:22 EDT"
"Murfreesboro","Tennessee","burglary","Jan - Mar 2026",288,225,-21.875,52,54,45,-13.4615384615385,-16.6666666666667,169520,1,"2026-05-18 11:01:22 EDT"
"Murfreesboro","Tennessee","motor_vehicle_theft","Jan - Mar 2026",342,217,-36.5497076023392,83,69,34,-59.0361445783133,-50.7246376811594,169520,1,"2026-05-18 11:01:22 EDT"
"Murfreesboro","Tennessee","murder","Jan - Mar 2026",5,3,-40,1,1,2,100,100,169520,1,"2026-05-18 11:01:22 EDT"
"Murfreesboro","Tennessee","property_crime","Jan - Mar 2026",3474,2661,-23.4024179620035,833,731,458,-45.0180072028812,-37.3461012311901,169520,1,"2026-05-18 11:01:22 EDT"
"Murfreesboro","Tennessee","rape","Jan - Mar 2026",95,91,-4.21052631578947,25,25,22,-12,-12,169520,1,"2026-05-18 11:01:22 EDT"
"Murfreesboro","Tennessee","robbery","Jan - Mar 2026",51,40,-21.5686274509804,11,10,8,-27.2727272727273,-20,169520,1,"2026-05-18 11:01:22 EDT"
"Murfreesboro","Tennessee","theft","Jan - Mar 2026",2844,2219,-21.9760900140647,698,608,379,-45.702005730659,-37.6644736842105,169520,1,"2026-05-18 11:01:22 EDT"
"Murfreesboro","Tennessee","violent_crime","Jan - Mar 2026",726,690,-4.95867768595041,141,153,189,34.0425531914894,23.5294117647059,169520,1,"2026-05-18 11:01:22 EDT"
"Murrieta","California","aggravated_assault","Jan - Mar 2026",133,162,21.8045112781955,28,23,47,67.8571428571429,104.347826086957,112125,1,"2026-05-18 11:01:22 EDT"
"Murrieta","California","burglary","Jan - Mar 2026",136,281,106.617647058824,23,94,16,-30.4347826086957,-82.9787234042553,112125,1,"2026-05-18 11:01:22 EDT"
"Murrieta","California","motor_vehicle_theft","Jan - Mar 2026",120,75,-37.5,41,16,17,-58.5365853658537,6.25,112125,1,"2026-05-18 11:01:22 EDT"
"Murrieta","California","murder","Jan - Mar 2026",1,1,0,0,0,1,Inf,Inf,112125,1,"2026-05-18 11:01:22 EDT"
"Murrieta","California","property_crime","Jan - Mar 2026",979,939,-4.08580183861083,231,290,174,-24.6753246753247,-40,112125,1,"2026-05-18 11:01:22 EDT"
"Murrieta","California","rape","Jan - Mar 2026",31,28,-9.67741935483871,5,5,10,100,100,112125,1,"2026-05-18 11:01:22 EDT"
"Murrieta","California","robbery","Jan - Mar 2026",38,25,-34.2105263157895,6,6,7,16.6666666666667,16.6666666666667,112125,1,"2026-05-18 11:01:22 EDT"
"Murrieta","California","theft","Jan - Mar 2026",723,583,-19.3637621023513,167,180,141,-15.5688622754491,-21.6666666666667,112125,1,"2026-05-18 11:01:22 EDT"
"Murrieta","California","violent_crime","Jan - Mar 2026",203,216,6.40394088669951,39,34,65,66.6666666666667,91.1764705882353,112125,1,"2026-05-18 11:01:22 EDT"
"Napa","California","aggravated_assault","Jan - Mar 2026",167,121,-27.5449101796407,49,28,17,-65.3061224489796,-39.2857142857143,76888,1,"2026-05-18 11:01:22 EDT"
"Napa","California","burglary","Jan - Mar 2026",66,58,-12.1212121212121,12,8,9,-25,12.5,76888,1,"2026-05-18 11:01:22 EDT"
"Napa","California","motor_vehicle_theft","Jan - Mar 2026",117,66,-43.5897435897436,36,17,21,-41.6666666666667,23.5294117647059,76888,1,"2026-05-18 11:01:22 EDT"
"Napa","California","murder","Jan - Mar 2026",4,2,-50,0,0,0,NA,NA,76888,1,"2026-05-18 11:01:22 EDT"
"Napa","California","property_crime","Jan - Mar 2026",1069,876,-18.0542563143124,272,240,205,-24.6323529411765,-14.5833333333333,76888,1,"2026-05-18 11:01:22 EDT"
"Napa","California","rape","Jan - Mar 2026",22,21,-4.54545454545455,5,5,7,40,40,76888,1,"2026-05-18 11:01:22 EDT"
"Napa","California","robbery","Jan - Mar 2026",35,23,-34.2857142857143,8,4,3,-62.5,-25,76888,1,"2026-05-18 11:01:22 EDT"
"Napa","California","theft","Jan - Mar 2026",886,752,-15.1241534988713,224,215,175,-21.875,-18.6046511627907,76888,1,"2026-05-18 11:01:22 EDT"
"Napa","California","violent_crime","Jan - Mar 2026",228,167,-26.7543859649123,62,37,27,-56.4516129032258,-27.027027027027,76888,1,"2026-05-18 11:01:22 EDT"
"Nashville","Tennessee","aggravated_assault","Jan - Mar 2026",6285,5481,-12.7923627684964,1427,1335,1087,-23.8262088297127,-18.5767790262172,698987,1,"2026-05-18 11:01:22 EDT"
"Nashville","Tennessee","burglary","Jan - Mar 2026",2981,2728,-8.48708487084871,740,656,682,-7.83783783783784,3.96341463414634,698987,1,"2026-05-18 11:01:22 EDT"
"Nashville","Tennessee","motor_vehicle_theft","Jan - Mar 2026",5129,4032,-21.3881848313511,1433,1143,687,-52.0586182833217,-39.8950131233596,698987,1,"2026-05-18 11:01:22 EDT"
"Nashville","Tennessee","murder","Jan - Mar 2026",102,59,-42.156862745098,18,15,14,-22.2222222222222,-6.66666666666667,698987,1,"2026-05-18 11:01:22 EDT"
"Nashville","Tennessee","property_crime","Jan - Mar 2026",32132,27660,-13.9175899414913,7641,6944,5514,-27.8366705928543,-20.5933179723502,698987,1,"2026-05-18 11:01:22 EDT"
"Nashville","Tennessee","rape","Jan - Mar 2026",507,514,1.38067061143984,133,109,114,-14.2857142857143,4.58715596330275,698987,1,"2026-05-18 11:01:22 EDT"
"Nashville","Tennessee","robbery","Jan - Mar 2026",1114,795,-28.6355475763016,270,210,149,-44.8148148148148,-29.0476190476191,698987,1,"2026-05-18 11:01:22 EDT"
"Nashville","Tennessee","theft","Jan - Mar 2026",24022,20900,-12.9964199483806,5468,5145,4145,-24.1953182150695,-19.4363459669582,698987,1,"2026-05-18 11:01:22 EDT"
"Nashville","Tennessee","violent_crime","Jan - Mar 2026",8008,6849,-14.473026973027,1848,1669,1364,-26.1904761904762,-18.274415817855,698987,1,"2026-05-18 11:01:22 EDT"
"National City","California","aggravated_assault","Jan - Mar 2026",251,252,0.398406374501992,59,52,64,8.47457627118644,23.0769230769231,54915,1,"2026-05-18 11:01:22 EDT"
"National City","California","burglary","Jan - Mar 2026",129,76,-41.0852713178295,40,27,26,-35,-3.7037037037037,54915,1,"2026-05-18 11:01:22 EDT"
"National City","California","motor_vehicle_theft","Jan - Mar 2026",348,247,-29.0229885057471,89,73,34,-61.7977528089888,-53.4246575342466,54915,1,"2026-05-18 11:01:22 EDT"
"National City","California","murder","Jan - Mar 2026",4,5,25,1,1,0,-100,-100,54915,1,"2026-05-18 11:01:22 EDT"
"National City","California","property_crime","Jan - Mar 2026",1099,1031,-6.18744313011829,279,254,207,-25.8064516129032,-18.503937007874,54915,1,"2026-05-18 11:01:22 EDT"
"National City","California","rape","Jan - Mar 2026",23,25,8.69565217391304,9,8,7,-22.2222222222222,-12.5,54915,1,"2026-05-18 11:01:22 EDT"
"National City","California","robbery","Jan - Mar 2026",119,108,-9.2436974789916,38,29,25,-34.2105263157895,-13.7931034482759,54915,1,"2026-05-18 11:01:22 EDT"
"National City","California","theft","Jan - Mar 2026",622,708,13.8263665594855,150,154,147,-2,-4.54545454545455,54915,1,"2026-05-18 11:01:22 EDT"
"National City","California","violent_crime","Jan - Mar 2026",397,390,-1.7632241813602,107,90,96,-10.2803738317757,6.66666666666667,54915,1,"2026-05-18 11:01:22 EDT"
"New Bedford","Massachusetts","aggravated_assault","Jan - Mar 2026",230,226,-1.73913043478261,66,36,56,-15.1515151515152,55.5555555555556,102491,1,"2026-05-18 11:01:22 EDT"
"New Bedford","Massachusetts","burglary","Jan - Mar 2026",189,197,4.23280423280423,35,52,44,25.7142857142857,-15.3846153846154,102491,1,"2026-05-18 11:01:22 EDT"
"New Bedford","Massachusetts","motor_vehicle_theft","Jan - Mar 2026",250,260,4,54,49,32,-40.7407407407407,-34.6938775510204,102491,1,"2026-05-18 11:01:22 EDT"
"New Bedford","Massachusetts","murder","Jan - Mar 2026",7,4,-42.8571428571429,0,2,0,NA,-100,102491,1,"2026-05-18 11:01:22 EDT"
"New Bedford","Massachusetts","property_crime","Jan - Mar 2026",1395,1570,12.5448028673835,332,360,298,-10.2409638554217,-17.2222222222222,102491,1,"2026-05-18 11:01:22 EDT"
"New Bedford","Massachusetts","rape","Jan - Mar 2026",46,51,10.8695652173913,6,10,6,0,-40,102491,1,"2026-05-18 11:01:22 EDT"
"New Bedford","Massachusetts","robbery","Jan - Mar 2026",80,68,-15,18,10,18,0,80,102491,1,"2026-05-18 11:01:22 EDT"
"New Bedford","Massachusetts","theft","Jan - Mar 2026",956,1113,16.4225941422594,243,259,222,-8.64197530864197,-14.2857142857143,102491,1,"2026-05-18 11:01:22 EDT"
"New Bedford","Massachusetts","violent_crime","Jan - Mar 2026",363,349,-3.85674931129477,90,58,80,-11.1111111111111,37.9310344827586,102491,1,"2026-05-18 11:01:22 EDT"
"New Braunfels","Texas","aggravated_assault","Jan - Mar 2026",148,199,34.4594594594595,24,36,31,29.1666666666667,-13.8888888888889,91816,1,"2026-05-18 11:01:22 EDT"
"New Braunfels","Texas","burglary","Jan - Mar 2026",150,118,-21.3333333333333,36,28,27,-25,-3.57142857142857,91816,1,"2026-05-18 11:01:22 EDT"
"New Braunfels","Texas","motor_vehicle_theft","Jan - Mar 2026",124,101,-18.5483870967742,30,29,12,-60,-58.6206896551724,91816,1,"2026-05-18 11:01:22 EDT"
"New Braunfels","Texas","murder","Jan - Mar 2026",2,1,-50,0,0,1,Inf,Inf,91816,1,"2026-05-18 11:01:22 EDT"
"New Braunfels","Texas","property_crime","Jan - Mar 2026",1518,1427,-5.99472990777339,303,299,321,5.94059405940594,7.35785953177258,91816,1,"2026-05-18 11:01:22 EDT"
"New Braunfels","Texas","rape","Jan - Mar 2026",20,62,210,5,16,8,60,-50,91816,1,"2026-05-18 11:01:22 EDT"
"New Braunfels","Texas","robbery","Jan - Mar 2026",15,15,0,4,6,5,25,-16.6666666666667,91816,1,"2026-05-18 11:01:22 EDT"
"New Braunfels","Texas","theft","Jan - Mar 2026",1244,1208,-2.89389067524116,237,242,282,18.9873417721519,16.5289256198347,91816,1,"2026-05-18 11:01:22 EDT"
"New Braunfels","Texas","violent_crime","Jan - Mar 2026",185,277,49.7297297297297,33,58,45,36.3636363636364,-22.4137931034483,91816,1,"2026-05-18 11:01:22 EDT"
"New Britain","Connecticut","aggravated_assault","Jan - Mar 2026",234,227,-2.99145299145299,65,56,36,-44.6153846153846,-35.7142857142857,74528,1,"2026-05-18 11:01:22 EDT"
"New Britain","Connecticut","burglary","Jan - Mar 2026",99,103,4.04040404040404,28,21,18,-35.7142857142857,-14.2857142857143,74528,1,"2026-05-18 11:01:22 EDT"
"New Britain","Connecticut","motor_vehicle_theft","Jan - Mar 2026",362,321,-11.3259668508287,124,67,86,-30.6451612903226,28.3582089552239,74528,1,"2026-05-18 11:01:22 EDT"
"New Britain","Connecticut","murder","Jan - Mar 2026",3,3,0,2,1,0,-100,-100,74528,1,"2026-05-18 11:01:22 EDT"
"New Britain","Connecticut","property_crime","Jan - Mar 2026",1462,1295,-11.4227086183311,428,328,289,-32.4766355140187,-11.890243902439,74528,1,"2026-05-18 11:01:22 EDT"
"New Britain","Connecticut","rape","Jan - Mar 2026",35,38,8.57142857142857,8,9,7,-12.5,-22.2222222222222,74528,1,"2026-05-18 11:01:22 EDT"
"New Britain","Connecticut","robbery","Jan - Mar 2026",51,57,11.7647058823529,20,12,8,-60,-33.3333333333333,74528,1,"2026-05-18 11:01:22 EDT"
"New Britain","Connecticut","theft","Jan - Mar 2026",1001,871,-12.987012987013,276,240,185,-32.9710144927536,-22.9166666666667,74528,1,"2026-05-18 11:01:22 EDT"
"New Britain","Connecticut","violent_crime","Jan - Mar 2026",323,325,0.619195046439629,95,78,51,-46.3157894736842,-34.6153846153846,74528,1,"2026-05-18 11:01:22 EDT"
"New Hanover County","North Carolina","aggravated_assault","Jan - Mar 2026",104,141,35.5769230769231,20,39,18,-10,-53.8461538461538,108345,1,"2026-05-18 11:01:22 EDT"
"New Hanover County","North Carolina","burglary","Jan - Mar 2026",165,147,-10.9090909090909,45,19,37,-17.7777777777778,94.7368421052632,108345,1,"2026-05-18 11:01:22 EDT"
"New Hanover County","North Carolina","motor_vehicle_theft","Jan - Mar 2026",71,81,14.0845070422535,13,21,11,-15.3846153846154,-47.6190476190476,108345,1,"2026-05-18 11:01:22 EDT"
"New Hanover County","North Carolina","murder","Jan - Mar 2026",7,5,-28.5714285714286,3,1,0,-100,-100,108345,1,"2026-05-18 11:01:22 EDT"
"New Hanover County","North Carolina","property_crime","Jan - Mar 2026",1256,1171,-6.76751592356688,325,239,288,-11.3846153846154,20.5020920502092,108345,1,"2026-05-18 11:01:22 EDT"
"New Hanover County","North Carolina","rape","Jan - Mar 2026",24,36,50,8,5,14,75,180,108345,1,"2026-05-18 11:01:22 EDT"
"New Hanover County","North Carolina","robbery","Jan - Mar 2026",12,25,108.333333333333,4,4,9,125,125,108345,1,"2026-05-18 11:01:22 EDT"
"New Hanover County","North Carolina","theft","Jan - Mar 2026",1020,943,-7.54901960784314,267,199,240,-10.1123595505618,20.6030150753769,108345,1,"2026-05-18 11:01:22 EDT"
"New Hanover County","North Carolina","violent_crime","Jan - Mar 2026",147,207,40.8163265306122,35,49,41,17.1428571428571,-16.3265306122449,108345,1,"2026-05-18 11:01:22 EDT"
"New Haven","Connecticut","aggravated_assault","Jan - Feb 2026",431,329,-23.6658932714617,56,36,41,-26.7857142857143,13.8888888888889,137243,1,"2026-05-18 11:01:22 EDT"
"New Haven","Connecticut","burglary","Jan - Feb 2026",548,328,-40.1459854014599,76,61,47,-38.1578947368421,-22.9508196721311,137243,1,"2026-05-18 11:01:22 EDT"
"New Haven","Connecticut","motor_vehicle_theft","Jan - Feb 2026",1128,847,-24.9113475177305,203,121,109,-46.3054187192118,-9.91735537190083,137243,1,"2026-05-18 11:01:22 EDT"
"New Haven","Connecticut","murder","Jan - Feb 2026",15,16,6.66666666666667,2,2,0,-100,-100,137243,1,"2026-05-18 11:01:22 EDT"
"New Haven","Connecticut","property_crime","Jan - Feb 2026",0,0,NA,0,0,0,NA,NA,137243,1,"2026-05-18 11:01:22 EDT"
"New Haven","Connecticut","rape","Jan - Feb 2026",44,29,-34.0909090909091,12,5,3,-75,-40,137243,1,"2026-05-18 11:01:22 EDT"
"New Haven","Connecticut","robbery","Jan - Feb 2026",250,185,-26,37,26,22,-40.5405405405405,-15.3846153846154,137243,1,"2026-05-18 11:01:22 EDT"
"New Haven","Connecticut","theft","Jan - Feb 2026",3405,3190,-6.31424375917768,617,434,499,-19.1247974068071,14.9769585253456,137243,1,"2026-05-18 11:01:22 EDT"
"New Haven","Connecticut","violent_crime","Jan - Feb 2026",0,0,NA,0,0,0,NA,NA,137243,1,"2026-05-18 11:01:22 EDT"
"New Orleans","Louisiana","aggravated_assault","Jan - Mar 2026",0,0,NA,0,0,0,NA,NA,361802,1,"2026-05-18 11:01:22 EDT"
"New Orleans","Louisiana","burglary","Jan - Mar 2026",0,0,NA,0,0,0,NA,NA,361802,1,"2026-05-18 11:01:22 EDT"
"New Orleans","Louisiana","motor_vehicle_theft","Jan - Mar 2026",0,0,NA,0,0,0,NA,NA,361802,1,"2026-05-18 11:01:22 EDT"
"New Orleans","Louisiana","murder","Jan - Mar 2026",124,121,-2.41935483870968,40,28,20,-50,-28.5714285714286,361802,1,"2026-05-18 11:01:22 EDT"
"New Orleans","Louisiana","property_crime","Jan - Mar 2026",0,0,NA,0,0,0,NA,NA,361802,1,"2026-05-18 11:01:22 EDT"
"New Orleans","Louisiana","rape","Jan - Mar 2026",0,0,NA,0,0,0,NA,NA,361802,1,"2026-05-18 11:01:22 EDT"
"New Orleans","Louisiana","robbery","Jan - Mar 2026",0,0,NA,0,0,0,NA,NA,361802,1,"2026-05-18 11:01:22 EDT"
"New Orleans","Louisiana","theft","Jan - Mar 2026",0,0,NA,0,0,0,NA,NA,361802,1,"2026-05-18 11:01:22 EDT"
"New Orleans","Louisiana","violent_crime","Jan - Mar 2026",124,121,-2.41935483870968,40,28,20,-50,-28.5714285714286,361802,1,"2026-05-18 11:01:22 EDT"
"New Rochelle","New York","aggravated_assault","Jan - Mar 2026",76,75,-1.31578947368421,14,19,15,7.14285714285714,-21.0526315789474,84960,1,"2026-05-18 11:01:22 EDT"
"New Rochelle","New York","burglary","Jan - Mar 2026",22,58,163.636363636364,8,17,12,50,-29.4117647058824,84960,1,"2026-05-18 11:01:22 EDT"
"New Rochelle","New York","motor_vehicle_theft","Jan - Mar 2026",48,49,2.08333333333333,11,17,10,-9.09090909090909,-41.1764705882353,84960,1,"2026-05-18 11:01:22 EDT"
"New Rochelle","New York","murder","Jan - Mar 2026",0,2,Inf,0,2,0,NA,-100,84960,1,"2026-05-18 11:01:22 EDT"
"New Rochelle","New York","property_crime","Jan - Mar 2026",943,1052,11.558854718982,238,264,215,-9.66386554621849,-18.5606060606061,84960,1,"2026-05-18 11:01:22 EDT"
"New Rochelle","New York","rape","Jan - Mar 2026",2,2,0,0,0,0,NA,NA,84960,1,"2026-05-18 11:01:22 EDT"
"New Rochelle","New York","robbery","Jan - Mar 2026",36,53,47.2222222222222,8,10,10,25,0,84960,1,"2026-05-18 11:01:22 EDT"
"New Rochelle","New York","theft","Jan - Mar 2026",873,945,8.24742268041237,219,230,193,-11.8721461187215,-16.0869565217391,84960,1,"2026-05-18 11:01:22 EDT"
"New Rochelle","New York","violent_crime","Jan - Mar 2026",114,132,15.7894736842105,22,31,25,13.6363636363636,-19.3548387096774,84960,1,"2026-05-18 11:01:22 EDT"
"New York City","New York","aggravated_assault","Jan - Mar 2026",29417,29792,1.27477309038991,6530,6592,6677,2.25114854517611,1.28944174757282,8299271,1,"2026-05-18 11:01:22 EDT"
"New York City","New York","burglary","Jan - Mar 2026",13029,12777,-1.9341469030624,3452,3245,2618,-24.1599073001159,-19.3220338983051,8299271,1,"2026-05-18 11:01:22 EDT"
"New York City","New York","motor_vehicle_theft","Jan - Mar 2026",14194,13520,-4.74848527546851,3152,2802,2692,-14.5939086294416,-3.92576730906495,8299271,1,"2026-05-18 11:01:22 EDT"
"New York City","New York","murder","Jan - Mar 2026",377,305,-19.0981432360743,95,71,57,-40,-19.7183098591549,8299271,1,"2026-05-18 11:01:22 EDT"
"New York City","New York","property_crime","Jan - Mar 2026",75646,74331,-1.73836025698649,18416,16617,15563,-15.4919635099913,-6.34290184750557,8299271,1,"2026-05-18 11:01:22 EDT"
"New York City","New York","rape","Jan - Mar 2026",1748,2049,17.2196796338673,371,471,525,41.5094339622642,11.4649681528662,8299271,1,"2026-05-18 11:01:22 EDT"
"New York City","New York","robbery","Jan - Mar 2026",16556,15065,-9.00579850205364,3982,3191,2957,-25.7408337518835,-7.3331244124099,8299271,1,"2026-05-18 11:01:22 EDT"
"New York City","New York","theft","Jan - Mar 2026",48423,48034,-0.803337257088574,11812,10570,10253,-13.1984422621063,-2.99905392620624,8299271,1,"2026-05-18 11:01:22 EDT"
"New York City","New York","violent_crime","Jan - Mar 2026",48098,47211,-1.84415152397189,10978,10325,10216,-6.94115503734742,-1.05569007263923,8299271,1,"2026-05-18 11:01:22 EDT"
"Newark","New Jersey","aggravated_assault","Jan - Mar 2026",1193,1177,-1.34115674769489,227,271,187,-17.6211453744493,-30.9963099630996,309708,1,"2026-05-18 11:01:22 EDT"
"Newark","New Jersey","burglary","Jan - Mar 2026",472,575,21.8220338983051,103,119,85,-17.4757281553398,-28.5714285714286,309708,1,"2026-05-18 11:01:22 EDT"
"Newark","New Jersey","motor_vehicle_theft","Jan - Mar 2026",2706,2194,-18.9209164818921,635,651,438,-31.0236220472441,-32.7188940092166,309708,1,"2026-05-18 11:01:22 EDT"
"Newark","New Jersey","murder","Jan - Mar 2026",39,33,-15.3846153846154,11,9,3,-72.7272727272727,-66.6666666666667,309708,1,"2026-05-18 11:01:22 EDT"
"Newark","New Jersey","property_crime","Jan - Mar 2026",6063,5677,-6.36648523833086,1342,1508,1062,-20.8643815201192,-29.5755968169761,309708,1,"2026-05-18 11:01:22 EDT"
"Newark","New Jersey","rape","Jan - Mar 2026",126,154,22.2222222222222,20,33,20,0,-39.3939393939394,309708,1,"2026-05-18 11:01:22 EDT"
"Newark","New Jersey","robbery","Jan - Mar 2026",442,282,-36.1990950226244,140,51,40,-71.4285714285714,-21.5686274509804,309708,1,"2026-05-18 11:01:22 EDT"
"Newark","New Jersey","theft","Jan - Mar 2026",2885,2908,0.797227036395147,604,738,539,-10.7615894039735,-26.9647696476965,309708,1,"2026-05-18 11:01:22 EDT"
"Newark","New Jersey","violent_crime","Jan - Mar 2026",1800,1646,-8.55555555555556,398,364,250,-37.1859296482412,-31.3186813186813,309708,1,"2026-05-18 11:01:22 EDT"
"Newark","Ohio","aggravated_assault","Jan - Mar 2026",119,124,4.20168067226891,23,30,0,-100,-100,51394,1,"2026-05-18 11:01:22 EDT"
"Newark","Ohio","burglary","Jan - Mar 2026",114,81,-28.9473684210526,25,24,0,-100,-100,51394,1,"2026-05-18 11:01:22 EDT"
"Newark","Ohio","motor_vehicle_theft","Jan - Mar 2026",100,60,-40,26,11,0,-100,-100,51394,1,"2026-05-18 11:01:22 EDT"
"Newark","Ohio","murder","Jan - Mar 2026",2,0,-100,2,0,0,-100,NA,51394,1,"2026-05-18 11:01:22 EDT"
"Newark","Ohio","property_crime","Jan - Mar 2026",0,0,NA,0,0,0,NA,NA,51394,1,"2026-05-18 11:01:22 EDT"
"Newark","Ohio","rape","Jan - Mar 2026",16,26,62.5,3,10,0,-100,-100,51394,1,"2026-05-18 11:01:22 EDT"
"Newark","Ohio","robbery","Jan - Mar 2026",17,12,-29.4117647058824,3,2,0,-100,-100,51394,1,"2026-05-18 11:01:22 EDT"
"Newark","Ohio","theft","Jan - Mar 2026",658,568,-13.677811550152,177,128,0,-100,-100,51394,1,"2026-05-18 11:01:22 EDT"
"Newark","Ohio","violent_crime","Jan - Mar 2026",0,0,NA,0,0,0,NA,NA,51394,1,"2026-05-18 11:01:22 EDT"
"Newport Beach","California","aggravated_assault","Jan - Mar 2026",140,145,3.57142857142857,40,29,18,-55,-37.9310344827586,81811,1,"2026-05-18 11:01:22 EDT"
"Newport Beach","California","burglary","Jan - Mar 2026",257,216,-15.9533073929961,63,68,44,-30.1587301587302,-35.2941176470588,81811,1,"2026-05-18 11:01:22 EDT"
"Newport Beach","California","motor_vehicle_theft","Jan - Mar 2026",122,108,-11.4754098360656,30,35,33,10,-5.71428571428571,81811,1,"2026-05-18 11:01:22 EDT"
"Newport Beach","California","murder","Jan - Mar 2026",2,0,-100,0,0,0,NA,NA,81811,1,"2026-05-18 11:01:22 EDT"
"Newport Beach","California","property_crime","Jan - Mar 2026",1535,1267,-17.4592833876222,347,351,279,-19.5965417867435,-20.5128205128205,81811,1,"2026-05-18 11:01:22 EDT"
"Newport Beach","California","rape","Jan - Mar 2026",27,29,7.40740740740741,7,10,2,-71.4285714285714,-80,81811,1,"2026-05-18 11:01:22 EDT"
"Newport Beach","California","robbery","Jan - Mar 2026",38,33,-13.1578947368421,12,4,5,-58.3333333333333,25,81811,1,"2026-05-18 11:01:22 EDT"
"Newport Beach","California","theft","Jan - Mar 2026",1156,943,-18.4256055363322,254,248,202,-20.4724409448819,-18.5483870967742,81811,1,"2026-05-18 11:01:22 EDT"
"Newport Beach","California","violent_crime","Jan - Mar 2026",207,207,0,59,43,25,-57.6271186440678,-41.8604651162791,81811,1,"2026-05-18 11:01:22 EDT"
"Newport News","Virginia","aggravated_assault","Jan - Feb 2026",1126,1213,7.72646536412078,177,183,50,-71.7514124293785,-72.6775956284153,183563,1,"2026-05-18 11:01:22 EDT"
"Newport News","Virginia","burglary","Jan - Feb 2026",441,354,-19.7278911564626,71,61,40,-43.6619718309859,-34.4262295081967,183563,1,"2026-05-18 11:01:22 EDT"
"Newport News","Virginia","motor_vehicle_theft","Jan - Feb 2026",529,406,-23.2514177693762,66,95,32,-51.5151515151515,-66.3157894736842,183563,1,"2026-05-18 11:01:22 EDT"
"Newport News","Virginia","murder","Jan - Feb 2026",22,18,-18.1818181818182,3,2,2,-33.3333333333333,0,183563,1,"2026-05-18 11:01:22 EDT"
"Newport News","Virginia","property_crime","Jan - Feb 2026",0,0,NA,0,0,0,NA,NA,183563,1,"2026-05-18 11:01:22 EDT"
"Newport News","Virginia","rape","Jan - Feb 2026",53,45,-15.0943396226415,9,10,4,-55.5555555555556,-60,183563,1,"2026-05-18 11:01:22 EDT"
"Newport News","Virginia","robbery","Jan - Feb 2026",156,166,6.41025641025641,27,24,8,-70.3703703703704,-66.6666666666667,183563,1,"2026-05-18 11:01:22 EDT"
"Newport News","Virginia","theft","Jan - Feb 2026",3596,3371,-6.25695216907675,539,508,202,-62.5231910946197,-60.2362204724409,183563,1,"2026-05-18 11:01:22 EDT"
"Newport News","Virginia","violent_crime","Jan - Feb 2026",0,0,NA,0,0,0,NA,NA,183563,1,"2026-05-18 11:01:22 EDT"
"Newton","Massachusetts","aggravated_assault","Jan - Feb 2026",34,99,191.176470588235,6,5,12,100,140,89935,1,"2026-05-18 11:01:22 EDT"
"Newton","Massachusetts","burglary","Jan - Feb 2026",57,36,-36.8421052631579,10,7,8,-20,14.2857142857143,89935,1,"2026-05-18 11:01:22 EDT"
"Newton","Massachusetts","motor_vehicle_theft","Jan - Feb 2026",31,26,-16.1290322580645,4,3,2,-50,-33.3333333333333,89935,1,"2026-05-18 11:01:22 EDT"
"Newton","Massachusetts","murder","Jan - Feb 2026",0,0,NA,0,0,0,NA,NA,89935,1,"2026-05-18 11:01:22 EDT"
"Newton","Massachusetts","property_crime","Jan - Feb 2026",0,0,NA,0,0,0,NA,NA,89935,1,"2026-05-18 11:01:22 EDT"
"Newton","Massachusetts","rape","Jan - Feb 2026",9,13,44.4444444444444,1,2,2,100,0,89935,1,"2026-05-18 11:01:22 EDT"
"Newton","Massachusetts","robbery","Jan - Feb 2026",1,11,1000,0,1,2,Inf,100,89935,1,"2026-05-18 11:01:22 EDT"
"Newton","Massachusetts","theft","Jan - Feb 2026",451,365,-19.0687361419069,65,73,39,-40,-46.5753424657534,89935,1,"2026-05-18 11:01:22 EDT"
"Newton","Massachusetts","violent_crime","Jan - Feb 2026",0,0,NA,0,0,0,NA,NA,89935,1,"2026-05-18 11:01:22 EDT"
"Noblesville","Indiana","aggravated_assault","Jan - Mar 2026",45,29,-35.5555555555556,19,6,4,-78.9473684210526,-33.3333333333333,75216,1,"2026-05-18 11:01:22 EDT"
"Noblesville","Indiana","burglary","Jan - Mar 2026",22,17,-22.7272727272727,7,5,3,-57.1428571428571,-40,75216,1,"2026-05-18 11:01:22 EDT"
"Noblesville","Indiana","motor_vehicle_theft","Jan - Mar 2026",52,35,-32.6923076923077,15,6,3,-80,-50,75216,1,"2026-05-18 11:01:22 EDT"
"Noblesville","Indiana","murder","Jan - Mar 2026",0,0,NA,0,0,0,NA,NA,75216,1,"2026-05-18 11:01:22 EDT"
"Noblesville","Indiana","property_crime","Jan - Mar 2026",407,336,-17.4447174447174,95,83,86,-9.47368421052632,3.6144578313253,75216,1,"2026-05-18 11:01:22 EDT"
"Noblesville","Indiana","rape","Jan - Mar 2026",19,20,5.26315789473684,6,4,5,-16.6666666666667,25,75216,1,"2026-05-18 11:01:22 EDT"
"Noblesville","Indiana","robbery","Jan - Mar 2026",2,3,50,0,1,0,NA,-100,75216,1,"2026-05-18 11:01:22 EDT"
"Noblesville","Indiana","theft","Jan - Mar 2026",333,284,-14.7147147147147,73,72,80,9.58904109589041,11.1111111111111,75216,1,"2026-05-18 11:01:22 EDT"
"Noblesville","Indiana","violent_crime","Jan - Mar 2026",66,52,-21.2121212121212,25,11,9,-64,-18.1818181818182,75216,1,"2026-05-18 11:01:22 EDT"
"Norfolk","Virginia","aggravated_assault","Jan - Jan 2026",782,635,-18.7979539641944,59,69,55,-6.77966101694915,-20.2898550724638,230460,1,"2026-05-18 11:01:22 EDT"
"Norfolk","Virginia","burglary","Jan - Jan 2026",507,479,-5.52268244575937,38,48,34,-10.5263157894737,-29.1666666666667,230460,1,"2026-05-18 11:01:22 EDT"
"Norfolk","Virginia","motor_vehicle_theft","Jan - Jan 2026",915,543,-40.655737704918,78,57,49,-37.1794871794872,-14.0350877192982,230460,1,"2026-05-18 11:01:22 EDT"
"Norfolk","Virginia","murder","Jan - Jan 2026",37,27,-27.027027027027,2,2,1,-50,-50,230460,1,"2026-05-18 11:01:22 EDT"
"Norfolk","Virginia","property_crime","Jan - Jan 2026",0,0,NA,0,0,0,NA,NA,230460,1,"2026-05-18 11:01:22 EDT"
"Norfolk","Virginia","rape","Jan - Jan 2026",95,88,-7.36842105263158,5,4,10,100,150,230460,1,"2026-05-18 11:01:22 EDT"
"Norfolk","Virginia","robbery","Jan - Jan 2026",179,164,-8.37988826815642,15,18,13,-13.3333333333333,-27.7777777777778,230460,1,"2026-05-18 11:01:22 EDT"
"Norfolk","Virginia","theft","Jan - Jan 2026",7220,6263,-13.2548476454294,653,577,552,-15.4670750382848,-4.33275563258232,230460,1,"2026-05-18 11:01:22 EDT"
"Norfolk","Virginia","violent_crime","Jan - Jan 2026",0,0,NA,0,0,0,NA,NA,230460,1,"2026-05-18 11:01:22 EDT"
"Normal","Illinois","aggravated_assault","Jan - Mar 2026",114,103,-9.64912280701754,29,29,42,44.8275862068966,44.8275862068966,52573,1,"2026-05-18 11:01:22 EDT"
"Normal","Illinois","burglary","Jan - Mar 2026",122,46,-62.2950819672131,18,13,12,-33.3333333333333,-7.69230769230769,52573,1,"2026-05-18 11:01:22 EDT"
"Normal","Illinois","motor_vehicle_theft","Jan - Mar 2026",47,19,-59.5744680851064,11,7,9,-18.1818181818182,28.5714285714286,52573,1,"2026-05-18 11:01:22 EDT"
"Normal","Illinois","murder","Jan - Mar 2026",2,0,-100,0,0,0,NA,NA,52573,1,"2026-05-18 11:01:22 EDT"
"Normal","Illinois","property_crime","Jan - Mar 2026",835,886,6.10778443113772,162,213,194,19.7530864197531,-8.92018779342723,52573,1,"2026-05-18 11:01:22 EDT"
"Normal","Illinois","rape","Jan - Mar 2026",51,41,-19.6078431372549,12,8,16,33.3333333333333,100,52573,1,"2026-05-18 11:01:22 EDT"
"Normal","Illinois","robbery","Jan - Mar 2026",8,10,25,2,3,1,-50,-66.6666666666667,52573,1,"2026-05-18 11:01:22 EDT"
"Normal","Illinois","theft","Jan - Mar 2026",666,821,23.2732732732733,133,193,173,30.0751879699248,-10.3626943005181,52573,1,"2026-05-18 11:01:22 EDT"
"Normal","Illinois","violent_crime","Jan - Mar 2026",175,154,-12,43,40,59,37.2093023255814,47.5,52573,1,"2026-05-18 11:01:22 EDT"
"North Bergen Township","New Jersey","aggravated_assault","Jan - Mar 2026",65,49,-24.6153846153846,7,10,7,0,-30,59532,1,"2026-05-18 11:01:22 EDT"
"North Bergen Township","New Jersey","burglary","Jan - Mar 2026",21,25,19.047619047619,5,1,6,20,500,59532,1,"2026-05-18 11:01:22 EDT"
"North Bergen Township","New Jersey","motor_vehicle_theft","Jan - Mar 2026",45,65,44.4444444444444,6,14,6,0,-57.1428571428571,59532,1,"2026-05-18 11:01:22 EDT"
"North Bergen Township","New Jersey","murder","Jan - Mar 2026",2,0,-100,0,0,0,NA,NA,59532,1,"2026-05-18 11:01:22 EDT"
"North Bergen Township","New Jersey","property_crime","Jan - Mar 2026",392,364,-7.14285714285714,91,69,34,-62.6373626373626,-50.7246376811594,59532,1,"2026-05-18 11:01:22 EDT"
"North Bergen Township","New Jersey","rape","Jan - Mar 2026",9,10,11.1111111111111,1,1,2,100,100,59532,1,"2026-05-18 11:01:22 EDT"
"North Bergen Township","New Jersey","robbery","Jan - Mar 2026",31,15,-51.6129032258064,9,5,0,-100,-100,59532,1,"2026-05-18 11:01:22 EDT"
"North Bergen Township","New Jersey","theft","Jan - Mar 2026",326,274,-15.9509202453988,80,54,22,-72.5,-59.2592592592593,59532,1,"2026-05-18 11:01:22 EDT"
"North Bergen Township","New Jersey","violent_crime","Jan - Mar 2026",107,74,-30.8411214953271,17,16,9,-47.0588235294118,-43.75,59532,1,"2026-05-18 11:01:22 EDT"
"North Charleston","South Carolina","aggravated_assault","Jan - Jan 2026",717,636,-11.2970711297071,54,46,37,-31.4814814814815,-19.5652173913043,93223,1,"2026-05-18 11:01:22 EDT"
"North Charleston","South Carolina","burglary","Jan - Jan 2026",400,394,-1.5,27,31,28,3.7037037037037,-9.67741935483871,93223,1,"2026-05-18 11:01:22 EDT"
"North Charleston","South Carolina","motor_vehicle_theft","Jan - Jan 2026",651,417,-35.9447004608295,65,48,23,-64.6153846153846,-52.0833333333333,93223,1,"2026-05-18 11:01:22 EDT"
"North Charleston","South Carolina","murder","Jan - Jan 2026",21,14,-33.3333333333333,2,1,1,-50,0,93223,1,"2026-05-18 11:01:22 EDT"
"North Charleston","South Carolina","property_crime","Jan - Jan 2026",0,0,NA,0,0,0,NA,NA,93223,1,"2026-05-18 11:01:22 EDT"
"North Charleston","South Carolina","rape","Jan - Jan 2026",78,75,-3.84615384615385,11,2,6,-45.4545454545455,200,93223,1,"2026-05-18 11:01:22 EDT"
"North Charleston","South Carolina","robbery","Jan - Jan 2026",189,134,-29.1005291005291,15,14,8,-46.6666666666667,-42.8571428571429,93223,1,"2026-05-18 11:01:22 EDT"
"North Charleston","South Carolina","theft","Jan - Jan 2026",3850,3607,-6.31168831168831,312,315,240,-23.0769230769231,-23.8095238095238,93223,1,"2026-05-18 11:01:22 EDT"
"North Charleston","South Carolina","violent_crime","Jan - Jan 2026",0,0,NA,0,0,0,NA,NA,93223,1,"2026-05-18 11:01:22 EDT"
"North Las Vegas","Nevada","aggravated_assault","Jan - Mar 2026",664,678,2.10843373493976,190,138,146,-23.1578947368421,5.79710144927536,293100,1,"2026-05-18 11:01:22 EDT"
"North Las Vegas","Nevada","burglary","Jan - Mar 2026",965,594,-38.4455958549223,343,134,134,-60.932944606414,0,293100,1,"2026-05-18 11:01:22 EDT"
"North Las Vegas","Nevada","motor_vehicle_theft","Jan - Mar 2026",2050,1570,-23.4146341463415,481,412,326,-32.2245322245322,-20.873786407767,293100,1,"2026-05-18 11:01:22 EDT"
"North Las Vegas","Nevada","murder","Jan - Mar 2026",35,13,-62.8571428571429,12,5,0,-100,-100,293100,1,"2026-05-18 11:01:22 EDT"
"North Las Vegas","Nevada","property_crime","Jan - Mar 2026",5731,4855,-15.2852905252137,1502,1134,1140,-24.1011984021305,0.529100529100529,293100,1,"2026-05-18 11:01:22 EDT"
"North Las Vegas","Nevada","rape","Jan - Mar 2026",92,83,-9.78260869565217,30,11,22,-26.6666666666667,100,293100,1,"2026-05-18 11:01:22 EDT"
"North Las Vegas","Nevada","robbery","Jan - Mar 2026",324,293,-9.5679012345679,110,67,57,-48.1818181818182,-14.9253731343284,293100,1,"2026-05-18 11:01:22 EDT"
"North Las Vegas","Nevada","theft","Jan - Mar 2026",2716,2691,-0.920471281296024,678,588,680,0.294985250737463,15.6462585034014,293100,1,"2026-05-18 11:01:22 EDT"
"North Las Vegas","Nevada","violent_crime","Jan - Mar 2026",1115,1067,-4.30493273542601,342,221,225,-34.2105263157895,1.80995475113122,293100,1,"2026-05-18 11:01:22 EDT"
"North Little Rock","Arkansas","aggravated_assault","Jan - Mar 2026",600,518,-13.6666666666667,171,83,144,-15.7894736842105,73.4939759036145,64487,1,"2026-05-18 11:01:22 EDT"
"North Little Rock","Arkansas","burglary","Jan - Mar 2026",388,376,-3.09278350515464,89,72,181,103.370786516854,151.388888888889,64487,1,"2026-05-18 11:01:22 EDT"
"North Little Rock","Arkansas","motor_vehicle_theft","Jan - Mar 2026",336,251,-25.297619047619,99,64,65,-34.3434343434343,1.5625,64487,1,"2026-05-18 11:01:22 EDT"
"North Little Rock","Arkansas","murder","Jan - Mar 2026",19,10,-47.3684210526316,4,1,3,-25,200,64487,1,"2026-05-18 11:01:22 EDT"
"North Little Rock","Arkansas","property_crime","Jan - Mar 2026",2798,2587,-7.54110078627591,709,548,653,-7.8984485190409,19.1605839416058,64487,1,"2026-05-18 11:01:22 EDT"
"North Little Rock","Arkansas","rape","Jan - Mar 2026",26,22,-15.3846153846154,6,7,5,-16.6666666666667,-28.5714285714286,64487,1,"2026-05-18 11:01:22 EDT"
"North Little Rock","Arkansas","robbery","Jan - Mar 2026",117,66,-43.5897435897436,28,20,21,-25,5,64487,1,"2026-05-18 11:01:22 EDT"
"North Little Rock","Arkansas","theft","Jan - Mar 2026",2074,1960,-5.49662487945998,521,412,407,-21.8809980806142,-1.21359223300971,64487,1,"2026-05-18 11:01:22 EDT"
"North Little Rock","Arkansas","violent_crime","Jan - Mar 2026",762,616,-19.1601049868766,209,111,173,-17.2248803827751,55.8558558558559,64487,1,"2026-05-18 11:01:22 EDT"
"North Richland Hills","Texas","aggravated_assault","Jan - Mar 2026",111,57,-48.6486486486487,17,5,14,-17.6470588235294,180,70780,1,"2026-05-18 11:01:22 EDT"
"North Richland Hills","Texas","burglary","Jan - Mar 2026",168,138,-17.8571428571429,51,34,19,-62.7450980392157,-44.1176470588235,70780,1,"2026-05-18 11:01:22 EDT"
"North Richland Hills","Texas","motor_vehicle_theft","Jan - Mar 2026",142,105,-26.056338028169,36,14,16,-55.5555555555556,14.2857142857143,70780,1,"2026-05-18 11:01:22 EDT"
"North Richland Hills","Texas","murder","Jan - Mar 2026",3,6,100,1,0,0,-100,NA,70780,1,"2026-05-18 11:01:22 EDT"
"North Richland Hills","Texas","property_crime","Jan - Mar 2026",1577,1270,-19.4673430564363,404,257,227,-43.8118811881188,-11.6731517509728,70780,1,"2026-05-18 11:01:22 EDT"
"North Richland Hills","Texas","rape","Jan - Mar 2026",27,32,18.5185185185185,5,9,3,-40,-66.6666666666667,70780,1,"2026-05-18 11:01:22 EDT"
"North Richland Hills","Texas","robbery","Jan - Mar 2026",16,13,-18.75,3,3,4,33.3333333333333,33.3333333333333,70780,1,"2026-05-18 11:01:22 EDT"
"North Richland Hills","Texas","theft","Jan - Mar 2026",1267,1027,-18.9423835832676,317,209,192,-39.4321766561514,-8.13397129186603,70780,1,"2026-05-18 11:01:22 EDT"
"North Richland Hills","Texas","violent_crime","Jan - Mar 2026",157,108,-31.2101910828025,26,17,21,-19.2307692307692,23.5294117647059,70780,1,"2026-05-18 11:01:22 EDT"
"Northeast","Nationwide","aggravated_assault","Jan - Mar 2026",56479,55328,-2.03792560066573,12454,12260,11803,-5.22723622932391,-3.72756933115824,16654194,68,"2026-05-18 11:01:22 EDT"
"Northeast","Nationwide","burglary","Jan - Mar 2026",30515,28482,-6.66229723087006,7722,6965,5510,-28.6454286454286,-20.8901651112706,16654194,68,"2026-05-18 11:01:22 EDT"
"Northeast","Nationwide","motor_vehicle_theft","Jan - Mar 2026",49464,45338,-8.34142002264273,11384,10094,8422,-26.0189739985945,-16.5642956211611,16654194,68,"2026-05-18 11:01:22 EDT"
"Northeast","Nationwide","murder","Jan - Mar 2026",981,815,-16.9215086646279,243,205,117,-51.8518518518518,-42.9268292682927,16654194,68,"2026-05-18 11:01:22 EDT"
"Northeast","Nationwide","property_crime","Jan - Mar 2026",276075,260464,-5.65462283799692,64216,59172,52065,-18.9220754952037,-12.0107483269114,16654194,68,"2026-05-18 11:01:22 EDT"
"Northeast","Nationwide","rape","Jan - Mar 2026",4476,4681,4.57998212689902,1023,1077,1033,0.977517106549365,-4.08542246982358,16654194,68,"2026-05-18 11:01:22 EDT"
"Northeast","Nationwide","robbery","Jan - Mar 2026",26768,23610,-11.7976688583383,6377,5112,4500,-29.4339030892269,-11.9718309859155,16654194,68,"2026-05-18 11:01:22 EDT"
"Northeast","Nationwide","theft","Jan - Mar 2026",196096,186644,-4.82008812010444,45110,42113,38133,-15.4666371092884,-9.45076342222117,16654194,68,"2026-05-18 11:01:22 EDT"
"Northeast","Nationwide","violent_crime","Jan - Mar 2026",88704,84434,-4.81376262626263,20097,18654,17453,-13.1561924665373,-6.43829741610378,16654194,68,"2026-05-18 11:01:22 EDT"
"Norwalk","Connecticut","aggravated_assault","Jan - Jan 2026",50,32,-36,4,3,3,-25,0,92987,1,"2026-05-18 11:01:22 EDT"
"Norwalk","Connecticut","burglary","Jan - Jan 2026",227,52,-77.0925110132159,6,4,1,-83.3333333333333,-75,92987,1,"2026-05-18 11:01:22 EDT"
"Norwalk","Connecticut","motor_vehicle_theft","Jan - Jan 2026",151,110,-27.1523178807947,17,9,6,-64.7058823529412,-33.3333333333333,92987,1,"2026-05-18 11:01:22 EDT"
"Norwalk","Connecticut","murder","Jan - Jan 2026",0,0,NA,0,0,0,NA,NA,92987,1,"2026-05-18 11:01:22 EDT"
"Norwalk","Connecticut","property_crime","Jan - Jan 2026",0,0,NA,0,0,0,NA,NA,92987,1,"2026-05-18 11:01:22 EDT"
"Norwalk","Connecticut","rape","Jan - Jan 2026",14,5,-64.2857142857143,0,0,0,NA,NA,92987,1,"2026-05-18 11:01:22 EDT"
"Norwalk","Connecticut","robbery","Jan - Jan 2026",15,10,-33.3333333333333,2,0,1,-50,Inf,92987,1,"2026-05-18 11:01:22 EDT"
"Norwalk","Connecticut","theft","Jan - Jan 2026",1022,757,-25.9295499021526,89,60,73,-17.9775280898876,21.6666666666667,92987,1,"2026-05-18 11:01:22 EDT"
"Norwalk","Connecticut","violent_crime","Jan - Jan 2026",0,0,NA,0,0,0,NA,NA,92987,1,"2026-05-18 11:01:22 EDT"
"Novato","California","aggravated_assault","Jan - Mar 2026",90,78,-13.3333333333333,23,15,27,17.3913043478261,80,51258,1,"2026-05-18 11:01:22 EDT"
"Novato","California","burglary","Jan - Mar 2026",42,31,-26.1904761904762,11,6,6,-45.4545454545455,0,51258,1,"2026-05-18 11:01:22 EDT"
"Novato","California","motor_vehicle_theft","Jan - Mar 2026",83,86,3.6144578313253,25,14,17,-32,21.4285714285714,51258,1,"2026-05-18 11:01:22 EDT"
"Novato","California","murder","Jan - Mar 2026",0,0,NA,0,0,0,NA,NA,51258,1,"2026-05-18 11:01:22 EDT"
"Novato","California","property_crime","Jan - Mar 2026",0,0,NA,0,0,0,NA,NA,51258,1,"2026-05-18 11:01:22 EDT"
"Novato","California","rape","Jan - Mar 2026",18,9,-50,6,2,1,-83.3333333333333,-50,51258,1,"2026-05-18 11:01:22 EDT"
"Novato","California","robbery","Jan - Mar 2026",24,22,-8.33333333333333,5,4,6,20,50,51258,1,"2026-05-18 11:01:22 EDT"
"Novato","California","theft","Jan - Mar 2026",585,559,-4.44444444444444,167,151,119,-28.7425149700599,-21.1920529801325,51258,1,"2026-05-18 11:01:22 EDT"
"Novato","California","violent_crime","Jan - Mar 2026",0,0,NA,0,0,0,NA,NA,51258,1,"2026-05-18 11:01:22 EDT"
"Novi","Michigan","aggravated_assault","Jan - Mar 2026",55,59,7.27272727272727,6,9,13,116.666666666667,44.4444444444444,66366,1,"2026-05-18 11:01:22 EDT"
"Novi","Michigan","burglary","Jan - Mar 2026",29,19,-34.4827586206897,6,6,5,-16.6666666666667,-16.6666666666667,66366,1,"2026-05-18 11:01:22 EDT"
"Novi","Michigan","motor_vehicle_theft","Jan - Mar 2026",53,30,-43.3962264150943,17,5,3,-82.3529411764706,-40,66366,1,"2026-05-18 11:01:22 EDT"
"Novi","Michigan","murder","Jan - Mar 2026",1,0,-100,0,0,0,NA,NA,66366,1,"2026-05-18 11:01:22 EDT"
"Novi","Michigan","property_crime","Jan - Mar 2026",439,365,-16.8564920273349,122,78,72,-40.9836065573771,-7.69230769230769,66366,1,"2026-05-18 11:01:22 EDT"
"Novi","Michigan","rape","Jan - Mar 2026",10,6,-40,1,1,2,100,100,66366,1,"2026-05-18 11:01:22 EDT"
"Novi","Michigan","robbery","Jan - Mar 2026",2,1,-50,1,1,1,0,0,66366,1,"2026-05-18 11:01:22 EDT"
"Novi","Michigan","theft","Jan - Mar 2026",357,316,-11.484593837535,99,67,64,-35.3535353535354,-4.47761194029851,66366,1,"2026-05-18 11:01:22 EDT"
"Novi","Michigan","violent_crime","Jan - Mar 2026",68,66,-2.94117647058824,8,11,16,100,45.4545454545455,66366,1,"2026-05-18 11:01:22 EDT"
"O'Fallon","Missouri","aggravated_assault","Jan - Mar 2026",38,65,71.0526315789474,7,9,9,28.5714285714286,0,94911,1,"2026-05-18 11:01:22 EDT"
"O'Fallon","Missouri","burglary","Jan - Mar 2026",29,35,20.6896551724138,10,7,7,-30,0,94911,1,"2026-05-18 11:01:22 EDT"
"O'Fallon","Missouri","motor_vehicle_theft","Jan - Mar 2026",34,40,17.6470588235294,6,8,8,33.3333333333333,0,94911,1,"2026-05-18 11:01:22 EDT"
"O'Fallon","Missouri","murder","Jan - Mar 2026",0,1,Inf,0,1,1,Inf,0,94911,1,"2026-05-18 11:01:22 EDT"
"O'Fallon","Missouri","property_crime","Jan - Mar 2026",456,504,10.5263157894737,134,133,135,0.746268656716418,1.50375939849624,94911,1,"2026-05-18 11:01:22 EDT"
"O'Fallon","Missouri","rape","Jan - Mar 2026",18,23,27.7777777777778,2,6,6,200,0,94911,1,"2026-05-18 11:01:22 EDT"
"O'Fallon","Missouri","robbery","Jan - Mar 2026",1,2,100,0,0,0,NA,NA,94911,1,"2026-05-18 11:01:22 EDT"
"O'Fallon","Missouri","theft","Jan - Mar 2026",393,429,9.16030534351145,118,118,120,1.69491525423729,1.69491525423729,94911,1,"2026-05-18 11:01:22 EDT"
"O'Fallon","Missouri","violent_crime","Jan - Mar 2026",57,91,59.6491228070175,9,16,16,77.7777777777778,0,94911,1,"2026-05-18 11:01:22 EDT"
"Oak Lawn","Illinois","aggravated_assault","Jan - Mar 2026",54,16,-70.3703703703704,11,2,8,-27.2727272727273,300,54953,1,"2026-05-18 11:01:22 EDT"
"Oak Lawn","Illinois","burglary","Jan - Mar 2026",186,55,-70.4301075268817,36,13,15,-58.3333333333333,15.3846153846154,54953,1,"2026-05-18 11:01:22 EDT"
"Oak Lawn","Illinois","motor_vehicle_theft","Jan - Mar 2026",130,86,-33.8461538461538,39,17,19,-51.2820512820513,11.7647058823529,54953,1,"2026-05-18 11:01:22 EDT"
"Oak Lawn","Illinois","murder","Jan - Mar 2026",2,0,-100,2,0,0,-100,NA,54953,1,"2026-05-18 11:01:22 EDT"
"Oak Lawn","Illinois","property_crime","Jan - Mar 2026",958,788,-17.7453027139875,220,157,179,-18.6363636363636,14.0127388535032,54953,1,"2026-05-18 11:01:22 EDT"
"Oak Lawn","Illinois","rape","Jan - Mar 2026",20,9,-55,5,1,3,-40,200,54953,1,"2026-05-18 11:01:22 EDT"
"Oak Lawn","Illinois","robbery","Jan - Mar 2026",24,16,-33.3333333333333,6,5,3,-50,-40,54953,1,"2026-05-18 11:01:22 EDT"
"Oak Lawn","Illinois","theft","Jan - Mar 2026",642,647,0.778816199376947,145,127,145,0,14.1732283464567,54953,1,"2026-05-18 11:01:22 EDT"
"Oak Lawn","Illinois","violent_crime","Jan - Mar 2026",100,41,-59,24,8,14,-41.6666666666667,75,54953,1,"2026-05-18 11:01:22 EDT"
"Oceanside","California","aggravated_assault","Jan - Mar 2026",589,516,-12.3938879456706,124,115,129,4.03225806451613,12.1739130434783,168725,1,"2026-05-18 11:01:22 EDT"
"Oceanside","California","burglary","Jan - Mar 2026",510,446,-12.5490196078431,84,135,70,-16.6666666666667,-48.1481481481481,168725,1,"2026-05-18 11:01:22 EDT"
"Oceanside","California","motor_vehicle_theft","Jan - Mar 2026",329,215,-34.6504559270517,76,58,46,-39.4736842105263,-20.6896551724138,168725,1,"2026-05-18 11:01:22 EDT"
"Oceanside","California","murder","Jan - Mar 2026",3,6,100,0,3,0,NA,-100,168725,1,"2026-05-18 11:01:22 EDT"
"Oceanside","California","property_crime","Jan - Mar 2026",3019,2649,-12.2557138125207,690,689,598,-13.3333333333333,-13.2075471698113,168725,1,"2026-05-18 11:01:22 EDT"
"Oceanside","California","rape","Jan - Mar 2026",70,64,-8.57142857142857,17,15,8,-52.9411764705882,-46.6666666666667,168725,1,"2026-05-18 11:01:22 EDT"
"Oceanside","California","robbery","Jan - Mar 2026",147,88,-40.1360544217687,38,26,22,-42.1052631578947,-15.3846153846154,168725,1,"2026-05-18 11:01:22 EDT"
"Oceanside","California","theft","Jan - Mar 2026",2180,1988,-8.80733944954128,530,496,482,-9.05660377358491,-2.82258064516129,168725,1,"2026-05-18 11:01:22 EDT"
"Oceanside","California","violent_crime","Jan - Mar 2026",809,674,-16.6872682323857,179,159,159,-11.1731843575419,0,168725,1,"2026-05-18 11:01:22 EDT"
"Odessa","Texas","aggravated_assault","Jan - Mar 2026",261,247,-5.3639846743295,58,54,69,18.9655172413793,27.7777777777778,111867,1,"2026-05-18 11:01:22 EDT"
"Odessa","Texas","burglary","Jan - Mar 2026",255,272,6.66666666666667,57,89,69,21.0526315789474,-22.4719101123595,111867,1,"2026-05-18 11:01:22 EDT"
"Odessa","Texas","motor_vehicle_theft","Jan - Mar 2026",295,256,-13.2203389830508,66,77,47,-28.7878787878788,-38.961038961039,111867,1,"2026-05-18 11:01:22 EDT"
"Odessa","Texas","murder","Jan - Mar 2026",4,4,0,0,1,2,Inf,100,111867,1,"2026-05-18 11:01:22 EDT"
"Odessa","Texas","property_crime","Jan - Mar 2026",2138,1394,-34.798877455566,520,436,275,-47.1153846153846,-36.9266055045872,111867,1,"2026-05-18 11:01:22 EDT"
"Odessa","Texas","rape","Jan - Mar 2026",62,48,-22.5806451612903,17,11,11,-35.2941176470588,0,111867,1,"2026-05-18 11:01:22 EDT"
"Odessa","Texas","robbery","Jan - Mar 2026",46,44,-4.34782608695652,15,7,5,-66.6666666666667,-28.5714285714286,111867,1,"2026-05-18 11:01:22 EDT"
"Odessa","Texas","theft","Jan - Mar 2026",1588,866,-45.4659949622166,397,270,159,-59.9496221662469,-41.1111111111111,111867,1,"2026-05-18 11:01:22 EDT"
"Odessa","Texas","violent_crime","Jan - Mar 2026",373,343,-8.04289544235925,90,73,87,-3.33333333333333,19.1780821917808,111867,1,"2026-05-18 11:01:22 EDT"
"Ogden","Utah","aggravated_assault","Jan - Mar 2026",296,265,-10.472972972973,70,44,61,-12.8571428571429,38.6363636363636,87258,1,"2026-05-18 11:01:22 EDT"
"Ogden","Utah","burglary","Jan - Mar 2026",202,144,-28.7128712871287,40,26,27,-32.5,3.84615384615385,87258,1,"2026-05-18 11:01:22 EDT"
"Ogden","Utah","motor_vehicle_theft","Jan - Mar 2026",177,122,-31.0734463276836,38,28,38,0,35.7142857142857,87258,1,"2026-05-18 11:01:22 EDT"
"Ogden","Utah","murder","Jan - Mar 2026",2,6,200,0,0,0,NA,NA,87258,1,"2026-05-18 11:01:22 EDT"
"Ogden","Utah","property_crime","Jan - Mar 2026",1681,1435,-14.6341463414634,394,317,350,-11.1675126903553,10.410094637224,87258,1,"2026-05-18 11:01:22 EDT"
"Ogden","Utah","rape","Jan - Mar 2026",95,78,-17.8947368421053,16,17,18,12.5,5.88235294117647,87258,1,"2026-05-18 11:01:22 EDT"
"Ogden","Utah","robbery","Jan - Mar 2026",47,48,2.12765957446809,12,10,10,-16.6666666666667,0,87258,1,"2026-05-18 11:01:22 EDT"
"Ogden","Utah","theft","Jan - Mar 2026",1302,1169,-10.2150537634409,316,263,285,-9.81012658227848,8.36501901140684,87258,1,"2026-05-18 11:01:22 EDT"
"Ogden","Utah","violent_crime","Jan - Mar 2026",440,397,-9.77272727272727,98,71,89,-9.18367346938776,25.3521126760563,87258,1,"2026-05-18 11:01:22 EDT"
"Oklahoma City","Oklahoma","aggravated_assault","Jan - Mar 2026",3508,3739,6.58494868871152,791,815,807,2.02275600505689,-0.98159509202454,537406,1,"2026-05-18 11:01:22 EDT"
"Oklahoma City","Oklahoma","burglary","Jan - Mar 2026",4154,3859,-7.10158883004333,891,869,866,-2.80583613916947,-0.345224395857307,537406,1,"2026-05-18 11:01:22 EDT"
"Oklahoma City","Oklahoma","motor_vehicle_theft","Jan - Mar 2026",2564,2192,-14.5085803432137,712,523,402,-43.5393258426966,-23.1357552581262,537406,1,"2026-05-18 11:01:22 EDT"
"Oklahoma City","Oklahoma","murder","Jan - Mar 2026",76,69,-9.21052631578947,15,16,18,20,12.5,537406,1,"2026-05-18 11:01:22 EDT"
"Oklahoma City","Oklahoma","property_crime","Jan - Mar 2026",20616,18996,-7.85797438882421,4925,4383,4139,-15.9593908629442,-5.56696326716861,537406,1,"2026-05-18 11:01:22 EDT"
"Oklahoma City","Oklahoma","rape","Jan - Mar 2026",537,497,-7.4487895716946,125,90,115,-8,27.7777777777778,537406,1,"2026-05-18 11:01:22 EDT"
"Oklahoma City","Oklahoma","robbery","Jan - Mar 2026",709,585,-17.4894217207334,145,120,129,-11.0344827586207,7.5,537406,1,"2026-05-18 11:01:22 EDT"
"Oklahoma City","Oklahoma","theft","Jan - Mar 2026",13898,12945,-6.85710174125773,3322,2991,2871,-13.5761589403974,-4.01203610832497,537406,1,"2026-05-18 11:01:22 EDT"
"Oklahoma City","Oklahoma","violent_crime","Jan - Mar 2026",4830,4890,1.24223602484472,1076,1041,1069,-0.650557620817844,2.68972142170989,537406,1,"2026-05-18 11:01:22 EDT"
"Omaha","Nebraska","aggravated_assault","Jan - Mar 2026",1271,1265,-0.4720692368214,305,265,278,-8.85245901639344,4.90566037735849,480235,1,"2026-05-18 11:01:22 EDT"
"Omaha","Nebraska","burglary","Jan - Mar 2026",1119,956,-14.5665773011618,276,200,218,-21.0144927536232,9,480235,1,"2026-05-18 11:01:22 EDT"
"Omaha","Nebraska","motor_vehicle_theft","Jan - Mar 2026",3078,2257,-26.6731643924626,818,588,338,-58.679706601467,-42.5170068027211,480235,1,"2026-05-18 11:01:22 EDT"
"Omaha","Nebraska","murder","Jan - Mar 2026",19,25,31.5789473684211,4,6,2,-50,-66.6666666666667,480235,1,"2026-05-18 11:01:22 EDT"
"Omaha","Nebraska","property_crime","Jan - Mar 2026",15537,13847,-10.8772607324451,3797,3191,2808,-26.0468791150909,-12.0025070510812,480235,1,"2026-05-18 11:01:22 EDT"
"Omaha","Nebraska","rape","Jan - Mar 2026",217,221,1.84331797235023,53,57,51,-3.77358490566038,-10.5263157894737,480235,1,"2026-05-18 11:01:22 EDT"
"Omaha","Nebraska","robbery","Jan - Mar 2026",229,198,-13.5371179039301,57,41,37,-35.0877192982456,-9.75609756097561,480235,1,"2026-05-18 11:01:22 EDT"
"Omaha","Nebraska","theft","Jan - Mar 2026",11340,10634,-6.22574955908289,2703,2403,2252,-16.6851646318905,-6.28381190178943,480235,1,"2026-05-18 11:01:22 EDT"
"Omaha","Nebraska","violent_crime","Jan - Mar 2026",1736,1709,-1.55529953917051,419,369,368,-12.1718377088305,-0.2710027100271,480235,1,"2026-05-18 11:01:22 EDT"
"Onslow County","North Carolina","aggravated_assault","Jan - Jan 2026",251,285,13.5458167330677,9,6,19,111.111111111111,216.666666666667,131244,1,"2026-05-18 11:01:22 EDT"
"Onslow County","North Carolina","burglary","Jan - Jan 2026",317,293,-7.57097791798107,20,25,26,30,4,131244,1,"2026-05-18 11:01:22 EDT"
"Onslow County","North Carolina","motor_vehicle_theft","Jan - Jan 2026",125,133,6.4,15,18,7,-53.3333333333333,-61.1111111111111,131244,1,"2026-05-18 11:01:22 EDT"
"Onslow County","North Carolina","murder","Jan - Jan 2026",5,4,-20,3,0,0,-100,NA,131244,1,"2026-05-18 11:01:22 EDT"
"Onslow County","North Carolina","property_crime","Jan - Jan 2026",0,0,NA,0,0,0,NA,NA,131244,1,"2026-05-18 11:01:22 EDT"
"Onslow County","North Carolina","rape","Jan - Jan 2026",30,30,0,1,3,3,200,0,131244,1,"2026-05-18 11:01:22 EDT"
"Onslow County","North Carolina","robbery","Jan - Jan 2026",16,13,-18.75,1,0,2,100,Inf,131244,1,"2026-05-18 11:01:22 EDT"
"Onslow County","North Carolina","theft","Jan - Jan 2026",807,792,-1.85873605947955,77,62,54,-29.8701298701299,-12.9032258064516,131244,1,"2026-05-18 11:01:22 EDT"
"Onslow County","North Carolina","violent_crime","Jan - Jan 2026",0,0,NA,0,0,0,NA,NA,131244,1,"2026-05-18 11:01:22 EDT"
"Orem","Utah","aggravated_assault","Jan - Mar 2026",88,65,-26.1363636363636,28,18,17,-39.2857142857143,-5.55555555555556,94571,1,"2026-05-18 11:01:22 EDT"
"Orem","Utah","burglary","Jan - Mar 2026",97,75,-22.680412371134,19,24,13,-31.5789473684211,-45.8333333333333,94571,1,"2026-05-18 11:01:22 EDT"
"Orem","Utah","motor_vehicle_theft","Jan - Mar 2026",88,84,-4.54545454545455,23,17,18,-21.7391304347826,5.88235294117647,94571,1,"2026-05-18 11:01:22 EDT"
"Orem","Utah","murder","Jan - Mar 2026",1,0,-100,0,0,0,NA,NA,94571,1,"2026-05-18 11:01:22 EDT"
"Orem","Utah","property_crime","Jan - Mar 2026",1291,1188,-7.97831138652208,308,281,221,-28.2467532467532,-21.3523131672598,94571,1,"2026-05-18 11:01:22 EDT"
"Orem","Utah","rape","Jan - Mar 2026",50,57,14,12,13,23,91.6666666666667,76.9230769230769,94571,1,"2026-05-18 11:01:22 EDT"
"Orem","Utah","robbery","Jan - Mar 2026",25,8,-68,4,2,1,-75,-50,94571,1,"2026-05-18 11:01:22 EDT"
"Orem","Utah","theft","Jan - Mar 2026",1106,1029,-6.9620253164557,266,240,190,-28.5714285714286,-20.8333333333333,94571,1,"2026-05-18 11:01:22 EDT"
"Orem","Utah","violent_crime","Jan - Mar 2026",164,130,-20.7317073170732,44,33,41,-6.81818181818182,24.2424242424242,94571,1,"2026-05-18 11:01:22 EDT"
"Oshkosh","Wisconsin","aggravated_assault","Jan - Mar 2026",121,114,-5.78512396694215,23,23,30,30.4347826086957,30.4347826086957,65994,1,"2026-05-18 11:01:22 EDT"
"Oshkosh","Wisconsin","burglary","Jan - Mar 2026",103,90,-12.621359223301,18,15,14,-22.2222222222222,-6.66666666666667,65994,1,"2026-05-18 11:01:22 EDT"
"Oshkosh","Wisconsin","motor_vehicle_theft","Jan - Mar 2026",57,34,-40.3508771929825,19,11,6,-68.4210526315789,-45.4545454545455,65994,1,"2026-05-18 11:01:22 EDT"
"Oshkosh","Wisconsin","murder","Jan - Mar 2026",4,1,-75,1,0,1,0,Inf,65994,1,"2026-05-18 11:01:22 EDT"
"Oshkosh","Wisconsin","property_crime","Jan - Mar 2026",982,891,-9.26680244399185,226,179,142,-37.1681415929204,-20.6703910614525,65994,1,"2026-05-18 11:01:22 EDT"
"Oshkosh","Wisconsin","rape","Jan - Mar 2026",23,45,95.6521739130435,2,13,9,350,-30.7692307692308,65994,1,"2026-05-18 11:01:22 EDT"
"Oshkosh","Wisconsin","robbery","Jan - Mar 2026",10,14,40,0,4,2,Inf,-50,65994,1,"2026-05-18 11:01:22 EDT"
"Oshkosh","Wisconsin","theft","Jan - Mar 2026",822,767,-6.69099756690998,189,153,122,-35.4497354497354,-20.2614379084967,65994,1,"2026-05-18 11:01:22 EDT"
"Oshkosh","Wisconsin","violent_crime","Jan - Mar 2026",158,174,10.126582278481,26,40,42,61.5384615384615,5,65994,1,"2026-05-18 11:01:22 EDT"
"Owensboro","Kentucky","aggravated_assault","Jan - Mar 2026",136,195,43.3823529411765,31,37,37,19.3548387096774,0,60096,1,"2026-05-18 11:01:22 EDT"
"Owensboro","Kentucky","burglary","Jan - Mar 2026",205,166,-19.0243902439024,43,51,64,48.8372093023256,25.4901960784314,60096,1,"2026-05-18 11:01:22 EDT"
"Owensboro","Kentucky","motor_vehicle_theft","Jan - Mar 2026",194,124,-36.0824742268041,41,32,46,12.1951219512195,43.75,60096,1,"2026-05-18 11:01:22 EDT"
"Owensboro","Kentucky","murder","Jan - Mar 2026",1,3,200,0,2,4,Inf,100,60096,1,"2026-05-18 11:01:22 EDT"
"Owensboro","Kentucky","property_crime","Jan - Mar 2026",1766,1412,-20.0453001132503,422,308,323,-23.4597156398104,4.87012987012987,60096,1,"2026-05-18 11:01:22 EDT"
"Owensboro","Kentucky","rape","Jan - Mar 2026",47,38,-19.1489361702128,17,10,4,-76.4705882352941,-60,60096,1,"2026-05-18 11:01:22 EDT"
"Owensboro","Kentucky","robbery","Jan - Mar 2026",27,26,-3.7037037037037,5,6,0,-100,-100,60096,1,"2026-05-18 11:01:22 EDT"
"Owensboro","Kentucky","theft","Jan - Mar 2026",1367,1122,-17.9224579370885,338,225,213,-36.9822485207101,-5.33333333333333,60096,1,"2026-05-18 11:01:22 EDT"
"Owensboro","Kentucky","violent_crime","Jan - Mar 2026",211,262,24.1706161137441,53,55,45,-15.0943396226415,-18.1818181818182,60096,1,"2026-05-18 11:01:22 EDT"
"Oxnard","California","aggravated_assault","Jan - Mar 2026",877,847,-3.42075256556442,231,178,177,-23.3766233766234,-0.561797752808989,197361,1,"2026-05-18 11:01:22 EDT"
"Oxnard","California","burglary","Jan - Mar 2026",397,328,-17.3803526448363,104,102,39,-62.5,-61.7647058823529,197361,1,"2026-05-18 11:01:22 EDT"
"Oxnard","California","motor_vehicle_theft","Jan - Mar 2026",713,501,-29.7335203366059,127,152,108,-14.9606299212598,-28.9473684210526,197361,1,"2026-05-18 11:01:22 EDT"
"Oxnard","California","murder","Jan - Mar 2026",5,4,-20,2,2,1,-50,-50,197361,1,"2026-05-18 11:01:22 EDT"
"Oxnard","California","property_crime","Jan - Mar 2026",3726,3223,-13.4997316156736,860,922,549,-36.1627906976744,-40.4555314533623,197361,1,"2026-05-18 11:01:22 EDT"
"Oxnard","California","rape","Jan - Mar 2026",69,70,1.44927536231884,20,16,17,-15,6.25,197361,1,"2026-05-18 11:01:22 EDT"
"Oxnard","California","robbery","Jan - Mar 2026",234,189,-19.2307692307692,51,42,27,-47.0588235294118,-35.7142857142857,197361,1,"2026-05-18 11:01:22 EDT"
"Oxnard","California","theft","Jan - Mar 2026",2616,2394,-8.48623853211009,629,668,402,-36.0890302066773,-39.8203592814371,197361,1,"2026-05-18 11:01:22 EDT"
"Oxnard","California","violent_crime","Jan - Mar 2026",1185,1110,-6.32911392405063,304,238,222,-26.9736842105263,-6.72268907563025,197361,1,"2026-05-18 11:01:22 EDT"
"Palatine","Illinois","aggravated_assault","Jan - Mar 2026",25,29,16,3,5,11,266.666666666667,120,63960,1,"2026-05-18 11:01:22 EDT"
"Palatine","Illinois","burglary","Jan - Mar 2026",134,38,-71.6417910447761,28,14,5,-82.1428571428571,-64.2857142857143,63960,1,"2026-05-18 11:01:22 EDT"
"Palatine","Illinois","motor_vehicle_theft","Jan - Mar 2026",45,29,-35.5555555555556,5,6,5,0,-16.6666666666667,63960,1,"2026-05-18 11:01:22 EDT"
"Palatine","Illinois","murder","Jan - Mar 2026",1,1,0,0,0,1,Inf,Inf,63960,1,"2026-05-18 11:01:22 EDT"
"Palatine","Illinois","property_crime","Jan - Mar 2026",610,467,-23.4426229508197,129,110,100,-22.4806201550388,-9.09090909090909,63960,1,"2026-05-18 11:01:22 EDT"
"Palatine","Illinois","rape","Jan - Mar 2026",11,20,81.8181818181818,3,5,5,66.6666666666667,0,63960,1,"2026-05-18 11:01:22 EDT"
"Palatine","Illinois","robbery","Jan - Mar 2026",6,5,-16.6666666666667,1,1,1,0,0,63960,1,"2026-05-18 11:01:22 EDT"
"Palatine","Illinois","theft","Jan - Mar 2026",431,400,-7.19257540603248,96,90,90,-6.25,0,63960,1,"2026-05-18 11:01:22 EDT"
"Palatine","Illinois","violent_crime","Jan - Mar 2026",43,55,27.906976744186,7,11,18,157.142857142857,63.6363636363636,63960,1,"2026-05-18 11:01:22 EDT"
"Palo Alto","California","aggravated_assault","Jan - Mar 2026",78,74,-5.12820512820513,18,15,15,-16.6666666666667,0,65079,1,"2026-05-18 11:01:22 EDT"
"Palo Alto","California","burglary","Jan - Mar 2026",147,184,25.1700680272109,33,50,48,45.4545454545455,-4,65079,1,"2026-05-18 11:01:22 EDT"
"Palo Alto","California","motor_vehicle_theft","Jan - Mar 2026",120,71,-40.8333333333333,40,31,9,-77.5,-70.9677419354839,65079,1,"2026-05-18 11:01:22 EDT"
"Palo Alto","California","murder","Jan - Mar 2026",1,0,-100,0,0,0,NA,NA,65079,1,"2026-05-18 11:01:22 EDT"
"Palo Alto","California","property_crime","Jan - Mar 2026",1981,1926,-2.776375567895,567,465,395,-30.3350970017637,-15.0537634408602,65079,1,"2026-05-18 11:01:22 EDT"
"Palo Alto","California","rape","Jan - Mar 2026",26,12,-53.8461538461538,7,5,7,0,40,65079,1,"2026-05-18 11:01:22 EDT"
"Palo Alto","California","robbery","Jan - Mar 2026",35,21,-40,8,5,4,-50,-20,65079,1,"2026-05-18 11:01:22 EDT"
"Palo Alto","California","theft","Jan - Mar 2026",1714,1671,-2.50875145857643,494,384,338,-31.5789473684211,-11.9791666666667,65079,1,"2026-05-18 11:01:22 EDT"
"Palo Alto","California","violent_crime","Jan - Mar 2026",140,107,-23.5714285714286,33,25,26,-21.2121212121212,4,65079,1,"2026-05-18 11:01:22 EDT"
"Parker","Colorado","aggravated_assault","Jan - Feb 2026",102,109,6.86274509803922,13,14,15,15.3846153846154,7.14285714285714,64088,1,"2026-05-18 11:01:22 EDT"
"Parker","Colorado","burglary","Jan - Feb 2026",117,78,-33.3333333333333,14,19,14,0,-26.3157894736842,64088,1,"2026-05-18 11:01:22 EDT"
"Parker","Colorado","motor_vehicle_theft","Jan - Feb 2026",90,31,-65.5555555555556,15,6,7,-53.3333333333333,16.6666666666667,64088,1,"2026-05-18 11:01:22 EDT"
"Parker","Colorado","murder","Jan - Feb 2026",2,3,50,1,0,1,0,Inf,64088,1,"2026-05-18 11:01:22 EDT"
"Parker","Colorado","property_crime","Jan - Feb 2026",0,0,NA,0,0,0,NA,NA,64088,1,"2026-05-18 11:01:22 EDT"
"Parker","Colorado","rape","Jan - Feb 2026",25,18,-28,4,2,8,100,300,64088,1,"2026-05-18 11:01:22 EDT"
"Parker","Colorado","robbery","Jan - Feb 2026",7,5,-28.5714285714286,1,0,0,-100,NA,64088,1,"2026-05-18 11:01:22 EDT"
"Parker","Colorado","theft","Jan - Feb 2026",873,612,-29.8969072164948,140,103,99,-29.2857142857143,-3.88349514563107,64088,1,"2026-05-18 11:01:22 EDT"
"Parker","Colorado","violent_crime","Jan - Feb 2026",0,0,NA,0,0,0,NA,NA,64088,1,"2026-05-18 11:01:22 EDT"
"Parker County","Texas","aggravated_assault","Jan - Mar 2026",111,92,-17.1171171171171,16,27,13,-18.75,-51.8518518518518,120283,1,"2026-05-18 11:01:22 EDT"
"Parker County","Texas","burglary","Jan - Mar 2026",131,186,41.9847328244275,29,28,37,27.5862068965517,32.1428571428571,120283,1,"2026-05-18 11:01:22 EDT"
"Parker County","Texas","motor_vehicle_theft","Jan - Mar 2026",78,53,-32.0512820512821,21,15,6,-71.4285714285714,-60,120283,1,"2026-05-18 11:01:22 EDT"
"Parker County","Texas","murder","Jan - Mar 2026",3,3,0,2,0,0,-100,NA,120283,1,"2026-05-18 11:01:22 EDT"
"Parker County","Texas","property_crime","Jan - Mar 2026",770,838,8.83116883116883,183,173,154,-15.8469945355191,-10.9826589595376,120283,1,"2026-05-18 11:01:22 EDT"
"Parker County","Texas","rape","Jan - Mar 2026",36,33,-8.33333333333333,9,8,6,-33.3333333333333,-25,120283,1,"2026-05-18 11:01:22 EDT"
"Parker County","Texas","robbery","Jan - Mar 2026",7,11,57.1428571428571,1,2,0,-100,-100,120283,1,"2026-05-18 11:01:22 EDT"
"Parker County","Texas","theft","Jan - Mar 2026",561,599,6.77361853832442,133,130,111,-16.5413533834586,-14.6153846153846,120283,1,"2026-05-18 11:01:22 EDT"
"Parker County","Texas","violent_crime","Jan - Mar 2026",157,139,-11.4649681528662,28,37,19,-32.1428571428571,-48.6486486486487,120283,1,"2026-05-18 11:01:22 EDT"
"Pasadena","California","aggravated_assault","Jan - Mar 2026",432,373,-13.6574074074074,125,102,94,-24.8,-7.84313725490196,131966,1,"2026-05-18 11:01:22 EDT"
"Pasadena","California","burglary","Jan - Mar 2026",735,575,-21.7687074829932,185,181,105,-43.2432432432432,-41.9889502762431,131966,1,"2026-05-18 11:01:22 EDT"
"Pasadena","California","motor_vehicle_theft","Jan - Mar 2026",363,281,-22.5895316804408,95,92,44,-53.6842105263158,-52.1739130434783,131966,1,"2026-05-18 11:01:22 EDT"
"Pasadena","California","murder","Jan - Mar 2026",0,1,Inf,0,1,1,Inf,0,131966,1,"2026-05-18 11:01:22 EDT"
"Pasadena","California","property_crime","Jan - Mar 2026",3565,3159,-11.3884992987377,913,776,737,-19.2771084337349,-5.02577319587629,131966,1,"2026-05-18 11:01:22 EDT"
"Pasadena","California","rape","Jan - Mar 2026",46,42,-8.69565217391304,8,13,7,-12.5,-46.1538461538462,131966,1,"2026-05-18 11:01:22 EDT"
"Pasadena","California","robbery","Jan - Mar 2026",158,159,0.632911392405063,40,40,18,-55,-55,131966,1,"2026-05-18 11:01:22 EDT"
"Pasadena","California","theft","Jan - Mar 2026",2467,2303,-6.64775030401297,633,503,588,-7.10900473933649,16.8986083499006,131966,1,"2026-05-18 11:01:22 EDT"
"Pasadena","California","violent_crime","Jan - Mar 2026",636,575,-9.59119496855346,173,156,120,-30.635838150289,-23.0769230769231,131966,1,"2026-05-18 11:01:22 EDT"
"Pasadena","Texas","aggravated_assault","Jan - Mar 2026",610,467,-23.4426229508197,128,148,68,-46.875,-54.0540540540541,145199,1,"2026-05-18 11:01:22 EDT"
"Pasadena","Texas","burglary","Jan - Mar 2026",366,346,-5.46448087431694,114,85,55,-51.7543859649123,-35.2941176470588,145199,1,"2026-05-18 11:01:22 EDT"
"Pasadena","Texas","motor_vehicle_theft","Jan - Mar 2026",616,420,-31.8181818181818,174,100,86,-50.5747126436782,-14,145199,1,"2026-05-18 11:01:22 EDT"
"Pasadena","Texas","murder","Jan - Mar 2026",6,3,-50,1,0,0,-100,NA,145199,1,"2026-05-18 11:01:22 EDT"
"Pasadena","Texas","property_crime","Jan - Mar 2026",3423,2627,-23.2544551562956,864,722,536,-37.962962962963,-25.7617728531856,145199,1,"2026-05-18 11:01:22 EDT"
"Pasadena","Texas","rape","Jan - Mar 2026",102,89,-12.7450980392157,22,31,27,22.7272727272727,-12.9032258064516,145199,1,"2026-05-18 11:01:22 EDT"
"Pasadena","Texas","robbery","Jan - Mar 2026",108,84,-22.2222222222222,28,18,11,-60.7142857142857,-38.8888888888889,145199,1,"2026-05-18 11:01:22 EDT"
"Pasadena","Texas","theft","Jan - Mar 2026",2441,1861,-23.7607537894306,576,537,395,-31.4236111111111,-26.4432029795158,145199,1,"2026-05-18 11:01:22 EDT"
"Pasadena","Texas","violent_crime","Jan - Mar 2026",826,643,-22.1549636803874,179,197,106,-40.7821229050279,-46.1928934010152,145199,1,"2026-05-18 11:01:22 EDT"
"Paterson","New Jersey","aggravated_assault","Jan - Mar 2026",1108,946,-14.6209386281588,243,208,192,-20.9876543209877,-7.69230769230769,158903,1,"2026-05-18 11:01:22 EDT"
"Paterson","New Jersey","burglary","Jan - Mar 2026",580,527,-9.13793103448276,153,156,102,-33.3333333333333,-34.6153846153846,158903,1,"2026-05-18 11:01:22 EDT"
"Paterson","New Jersey","motor_vehicle_theft","Jan - Mar 2026",815,726,-10.920245398773,154,227,128,-16.8831168831169,-43.6123348017621,158903,1,"2026-05-18 11:01:22 EDT"
"Paterson","New Jersey","murder","Jan - Mar 2026",10,14,40,2,4,3,50,-25,158903,1,"2026-05-18 11:01:22 EDT"
"Paterson","New Jersey","property_crime","Jan - Mar 2026",3767,3725,-1.11494558003716,905,1002,658,-27.292817679558,-34.3313373253493,158903,1,"2026-05-18 11:01:22 EDT"
"Paterson","New Jersey","rape","Jan - Mar 2026",61,39,-36.0655737704918,16,13,7,-56.25,-46.1538461538462,158903,1,"2026-05-18 11:01:22 EDT"
"Paterson","New Jersey","robbery","Jan - Mar 2026",396,337,-14.8989898989899,81,77,47,-41.9753086419753,-38.961038961039,158903,1,"2026-05-18 11:01:22 EDT"
"Paterson","New Jersey","theft","Jan - Mar 2026",2372,2472,4.21585160202361,598,619,428,-28.4280936454849,-30.8562197092084,158903,1,"2026-05-18 11:01:22 EDT"
"Paterson","New Jersey","violent_crime","Jan - Mar 2026",1575,1336,-15.1746031746032,342,302,249,-27.1929824561404,-17.5496688741722,158903,1,"2026-05-18 11:01:22 EDT"
"Paulding County","Georgia","aggravated_assault","Jan - Mar 2026",350,432,23.4285714285714,62,94,125,101.612903225806,32.9787234042553,167762,1,"2026-05-18 11:01:22 EDT"
"Paulding County","Georgia","burglary","Jan - Mar 2026",120,88,-26.6666666666667,25,15,15,-40,0,167762,1,"2026-05-18 11:01:22 EDT"
"Paulding County","Georgia","motor_vehicle_theft","Jan - Mar 2026",107,73,-31.7757009345794,23,26,10,-56.5217391304348,-61.5384615384615,167762,1,"2026-05-18 11:01:22 EDT"
"Paulding County","Georgia","murder","Jan - Mar 2026",4,2,-50,1,1,0,-100,-100,167762,1,"2026-05-18 11:01:22 EDT"
"Paulding County","Georgia","property_crime","Jan - Mar 2026",1139,936,-17.8226514486392,260,255,141,-45.7692307692308,-44.7058823529412,167762,1,"2026-05-18 11:01:22 EDT"
"Paulding County","Georgia","rape","Jan - Mar 2026",46,51,10.8695652173913,16,13,14,-12.5,7.69230769230769,167762,1,"2026-05-18 11:01:22 EDT"
"Paulding County","Georgia","robbery","Jan - Mar 2026",16,13,-18.75,2,4,2,0,-50,167762,1,"2026-05-18 11:01:22 EDT"
"Paulding County","Georgia","theft","Jan - Mar 2026",912,775,-15.0219298245614,212,214,116,-45.2830188679245,-45.7943925233645,167762,1,"2026-05-18 11:01:22 EDT"
"Paulding County","Georgia","violent_crime","Jan - Mar 2026",416,498,19.7115384615385,81,112,141,74.0740740740741,25.8928571428571,167762,1,"2026-05-18 11:01:22 EDT"
"Pawtucket","Rhode Island","aggravated_assault","Jan - Mar 2026",146,115,-21.2328767123288,32,24,27,-15.625,12.5,76400,1,"2026-05-18 11:01:22 EDT"
"Pawtucket","Rhode Island","burglary","Jan - Mar 2026",144,112,-22.2222222222222,36,23,22,-38.8888888888889,-4.34782608695652,76400,1,"2026-05-18 11:01:22 EDT"
"Pawtucket","Rhode Island","motor_vehicle_theft","Jan - Mar 2026",185,165,-10.8108108108108,49,36,31,-36.734693877551,-13.8888888888889,76400,1,"2026-05-18 11:01:22 EDT"
"Pawtucket","Rhode Island","murder","Jan - Mar 2026",3,3,0,2,0,3,50,Inf,76400,1,"2026-05-18 11:01:22 EDT"
"Pawtucket","Rhode Island","property_crime","Jan - Mar 2026",1174,963,-17.9727427597956,241,213,231,-4.149377593361,8.45070422535211,76400,1,"2026-05-18 11:01:22 EDT"
"Pawtucket","Rhode Island","rape","Jan - Mar 2026",43,33,-23.2558139534884,9,8,9,0,12.5,76400,1,"2026-05-18 11:01:22 EDT"
"Pawtucket","Rhode Island","robbery","Jan - Mar 2026",44,27,-38.6363636363636,14,7,4,-71.4285714285714,-42.8571428571429,76400,1,"2026-05-18 11:01:22 EDT"
"Pawtucket","Rhode Island","theft","Jan - Mar 2026",845,686,-18.8165680473373,156,154,178,14.1025641025641,15.5844155844156,76400,1,"2026-05-18 11:01:22 EDT"
"Pawtucket","Rhode Island","violent_crime","Jan - Mar 2026",236,178,-24.5762711864407,57,39,43,-24.5614035087719,10.2564102564103,76400,1,"2026-05-18 11:01:22 EDT"
"Peabody","Massachusetts","aggravated_assault","Jan - Mar 2026",121,139,14.8760330578512,27,24,27,0,12.5,54964,1,"2026-05-18 11:01:22 EDT"
"Peabody","Massachusetts","burglary","Jan - Mar 2026",47,33,-29.7872340425532,13,7,8,-38.4615384615385,14.2857142857143,54964,1,"2026-05-18 11:01:22 EDT"
"Peabody","Massachusetts","motor_vehicle_theft","Jan - Mar 2026",32,36,12.5,10,12,4,-60,-66.6666666666667,54964,1,"2026-05-18 11:01:22 EDT"
"Peabody","Massachusetts","murder","Jan - Mar 2026",0,0,NA,0,0,0,NA,NA,54964,1,"2026-05-18 11:01:22 EDT"
"Peabody","Massachusetts","property_crime","Jan - Mar 2026",461,346,-24.9457700650759,100,89,76,-24,-14.6067415730337,54964,1,"2026-05-18 11:01:22 EDT"
"Peabody","Massachusetts","rape","Jan - Mar 2026",14,16,14.2857142857143,4,2,2,-50,0,54964,1,"2026-05-18 11:01:22 EDT"
"Peabody","Massachusetts","robbery","Jan - Mar 2026",5,12,140,0,1,3,Inf,200,54964,1,"2026-05-18 11:01:22 EDT"
"Peabody","Massachusetts","theft","Jan - Mar 2026",382,277,-27.4869109947644,77,70,64,-16.8831168831169,-8.57142857142857,54964,1,"2026-05-18 11:01:22 EDT"
"Peabody","Massachusetts","violent_crime","Jan - Mar 2026",140,167,19.2857142857143,31,27,32,3.2258064516129,18.5185185185185,54964,1,"2026-05-18 11:01:22 EDT"
"Pearland","Texas","aggravated_assault","Jan - Mar 2026",70,58,-17.1428571428571,15,19,14,-6.66666666666667,-26.3157894736842,114299,1,"2026-05-18 11:01:22 EDT"
"Pearland","Texas","burglary","Jan - Mar 2026",185,139,-24.8648648648649,45,22,16,-64.4444444444444,-27.2727272727273,114299,1,"2026-05-18 11:01:22 EDT"
"Pearland","Texas","motor_vehicle_theft","Jan - Mar 2026",115,111,-3.47826086956522,29,21,29,0,38.0952380952381,114299,1,"2026-05-18 11:01:22 EDT"
"Pearland","Texas","murder","Jan - Mar 2026",3,2,-33.3333333333333,1,1,0,-100,-100,114299,1,"2026-05-18 11:01:22 EDT"
"Pearland","Texas","property_crime","Jan - Mar 2026",1850,1478,-20.1081081081081,473,379,316,-33.1923890063425,-16.622691292876,114299,1,"2026-05-18 11:01:22 EDT"
"Pearland","Texas","rape","Jan - Mar 2026",33,31,-6.06060606060606,11,10,9,-18.1818181818182,-10,114299,1,"2026-05-18 11:01:22 EDT"
"Pearland","Texas","robbery","Jan - Mar 2026",19,15,-21.0526315789474,5,4,5,0,25,114299,1,"2026-05-18 11:01:22 EDT"
"Pearland","Texas","theft","Jan - Mar 2026",1550,1228,-20.7741935483871,399,336,271,-32.0802005012531,-19.3452380952381,114299,1,"2026-05-18 11:01:22 EDT"
"Pearland","Texas","violent_crime","Jan - Mar 2026",125,106,-15.2,32,34,28,-12.5,-17.6470588235294,114299,1,"2026-05-18 11:01:22 EDT"
"Petaluma","California","aggravated_assault","Jan - Mar 2026",107,77,-28.0373831775701,19,16,8,-57.8947368421053,-50,58493,1,"2026-05-18 11:01:22 EDT"
"Petaluma","California","burglary","Jan - Mar 2026",56,66,17.8571428571429,13,9,17,30.7692307692308,88.8888888888889,58493,1,"2026-05-18 11:01:22 EDT"
"Petaluma","California","motor_vehicle_theft","Jan - Mar 2026",59,75,27.1186440677966,18,27,23,27.7777777777778,-14.8148148148148,58493,1,"2026-05-18 11:01:22 EDT"
"Petaluma","California","murder","Jan - Mar 2026",0,0,NA,0,0,0,NA,NA,58493,1,"2026-05-18 11:01:22 EDT"
"Petaluma","California","property_crime","Jan - Mar 2026",687,701,2.03784570596798,188,218,139,-26.063829787234,-36.2385321100917,58493,1,"2026-05-18 11:01:22 EDT"
"Petaluma","California","rape","Jan - Mar 2026",27,34,25.9259259259259,10,8,10,0,25,58493,1,"2026-05-18 11:01:22 EDT"
"Petaluma","California","robbery","Jan - Mar 2026",26,24,-7.69230769230769,9,5,6,-33.3333333333333,20,58493,1,"2026-05-18 11:01:22 EDT"
"Petaluma","California","theft","Jan - Mar 2026",572,560,-2.0979020979021,157,182,99,-36.9426751592357,-45.6043956043956,58493,1,"2026-05-18 11:01:22 EDT"
"Petaluma","California","violent_crime","Jan - Mar 2026",160,135,-15.625,38,29,24,-36.8421052631579,-17.2413793103448,58493,1,"2026-05-18 11:01:22 EDT"
"Pflugerville","Texas","aggravated_assault","Jan - Mar 2026",70,81,15.7142857142857,11,18,19,72.7272727272727,5.55555555555556,65056,1,"2026-05-18 11:01:22 EDT"
"Pflugerville","Texas","burglary","Jan - Mar 2026",82,108,31.7073170731707,28,26,31,10.7142857142857,19.2307692307692,65056,1,"2026-05-18 11:01:22 EDT"
"Pflugerville","Texas","motor_vehicle_theft","Jan - Mar 2026",116,86,-25.8620689655172,28,19,16,-42.8571428571429,-15.7894736842105,65056,1,"2026-05-18 11:01:22 EDT"
"Pflugerville","Texas","murder","Jan - Mar 2026",1,3,200,0,1,0,NA,-100,65056,1,"2026-05-18 11:01:22 EDT"
"Pflugerville","Texas","property_crime","Jan - Mar 2026",1053,1071,1.70940170940171,286,245,211,-26.2237762237762,-13.8775510204082,65056,1,"2026-05-18 11:01:22 EDT"
"Pflugerville","Texas","rape","Jan - Mar 2026",34,21,-38.2352941176471,9,5,8,-11.1111111111111,60,65056,1,"2026-05-18 11:01:22 EDT"
"Pflugerville","Texas","robbery","Jan - Mar 2026",22,19,-13.6363636363636,7,5,1,-85.7142857142857,-80,65056,1,"2026-05-18 11:01:22 EDT"
"Pflugerville","Texas","theft","Jan - Mar 2026",855,877,2.57309941520468,230,200,164,-28.695652173913,-18,65056,1,"2026-05-18 11:01:22 EDT"
"Pflugerville","Texas","violent_crime","Jan - Mar 2026",127,124,-2.36220472440945,27,29,28,3.7037037037037,-3.44827586206897,65056,1,"2026-05-18 11:01:22 EDT"
"Pharr","Texas","aggravated_assault","Jan - Mar 2026",116,113,-2.58620689655172,28,25,32,14.2857142857143,28,80604,1,"2026-05-18 11:01:22 EDT"
"Pharr","Texas","burglary","Jan - Mar 2026",140,124,-11.4285714285714,30,31,32,6.66666666666667,3.2258064516129,80604,1,"2026-05-18 11:01:22 EDT"
"Pharr","Texas","motor_vehicle_theft","Jan - Mar 2026",84,62,-26.1904761904762,26,16,11,-57.6923076923077,-31.25,80604,1,"2026-05-18 11:01:22 EDT"
"Pharr","Texas","murder","Jan - Mar 2026",1,3,200,0,1,1,Inf,0,80604,1,"2026-05-18 11:01:22 EDT"
"Pharr","Texas","property_crime","Jan - Mar 2026",924,883,-4.43722943722944,261,212,221,-15.3256704980843,4.24528301886792,80604,1,"2026-05-18 11:01:22 EDT"
"Pharr","Texas","rape","Jan - Mar 2026",42,32,-23.8095238095238,16,9,17,6.25,88.8888888888889,80604,1,"2026-05-18 11:01:22 EDT"
"Pharr","Texas","robbery","Jan - Mar 2026",22,25,13.6363636363636,7,7,3,-57.1428571428571,-57.1428571428571,80604,1,"2026-05-18 11:01:22 EDT"
"Pharr","Texas","theft","Jan - Mar 2026",700,697,-0.428571428571429,205,165,178,-13.1707317073171,7.87878787878788,80604,1,"2026-05-18 11:01:22 EDT"
"Pharr","Texas","violent_crime","Jan - Mar 2026",181,173,-4.41988950276243,51,42,53,3.92156862745098,26.1904761904762,80604,1,"2026-05-18 11:01:22 EDT"
"Philadelphia","Pennsylvania","aggravated_assault","Jan - Mar 2026",8887,8422,-5.23236187689884,1985,1842,1636,-17.5818639798489,-11.1834961997828,1549259,1,"2026-05-18 11:01:22 EDT"
"Philadelphia","Pennsylvania","burglary","Jan - Mar 2026",4955,4652,-6.11503531786075,1249,1075,898,-28.1024819855885,-16.4651162790698,1549259,1,"2026-05-18 11:01:22 EDT"
"Philadelphia","Pennsylvania","motor_vehicle_theft","Jan - Mar 2026",15620,15977,2.28553137003841,3375,3320,2981,-11.6740740740741,-10.210843373494,1549259,1,"2026-05-18 11:01:22 EDT"
"Philadelphia","Pennsylvania","murder","Jan - Mar 2026",264,224,-15.1515151515152,70,49,22,-68.5714285714286,-55.1020408163265,1549259,1,"2026-05-18 11:01:22 EDT"
"Philadelphia","Pennsylvania","property_crime","Jan - Mar 2026",70598,67332,-4.62619337658291,15671,14809,13386,-14.5810733201455,-9.60902154095482,1549259,1,"2026-05-18 11:01:22 EDT"
"Philadelphia","Pennsylvania","rape","Jan - Mar 2026",725,658,-9.24137931034483,173,140,131,-24.2774566473988,-6.42857142857143,1549259,1,"2026-05-18 11:01:22 EDT"
"Philadelphia","Pennsylvania","robbery","Jan - Mar 2026",4246,3537,-16.6980687706076,983,792,690,-29.8067141403866,-12.8787878787879,1549259,1,"2026-05-18 11:01:22 EDT"
"Philadelphia","Pennsylvania","theft","Jan - Mar 2026",50023,46703,-6.63694700437799,11047,10414,9507,-13.9404363175523,-8.70942961398118,1549259,1,"2026-05-18 11:01:22 EDT"
"Philadelphia","Pennsylvania","violent_crime","Jan - Mar 2026",14122,12841,-9.07095312278714,3211,2823,2479,-22.7966365618187,-12.185618136734,1549259,1,"2026-05-18 11:01:22 EDT"
"Phoenix","Arizona","aggravated_assault","Jan - Mar 2026",9068,8165,-9.95809439788266,2149,2046,2069,-3.72266170311773,1.12414467253177,1662809,1,"2026-05-18 11:01:22 EDT"
"Phoenix","Arizona","burglary","Jan - Mar 2026",5274,4497,-14.7326507394767,1314,1077,1126,-14.3074581430746,4.54967502321263,1662809,1,"2026-05-18 11:01:22 EDT"
"Phoenix","Arizona","motor_vehicle_theft","Jan - Mar 2026",7084,5938,-16.1773009599097,1804,1636,1244,-31.0421286031042,-23.960880195599,1662809,1,"2026-05-18 11:01:22 EDT"
"Phoenix","Arizona","murder","Jan - Mar 2026",146,128,-12.3287671232877,37,30,26,-29.7297297297297,-13.3333333333333,1662809,1,"2026-05-18 11:01:22 EDT"
"Phoenix","Arizona","property_crime","Jan - Mar 2026",38666,34374,-11.10019138261,10300,8651,8110,-21.2621359223301,-6.25361229915617,1662809,1,"2026-05-18 11:01:22 EDT"
"Phoenix","Arizona","rape","Jan - Mar 2026",1069,1034,-3.27408793264733,266,248,242,-9.02255639097744,-2.41935483870968,1662809,1,"2026-05-18 11:01:22 EDT"
"Phoenix","Arizona","robbery","Jan - Mar 2026",3020,2411,-20.1655629139073,766,616,593,-22.5848563968668,-3.73376623376623,1662809,1,"2026-05-18 11:01:22 EDT"
"Phoenix","Arizona","theft","Jan - Mar 2026",26308,23939,-9.00486544017029,7182,5938,5740,-20.0779727095517,-3.33445604580667,1662809,1,"2026-05-18 11:01:22 EDT"
"Phoenix","Arizona","violent_crime","Jan - Mar 2026",13303,11738,-11.7642636999173,3218,2940,2930,-8.94965817277812,-0.340136054421769,1662809,1,"2026-05-18 11:01:22 EDT"
"Pima County","Arizona","aggravated_assault","Jan - Mar 2026",567,669,17.989417989418,134,178,178,32.8358208955224,0,379189,1,"2026-05-18 11:01:22 EDT"
"Pima County","Arizona","burglary","Jan - Mar 2026",1048,873,-16.6984732824427,248,306,194,-21.7741935483871,-36.6013071895425,379189,1,"2026-05-18 11:01:22 EDT"
"Pima County","Arizona","motor_vehicle_theft","Jan - Mar 2026",566,472,-16.6077738515901,141,141,93,-34.0425531914894,-34.0425531914894,379189,1,"2026-05-18 11:01:22 EDT"
"Pima County","Arizona","murder","Jan - Mar 2026",12,7,-41.6666666666667,6,3,1,-83.3333333333333,-66.6666666666667,379189,1,"2026-05-18 11:01:22 EDT"
"Pima County","Arizona","property_crime","Jan - Mar 2026",7090,6623,-6.5867418899859,1739,1765,1529,-12.075905692927,-13.371104815864,379189,1,"2026-05-18 11:01:22 EDT"
"Pima County","Arizona","rape","Jan - Mar 2026",97,49,-49.4845360824742,19,19,8,-57.8947368421053,-57.8947368421053,379189,1,"2026-05-18 11:01:22 EDT"
"Pima County","Arizona","robbery","Jan - Mar 2026",83,59,-28.9156626506024,25,10,10,-60,0,379189,1,"2026-05-18 11:01:22 EDT"
"Pima County","Arizona","theft","Jan - Mar 2026",5476,5278,-3.61577794010226,1350,1318,1242,-8,-5.76631259484067,379189,1,"2026-05-18 11:01:22 EDT"
"Pima County","Arizona","violent_crime","Jan - Mar 2026",759,784,3.29380764163373,184,210,197,7.06521739130435,-6.19047619047619,379189,1,"2026-05-18 11:01:22 EDT"
"Pinal County","Arizona","aggravated_assault","Jan - Mar 2026",230,245,6.52173913043478,58,42,49,-15.5172413793103,16.6666666666667,241417,1,"2026-05-18 11:01:22 EDT"
"Pinal County","Arizona","burglary","Jan - Mar 2026",209,185,-11.4832535885167,56,36,38,-32.1428571428571,5.55555555555556,241417,1,"2026-05-18 11:01:22 EDT"
"Pinal County","Arizona","motor_vehicle_theft","Jan - Mar 2026",158,160,1.26582278481013,36,52,26,-27.7777777777778,-50,241417,1,"2026-05-18 11:01:22 EDT"
"Pinal County","Arizona","murder","Jan - Mar 2026",3,0,-100,1,0,0,-100,NA,241417,1,"2026-05-18 11:01:22 EDT"
"Pinal County","Arizona","property_crime","Jan - Mar 2026",1235,1104,-10.6072874493927,340,301,195,-42.6470588235294,-35.2159468438538,241417,1,"2026-05-18 11:01:22 EDT"
"Pinal County","Arizona","rape","Jan - Mar 2026",10,12,20,5,2,5,0,150,241417,1,"2026-05-18 11:01:22 EDT"
"Pinal County","Arizona","robbery","Jan - Mar 2026",8,9,12.5,2,2,4,100,100,241417,1,"2026-05-18 11:01:22 EDT"
"Pinal County","Arizona","theft","Jan - Mar 2026",868,759,-12.5576036866359,248,213,131,-47.1774193548387,-38.4976525821596,241417,1,"2026-05-18 11:01:22 EDT"
"Pinal County","Arizona","violent_crime","Jan - Mar 2026",251,266,5.97609561752988,66,46,58,-12.1212121212121,26.0869565217391,241417,1,"2026-05-18 11:01:22 EDT"
"Pittsburgh","Pennsylvania","aggravated_assault","Jan - Mar 2026",933,874,-6.32368703108253,201,193,204,1.49253731343284,5.69948186528497,317177,1,"2026-05-18 11:01:22 EDT"
"Pittsburgh","Pennsylvania","burglary","Jan - Mar 2026",905,855,-5.52486187845304,162,278,177,9.25925925925926,-36.3309352517986,317177,1,"2026-05-18 11:01:22 EDT"
"Pittsburgh","Pennsylvania","motor_vehicle_theft","Jan - Mar 2026",1238,1112,-10.1777059773829,230,246,212,-7.82608695652174,-13.8211382113821,317177,1,"2026-05-18 11:01:22 EDT"
"Pittsburgh","Pennsylvania","murder","Jan - Mar 2026",35,36,2.85714285714286,11,9,7,-36.3636363636364,-22.2222222222222,317177,1,"2026-05-18 11:01:22 EDT"
"Pittsburgh","Pennsylvania","property_crime","Jan - Mar 2026",9169,8832,-3.67542807285418,1888,2076,1942,2.86016949152542,-6.45472061657033,317177,1,"2026-05-18 11:01:22 EDT"
"Pittsburgh","Pennsylvania","rape","Jan - Mar 2026",174,167,-4.02298850574713,54,35,47,-12.962962962963,34.2857142857143,317177,1,"2026-05-18 11:01:22 EDT"
"Pittsburgh","Pennsylvania","robbery","Jan - Mar 2026",468,431,-7.90598290598291,79,92,69,-12.6582278481013,-25,317177,1,"2026-05-18 11:01:22 EDT"
"Pittsburgh","Pennsylvania","theft","Jan - Mar 2026",7026,6865,-2.29148875604896,1496,1552,1553,3.81016042780749,0.0644329896907216,317177,1,"2026-05-18 11:01:22 EDT"
"Pittsburgh","Pennsylvania","violent_crime","Jan - Mar 2026",1610,1508,-6.33540372670807,345,329,327,-5.21739130434783,-0.60790273556231,317177,1,"2026-05-18 11:01:22 EDT"
"Pittsfield","Massachusetts","aggravated_assault","Jan - Feb 2026",196,218,11.2244897959184,33,35,19,-42.4242424242424,-45.7142857142857,42835,1,"2026-05-18 11:01:22 EDT"
"Pittsfield","Massachusetts","burglary","Jan - Feb 2026",126,127,0.793650793650794,17,13,22,29.4117647058824,69.2307692307692,42835,1,"2026-05-18 11:01:22 EDT"
"Pittsfield","Massachusetts","motor_vehicle_theft","Jan - Feb 2026",31,63,103.225806451613,5,6,6,20,0,42835,1,"2026-05-18 11:01:22 EDT"
"Pittsfield","Massachusetts","murder","Jan - Feb 2026",1,2,100,0,0,0,NA,NA,42835,1,"2026-05-18 11:01:22 EDT"
"Pittsfield","Massachusetts","property_crime","Jan - Feb 2026",0,0,NA,0,0,0,NA,NA,42835,1,"2026-05-18 11:01:22 EDT"
"Pittsfield","Massachusetts","rape","Jan - Feb 2026",40,37,-7.5,5,6,1,-80,-83.3333333333333,42835,1,"2026-05-18 11:01:22 EDT"
"Pittsfield","Massachusetts","robbery","Jan - Feb 2026",15,18,20,2,4,1,-50,-75,42835,1,"2026-05-18 11:01:22 EDT"
"Pittsfield","Massachusetts","theft","Jan - Feb 2026",254,227,-10.6299212598425,37,29,40,8.10810810810811,37.9310344827586,42835,1,"2026-05-18 11:01:22 EDT"
"Pittsfield","Massachusetts","violent_crime","Jan - Feb 2026",0,0,NA,0,0,0,NA,NA,42835,1,"2026-05-18 11:01:22 EDT"
"Placer County","California","aggravated_assault","Jan - Mar 2026",282,289,2.4822695035461,66,66,57,-13.6363636363636,-13.6363636363636,130016,1,"2026-05-18 11:01:22 EDT"
"Placer County","California","burglary","Jan - Mar 2026",141,126,-10.6382978723404,46,59,27,-41.304347826087,-54.2372881355932,130016,1,"2026-05-18 11:01:22 EDT"
"Placer County","California","motor_vehicle_theft","Jan - Mar 2026",45,35,-22.2222222222222,14,5,6,-57.1428571428571,20,130016,1,"2026-05-18 11:01:22 EDT"
"Placer County","California","murder","Jan - Mar 2026",3,1,-66.6666666666667,0,1,0,NA,-100,130016,1,"2026-05-18 11:01:22 EDT"
"Placer County","California","property_crime","Jan - Mar 2026",860,831,-3.37209302325581,230,229,197,-14.3478260869565,-13.9737991266376,130016,1,"2026-05-18 11:01:22 EDT"
"Placer County","California","rape","Jan - Mar 2026",55,59,7.27272727272727,11,15,11,0,-26.6666666666667,130016,1,"2026-05-18 11:01:22 EDT"
"Placer County","California","robbery","Jan - Mar 2026",24,23,-4.16666666666667,7,6,5,-28.5714285714286,-16.6666666666667,130016,1,"2026-05-18 11:01:22 EDT"
"Placer County","California","theft","Jan - Mar 2026",674,670,-0.593471810089021,170,165,164,-3.52941176470588,-0.606060606060606,130016,1,"2026-05-18 11:01:22 EDT"
"Placer County","California","violent_crime","Jan - Mar 2026",364,372,2.1978021978022,84,88,73,-13.0952380952381,-17.0454545454545,130016,1,"2026-05-18 11:01:22 EDT"
"Plano","Texas","aggravated_assault","Jan - Mar 2026",268,284,5.97014925373134,50,66,65,30,-1.51515151515152,285765,1,"2026-05-18 11:01:22 EDT"
"Plano","Texas","burglary","Jan - Mar 2026",468,357,-23.7179487179487,143,94,118,-17.4825174825175,25.531914893617,285765,1,"2026-05-18 11:01:22 EDT"
"Plano","Texas","motor_vehicle_theft","Jan - Mar 2026",414,221,-46.6183574879227,92,57,51,-44.5652173913043,-10.5263157894737,285765,1,"2026-05-18 11:01:22 EDT"
"Plano","Texas","murder","Jan - Mar 2026",3,2,-33.3333333333333,0,0,0,NA,NA,285765,1,"2026-05-18 11:01:22 EDT"
"Plano","Texas","property_crime","Jan - Mar 2026",4282,3510,-18.0289584306399,1065,899,799,-24.9765258215962,-11.1234705228031,285765,1,"2026-05-18 11:01:22 EDT"
"Plano","Texas","rape","Jan - Mar 2026",99,83,-16.1616161616162,25,17,16,-36,-5.88235294117647,285765,1,"2026-05-18 11:01:22 EDT"
"Plano","Texas","robbery","Jan - Mar 2026",77,57,-25.974025974026,14,16,11,-21.4285714285714,-31.25,285765,1,"2026-05-18 11:01:22 EDT"
"Plano","Texas","theft","Jan - Mar 2026",3400,2932,-13.7647058823529,830,748,630,-24.0963855421687,-15.7754010695187,285765,1,"2026-05-18 11:01:22 EDT"
"Plano","Texas","violent_crime","Jan - Mar 2026",447,426,-4.69798657718121,89,99,92,3.37078651685393,-7.07070707070707,285765,1,"2026-05-18 11:01:22 EDT"
"Pleasanton","California","aggravated_assault","Jan - Mar 2026",42,44,4.76190476190476,6,11,5,-16.6666666666667,-54.5454545454545,73054,1,"2026-05-18 11:01:22 EDT"
"Pleasanton","California","burglary","Jan - Mar 2026",153,136,-11.1111111111111,58,50,22,-62.0689655172414,-56,73054,1,"2026-05-18 11:01:22 EDT"
"Pleasanton","California","motor_vehicle_theft","Jan - Mar 2026",167,110,-34.1317365269461,49,28,32,-34.6938775510204,14.2857142857143,73054,1,"2026-05-18 11:01:22 EDT"
"Pleasanton","California","murder","Jan - Mar 2026",1,2,100,1,0,2,100,Inf,73054,1,"2026-05-18 11:01:22 EDT"
"Pleasanton","California","property_crime","Jan - Mar 2026",1225,1024,-16.4081632653061,345,294,213,-38.2608695652174,-27.5510204081633,73054,1,"2026-05-18 11:01:22 EDT"
"Pleasanton","California","rape","Jan - Mar 2026",6,12,100,1,3,0,-100,-100,73054,1,"2026-05-18 11:01:22 EDT"
"Pleasanton","California","robbery","Jan - Mar 2026",35,32,-8.57142857142857,6,10,6,0,-40,73054,1,"2026-05-18 11:01:22 EDT"
"Pleasanton","California","theft","Jan - Mar 2026",905,778,-14.0331491712707,238,216,159,-33.1932773109244,-26.3888888888889,73054,1,"2026-05-18 11:01:22 EDT"
"Pleasanton","California","violent_crime","Jan - Mar 2026",84,90,7.14285714285714,14,24,13,-7.14285714285714,-45.8333333333333,73054,1,"2026-05-18 11:01:22 EDT"
"Plymouth","Massachusetts","aggravated_assault","Jan - Mar 2026",196,201,2.55102040816327,55,49,41,-25.4545454545455,-16.3265306122449,68195,1,"2026-05-18 11:01:22 EDT"
"Plymouth","Massachusetts","burglary","Jan - Mar 2026",43,44,2.32558139534884,15,4,6,-60,50,68195,1,"2026-05-18 11:01:22 EDT"
"Plymouth","Massachusetts","motor_vehicle_theft","Jan - Mar 2026",34,34,0,7,4,5,-28.5714285714286,25,68195,1,"2026-05-18 11:01:22 EDT"
"Plymouth","Massachusetts","murder","Jan - Mar 2026",2,0,-100,0,0,0,NA,NA,68195,1,"2026-05-18 11:01:22 EDT"
"Plymouth","Massachusetts","property_crime","Jan - Mar 2026",475,451,-5.05263157894737,115,79,65,-43.4782608695652,-17.7215189873418,68195,1,"2026-05-18 11:01:22 EDT"
"Plymouth","Massachusetts","rape","Jan - Mar 2026",15,17,13.3333333333333,6,3,3,-50,0,68195,1,"2026-05-18 11:01:22 EDT"
"Plymouth","Massachusetts","robbery","Jan - Mar 2026",7,3,-57.1428571428571,4,0,1,-75,Inf,68195,1,"2026-05-18 11:01:22 EDT"
"Plymouth","Massachusetts","theft","Jan - Mar 2026",398,373,-6.28140703517588,93,71,54,-41.9354838709677,-23.943661971831,68195,1,"2026-05-18 11:01:22 EDT"
"Plymouth","Massachusetts","violent_crime","Jan - Mar 2026",220,221,0.454545454545455,65,52,45,-30.7692307692308,-13.4615384615385,68195,1,"2026-05-18 11:01:22 EDT"
"Plymouth","Minnesota","aggravated_assault","Jan - Mar 2026",25,34,36,5,9,10,100,11.1111111111111,76577,1,"2026-05-18 11:01:22 EDT"
"Plymouth","Minnesota","burglary","Jan - Mar 2026",97,107,10.3092783505155,12,23,12,0,-47.8260869565217,76577,1,"2026-05-18 11:01:22 EDT"
"Plymouth","Minnesota","motor_vehicle_theft","Jan - Mar 2026",45,29,-35.5555555555556,12,7,8,-33.3333333333333,14.2857142857143,76577,1,"2026-05-18 11:01:22 EDT"
"Plymouth","Minnesota","murder","Jan - Mar 2026",0,0,NA,0,0,0,NA,NA,76577,1,"2026-05-18 11:01:22 EDT"
"Plymouth","Minnesota","property_crime","Jan - Mar 2026",786,655,-16.6666666666667,181,160,117,-35.3591160220994,-26.875,76577,1,"2026-05-18 11:01:22 EDT"
"Plymouth","Minnesota","rape","Jan - Mar 2026",4,10,150,2,4,2,0,-50,76577,1,"2026-05-18 11:01:22 EDT"
"Plymouth","Minnesota","robbery","Jan - Mar 2026",10,5,-50,2,0,5,150,Inf,76577,1,"2026-05-18 11:01:22 EDT"
"Plymouth","Minnesota","theft","Jan - Mar 2026",644,519,-19.4099378881988,157,130,97,-38.2165605095541,-25.3846153846154,76577,1,"2026-05-18 11:01:22 EDT"
"Plymouth","Minnesota","violent_crime","Jan - Mar 2026",39,49,25.6410256410256,9,13,17,88.8888888888889,30.7692307692308,76577,1,"2026-05-18 11:01:22 EDT"
"Pocatello","Idaho","aggravated_assault","Jan - Feb 2026",168,165,-1.78571428571429,34,19,38,11.7647058823529,100,58618,1,"2026-05-18 11:01:22 EDT"
"Pocatello","Idaho","burglary","Jan - Feb 2026",152,107,-29.6052631578947,26,9,16,-38.4615384615385,77.7777777777778,58618,1,"2026-05-18 11:01:22 EDT"
"Pocatello","Idaho","motor_vehicle_theft","Jan - Feb 2026",85,70,-17.6470588235294,16,15,11,-31.25,-26.6666666666667,58618,1,"2026-05-18 11:01:22 EDT"
"Pocatello","Idaho","murder","Jan - Feb 2026",0,0,NA,0,0,0,NA,NA,58618,1,"2026-05-18 11:01:22 EDT"
"Pocatello","Idaho","property_crime","Jan - Feb 2026",0,0,NA,0,0,0,NA,NA,58618,1,"2026-05-18 11:01:22 EDT"
"Pocatello","Idaho","rape","Jan - Feb 2026",23,21,-8.69565217391304,3,1,3,0,200,58618,1,"2026-05-18 11:01:22 EDT"
"Pocatello","Idaho","robbery","Jan - Feb 2026",9,5,-44.4444444444444,4,0,1,-75,Inf,58618,1,"2026-05-18 11:01:22 EDT"
"Pocatello","Idaho","theft","Jan - Feb 2026",721,666,-7.62829403606103,88,121,98,11.3636363636364,-19.0082644628099,58618,1,"2026-05-18 11:01:22 EDT"
"Pocatello","Idaho","violent_crime","Jan - Feb 2026",0,0,NA,0,0,0,NA,NA,58618,1,"2026-05-18 11:01:22 EDT"
"Pomona","California","aggravated_assault","Jan - Mar 2026",643,620,-3.57698289269051,130,144,151,16.1538461538462,4.86111111111111,143726,1,"2026-05-18 11:01:22 EDT"
"Pomona","California","burglary","Jan - Mar 2026",604,509,-15.7284768211921,138,126,128,-7.2463768115942,1.58730158730159,143726,1,"2026-05-18 11:01:22 EDT"
"Pomona","California","motor_vehicle_theft","Jan - Mar 2026",852,645,-24.2957746478873,222,161,183,-17.5675675675676,13.6645962732919,143726,1,"2026-05-18 11:01:22 EDT"
"Pomona","California","murder","Jan - Mar 2026",12,8,-33.3333333333333,4,4,1,-75,-75,143726,1,"2026-05-18 11:01:22 EDT"
"Pomona","California","property_crime","Jan - Mar 2026",3957,3324,-15.9969673995451,986,811,775,-21.3995943204868,-4.43896424167694,143726,1,"2026-05-18 11:01:22 EDT"
"Pomona","California","rape","Jan - Mar 2026",61,80,31.1475409836066,19,21,17,-10.5263157894737,-19.047619047619,143726,1,"2026-05-18 11:01:22 EDT"
"Pomona","California","robbery","Jan - Mar 2026",313,243,-22.3642172523962,74,56,69,-6.75675675675676,23.2142857142857,143726,1,"2026-05-18 11:01:22 EDT"
"Pomona","California","theft","Jan - Mar 2026",2501,2170,-13.234706117553,626,524,464,-25.8785942492013,-11.4503816793893,143726,1,"2026-05-18 11:01:22 EDT"
"Pomona","California","violent_crime","Jan - Mar 2026",1029,951,-7.5801749271137,227,225,238,4.84581497797357,5.77777777777778,143726,1,"2026-05-18 11:01:22 EDT"
"Pontiac","Michigan","aggravated_assault","Jan - Mar 2026",527,434,-17.6470588235294,108,89,107,-0.925925925925926,20.2247191011236,61871,1,"2026-05-18 11:01:22 EDT"
"Pontiac","Michigan","burglary","Jan - Mar 2026",199,169,-15.0753768844221,42,36,27,-35.7142857142857,-25,61871,1,"2026-05-18 11:01:22 EDT"
"Pontiac","Michigan","motor_vehicle_theft","Jan - Mar 2026",202,119,-41.0891089108911,36,28,23,-36.1111111111111,-17.8571428571429,61871,1,"2026-05-18 11:01:22 EDT"
"Pontiac","Michigan","murder","Jan - Mar 2026",13,6,-53.8461538461538,3,1,1,-66.6666666666667,0,61871,1,"2026-05-18 11:01:22 EDT"
"Pontiac","Michigan","property_crime","Jan - Mar 2026",1015,859,-15.3694581280788,225,164,171,-24,4.26829268292683,61871,1,"2026-05-18 11:01:22 EDT"
"Pontiac","Michigan","rape","Jan - Mar 2026",31,39,25.8064516129032,8,12,4,-50,-66.6666666666667,61871,1,"2026-05-18 11:01:22 EDT"
"Pontiac","Michigan","robbery","Jan - Mar 2026",39,34,-12.8205128205128,13,13,7,-46.1538461538462,-46.1538461538462,61871,1,"2026-05-18 11:01:22 EDT"
"Pontiac","Michigan","theft","Jan - Mar 2026",614,571,-7.00325732899023,147,100,121,-17.687074829932,21,61871,1,"2026-05-18 11:01:22 EDT"
"Pontiac","Michigan","violent_crime","Jan - Mar 2026",610,513,-15.9016393442623,132,115,119,-9.84848484848485,3.47826086956522,61871,1,"2026-05-18 11:01:22 EDT"
"Port Arthur","Texas","aggravated_assault","Jan - Mar 2026",294,249,-15.3061224489796,84,48,47,-44.047619047619,-2.08333333333333,55313,1,"2026-05-18 11:01:22 EDT"
"Port Arthur","Texas","burglary","Jan - Mar 2026",230,223,-3.04347826086957,64,51,52,-18.75,1.96078431372549,55313,1,"2026-05-18 11:01:22 EDT"
"Port Arthur","Texas","motor_vehicle_theft","Jan - Mar 2026",117,61,-47.8632478632479,19,15,15,-21.0526315789474,0,55313,1,"2026-05-18 11:01:22 EDT"
"Port Arthur","Texas","murder","Jan - Mar 2026",6,3,-50,1,2,0,-100,-100,55313,1,"2026-05-18 11:01:22 EDT"
"Port Arthur","Texas","property_crime","Jan - Mar 2026",855,741,-13.3333333333333,170,184,176,3.52941176470588,-4.34782608695652,55313,1,"2026-05-18 11:01:22 EDT"
"Port Arthur","Texas","rape","Jan - Mar 2026",38,39,2.63157894736842,8,10,14,75,40,55313,1,"2026-05-18 11:01:22 EDT"
"Port Arthur","Texas","robbery","Jan - Mar 2026",60,42,-30,12,5,12,0,140,55313,1,"2026-05-18 11:01:22 EDT"
"Port Arthur","Texas","theft","Jan - Mar 2026",508,457,-10.0393700787402,87,118,109,25.2873563218391,-7.6271186440678,55313,1,"2026-05-18 11:01:22 EDT"
"Port Arthur","Texas","violent_crime","Jan - Mar 2026",398,333,-16.3316582914573,105,65,73,-30.4761904761905,12.3076923076923,55313,1,"2026-05-18 11:01:22 EDT"
"Port St Lucie","Florida","aggravated_assault","Jan - Mar 2026",196,251,28.0612244897959,57,56,66,15.7894736842105,17.8571428571429,260194,1,"2026-05-18 11:01:22 EDT"
"Port St Lucie","Florida","burglary","Jan - Mar 2026",246,225,-8.53658536585366,74,64,56,-24.3243243243243,-12.5,260194,1,"2026-05-18 11:01:22 EDT"
"Port St Lucie","Florida","motor_vehicle_theft","Jan - Mar 2026",99,80,-19.1919191919192,20,25,15,-25,-40,260194,1,"2026-05-18 11:01:22 EDT"
"Port St Lucie","Florida","murder","Jan - Mar 2026",3,3,0,0,0,1,Inf,Inf,260194,1,"2026-05-18 11:01:22 EDT"
"Port St Lucie","Florida","property_crime","Jan - Mar 2026",1967,1906,-3.10116929334011,570,484,432,-24.2105263157895,-10.7438016528926,260194,1,"2026-05-18 11:01:22 EDT"
"Port St Lucie","Florida","rape","Jan - Mar 2026",21,23,9.52380952380952,3,5,7,133.333333333333,40,260194,1,"2026-05-18 11:01:22 EDT"
"Port St Lucie","Florida","robbery","Jan - Mar 2026",24,23,-4.16666666666667,10,4,8,-20,100,260194,1,"2026-05-18 11:01:22 EDT"
"Port St Lucie","Florida","theft","Jan - Mar 2026",1622,1601,-1.29469790382244,476,395,361,-24.1596638655462,-8.60759493670886,260194,1,"2026-05-18 11:01:22 EDT"
"Port St Lucie","Florida","violent_crime","Jan - Mar 2026",244,300,22.9508196721311,70,65,82,17.1428571428571,26.1538461538462,260194,1,"2026-05-18 11:01:22 EDT"
"Porterville","California","aggravated_assault","Jan - Mar 2026",178,143,-19.6629213483146,52,28,27,-48.0769230769231,-3.57142857142857,62891,1,"2026-05-18 11:01:22 EDT"
"Porterville","California","burglary","Jan - Mar 2026",182,78,-57.1428571428571,29,19,20,-31.0344827586207,5.26315789473684,62891,1,"2026-05-18 11:01:22 EDT"
"Porterville","California","motor_vehicle_theft","Jan - Mar 2026",222,178,-19.8198198198198,47,65,35,-25.531914893617,-46.1538461538462,62891,1,"2026-05-18 11:01:22 EDT"
"Porterville","California","murder","Jan - Mar 2026",0,0,NA,0,0,1,Inf,Inf,62891,1,"2026-05-18 11:01:22 EDT"
"Porterville","California","property_crime","Jan - Mar 2026",933,828,-11.2540192926045,252,225,181,-28.1746031746032,-19.5555555555556,62891,1,"2026-05-18 11:01:22 EDT"
"Porterville","California","rape","Jan - Mar 2026",20,24,20,8,5,4,-50,-20,62891,1,"2026-05-18 11:01:22 EDT"
"Porterville","California","robbery","Jan - Mar 2026",44,44,0,7,12,7,0,-41.6666666666667,62891,1,"2026-05-18 11:01:22 EDT"
"Porterville","California","theft","Jan - Mar 2026",529,572,8.12854442344045,176,141,126,-28.4090909090909,-10.6382978723404,62891,1,"2026-05-18 11:01:22 EDT"
"Porterville","California","violent_crime","Jan - Mar 2026",242,211,-12.8099173553719,67,45,39,-41.7910447761194,-13.3333333333333,62891,1,"2026-05-18 11:01:22 EDT"
"Portland","Oregon","aggravated_assault","Jan - Mar 2026",3045,3121,2.49589490968801,681,680,607,-10.8663729809104,-10.7352941176471,620630,1,"2026-05-18 11:01:22 EDT"
"Portland","Oregon","burglary","Jan - Mar 2026",4564,3858,-15.4688869412796,1083,1039,789,-27.1468144044321,-24.0615976900866,620630,1,"2026-05-18 11:01:22 EDT"
"Portland","Oregon","motor_vehicle_theft","Jan - Mar 2026",5478,4051,-26.0496531580869,1472,957,976,-33.695652173913,1.98537095088819,620630,1,"2026-05-18 11:01:22 EDT"
"Portland","Oregon","murder","Jan - Mar 2026",67,50,-25.3731343283582,22,11,4,-81.8181818181818,-63.6363636363636,620630,1,"2026-05-18 11:01:22 EDT"
"Portland","Oregon","property_crime","Jan - Mar 2026",34926,33358,-4.48949206894577,8428,7794,8330,-1.16279069767442,6.87708493713113,620630,1,"2026-05-18 11:01:22 EDT"
"Portland","Oregon","rape","Jan - Mar 2026",353,358,1.41643059490085,81,83,73,-9.87654320987654,-12.0481927710843,620630,1,"2026-05-18 11:01:22 EDT"
"Portland","Oregon","robbery","Jan - Mar 2026",1123,981,-12.6447016918967,267,265,221,-17.2284644194757,-16.6037735849057,620630,1,"2026-05-18 11:01:22 EDT"
"Portland","Oregon","theft","Jan - Mar 2026",24884,25449,2.27053528371644,5873,5798,6565,11.7827345479312,13.2286995515695,620630,1,"2026-05-18 11:01:22 EDT"
"Portland","Oregon","violent_crime","Jan - Mar 2026",4588,4510,-1.70008718395815,1051,1039,905,-13.8915318744053,-12.8970163618864,620630,1,"2026-05-18 11:01:22 EDT"
"Portsmouth","Virginia","aggravated_assault","Jan - Mar 2026",508,568,11.8110236220472,109,154,106,-2.75229357798165,-31.1688311688312,97156,1,"2026-05-18 11:01:22 EDT"
"Portsmouth","Virginia","burglary","Jan - Mar 2026",409,306,-25.1833740831296,108,68,134,24.0740740740741,97.0588235294118,97156,1,"2026-05-18 11:01:22 EDT"
"Portsmouth","Virginia","motor_vehicle_theft","Jan - Mar 2026",514,406,-21.011673151751,150,66,99,-34,50,97156,1,"2026-05-18 11:01:22 EDT"
"Portsmouth","Virginia","murder","Jan - Mar 2026",36,19,-47.2222222222222,13,3,3,-76.9230769230769,0,97156,1,"2026-05-18 11:01:22 EDT"
"Portsmouth","Virginia","property_crime","Jan - Mar 2026",3811,3109,-18.4203621096825,899,752,763,-15.1279199110122,1.46276595744681,97156,1,"2026-05-18 11:01:22 EDT"
"Portsmouth","Virginia","rape","Jan - Mar 2026",35,30,-14.2857142857143,10,7,7,-30,0,97156,1,"2026-05-18 11:01:22 EDT"
"Portsmouth","Virginia","robbery","Jan - Mar 2026",164,120,-26.8292682926829,33,24,28,-15.1515151515152,16.6666666666667,97156,1,"2026-05-18 11:01:22 EDT"
"Portsmouth","Virginia","theft","Jan - Mar 2026",2888,2397,-17.0013850415512,641,618,530,-17.3166926677067,-14.2394822006472,97156,1,"2026-05-18 11:01:22 EDT"
"Portsmouth","Virginia","violent_crime","Jan - Mar 2026",743,737,-0.807537012113055,165,188,144,-12.7272727272727,-23.4042553191489,97156,1,"2026-05-18 11:01:22 EDT"
"Prescott Valley","Arizona","aggravated_assault","Jan - Mar 2026",89,135,51.685393258427,20,21,30,50,42.8571428571429,51116,1,"2026-05-18 11:01:22 EDT"
"Prescott Valley","Arizona","burglary","Jan - Mar 2026",23,20,-13.0434782608696,5,5,7,40,40,51116,1,"2026-05-18 11:01:22 EDT"
"Prescott Valley","Arizona","motor_vehicle_theft","Jan - Mar 2026",30,30,0,4,7,6,50,-14.2857142857143,51116,1,"2026-05-18 11:01:22 EDT"
"Prescott Valley","Arizona","murder","Jan - Mar 2026",2,0,-100,0,0,0,NA,NA,51116,1,"2026-05-18 11:01:22 EDT"
"Prescott Valley","Arizona","property_crime","Jan - Mar 2026",395,362,-8.35443037974684,98,86,72,-26.530612244898,-16.2790697674419,51116,1,"2026-05-18 11:01:22 EDT"
"Prescott Valley","Arizona","rape","Jan - Mar 2026",23,22,-4.34782608695652,7,4,2,-71.4285714285714,-50,51116,1,"2026-05-18 11:01:22 EDT"
"Prescott Valley","Arizona","robbery","Jan - Mar 2026",3,2,-33.3333333333333,1,1,1,0,0,51116,1,"2026-05-18 11:01:22 EDT"
"Prescott Valley","Arizona","theft","Jan - Mar 2026",342,312,-8.7719298245614,89,74,59,-33.7078651685393,-20.2702702702703,51116,1,"2026-05-18 11:01:22 EDT"
"Prescott Valley","Arizona","violent_crime","Jan - Mar 2026",117,159,35.8974358974359,28,26,33,17.8571428571429,26.9230769230769,51116,1,"2026-05-18 11:01:22 EDT"
"Prince George's County","Maryland","aggravated_assault","Jan - Mar 2026",1213,1006,-17.0651277823578,281,226,209,-25.6227758007117,-7.52212389380531,737317,1,"2026-05-18 11:01:22 EDT"
"Prince George's County","Maryland","burglary","Jan - Mar 2026",1065,714,-32.9577464788732,214,194,133,-37.8504672897196,-31.4432989690722,737317,1,"2026-05-18 11:01:22 EDT"
"Prince George's County","Maryland","motor_vehicle_theft","Jan - Mar 2026",5277,4106,-22.1906386204283,1238,868,804,-35.0565428109855,-7.37327188940092,737317,1,"2026-05-18 11:01:22 EDT"
"Prince George's County","Maryland","murder","Jan - Mar 2026",70,36,-48.5714285714286,16,7,10,-37.5,42.8571428571429,737317,1,"2026-05-18 11:01:22 EDT"
"Prince George's County","Maryland","property_crime","Jan - Mar 2026",14454,12761,-11.7130206171302,3367,2825,2522,-25.0965250965251,-10.7256637168142,737317,1,"2026-05-18 11:01:22 EDT"
"Prince George's County","Maryland","rape","Jan - Mar 2026",147,159,8.16326530612245,32,30,57,78.125,90,737317,1,"2026-05-18 11:01:22 EDT"
"Prince George's County","Maryland","robbery","Jan - Mar 2026",1228,595,-51.5472312703583,327,149,82,-74.9235474006116,-44.9664429530201,737317,1,"2026-05-18 11:01:22 EDT"
"Prince George's County","Maryland","theft","Jan - Mar 2026",8112,7941,-2.10798816568047,1915,1763,1585,-17.2323759791123,-10.0964265456608,737317,1,"2026-05-18 11:01:22 EDT"
"Prince George's County","Maryland","violent_crime","Jan - Mar 2026",2658,1796,-32.4303987960873,656,412,358,-45.4268292682927,-13.1067961165049,737317,1,"2026-05-18 11:01:22 EDT"
"Prince William County","Virginia","aggravated_assault","Jan - Feb 2026",915,760,-16.9398907103825,153,106,105,-31.3725490196078,-0.943396226415094,486544,1,"2026-05-18 11:01:22 EDT"
"Prince William County","Virginia","burglary","Jan - Feb 2026",382,279,-26.9633507853403,45,47,30,-33.3333333333333,-36.1702127659575,486544,1,"2026-05-18 11:01:22 EDT"
"Prince William County","Virginia","motor_vehicle_theft","Jan - Feb 2026",943,785,-16.7550371155885,186,130,139,-25.2688172043011,6.92307692307692,486544,1,"2026-05-18 11:01:22 EDT"
"Prince William County","Virginia","murder","Jan - Feb 2026",22,8,-63.6363636363636,4,2,3,-25,50,486544,1,"2026-05-18 11:01:22 EDT"
"Prince William County","Virginia","property_crime","Jan - Feb 2026",0,0,NA,0,0,0,NA,NA,486544,1,"2026-05-18 11:01:22 EDT"
"Prince William County","Virginia","rape","Jan - Feb 2026",95,95,0,14,15,6,-57.1428571428571,-60,486544,1,"2026-05-18 11:01:22 EDT"
"Prince William County","Virginia","robbery","Jan - Feb 2026",225,172,-23.5555555555556,34,36,24,-29.4117647058824,-33.3333333333333,486544,1,"2026-05-18 11:01:22 EDT"
"Prince William County","Virginia","theft","Jan - Feb 2026",5934,5195,-12.453656892484,846,839,609,-28.0141843971631,-27.4135876042908,486544,1,"2026-05-18 11:01:22 EDT"
"Prince William County","Virginia","violent_crime","Jan - Feb 2026",0,0,NA,0,0,0,NA,NA,486544,1,"2026-05-18 11:01:22 EDT"
"Providence","Rhode Island","aggravated_assault","Jan - Jan 2026",378,416,10.0529100529101,20,30,25,25,-16.6666666666667,193679,1,"2026-05-18 11:01:22 EDT"
"Providence","Rhode Island","burglary","Jan - Jan 2026",236,214,-9.32203389830508,25,14,22,-12,57.1428571428571,193679,1,"2026-05-18 11:01:22 EDT"
"Providence","Rhode Island","motor_vehicle_theft","Jan - Jan 2026",416,344,-17.3076923076923,44,20,12,-72.7272727272727,-40,193679,1,"2026-05-18 11:01:22 EDT"
"Providence","Rhode Island","murder","Jan - Jan 2026",12,4,-66.6666666666667,0,1,1,Inf,0,193679,1,"2026-05-18 11:01:22 EDT"
"Providence","Rhode Island","property_crime","Jan - Jan 2026",0,0,NA,0,0,0,NA,NA,193679,1,"2026-05-18 11:01:22 EDT"
"Providence","Rhode Island","rape","Jan - Jan 2026",40,58,45,3,3,5,66.6666666666667,66.6666666666667,193679,1,"2026-05-18 11:01:22 EDT"
"Providence","Rhode Island","robbery","Jan - Jan 2026",111,92,-17.1171171171171,9,10,5,-44.4444444444444,-50,193679,1,"2026-05-18 11:01:22 EDT"
"Providence","Rhode Island","theft","Jan - Jan 2026",2594,2520,-2.85273708558211,157,162,196,24.8407643312102,20.9876543209877,193679,1,"2026-05-18 11:01:22 EDT"
"Providence","Rhode Island","violent_crime","Jan - Jan 2026",0,0,NA,0,0,0,NA,NA,193679,1,"2026-05-18 11:01:22 EDT"
"Provo","Utah","aggravated_assault","Jan - Feb 2026",119,114,-4.20168067226891,21,20,11,-47.6190476190476,-45,112763,1,"2026-05-18 11:01:22 EDT"
"Provo","Utah","burglary","Jan - Feb 2026",78,103,32.0512820512821,14,8,9,-35.7142857142857,12.5,112763,1,"2026-05-18 11:01:22 EDT"
"Provo","Utah","motor_vehicle_theft","Jan - Feb 2026",80,76,-5,11,13,15,36.3636363636364,15.3846153846154,112763,1,"2026-05-18 11:01:22 EDT"
"Provo","Utah","murder","Jan - Feb 2026",1,1,0,0,1,0,NA,-100,112763,1,"2026-05-18 11:01:22 EDT"
"Provo","Utah","property_crime","Jan - Feb 2026",0,0,NA,0,0,0,NA,NA,112763,1,"2026-05-18 11:01:22 EDT"
"Provo","Utah","rape","Jan - Feb 2026",86,69,-19.7674418604651,13,16,5,-61.5384615384615,-68.75,112763,1,"2026-05-18 11:01:22 EDT"
"Provo","Utah","robbery","Jan - Feb 2026",20,19,-5,1,1,0,-100,-100,112763,1,"2026-05-18 11:01:22 EDT"
"Provo","Utah","theft","Jan - Feb 2026",1286,1106,-13.9968895800933,182,130,126,-30.7692307692308,-3.07692307692308,112763,1,"2026-05-18 11:01:22 EDT"
"Provo","Utah","violent_crime","Jan - Feb 2026",0,0,NA,0,0,0,NA,NA,112763,1,"2026-05-18 11:01:22 EDT"
"Quincy","Massachusetts","aggravated_assault","Jan - Mar 2026",292,278,-4.79452054794521,58,54,67,15.5172413793103,24.0740740740741,103550,1,"2026-05-18 11:01:22 EDT"
"Quincy","Massachusetts","burglary","Jan - Mar 2026",154,160,3.8961038961039,39,31,21,-46.1538461538462,-32.258064516129,103550,1,"2026-05-18 11:01:22 EDT"
"Quincy","Massachusetts","motor_vehicle_theft","Jan - Mar 2026",153,73,-52.2875816993464,18,12,13,-27.7777777777778,8.33333333333333,103550,1,"2026-05-18 11:01:22 EDT"
"Quincy","Massachusetts","murder","Jan - Mar 2026",0,1,Inf,0,0,0,NA,NA,103550,1,"2026-05-18 11:01:22 EDT"
"Quincy","Massachusetts","property_crime","Jan - Mar 2026",1380,1242,-10,288,269,244,-15.2777777777778,-9.29368029739777,103550,1,"2026-05-18 11:01:22 EDT"
"Quincy","Massachusetts","rape","Jan - Mar 2026",30,19,-36.6666666666667,5,3,6,20,100,103550,1,"2026-05-18 11:01:22 EDT"
"Quincy","Massachusetts","robbery","Jan - Mar 2026",25,14,-44,8,3,4,-50,33.3333333333333,103550,1,"2026-05-18 11:01:22 EDT"
"Quincy","Massachusetts","theft","Jan - Mar 2026",1073,1009,-5.9645852749301,231,226,210,-9.09090909090909,-7.07964601769912,103550,1,"2026-05-18 11:01:22 EDT"
"Quincy","Massachusetts","violent_crime","Jan - Mar 2026",347,312,-10.0864553314121,71,60,77,8.45070422535211,28.3333333333333,103550,1,"2026-05-18 11:01:22 EDT"
"Racine","Wisconsin","aggravated_assault","Jan - Mar 2026",193,217,12.4352331606218,47,33,44,-6.38297872340426,33.3333333333333,76243,1,"2026-05-18 11:01:22 EDT"
"Racine","Wisconsin","burglary","Jan - Mar 2026",157,268,70.7006369426752,35,22,97,177.142857142857,340.909090909091,76243,1,"2026-05-18 11:01:22 EDT"
"Racine","Wisconsin","motor_vehicle_theft","Jan - Mar 2026",153,163,6.5359477124183,24,28,52,116.666666666667,85.7142857142857,76243,1,"2026-05-18 11:01:22 EDT"
"Racine","Wisconsin","murder","Jan - Mar 2026",4,3,-25,0,0,0,NA,NA,76243,1,"2026-05-18 11:01:22 EDT"
"Racine","Wisconsin","property_crime","Jan - Mar 2026",922,1078,16.9197396963124,164,187,282,71.9512195121951,50.8021390374332,76243,1,"2026-05-18 11:01:22 EDT"
"Racine","Wisconsin","rape","Jan - Mar 2026",67,73,8.95522388059701,23,14,11,-52.1739130434783,-21.4285714285714,76243,1,"2026-05-18 11:01:22 EDT"
"Racine","Wisconsin","robbery","Jan - Mar 2026",48,35,-27.0833333333333,9,13,6,-33.3333333333333,-53.8461538461538,76243,1,"2026-05-18 11:01:22 EDT"
"Racine","Wisconsin","theft","Jan - Mar 2026",612,647,5.71895424836601,105,137,133,26.6666666666667,-2.91970802919708,76243,1,"2026-05-18 11:01:22 EDT"
"Racine","Wisconsin","violent_crime","Jan - Mar 2026",312,328,5.12820512820513,79,60,61,-22.7848101265823,1.66666666666667,76243,1,"2026-05-18 11:01:22 EDT"
"Raleigh","North Carolina","aggravated_assault","Jan - Mar 2026",1786,1425,-20.2127659574468,377,313,330,-12.4668435013263,5.43130990415335,486464,1,"2026-05-18 11:01:22 EDT"
"Raleigh","North Carolina","burglary","Jan - Mar 2026",1183,1139,-3.71935756551141,294,274,231,-21.4285714285714,-15.6934306569343,486464,1,"2026-05-18 11:01:22 EDT"
"Raleigh","North Carolina","motor_vehicle_theft","Jan - Mar 2026",2298,1533,-33.289817232376,552,454,382,-30.7971014492754,-15.8590308370044,486464,1,"2026-05-18 11:01:22 EDT"
"Raleigh","North Carolina","murder","Jan - Mar 2026",25,25,0,9,10,3,-66.6666666666667,-70,486464,1,"2026-05-18 11:01:22 EDT"
"Raleigh","North Carolina","property_crime","Jan - Mar 2026",13879,11402,-17.8471071402839,3255,2831,2569,-21.0752688172043,-9.25468032497351,486464,1,"2026-05-18 11:01:22 EDT"
"Raleigh","North Carolina","rape","Jan - Mar 2026",180,177,-1.66666666666667,46,48,35,-23.9130434782609,-27.0833333333333,486464,1,"2026-05-18 11:01:22 EDT"
"Raleigh","North Carolina","robbery","Jan - Mar 2026",425,373,-12.2352941176471,82,75,85,3.65853658536585,13.3333333333333,486464,1,"2026-05-18 11:01:22 EDT"
"Raleigh","North Carolina","theft","Jan - Mar 2026",10398,8730,-16.0415464512406,2409,2103,1956,-18.8044831880448,-6.99001426533524,486464,1,"2026-05-18 11:01:22 EDT"
"Raleigh","North Carolina","violent_crime","Jan - Mar 2026",2416,2000,-17.2185430463576,514,446,453,-11.8677042801556,1.5695067264574,486464,1,"2026-05-18 11:01:22 EDT"
"Rapid City","South Dakota","aggravated_assault","Jan - Mar 2026",383,450,17.4934725848564,91,117,99,8.79120879120879,-15.3846153846154,80957,1,"2026-05-18 11:01:22 EDT"
"Rapid City","South Dakota","burglary","Jan - Mar 2026",357,338,-5.32212885154062,92,81,82,-10.8695652173913,1.23456790123457,80957,1,"2026-05-18 11:01:22 EDT"
"Rapid City","South Dakota","motor_vehicle_theft","Jan - Mar 2026",316,260,-17.7215189873418,82,71,66,-19.5121951219512,-7.04225352112676,80957,1,"2026-05-18 11:01:22 EDT"
"Rapid City","South Dakota","murder","Jan - Mar 2026",5,9,80,2,2,0,-100,-100,80957,1,"2026-05-18 11:01:22 EDT"
"Rapid City","South Dakota","property_crime","Jan - Mar 2026",3172,3250,2.45901639344262,809,849,795,-1.73053152039555,-6.36042402826855,80957,1,"2026-05-18 11:01:22 EDT"
"Rapid City","South Dakota","rape","Jan - Mar 2026",110,121,10,35,26,25,-28.5714285714286,-3.84615384615385,80957,1,"2026-05-18 11:01:22 EDT"
"Rapid City","South Dakota","robbery","Jan - Mar 2026",85,69,-18.8235294117647,21,12,15,-28.5714285714286,25,80957,1,"2026-05-18 11:01:22 EDT"
"Rapid City","South Dakota","theft","Jan - Mar 2026",2499,2652,6.12244897959184,635,697,647,1.88976377952756,-7.17360114777618,80957,1,"2026-05-18 11:01:22 EDT"
"Rapid City","South Dakota","violent_crime","Jan - Mar 2026",583,649,11.3207547169811,149,157,139,-6.71140939597315,-11.4649681528662,80957,1,"2026-05-18 11:01:22 EDT"
"Reading","Pennsylvania","aggravated_assault","Jan - Mar 2026",192,151,-21.3541666666667,57,39,29,-49.1228070175439,-25.6410256410256,97868,1,"2026-05-18 11:01:22 EDT"
"Reading","Pennsylvania","burglary","Jan - Mar 2026",228,207,-9.21052631578947,63,42,58,-7.93650793650794,38.0952380952381,97868,1,"2026-05-18 11:01:22 EDT"
"Reading","Pennsylvania","motor_vehicle_theft","Jan - Mar 2026",223,200,-10.3139013452915,74,19,21,-71.6216216216216,10.5263157894737,97868,1,"2026-05-18 11:01:22 EDT"
"Reading","Pennsylvania","murder","Jan - Mar 2026",7,11,57.1428571428571,2,2,0,-100,-100,97868,1,"2026-05-18 11:01:22 EDT"
"Reading","Pennsylvania","property_crime","Jan - Mar 2026",1403,1271,-9.40841054882395,386,254,253,-34.4559585492228,-0.393700787401575,97868,1,"2026-05-18 11:01:22 EDT"
"Reading","Pennsylvania","rape","Jan - Mar 2026",34,14,-58.8235294117647,10,3,0,-100,-100,97868,1,"2026-05-18 11:01:22 EDT"
"Reading","Pennsylvania","robbery","Jan - Mar 2026",98,80,-18.3673469387755,18,25,9,-50,-64,97868,1,"2026-05-18 11:01:22 EDT"
"Reading","Pennsylvania","theft","Jan - Mar 2026",952,864,-9.2436974789916,249,193,174,-30.1204819277108,-9.84455958549223,97868,1,"2026-05-18 11:01:22 EDT"
"Reading","Pennsylvania","violent_crime","Jan - Mar 2026",331,256,-22.6586102719033,87,69,38,-56.3218390804598,-44.9275362318841,97868,1,"2026-05-18 11:01:22 EDT"
"Redlands","California","aggravated_assault","Jan - Feb 2026",126,124,-1.58730158730159,18,22,9,-50,-59.0909090909091,72331,1,"2026-05-18 11:01:22 EDT"
"Redlands","California","burglary","Jan - Feb 2026",197,203,3.04568527918782,51,38,32,-37.2549019607843,-15.7894736842105,72331,1,"2026-05-18 11:01:22 EDT"
"Redlands","California","motor_vehicle_theft","Jan - Feb 2026",256,211,-17.578125,60,31,21,-65,-32.258064516129,72331,1,"2026-05-18 11:01:22 EDT"
"Redlands","California","murder","Jan - Feb 2026",3,1,-66.6666666666667,0,0,0,NA,NA,72331,1,"2026-05-18 11:01:22 EDT"
"Redlands","California","property_crime","Jan - Feb 2026",0,0,NA,0,0,0,NA,NA,72331,1,"2026-05-18 11:01:22 EDT"
"Redlands","California","rape","Jan - Feb 2026",31,29,-6.45161290322581,5,6,4,-20,-33.3333333333333,72331,1,"2026-05-18 11:01:22 EDT"
"Redlands","California","robbery","Jan - Feb 2026",53,45,-15.0943396226415,8,12,17,112.5,41.6666666666667,72331,1,"2026-05-18 11:01:22 EDT"
"Redlands","California","theft","Jan - Feb 2026",1124,1086,-3.38078291814947,211,197,149,-29.3838862559242,-24.3654822335025,72331,1,"2026-05-18 11:01:22 EDT"
"Redlands","California","violent_crime","Jan - Feb 2026",0,0,NA,0,0,0,NA,NA,72331,1,"2026-05-18 11:01:22 EDT"
"Redmond","Washington","aggravated_assault","Jan - Jan 2026",53,44,-16.9811320754717,4,1,4,0,300,82746,1,"2026-05-18 11:01:22 EDT"
"Redmond","Washington","burglary","Jan - Jan 2026",284,169,-40.4929577464789,11,30,8,-27.2727272727273,-73.3333333333333,82746,1,"2026-05-18 11:01:22 EDT"
"Redmond","Washington","motor_vehicle_theft","Jan - Jan 2026",311,120,-61.4147909967846,26,17,7,-73.0769230769231,-58.8235294117647,82746,1,"2026-05-18 11:01:22 EDT"
"Redmond","Washington","murder","Jan - Jan 2026",0,0,NA,0,0,0,NA,NA,82746,1,"2026-05-18 11:01:22 EDT"
"Redmond","Washington","property_crime","Jan - Jan 2026",0,0,NA,0,0,0,NA,NA,82746,1,"2026-05-18 11:01:22 EDT"
"Redmond","Washington","rape","Jan - Jan 2026",24,12,-50,3,1,0,-100,-100,82746,1,"2026-05-18 11:01:22 EDT"
"Redmond","Washington","robbery","Jan - Jan 2026",31,32,3.2258064516129,1,3,3,200,0,82746,1,"2026-05-18 11:01:22 EDT"
"Redmond","Washington","theft","Jan - Jan 2026",1673,1330,-20.5020920502092,135,128,92,-31.8518518518519,-28.125,82746,1,"2026-05-18 11:01:22 EDT"
"Redmond","Washington","violent_crime","Jan - Jan 2026",0,0,NA,0,0,0,NA,NA,82746,1,"2026-05-18 11:01:22 EDT"
"Redondo Beach","California","aggravated_assault","Jan - Mar 2026",86,95,10.4651162790698,21,29,31,47.6190476190476,6.89655172413793,66593,1,"2026-05-18 11:01:22 EDT"
"Redondo Beach","California","burglary","Jan - Mar 2026",276,224,-18.8405797101449,76,69,47,-38.1578947368421,-31.8840579710145,66593,1,"2026-05-18 11:01:22 EDT"
"Redondo Beach","California","motor_vehicle_theft","Jan - Mar 2026",191,170,-10.9947643979058,49,61,18,-63.265306122449,-70.4918032786885,66593,1,"2026-05-18 11:01:22 EDT"
"Redondo Beach","California","murder","Jan - Mar 2026",1,0,-100,1,0,0,-100,NA,66593,1,"2026-05-18 11:01:22 EDT"
"Redondo Beach","California","property_crime","Jan - Mar 2026",1725,1532,-11.1884057971014,420,477,274,-34.7619047619048,-42.5576519916143,66593,1,"2026-05-18 11:01:22 EDT"
"Redondo Beach","California","rape","Jan - Mar 2026",16,15,-6.25,5,3,1,-80,-66.6666666666667,66593,1,"2026-05-18 11:01:22 EDT"
"Redondo Beach","California","robbery","Jan - Mar 2026",64,51,-20.3125,19,11,14,-26.3157894736842,27.2727272727273,66593,1,"2026-05-18 11:01:22 EDT"
"Redondo Beach","California","theft","Jan - Mar 2026",1258,1138,-9.5389507154213,295,347,209,-29.1525423728814,-39.7694524495677,66593,1,"2026-05-18 11:01:22 EDT"
"Redondo Beach","California","violent_crime","Jan - Mar 2026",167,161,-3.59281437125748,46,43,46,0,6.97674418604651,66593,1,"2026-05-18 11:01:22 EDT"
"Redwood City","California","aggravated_assault","Jan - Mar 2026",227,188,-17.1806167400881,49,42,25,-48.9795918367347,-40.4761904761905,80060,1,"2026-05-18 11:01:22 EDT"
"Redwood City","California","burglary","Jan - Mar 2026",96,109,13.5416666666667,25,36,19,-24,-47.2222222222222,80060,1,"2026-05-18 11:01:22 EDT"
"Redwood City","California","motor_vehicle_theft","Jan - Mar 2026",204,138,-32.3529411764706,75,39,31,-58.6666666666667,-20.5128205128205,80060,1,"2026-05-18 11:01:22 EDT"
"Redwood City","California","murder","Jan - Mar 2026",2,3,50,0,1,0,NA,-100,80060,1,"2026-05-18 11:01:22 EDT"
"Redwood City","California","property_crime","Jan - Mar 2026",1301,1199,-7.84012298232129,369,324,290,-21.4092140921409,-10.4938271604938,80060,1,"2026-05-18 11:01:22 EDT"
"Redwood City","California","rape","Jan - Mar 2026",45,41,-8.88888888888889,6,9,8,33.3333333333333,-11.1111111111111,80060,1,"2026-05-18 11:01:22 EDT"
"Redwood City","California","robbery","Jan - Mar 2026",110,70,-36.3636363636364,30,21,18,-40,-14.2857142857143,80060,1,"2026-05-18 11:01:22 EDT"
"Redwood City","California","theft","Jan - Mar 2026",1001,952,-4.89510489510489,269,249,240,-10.7806691449814,-3.6144578313253,80060,1,"2026-05-18 11:01:22 EDT"
"Redwood City","California","violent_crime","Jan - Mar 2026",384,302,-21.3541666666667,85,73,51,-40,-30.1369863013699,80060,1,"2026-05-18 11:01:22 EDT"
"Reno","Nevada","aggravated_assault","Jan - Jan 2026",994,1094,10.0603621730382,94,82,89,-5.31914893617021,8.53658536585366,278313,1,"2026-05-18 11:01:22 EDT"
"Reno","Nevada","burglary","Jan - Jan 2026",874,844,-3.4324942791762,71,79,58,-18.3098591549296,-26.5822784810127,278313,1,"2026-05-18 11:01:22 EDT"
"Reno","Nevada","motor_vehicle_theft","Jan - Jan 2026",1031,826,-19.8836081474297,80,77,47,-41.25,-38.961038961039,278313,1,"2026-05-18 11:01:22 EDT"
"Reno","Nevada","murder","Jan - Jan 2026",23,7,-69.5652173913043,4,1,0,-100,-100,278313,1,"2026-05-18 11:01:22 EDT"
"Reno","Nevada","property_crime","Jan - Jan 2026",0,0,NA,0,0,0,NA,NA,278313,1,"2026-05-18 11:01:22 EDT"
"Reno","Nevada","rape","Jan - Jan 2026",192,170,-11.4583333333333,19,5,23,21.0526315789474,360,278313,1,"2026-05-18 11:01:22 EDT"
"Reno","Nevada","robbery","Jan - Jan 2026",263,292,11.0266159695817,19,19,12,-36.8421052631579,-36.8421052631579,278313,1,"2026-05-18 11:01:22 EDT"
"Reno","Nevada","theft","Jan - Jan 2026",4980,5012,0.642570281124498,380,411,381,0.263157894736842,-7.2992700729927,278313,1,"2026-05-18 11:01:22 EDT"
"Reno","Nevada","violent_crime","Jan - Jan 2026",0,0,NA,0,0,0,NA,NA,278313,1,"2026-05-18 11:01:22 EDT"
"Revere","Massachusetts","aggravated_assault","Jan - Mar 2026",227,176,-22.4669603524229,36,52,24,-33.3333333333333,-53.8461538461538,57779,1,"2026-05-18 11:01:22 EDT"
"Revere","Massachusetts","burglary","Jan - Mar 2026",85,57,-32.9411764705882,18,19,8,-55.5555555555556,-57.8947368421053,57779,1,"2026-05-18 11:01:22 EDT"
"Revere","Massachusetts","motor_vehicle_theft","Jan - Mar 2026",93,61,-34.4086021505376,31,11,9,-70.9677419354839,-18.1818181818182,57779,1,"2026-05-18 11:01:22 EDT"
"Revere","Massachusetts","murder","Jan - Mar 2026",0,0,NA,0,0,0,NA,NA,57779,1,"2026-05-18 11:01:22 EDT"
"Revere","Massachusetts","property_crime","Jan - Mar 2026",887,666,-24.9154453213078,222,188,118,-46.8468468468468,-37.2340425531915,57779,1,"2026-05-18 11:01:22 EDT"
"Revere","Massachusetts","rape","Jan - Mar 2026",14,6,-57.1428571428571,3,4,0,-100,-100,57779,1,"2026-05-18 11:01:22 EDT"
"Revere","Massachusetts","robbery","Jan - Mar 2026",16,9,-43.75,6,2,0,-100,-100,57779,1,"2026-05-18 11:01:22 EDT"
"Revere","Massachusetts","theft","Jan - Mar 2026",709,548,-22.7080394922426,173,158,101,-41.6184971098266,-36.0759493670886,57779,1,"2026-05-18 11:01:22 EDT"
"Revere","Massachusetts","violent_crime","Jan - Mar 2026",257,191,-25.6809338521401,45,58,24,-46.6666666666667,-58.6206896551724,57779,1,"2026-05-18 11:01:22 EDT"
"Richardson","Texas","aggravated_assault","Jan - Mar 2026",117,113,-3.41880341880342,22,26,24,9.09090909090909,-7.69230769230769,75353,1,"2026-05-18 11:01:22 EDT"
"Richardson","Texas","burglary","Jan - Mar 2026",262,206,-21.3740458015267,77,49,45,-41.5584415584416,-8.16326530612245,75353,1,"2026-05-18 11:01:22 EDT"
"Richardson","Texas","motor_vehicle_theft","Jan - Mar 2026",375,160,-57.3333333333333,105,53,37,-64.7619047619048,-30.188679245283,75353,1,"2026-05-18 11:01:22 EDT"
"Richardson","Texas","murder","Jan - Mar 2026",2,2,0,1,1,0,-100,-100,75353,1,"2026-05-18 11:01:22 EDT"
"Richardson","Texas","property_crime","Jan - Mar 2026",2183,1760,-19.3770041227668,588,471,436,-25.8503401360544,-7.43099787685775,75353,1,"2026-05-18 11:01:22 EDT"
"Richardson","Texas","rape","Jan - Mar 2026",8,20,150,1,7,4,300,-42.8571428571429,75353,1,"2026-05-18 11:01:22 EDT"
"Richardson","Texas","robbery","Jan - Mar 2026",46,25,-45.6521739130435,12,10,9,-25,-10,75353,1,"2026-05-18 11:01:22 EDT"
"Richardson","Texas","theft","Jan - Mar 2026",1546,1394,-9.83182406209573,406,369,354,-12.807881773399,-4.0650406504065,75353,1,"2026-05-18 11:01:22 EDT"
"Richardson","Texas","violent_crime","Jan - Mar 2026",173,160,-7.51445086705202,36,44,37,2.77777777777778,-15.9090909090909,75353,1,"2026-05-18 11:01:22 EDT"
"Richland","Washington","aggravated_assault","Jan - Mar 2026",100,111,11,17,23,17,0,-26.0869565217391,64736,1,"2026-05-18 11:01:22 EDT"
"Richland","Washington","burglary","Jan - Mar 2026",153,168,9.80392156862745,52,30,36,-30.7692307692308,20,64736,1,"2026-05-18 11:01:22 EDT"
"Richland","Washington","motor_vehicle_theft","Jan - Mar 2026",179,113,-36.8715083798883,46,23,17,-63.0434782608696,-26.0869565217391,64736,1,"2026-05-18 11:01:22 EDT"
"Richland","Washington","murder","Jan - Mar 2026",1,0,-100,0,0,0,NA,NA,64736,1,"2026-05-18 11:01:22 EDT"
"Richland","Washington","property_crime","Jan - Mar 2026",1264,1324,4.74683544303798,360,273,228,-36.6666666666667,-16.4835164835165,64736,1,"2026-05-18 11:01:22 EDT"
"Richland","Washington","rape","Jan - Mar 2026",40,40,0,10,7,3,-70,-57.1428571428571,64736,1,"2026-05-18 11:01:22 EDT"
"Richland","Washington","robbery","Jan - Mar 2026",21,16,-23.8095238095238,7,1,3,-57.1428571428571,200,64736,1,"2026-05-18 11:01:22 EDT"
"Richland","Washington","theft","Jan - Mar 2026",932,1043,11.9098712446352,262,220,175,-33.206106870229,-20.4545454545455,64736,1,"2026-05-18 11:01:22 EDT"
"Richland","Washington","violent_crime","Jan - Mar 2026",162,167,3.08641975308642,34,31,23,-32.3529411764706,-25.8064516129032,64736,1,"2026-05-18 11:01:22 EDT"
"Richmond","California","aggravated_assault","Jan - Mar 2026",997,812,-18.555667001003,231,193,209,-9.52380952380952,8.29015544041451,113418,1,"2026-05-18 11:01:22 EDT"
"Richmond","California","burglary","Jan - Mar 2026",303,360,18.8118811881188,71,86,102,43.6619718309859,18.6046511627907,113418,1,"2026-05-18 11:01:22 EDT"
"Richmond","California","motor_vehicle_theft","Jan - Mar 2026",1139,863,-24.2317822651449,295,217,282,-4.40677966101695,29.9539170506912,113418,1,"2026-05-18 11:01:22 EDT"
"Richmond","California","murder","Jan - Mar 2026",11,6,-45.4545454545455,3,0,0,-100,NA,113418,1,"2026-05-18 11:01:22 EDT"
"Richmond","California","property_crime","Jan - Mar 2026",3183,2652,-16.6823751178134,788,671,889,12.8172588832487,32.4888226527571,113418,1,"2026-05-18 11:01:22 EDT"
"Richmond","California","rape","Jan - Mar 2026",104,139,33.6538461538462,24,27,40,66.6666666666667,48.1481481481481,113418,1,"2026-05-18 11:01:22 EDT"
"Richmond","California","robbery","Jan - Mar 2026",334,251,-24.8502994011976,89,81,58,-34.8314606741573,-28.3950617283951,113418,1,"2026-05-18 11:01:22 EDT"
"Richmond","California","theft","Jan - Mar 2026",1741,1429,-17.9207352096496,422,368,505,19.6682464454976,37.2282608695652,113418,1,"2026-05-18 11:01:22 EDT"
"Richmond","California","violent_crime","Jan - Mar 2026",1446,1208,-16.4591977869986,347,301,307,-11.5273775216138,1.99335548172757,113418,1,"2026-05-18 11:01:22 EDT"
"Richmond","Virginia","aggravated_assault","Jan - Mar 2026",532,633,18.984962406015,95,126,154,62.1052631578947,22.2222222222222,231805,1,"2026-05-18 11:01:22 EDT"
"Richmond","Virginia","burglary","Jan - Mar 2026",721,543,-24.6879334257975,176,123,125,-28.9772727272727,1.6260162601626,231805,1,"2026-05-18 11:01:22 EDT"
"Richmond","Virginia","motor_vehicle_theft","Jan - Mar 2026",1462,853,-41.6552667578659,404,192,171,-57.6732673267327,-10.9375,231805,1,"2026-05-18 11:01:22 EDT"
"Richmond","Virginia","murder","Jan - Mar 2026",53,54,1.88679245283019,12,15,6,-50,-60,231805,1,"2026-05-18 11:01:22 EDT"
"Richmond","Virginia","property_crime","Jan - Mar 2026",9235,7931,-14.1201949106659,2256,1861,1866,-17.2872340425532,0.268672756582483,231805,1,"2026-05-18 11:01:22 EDT"
"Richmond","Virginia","rape","Jan - Mar 2026",73,61,-16.4383561643836,13,12,10,-23.0769230769231,-16.6666666666667,231805,1,"2026-05-18 11:01:22 EDT"
"Richmond","Virginia","robbery","Jan - Mar 2026",274,266,-2.91970802919708,79,64,37,-53.1645569620253,-42.1875,231805,1,"2026-05-18 11:01:22 EDT"
"Richmond","Virginia","theft","Jan - Mar 2026",7052,6535,-7.33125354509359,1676,1546,1570,-6.32458233890215,1.55239327296248,231805,1,"2026-05-18 11:01:22 EDT"
"Richmond","Virginia","violent_crime","Jan - Mar 2026",932,1014,8.79828326180258,199,217,207,4.02010050251256,-4.60829493087558,231805,1,"2026-05-18 11:01:22 EDT"
"Riverside","California","aggravated_assault","Jan - Mar 2026",1324,1277,-3.54984894259819,269,274,325,20.817843866171,18.6131386861314,320148,1,"2026-05-18 11:01:22 EDT"
"Riverside","California","burglary","Jan - Mar 2026",1273,884,-30.5577376276512,347,230,194,-44.0922190201729,-15.6521739130435,320148,1,"2026-05-18 11:01:22 EDT"
"Riverside","California","motor_vehicle_theft","Jan - Mar 2026",1447,1023,-29.30200414651,308,292,168,-45.4545454545455,-42.4657534246575,320148,1,"2026-05-18 11:01:22 EDT"
"Riverside","California","murder","Jan - Mar 2026",10,12,20,3,3,2,-33.3333333333333,-33.3333333333333,320148,1,"2026-05-18 11:01:22 EDT"
"Riverside","California","property_crime","Jan - Mar 2026",9148,7022,-23.2400524704854,2282,1902,1673,-26.6871165644172,-12.0399579390116,320148,1,"2026-05-18 11:01:22 EDT"
"Riverside","California","rape","Jan - Mar 2026",173,128,-26.0115606936416,45,32,26,-42.2222222222222,-18.75,320148,1,"2026-05-18 11:01:22 EDT"
"Riverside","California","robbery","Jan - Mar 2026",385,313,-18.7012987012987,77,81,78,1.2987012987013,-3.7037037037037,320148,1,"2026-05-18 11:01:22 EDT"
"Riverside","California","theft","Jan - Mar 2026",6428,5115,-20.42626011201,1627,1380,1311,-19.4222495390289,-5,320148,1,"2026-05-18 11:01:22 EDT"
"Riverside","California","violent_crime","Jan - Mar 2026",1892,1730,-8.56236786469345,394,390,431,9.39086294416244,10.5128205128205,320148,1,"2026-05-18 11:01:22 EDT"
"Roanoke","Virginia","aggravated_assault","Jan - Mar 2026",427,372,-12.8805620608899,85,92,61,-28.2352941176471,-33.695652173913,97027,1,"2026-05-18 11:01:22 EDT"
"Roanoke","Virginia","burglary","Jan - Mar 2026",376,320,-14.8936170212766,78,81,68,-12.8205128205128,-16.0493827160494,97027,1,"2026-05-18 11:01:22 EDT"
"Roanoke","Virginia","motor_vehicle_theft","Jan - Mar 2026",390,314,-19.4871794871795,82,86,44,-46.3414634146341,-48.8372093023256,97027,1,"2026-05-18 11:01:22 EDT"
"Roanoke","Virginia","murder","Jan - Mar 2026",11,12,9.09090909090909,2,5,7,250,40,97027,1,"2026-05-18 11:01:22 EDT"
"Roanoke","Virginia","property_crime","Jan - Mar 2026",3995,3402,-14.8435544430538,847,793,619,-26.9185360094451,-21.9419924337957,97027,1,"2026-05-18 11:01:22 EDT"
"Roanoke","Virginia","rape","Jan - Mar 2026",84,56,-33.3333333333333,18,14,6,-66.6666666666667,-57.1428571428571,97027,1,"2026-05-18 11:01:22 EDT"
"Roanoke","Virginia","robbery","Jan - Mar 2026",92,105,14.1304347826087,16,21,12,-25,-42.8571428571429,97027,1,"2026-05-18 11:01:22 EDT"
"Roanoke","Virginia","theft","Jan - Mar 2026",3229,2768,-14.2768659027563,687,626,507,-26.2008733624454,-19.0095846645367,97027,1,"2026-05-18 11:01:22 EDT"
"Roanoke","Virginia","violent_crime","Jan - Mar 2026",614,545,-11.2377850162866,121,132,86,-28.9256198347107,-34.8484848484849,97027,1,"2026-05-18 11:01:22 EDT"
"Rochester","Minnesota","aggravated_assault","Jan - Mar 2026",120,135,12.5,22,14,24,9.09090909090909,71.4285714285714,122694,1,"2026-05-18 11:01:22 EDT"
"Rochester","Minnesota","burglary","Jan - Mar 2026",217,196,-9.67741935483871,57,52,34,-40.3508771929825,-34.6153846153846,122694,1,"2026-05-18 11:01:22 EDT"
"Rochester","Minnesota","motor_vehicle_theft","Jan - Mar 2026",115,68,-40.8695652173913,25,13,15,-40,15.3846153846154,122694,1,"2026-05-18 11:01:22 EDT"
"Rochester","Minnesota","murder","Jan - Mar 2026",5,1,-80,1,0,1,0,Inf,122694,1,"2026-05-18 11:01:22 EDT"
"Rochester","Minnesota","property_crime","Jan - Mar 2026",1710,1704,-0.350877192982456,424,314,324,-23.5849056603774,3.18471337579618,122694,1,"2026-05-18 11:01:22 EDT"
"Rochester","Minnesota","rape","Jan - Mar 2026",32,41,28.125,10,8,12,20,50,122694,1,"2026-05-18 11:01:22 EDT"
"Rochester","Minnesota","robbery","Jan - Mar 2026",32,33,3.125,7,6,5,-28.5714285714286,-16.6666666666667,122694,1,"2026-05-18 11:01:22 EDT"
"Rochester","Minnesota","theft","Jan - Mar 2026",1378,1440,4.49927431059506,342,249,275,-19.5906432748538,10.4417670682731,122694,1,"2026-05-18 11:01:22 EDT"
"Rochester","Minnesota","violent_crime","Jan - Mar 2026",189,210,11.1111111111111,40,28,42,5,50,122694,1,"2026-05-18 11:01:22 EDT"
"Rochester","New York","aggravated_assault","Jan - Mar 2026",904,919,1.65929203539823,204,219,164,-19.6078431372549,-25.1141552511416,206093,1,"2026-05-18 11:01:22 EDT"
"Rochester","New York","burglary","Jan - Mar 2026",939,716,-23.7486687965921,238,223,68,-71.4285714285714,-69.5067264573991,206093,1,"2026-05-18 11:01:22 EDT"
"Rochester","New York","motor_vehicle_theft","Jan - Mar 2026",2096,1738,-17.0801526717557,453,531,255,-43.7086092715232,-51.9774011299435,206093,1,"2026-05-18 11:01:22 EDT"
"Rochester","New York","murder","Jan - Mar 2026",39,31,-20.5128205128205,7,8,2,-71.4285714285714,-75,206093,1,"2026-05-18 11:01:22 EDT"
"Rochester","New York","property_crime","Jan - Mar 2026",7103,5998,-15.5568069829649,1566,1527,1033,-34.0357598978289,-32.3510150622135,206093,1,"2026-05-18 11:01:22 EDT"
"Rochester","New York","rape","Jan - Mar 2026",0,0,NA,0,0,0,NA,NA,206093,1,"2026-05-18 11:01:22 EDT"
"Rochester","New York","robbery","Jan - Mar 2026",426,314,-26.2910798122066,107,96,45,-57.9439252336449,-53.125,206093,1,"2026-05-18 11:01:22 EDT"
"Rochester","New York","theft","Jan - Mar 2026",4068,3544,-12.8810226155359,875,773,710,-18.8571428571429,-8.15006468305304,206093,1,"2026-05-18 11:01:22 EDT"
"Rochester","New York","violent_crime","Jan - Mar 2026",1369,1264,-7.66983199415632,318,323,211,-33.6477987421384,-34.6749226006192,206093,1,"2026-05-18 11:01:22 EDT"
"Rochester Hills","Michigan","aggravated_assault","Jan - Mar 2026",62,34,-45.1612903225806,11,7,11,0,57.1428571428571,75845,1,"2026-05-18 11:01:22 EDT"
"Rochester Hills","Michigan","burglary","Jan - Mar 2026",39,23,-41.025641025641,13,8,2,-84.6153846153846,-75,75845,1,"2026-05-18 11:01:22 EDT"
"Rochester Hills","Michigan","motor_vehicle_theft","Jan - Mar 2026",45,30,-33.3333333333333,14,3,15,7.14285714285714,400,75845,1,"2026-05-18 11:01:22 EDT"
"Rochester Hills","Michigan","murder","Jan - Mar 2026",1,1,0,0,0,0,NA,NA,75845,1,"2026-05-18 11:01:22 EDT"
"Rochester Hills","Michigan","property_crime","Jan - Mar 2026",404,500,23.7623762376238,87,104,93,6.89655172413793,-10.5769230769231,75845,1,"2026-05-18 11:01:22 EDT"
"Rochester Hills","Michigan","rape","Jan - Mar 2026",5,10,100,2,3,0,-100,-100,75845,1,"2026-05-18 11:01:22 EDT"
"Rochester Hills","Michigan","robbery","Jan - Mar 2026",0,4,Inf,0,0,0,NA,NA,75845,1,"2026-05-18 11:01:22 EDT"
"Rochester Hills","Michigan","theft","Jan - Mar 2026",320,447,39.6875,60,93,76,26.6666666666667,-18.2795698924731,75845,1,"2026-05-18 11:01:22 EDT"
"Rochester Hills","Michigan","violent_crime","Jan - Mar 2026",68,49,-27.9411764705882,13,10,11,-15.3846153846154,10,75845,1,"2026-05-18 11:01:22 EDT"
"Rock Hill","South Carolina","aggravated_assault","Jan - Mar 2026",272,255,-6.25,56,69,34,-39.2857142857143,-50.7246376811594,75975,1,"2026-05-18 11:01:22 EDT"
"Rock Hill","South Carolina","burglary","Jan - Mar 2026",208,164,-21.1538461538462,39,64,54,38.4615384615385,-15.625,75975,1,"2026-05-18 11:01:22 EDT"
"Rock Hill","South Carolina","motor_vehicle_theft","Jan - Mar 2026",202,161,-20.2970297029703,48,29,29,-39.5833333333333,0,75975,1,"2026-05-18 11:01:22 EDT"
"Rock Hill","South Carolina","murder","Jan - Mar 2026",9,3,-66.6666666666667,0,0,2,Inf,Inf,75975,1,"2026-05-18 11:01:22 EDT"
"Rock Hill","South Carolina","property_crime","Jan - Mar 2026",1788,1658,-7.27069351230425,407,373,362,-11.0565110565111,-2.94906166219839,75975,1,"2026-05-18 11:01:22 EDT"
"Rock Hill","South Carolina","rape","Jan - Mar 2026",25,21,-16,2,6,8,300,33.3333333333333,75975,1,"2026-05-18 11:01:22 EDT"
"Rock Hill","South Carolina","robbery","Jan - Mar 2026",30,19,-36.6666666666667,11,8,6,-45.4545454545455,-25,75975,1,"2026-05-18 11:01:22 EDT"
"Rock Hill","South Carolina","theft","Jan - Mar 2026",1378,1333,-3.2656023222061,320,280,279,-12.8125,-0.357142857142857,75975,1,"2026-05-18 11:01:22 EDT"
"Rock Hill","South Carolina","violent_crime","Jan - Mar 2026",336,298,-11.3095238095238,69,83,50,-27.536231884058,-39.7590361445783,75975,1,"2026-05-18 11:01:22 EDT"
"Rockford","Illinois","aggravated_assault","Jan - Mar 2026",1309,1099,-16.0427807486631,284,236,226,-20.4225352112676,-4.23728813559322,145280,1,"2026-05-18 11:01:22 EDT"
"Rockford","Illinois","burglary","Jan - Mar 2026",944,433,-54.1313559322034,213,105,70,-67.1361502347418,-33.3333333333333,145280,1,"2026-05-18 11:01:22 EDT"
"Rockford","Illinois","motor_vehicle_theft","Jan - Mar 2026",658,812,23.4042553191489,122,153,76,-37.7049180327869,-50.3267973856209,145280,1,"2026-05-18 11:01:22 EDT"
"Rockford","Illinois","murder","Jan - Mar 2026",19,11,-42.1052631578947,5,2,1,-80,-50,145280,1,"2026-05-18 11:01:22 EDT"
"Rockford","Illinois","property_crime","Jan - Mar 2026",3873,3895,0.568035114898012,835,841,694,-16.8862275449102,-17.4791914387634,145280,1,"2026-05-18 11:01:22 EDT"
"Rockford","Illinois","rape","Jan - Mar 2026",102,103,0.980392156862745,18,26,22,22.2222222222222,-15.3846153846154,145280,1,"2026-05-18 11:01:22 EDT"
"Rockford","Illinois","robbery","Jan - Mar 2026",157,124,-21.0191082802548,34,28,29,-14.7058823529412,3.57142857142857,145280,1,"2026-05-18 11:01:22 EDT"
"Rockford","Illinois","theft","Jan - Mar 2026",2271,2650,16.6886833993835,500,583,548,9.6,-6.00343053173242,145280,1,"2026-05-18 11:01:22 EDT"
"Rockford","Illinois","violent_crime","Jan - Mar 2026",1587,1337,-15.752993068683,341,292,278,-18.475073313783,-4.79452054794521,145280,1,"2026-05-18 11:01:22 EDT"
"Rocklin","California","aggravated_assault","Jan - Mar 2026",83,63,-24.0963855421687,29,10,15,-48.2758620689655,50,74048,1,"2026-05-18 11:01:22 EDT"
"Rocklin","California","burglary","Jan - Mar 2026",54,46,-14.8148148148148,10,6,11,10,83.3333333333333,74048,1,"2026-05-18 11:01:22 EDT"
"Rocklin","California","motor_vehicle_theft","Jan - Mar 2026",44,37,-15.9090909090909,18,8,11,-38.8888888888889,37.5,74048,1,"2026-05-18 11:01:22 EDT"
"Rocklin","California","murder","Jan - Mar 2026",1,0,-100,1,0,0,-100,NA,74048,1,"2026-05-18 11:01:22 EDT"
"Rocklin","California","property_crime","Jan - Mar 2026",674,619,-8.16023738872404,204,143,141,-30.8823529411765,-1.3986013986014,74048,1,"2026-05-18 11:01:22 EDT"
"Rocklin","California","rape","Jan - Mar 2026",26,24,-7.69230769230769,6,4,2,-66.6666666666667,-50,74048,1,"2026-05-18 11:01:22 EDT"
"Rocklin","California","robbery","Jan - Mar 2026",13,3,-76.9230769230769,4,0,2,-50,Inf,74048,1,"2026-05-18 11:01:22 EDT"
"Rocklin","California","theft","Jan - Mar 2026",576,536,-6.94444444444444,176,129,119,-32.3863636363636,-7.75193798449612,74048,1,"2026-05-18 11:01:22 EDT"
"Rocklin","California","violent_crime","Jan - Mar 2026",123,90,-26.8292682926829,40,14,19,-52.5,35.7142857142857,74048,1,"2026-05-18 11:01:22 EDT"
"Rockwall","Texas","aggravated_assault","Jan - Mar 2026",62,45,-27.4193548387097,17,6,10,-41.1764705882353,66.6666666666667,54765,1,"2026-05-18 11:01:22 EDT"
"Rockwall","Texas","burglary","Jan - Mar 2026",64,31,-51.5625,21,8,3,-85.7142857142857,-62.5,54765,1,"2026-05-18 11:01:22 EDT"
"Rockwall","Texas","motor_vehicle_theft","Jan - Mar 2026",47,29,-38.2978723404255,8,6,6,-25,0,54765,1,"2026-05-18 11:01:22 EDT"
"Rockwall","Texas","murder","Jan - Mar 2026",1,0,-100,0,0,0,NA,NA,54765,1,"2026-05-18 11:01:22 EDT"
"Rockwall","Texas","property_crime","Jan - Mar 2026",754,554,-26.525198938992,177,129,104,-41.2429378531073,-19.3798449612403,54765,1,"2026-05-18 11:01:22 EDT"
"Rockwall","Texas","rape","Jan - Mar 2026",9,9,0,0,2,4,Inf,100,54765,1,"2026-05-18 11:01:22 EDT"
"Rockwall","Texas","robbery","Jan - Mar 2026",8,7,-12.5,1,2,2,100,0,54765,1,"2026-05-18 11:01:22 EDT"
"Rockwall","Texas","theft","Jan - Mar 2026",643,494,-23.1726283048211,148,115,95,-35.8108108108108,-17.3913043478261,54765,1,"2026-05-18 11:01:22 EDT"
"Rockwall","Texas","violent_crime","Jan - Mar 2026",80,61,-23.75,18,10,16,-11.1111111111111,60,54765,1,"2026-05-18 11:01:22 EDT"
"Rocky Mount","North Carolina","aggravated_assault","Jan - Mar 2026",302,297,-1.65562913907285,61,41,70,14.7540983606557,70.7317073170732,39008,1,"2026-05-18 11:01:22 EDT"
"Rocky Mount","North Carolina","burglary","Jan - Mar 2026",380,340,-10.5263157894737,73,90,52,-28.7671232876712,-42.2222222222222,39008,1,"2026-05-18 11:01:22 EDT"
"Rocky Mount","North Carolina","motor_vehicle_theft","Jan - Mar 2026",217,154,-29.0322580645161,45,42,25,-44.4444444444444,-40.4761904761905,39008,1,"2026-05-18 11:01:22 EDT"
"Rocky Mount","North Carolina","murder","Jan - Mar 2026",7,15,114.285714285714,0,5,4,Inf,-20,39008,1,"2026-05-18 11:01:22 EDT"
"Rocky Mount","North Carolina","property_crime","Jan - Mar 2026",2201,1885,-14.3571104043617,493,416,349,-29.2089249492901,-16.1057692307692,39008,1,"2026-05-18 11:01:22 EDT"
"Rocky Mount","North Carolina","rape","Jan - Mar 2026",21,16,-23.8095238095238,5,6,2,-60,-66.6666666666667,39008,1,"2026-05-18 11:01:22 EDT"
"Rocky Mount","North Carolina","robbery","Jan - Mar 2026",85,52,-38.8235294117647,26,9,18,-30.7692307692308,100,39008,1,"2026-05-18 11:01:22 EDT"
"Rocky Mount","North Carolina","theft","Jan - Mar 2026",1604,1391,-13.2793017456359,375,284,272,-27.4666666666667,-4.22535211267606,39008,1,"2026-05-18 11:01:22 EDT"
"Rocky Mount","North Carolina","violent_crime","Jan - Mar 2026",415,380,-8.43373493975904,92,61,94,2.17391304347826,54.0983606557377,39008,1,"2026-05-18 11:01:22 EDT"
"Roseville","California","aggravated_assault","Jan - Mar 2026",183,197,7.65027322404372,45,28,35,-22.2222222222222,25,162841,1,"2026-05-18 11:01:22 EDT"
"Roseville","California","burglary","Jan - Mar 2026",229,197,-13.9737991266376,84,52,45,-46.4285714285714,-13.4615384615385,162841,1,"2026-05-18 11:01:22 EDT"
"Roseville","California","motor_vehicle_theft","Jan - Mar 2026",168,129,-23.2142857142857,49,38,36,-26.530612244898,-5.26315789473684,162841,1,"2026-05-18 11:01:22 EDT"
"Roseville","California","murder","Jan - Mar 2026",2,3,50,1,1,0,-100,-100,162841,1,"2026-05-18 11:01:22 EDT"
"Roseville","California","property_crime","Jan - Mar 2026",2328,2106,-9.5360824742268,568,597,403,-29.0492957746479,-32.4958123953099,162841,1,"2026-05-18 11:01:22 EDT"
"Roseville","California","rape","Jan - Mar 2026",65,43,-33.8461538461538,18,10,8,-55.5555555555556,-20,162841,1,"2026-05-18 11:01:22 EDT"
"Roseville","California","robbery","Jan - Mar 2026",112,75,-33.0357142857143,36,15,18,-50,20,162841,1,"2026-05-18 11:01:22 EDT"
"Roseville","California","theft","Jan - Mar 2026",1931,1780,-7.819782496116,435,507,322,-25.9770114942529,-36.4891518737673,162841,1,"2026-05-18 11:01:22 EDT"
"Roseville","California","violent_crime","Jan - Mar 2026",362,318,-12.1546961325967,100,54,61,-39,12.962962962963,162841,1,"2026-05-18 11:01:22 EDT"
"Roswell","Georgia","aggravated_assault","Jan - Mar 2026",105,74,-29.5238095238095,33,24,15,-54.5454545454545,-37.5,91789,1,"2026-05-18 11:01:22 EDT"
"Roswell","Georgia","burglary","Jan - Mar 2026",95,65,-31.5789473684211,29,14,11,-62.0689655172414,-21.4285714285714,91789,1,"2026-05-18 11:01:22 EDT"
"Roswell","Georgia","motor_vehicle_theft","Jan - Mar 2026",58,53,-8.62068965517241,13,16,10,-23.0769230769231,-37.5,91789,1,"2026-05-18 11:01:22 EDT"
"Roswell","Georgia","murder","Jan - Mar 2026",2,1,-50,0,0,0,NA,NA,91789,1,"2026-05-18 11:01:22 EDT"
"Roswell","Georgia","property_crime","Jan - Mar 2026",936,699,-25.3205128205128,256,198,140,-45.3125,-29.2929292929293,91789,1,"2026-05-18 11:01:22 EDT"
"Roswell","Georgia","rape","Jan - Mar 2026",18,16,-11.1111111111111,3,5,3,0,-40,91789,1,"2026-05-18 11:01:22 EDT"
"Roswell","Georgia","robbery","Jan - Mar 2026",23,11,-52.1739130434783,8,3,2,-75,-33.3333333333333,91789,1,"2026-05-18 11:01:22 EDT"
"Roswell","Georgia","theft","Jan - Mar 2026",783,581,-25.7982120051086,214,168,119,-44.392523364486,-29.1666666666667,91789,1,"2026-05-18 11:01:22 EDT"
"Roswell","Georgia","violent_crime","Jan - Mar 2026",148,102,-31.0810810810811,44,32,20,-54.5454545454545,-37.5,91789,1,"2026-05-18 11:01:22 EDT"
"Round Rock","Texas","aggravated_assault","Jan - Mar 2026",108,110,1.85185185185185,33,21,22,-33.3333333333333,4.76190476190476,131980,1,"2026-05-18 11:01:22 EDT"
"Round Rock","Texas","burglary","Jan - Mar 2026",229,166,-27.5109170305677,65,38,30,-53.8461538461538,-21.0526315789474,131980,1,"2026-05-18 11:01:22 EDT"
"Round Rock","Texas","motor_vehicle_theft","Jan - Mar 2026",188,123,-34.5744680851064,33,32,28,-15.1515151515152,-12.5,131980,1,"2026-05-18 11:01:22 EDT"
"Round Rock","Texas","murder","Jan - Mar 2026",2,3,50,0,0,0,NA,NA,131980,1,"2026-05-18 11:01:22 EDT"
"Round Rock","Texas","property_crime","Jan - Mar 2026",2609,2005,-23.1506324262169,543,528,397,-26.8876611418048,-24.8106060606061,131980,1,"2026-05-18 11:01:22 EDT"
"Round Rock","Texas","rape","Jan - Mar 2026",39,43,10.2564102564103,5,11,13,160,18.1818181818182,131980,1,"2026-05-18 11:01:22 EDT"
"Round Rock","Texas","robbery","Jan - Mar 2026",23,17,-26.0869565217391,7,8,3,-57.1428571428571,-62.5,131980,1,"2026-05-18 11:01:22 EDT"
"Round Rock","Texas","theft","Jan - Mar 2026",2192,1716,-21.7153284671533,445,458,339,-23.8202247191011,-25.9825327510917,131980,1,"2026-05-18 11:01:22 EDT"
"Round Rock","Texas","violent_crime","Jan - Mar 2026",172,173,0.581395348837209,45,40,38,-15.5555555555556,-5,131980,1,"2026-05-18 11:01:22 EDT"
"Rowlett","Texas","aggravated_assault","Jan - Mar 2026",76,78,2.63157894736842,16,14,26,62.5,85.7142857142857,60558,1,"2026-05-18 11:01:22 EDT"
"Rowlett","Texas","burglary","Jan - Mar 2026",73,68,-6.84931506849315,11,21,8,-27.2727272727273,-61.9047619047619,60558,1,"2026-05-18 11:01:22 EDT"
"Rowlett","Texas","motor_vehicle_theft","Jan - Mar 2026",84,43,-48.8095238095238,26,13,7,-73.0769230769231,-46.1538461538462,60558,1,"2026-05-18 11:01:22 EDT"
"Rowlett","Texas","murder","Jan - Mar 2026",0,1,Inf,0,0,0,NA,NA,60558,1,"2026-05-18 11:01:22 EDT"
"Rowlett","Texas","property_crime","Jan - Mar 2026",905,799,-11.7127071823204,217,193,152,-29.9539170506912,-21.2435233160622,60558,1,"2026-05-18 11:01:22 EDT"
"Rowlett","Texas","rape","Jan - Mar 2026",18,20,11.1111111111111,6,7,5,-16.6666666666667,-28.5714285714286,60558,1,"2026-05-18 11:01:22 EDT"
"Rowlett","Texas","robbery","Jan - Mar 2026",11,10,-9.09090909090909,2,2,1,-50,-50,60558,1,"2026-05-18 11:01:22 EDT"
"Rowlett","Texas","theft","Jan - Mar 2026",748,688,-8.02139037433155,180,159,137,-23.8888888888889,-13.8364779874214,60558,1,"2026-05-18 11:01:22 EDT"
"Rowlett","Texas","violent_crime","Jan - Mar 2026",105,109,3.80952380952381,24,23,32,33.3333333333333,39.1304347826087,60558,1,"2026-05-18 11:01:22 EDT"
"Royal Oak","Michigan","aggravated_assault","Jan - Mar 2026",61,73,19.672131147541,13,19,9,-30.7692307692308,-52.6315789473684,57257,1,"2026-05-18 11:01:22 EDT"
"Royal Oak","Michigan","burglary","Jan - Mar 2026",37,25,-32.4324324324324,8,6,3,-62.5,-50,57257,1,"2026-05-18 11:01:22 EDT"
"Royal Oak","Michigan","motor_vehicle_theft","Jan - Mar 2026",68,56,-17.6470588235294,18,14,8,-55.5555555555556,-42.8571428571429,57257,1,"2026-05-18 11:01:22 EDT"
"Royal Oak","Michigan","murder","Jan - Mar 2026",0,3,Inf,0,0,0,NA,NA,57257,1,"2026-05-18 11:01:22 EDT"
"Royal Oak","Michigan","property_crime","Jan - Mar 2026",461,431,-6.50759219088937,104,84,82,-21.1538461538462,-2.38095238095238,57257,1,"2026-05-18 11:01:22 EDT"
"Royal Oak","Michigan","rape","Jan - Mar 2026",5,5,0,1,2,0,-100,-100,57257,1,"2026-05-18 11:01:22 EDT"
"Royal Oak","Michigan","robbery","Jan - Mar 2026",7,6,-14.2857142857143,0,3,2,Inf,-33.3333333333333,57257,1,"2026-05-18 11:01:22 EDT"
"Royal Oak","Michigan","theft","Jan - Mar 2026",356,350,-1.68539325842697,78,64,71,-8.97435897435897,10.9375,57257,1,"2026-05-18 11:01:22 EDT"
"Royal Oak","Michigan","violent_crime","Jan - Mar 2026",73,87,19.1780821917808,14,24,11,-21.4285714285714,-54.1666666666667,57257,1,"2026-05-18 11:01:22 EDT"
"Rutherford County","Tennessee","aggravated_assault","Jan - Mar 2026",216,202,-6.48148148148148,50,38,44,-12,15.7894736842105,107845,1,"2026-05-18 11:01:22 EDT"
"Rutherford County","Tennessee","burglary","Jan - Mar 2026",74,67,-9.45945945945946,19,19,6,-68.4210526315789,-68.4210526315789,107845,1,"2026-05-18 11:01:22 EDT"
"Rutherford County","Tennessee","motor_vehicle_theft","Jan - Mar 2026",62,58,-6.45161290322581,18,15,14,-22.2222222222222,-6.66666666666667,107845,1,"2026-05-18 11:01:22 EDT"
"Rutherford County","Tennessee","murder","Jan - Mar 2026",0,2,Inf,0,0,1,Inf,Inf,107845,1,"2026-05-18 11:01:22 EDT"
"Rutherford County","Tennessee","property_crime","Jan - Mar 2026",429,372,-13.2867132867133,117,108,58,-50.4273504273504,-46.2962962962963,107845,1,"2026-05-18 11:01:22 EDT"
"Rutherford County","Tennessee","rape","Jan - Mar 2026",26,31,19.2307692307692,3,8,4,33.3333333333333,-50,107845,1,"2026-05-18 11:01:22 EDT"
"Rutherford County","Tennessee","robbery","Jan - Mar 2026",2,7,250,1,1,0,-100,-100,107845,1,"2026-05-18 11:01:22 EDT"
"Rutherford County","Tennessee","theft","Jan - Mar 2026",293,247,-15.6996587030717,80,74,38,-52.5,-48.6486486486487,107845,1,"2026-05-18 11:01:22 EDT"
"Rutherford County","Tennessee","violent_crime","Jan - Mar 2026",244,242,-0.819672131147541,54,47,49,-9.25925925925926,4.25531914893617,107845,1,"2026-05-18 11:01:22 EDT"
"Sacramento","California","aggravated_assault","Jan - Mar 2026",2402,2404,0.0832639467110741,513,554,542,5.65302144249513,-2.16606498194946,526670,1,"2026-05-18 11:01:22 EDT"
"Sacramento","California","burglary","Jan - Mar 2026",2188,2052,-6.21572212065814,550,535,506,-8,-5.42056074766355,526670,1,"2026-05-18 11:01:22 EDT"
"Sacramento","California","motor_vehicle_theft","Jan - Mar 2026",2761,2223,-19.4856935892792,789,591,451,-42.8390367553866,-23.6886632825719,526670,1,"2026-05-18 11:01:22 EDT"
"Sacramento","California","murder","Jan - Mar 2026",45,41,-8.88888888888889,11,6,11,0,83.3333333333333,526670,1,"2026-05-18 11:01:22 EDT"
"Sacramento","California","property_crime","Jan - Mar 2026",13398,12004,-10.4045379907449,3562,3080,2490,-30.0954519932622,-19.1558441558442,526670,1,"2026-05-18 11:01:22 EDT"
"Sacramento","California","rape","Jan - Mar 2026",165,137,-16.969696969697,36,27,38,5.55555555555556,40.7407407407407,526670,1,"2026-05-18 11:01:22 EDT"
"Sacramento","California","robbery","Jan - Mar 2026",1016,883,-13.0905511811024,266,214,211,-20.6766917293233,-1.4018691588785,526670,1,"2026-05-18 11:01:22 EDT"
"Sacramento","California","theft","Jan - Mar 2026",8449,7729,-8.52171854657356,2223,1954,1533,-31.0391363022942,-21.5455475946776,526670,1,"2026-05-18 11:01:22 EDT"
"Sacramento","California","violent_crime","Jan - Mar 2026",3628,3465,-4.49283351708931,826,801,802,-2.90556900726392,0.124843945068664,526670,1,"2026-05-18 11:01:22 EDT"
"Sacramento County","California","aggravated_assault","Jan - Mar 2026",1989,2024,1.75967823026647,476,375,562,18.0672268907563,49.8666666666667,621675,1,"2026-05-18 11:01:22 EDT"
"Sacramento County","California","burglary","Jan - Mar 2026",2939,2382,-18.9520244981286,544,534,542,-0.367647058823529,1.49812734082397,621675,1,"2026-05-18 11:01:22 EDT"
"Sacramento County","California","motor_vehicle_theft","Jan - Mar 2026",97,77,-20.6185567010309,38,24,19,-50,-20.8333333333333,621675,1,"2026-05-18 11:01:22 EDT"
"Sacramento County","California","murder","Jan - Mar 2026",29,12,-58.6206896551724,5,4,6,20,50,621675,1,"2026-05-18 11:01:22 EDT"
"Sacramento County","California","property_crime","Jan - Mar 2026",8735,8066,-7.65884373211219,2015,1897,1908,-5.31017369727047,0.579862941486558,621675,1,"2026-05-18 11:01:22 EDT"
"Sacramento County","California","rape","Jan - Mar 2026",196,232,18.3673469387755,51,50,47,-7.84313725490196,-6,621675,1,"2026-05-18 11:01:22 EDT"
"Sacramento County","California","robbery","Jan - Mar 2026",629,586,-6.8362480127186,150,155,162,8,4.51612903225806,621675,1,"2026-05-18 11:01:22 EDT"
"Sacramento County","California","theft","Jan - Mar 2026",5699,5607,-1.6143183014564,1433,1339,1347,-6.00139567341242,0.597460791635549,621675,1,"2026-05-18 11:01:22 EDT"
"Sacramento County","California","violent_crime","Jan - Mar 2026",2843,2854,0.386915230390433,682,584,777,13.9296187683284,33.0479452054795,621675,1,"2026-05-18 11:01:22 EDT"
"Salem","Oregon","aggravated_assault","Jan - Mar 2026",625,549,-12.16,131,115,106,-19.0839694656489,-7.82608695652174,147346,1,"2026-05-18 11:01:22 EDT"
"Salem","Oregon","burglary","Jan - Mar 2026",755,567,-24.9006622516556,157,160,83,-47.1337579617834,-48.125,147346,1,"2026-05-18 11:01:22 EDT"
"Salem","Oregon","motor_vehicle_theft","Jan - Mar 2026",720,518,-28.0555555555556,190,173,84,-55.7894736842105,-51.4450867052023,147346,1,"2026-05-18 11:01:22 EDT"
"Salem","Oregon","murder","Jan - Mar 2026",8,4,-50,3,1,0,-100,-100,147346,1,"2026-05-18 11:01:22 EDT"
"Salem","Oregon","property_crime","Jan - Mar 2026",5404,4544,-15.9141376757957,1490,1231,729,-51.0738255033557,-40.7798537774167,147346,1,"2026-05-18 11:01:22 EDT"
"Salem","Oregon","rape","Jan - Mar 2026",71,65,-8.45070422535211,21,14,12,-42.8571428571429,-14.2857142857143,147346,1,"2026-05-18 11:01:22 EDT"
"Salem","Oregon","robbery","Jan - Mar 2026",163,149,-8.58895705521472,30,34,39,30,14.7058823529412,147346,1,"2026-05-18 11:01:22 EDT"
"Salem","Oregon","theft","Jan - Mar 2026",3929,3459,-11.9623313820311,1143,898,562,-50.8311461067367,-37.4164810690423,147346,1,"2026-05-18 11:01:22 EDT"
"Salem","Oregon","violent_crime","Jan - Mar 2026",867,767,-11.5340253748558,185,164,157,-15.1351351351351,-4.26829268292683,147346,1,"2026-05-18 11:01:22 EDT"
"Salt Lake City","Utah","aggravated_assault","Jan - Feb 2026",938,937,-0.106609808102345,108,108,135,25,25,212675,1,"2026-05-18 11:01:22 EDT"
"Salt Lake City","Utah","burglary","Jan - Feb 2026",1139,1044,-8.34064969271291,150,160,125,-16.6666666666667,-21.875,212675,1,"2026-05-18 11:01:22 EDT"
"Salt Lake City","Utah","motor_vehicle_theft","Jan - Feb 2026",980,808,-17.5510204081633,162,153,102,-37.037037037037,-33.3333333333333,212675,1,"2026-05-18 11:01:22 EDT"
"Salt Lake City","Utah","murder","Jan - Feb 2026",11,8,-27.2727272727273,2,1,3,50,200,212675,1,"2026-05-18 11:01:22 EDT"
"Salt Lake City","Utah","property_crime","Jan - Feb 2026",0,0,NA,0,0,0,NA,NA,212675,1,"2026-05-18 11:01:22 EDT"
"Salt Lake City","Utah","rape","Jan - Feb 2026",271,341,25.830258302583,34,34,49,44.1176470588235,44.1176470588235,212675,1,"2026-05-18 11:01:22 EDT"
"Salt Lake City","Utah","robbery","Jan - Feb 2026",390,367,-5.8974358974359,50,50,35,-30,-30,212675,1,"2026-05-18 11:01:22 EDT"
"Salt Lake City","Utah","theft","Jan - Feb 2026",8873,8849,-0.270483489237011,1402,1232,1126,-19.6861626248217,-8.6038961038961,212675,1,"2026-05-18 11:01:22 EDT"
"Salt Lake City","Utah","violent_crime","Jan - Feb 2026",0,0,NA,0,0,0,NA,NA,212675,1,"2026-05-18 11:01:22 EDT"
"San Angelo","Texas","aggravated_assault","Jan - Mar 2026",167,209,25.1497005988024,38,33,40,5.26315789473684,21.2121212121212,98996,1,"2026-05-18 11:01:22 EDT"
"San Angelo","Texas","burglary","Jan - Mar 2026",389,341,-12.3393316195373,73,80,78,6.84931506849315,-2.5,98996,1,"2026-05-18 11:01:22 EDT"
"San Angelo","Texas","motor_vehicle_theft","Jan - Mar 2026",130,121,-6.92307692307692,25,30,38,52,26.6666666666667,98996,1,"2026-05-18 11:01:22 EDT"
"San Angelo","Texas","murder","Jan - Mar 2026",4,2,-50,2,0,4,100,Inf,98996,1,"2026-05-18 11:01:22 EDT"
"San Angelo","Texas","property_crime","Jan - Mar 2026",2473,2185,-11.6457743631217,565,484,498,-11.858407079646,2.89256198347107,98996,1,"2026-05-18 11:01:22 EDT"
"San Angelo","Texas","rape","Jan - Mar 2026",26,50,92.3076923076923,4,12,7,75,-41.6666666666667,98996,1,"2026-05-18 11:01:22 EDT"
"San Angelo","Texas","robbery","Jan - Mar 2026",21,25,19.047619047619,6,3,1,-83.3333333333333,-66.6666666666667,98996,1,"2026-05-18 11:01:22 EDT"
"San Angelo","Texas","theft","Jan - Mar 2026",1954,1723,-11.8219037871034,467,374,382,-18.2012847965739,2.13903743315508,98996,1,"2026-05-18 11:01:22 EDT"
"San Angelo","Texas","violent_crime","Jan - Mar 2026",218,286,31.1926605504587,50,48,52,4,8.33333333333333,98996,1,"2026-05-18 11:01:22 EDT"
"San Antonio","Texas","aggravated_assault","Jan - Mar 2026",6021,5495,-8.73609035044013,1392,1388,1268,-8.9080459770115,-8.64553314121038,1514448,1,"2026-05-18 11:01:22 EDT"
"San Antonio","Texas","burglary","Jan - Mar 2026",7537,7264,-3.62213082128168,1787,1856,1583,-11.4157806379407,-14.7090517241379,1514448,1,"2026-05-18 11:01:22 EDT"
"San Antonio","Texas","motor_vehicle_theft","Jan - Mar 2026",12759,9521,-25.3781644329493,4010,2338,1995,-50.2493765586035,-14.6706586826347,1514448,1,"2026-05-18 11:01:22 EDT"
"San Antonio","Texas","murder","Jan - Mar 2026",128,105,-17.96875,32,19,21,-34.375,10.5263157894737,1514448,1,"2026-05-18 11:01:22 EDT"
"San Antonio","Texas","property_crime","Jan - Mar 2026",70317,60463,-14.0136809022,18342,15160,13721,-25.193544869698,-9.49208443271768,1514448,1,"2026-05-18 11:01:22 EDT"
"San Antonio","Texas","rape","Jan - Mar 2026",1288,1220,-5.27950310559006,307,299,250,-18.5667752442997,-16.3879598662207,1514448,1,"2026-05-18 11:01:22 EDT"
"San Antonio","Texas","robbery","Jan - Mar 2026",1654,1379,-16.6263603385732,440,326,289,-34.3181818181818,-11.3496932515337,1514448,1,"2026-05-18 11:01:22 EDT"
"San Antonio","Texas","theft","Jan - Mar 2026",50021,43678,-12.6806741168709,12545,10966,10143,-19.1470705460343,-7.50501550246216,1514448,1,"2026-05-18 11:01:22 EDT"
"San Antonio","Texas","violent_crime","Jan - Mar 2026",9091,8199,-9.81190188098119,2171,2032,1828,-15.7991708889912,-10.0393700787402,1514448,1,"2026-05-18 11:01:22 EDT"
"San Bernardino","California","aggravated_assault","Jan - Mar 2026",1335,799,-40.1498127340824,297,304,323,8.75420875420875,6.25,224283,1,"2026-05-18 11:01:22 EDT"
"San Bernardino","California","burglary","Jan - Mar 2026",1021,509,-50.1469147894221,289,229,150,-48.0968858131488,-34.4978165938865,224283,1,"2026-05-18 11:01:22 EDT"
"San Bernardino","California","motor_vehicle_theft","Jan - Mar 2026",1716,733,-57.2843822843823,385,350,262,-31.9480519480519,-25.1428571428571,224283,1,"2026-05-18 11:01:22 EDT"
"San Bernardino","California","murder","Jan - Mar 2026",25,13,-48,5,5,0,-100,-100,224283,1,"2026-05-18 11:01:22 EDT"
"San Bernardino","California","property_crime","Jan - Mar 2026",0,0,NA,0,0,0,NA,NA,224283,1,"2026-05-18 11:01:22 EDT"
"San Bernardino","California","rape","Jan - Mar 2026",110,81,-26.3636363636364,28,33,23,-17.8571428571429,-30.3030303030303,224283,1,"2026-05-18 11:01:22 EDT"
"San Bernardino","California","robbery","Jan - Mar 2026",543,275,-49.3554327808471,157,116,97,-38.2165605095541,-16.3793103448276,224283,1,"2026-05-18 11:01:22 EDT"
"San Bernardino","California","theft","Jan - Mar 2026",3762,1923,-48.8835725677831,1111,913,787,-29.1629162916292,-13.8006571741512,224283,1,"2026-05-18 11:01:22 EDT"
"San Bernardino","California","violent_crime","Jan - Mar 2026",0,0,NA,0,0,0,NA,NA,224283,1,"2026-05-18 11:01:22 EDT"
"San Diego","California","aggravated_assault","Jan - Mar 2026",4347,4224,-2.82953761214631,891,976,996,11.7845117845118,2.04918032786885,1389024,1,"2026-05-18 11:01:22 EDT"
"San Diego","California","burglary","Jan - Mar 2026",2487,2043,-17.8528347406514,615,546,457,-25.6910569105691,-16.3003663003663,1389024,1,"2026-05-18 11:01:22 EDT"
"San Diego","California","motor_vehicle_theft","Jan - Mar 2026",5332,4194,-21.3428357089272,1286,975,861,-33.0482115085537,-11.6923076923077,1389024,1,"2026-05-18 11:01:22 EDT"
"San Diego","California","murder","Jan - Mar 2026",30,32,6.66666666666667,10,9,5,-50,-44.4444444444444,1389024,1,"2026-05-18 11:01:22 EDT"
"San Diego","California","property_crime","Jan - Mar 2026",24387,21809,-10.5712059703941,5602,5319,4918,-12.2099250267762,-7.53901109231059,1389024,1,"2026-05-18 11:01:22 EDT"
"San Diego","California","rape","Jan - Mar 2026",399,448,12.280701754386,87,104,114,31.0344827586207,9.61538461538462,1389024,1,"2026-05-18 11:01:22 EDT"
"San Diego","California","robbery","Jan - Mar 2026",1054,951,-9.77229601518026,266,206,226,-15.0375939849624,9.70873786407767,1389024,1,"2026-05-18 11:01:22 EDT"
"San Diego","California","theft","Jan - Mar 2026",16568,15572,-6.01158860453887,3701,3798,3600,-2.72899216427992,-5.21327014218009,1389024,1,"2026-05-18 11:01:22 EDT"
"San Diego","California","violent_crime","Jan - Mar 2026",5830,5655,-3.00171526586621,1254,1295,1341,6.9377990430622,3.55212355212355,1389024,1,"2026-05-18 11:01:22 EDT"
"San Diego County","California","aggravated_assault","Jan - Mar 2026",2184,1918,-12.1794871794872,554,326,625,12.8158844765343,91.717791411043,558533,1,"2026-05-18 11:01:22 EDT"
"San Diego County","California","burglary","Jan - Mar 2026",1064,943,-11.3721804511278,300,215,211,-29.6666666666667,-1.86046511627907,558533,1,"2026-05-18 11:01:22 EDT"
"San Diego County","California","motor_vehicle_theft","Jan - Mar 2026",1328,834,-37.1987951807229,310,190,218,-29.6774193548387,14.7368421052632,558533,1,"2026-05-18 11:01:22 EDT"
"San Diego County","California","murder","Jan - Mar 2026",24,11,-54.1666666666667,6,2,4,-33.3333333333333,100,558533,1,"2026-05-18 11:01:22 EDT"
"San Diego County","California","property_crime","Jan - Mar 2026",6360,5186,-18.4591194968553,1673,1071,1429,-14.584578601315,33.4267040149393,558533,1,"2026-05-18 11:01:22 EDT"
"San Diego County","California","rape","Jan - Mar 2026",116,111,-4.31034482758621,33,24,34,3.03030303030303,41.6666666666667,558533,1,"2026-05-18 11:01:22 EDT"
"San Diego County","California","robbery","Jan - Mar 2026",357,277,-22.4089635854342,99,53,89,-10.1010101010101,67.9245283018868,558533,1,"2026-05-18 11:01:22 EDT"
"San Diego County","California","theft","Jan - Mar 2026",3968,3409,-14.0877016129032,1063,666,1000,-5.92662276575729,50.1501501501502,558533,1,"2026-05-18 11:01:22 EDT"
"San Diego County","California","violent_crime","Jan - Mar 2026",2681,2317,-13.5770234986945,692,405,752,8.67052023121387,85.679012345679,558533,1,"2026-05-18 11:01:22 EDT"
"San Francisco","California","aggravated_assault","Jan - Mar 2026",2326,2057,-11.5649183147034,563,523,495,-12.0781527531083,-5.35372848948375,802856,1,"2026-05-18 11:01:22 EDT"
"San Francisco","California","burglary","Jan - Mar 2026",5118,3678,-28.1359906213365,1274,993,731,-42.6216640502355,-26.3846928499496,802856,1,"2026-05-18 11:01:22 EDT"
"San Francisco","California","motor_vehicle_theft","Jan - Mar 2026",5401,3022,-44.0473986298834,1493,897,622,-58.3389149363697,-30.6577480490524,802856,1,"2026-05-18 11:01:22 EDT"
"San Francisco","California","murder","Jan - Mar 2026",35,29,-17.1428571428571,8,6,14,75,133.333333333333,802856,1,"2026-05-18 11:01:22 EDT"
"San Francisco","California","property_crime","Jan - Mar 2026",31818,23366,-26.5635803633164,8353,6023,4707,-43.6489883874057,-21.8495766229454,802856,1,"2026-05-18 11:01:22 EDT"
"San Francisco","California","rape","Jan - Mar 2026",298,191,-35.9060402684564,68,41,51,-25,24.390243902439,802856,1,"2026-05-18 11:01:22 EDT"
"San Francisco","California","robbery","Jan - Mar 2026",2145,1632,-23.9160839160839,557,440,314,-43.6265709156194,-28.6363636363636,802856,1,"2026-05-18 11:01:22 EDT"
"San Francisco","California","theft","Jan - Mar 2026",21299,16666,-21.7521949387295,5586,4133,3354,-39.9570354457572,-18.8482942172756,802856,1,"2026-05-18 11:01:22 EDT"
"San Francisco","California","violent_crime","Jan - Mar 2026",4804,3909,-18.6303080766028,1196,1010,874,-26.9230769230769,-13.4653465346535,802856,1,"2026-05-18 11:01:22 EDT"
"San Jose","California","aggravated_assault","Jan - Mar 2026",3710,3322,-10.4582210242588,836,825,782,-6.45933014354067,-5.21212121212121,956840,1,"2026-05-18 11:01:22 EDT"
"San Jose","California","burglary","Jan - Mar 2026",4099,3460,-15.589168089778,988,955,732,-25.9109311740891,-23.3507853403141,956840,1,"2026-05-18 11:01:22 EDT"
"San Jose","California","motor_vehicle_theft","Jan - Mar 2026",6137,5225,-14.8606811145511,1753,1424,1102,-37.1363377067884,-22.6123595505618,956840,1,"2026-05-18 11:01:22 EDT"
"San Jose","California","murder","Jan - Mar 2026",26,24,-7.69230769230769,10,5,6,-40,20,956840,1,"2026-05-18 11:01:22 EDT"
"San Jose","California","property_crime","Jan - Mar 2026",25024,23756,-5.06713554987212,6176,6419,5523,-10.5731865284974,-13.958560523446,956840,1,"2026-05-18 11:01:22 EDT"
"San Jose","California","rape","Jan - Mar 2026",759,456,-39.9209486166008,186,114,100,-46.2365591397849,-12.280701754386,956840,1,"2026-05-18 11:01:22 EDT"
"San Jose","California","robbery","Jan - Mar 2026",1347,1110,-17.5946547884187,322,301,213,-33.8509316770186,-29.2358803986711,956840,1,"2026-05-18 11:01:22 EDT"
"San Jose","California","theft","Jan - Mar 2026",14788,15071,1.91371382201785,3435,4040,3689,7.39446870451237,-8.68811881188119,956840,1,"2026-05-18 11:01:22 EDT"
"San Jose","California","violent_crime","Jan - Mar 2026",5842,4912,-15.919205751455,1354,1245,1101,-18.685376661743,-11.566265060241,956840,1,"2026-05-18 11:01:22 EDT"
"San Marcos","Texas","aggravated_assault","Jan - Mar 2026",164,204,24.390243902439,36,37,34,-5.55555555555556,-8.10810810810811,72722,1,"2026-05-18 11:01:22 EDT"
"San Marcos","Texas","burglary","Jan - Mar 2026",194,162,-16.4948453608247,63,31,49,-22.2222222222222,58.0645161290323,72722,1,"2026-05-18 11:01:22 EDT"
"San Marcos","Texas","motor_vehicle_theft","Jan - Mar 2026",284,176,-38.0281690140845,70,44,41,-41.4285714285714,-6.81818181818182,72722,1,"2026-05-18 11:01:22 EDT"
"San Marcos","Texas","murder","Jan - Mar 2026",0,4,Inf,0,1,0,NA,-100,72722,1,"2026-05-18 11:01:22 EDT"
"San Marcos","Texas","property_crime","Jan - Mar 2026",1646,1464,-11.0571081409478,420,334,362,-13.8095238095238,8.38323353293413,72722,1,"2026-05-18 11:01:22 EDT"
"San Marcos","Texas","rape","Jan - Mar 2026",72,76,5.55555555555556,12,21,16,33.3333333333333,-23.8095238095238,72722,1,"2026-05-18 11:01:22 EDT"
"San Marcos","Texas","robbery","Jan - Mar 2026",27,29,7.40740740740741,11,7,7,-36.3636363636364,0,72722,1,"2026-05-18 11:01:22 EDT"
"San Marcos","Texas","theft","Jan - Mar 2026",1168,1126,-3.5958904109589,287,259,272,-5.22648083623693,5.01930501930502,72722,1,"2026-05-18 11:01:22 EDT"
"San Marcos","Texas","violent_crime","Jan - Mar 2026",263,313,19.0114068441065,59,66,57,-3.38983050847458,-13.6363636363636,72722,1,"2026-05-18 11:01:22 EDT"
"San Mateo","California","aggravated_assault","Jan - Mar 2026",139,99,-28.7769784172662,34,20,24,-29.4117647058824,20,99929,1,"2026-05-18 11:01:22 EDT"
"San Mateo","California","burglary","Jan - Mar 2026",98,81,-17.3469387755102,28,16,14,-50,-12.5,99929,1,"2026-05-18 11:01:22 EDT"
"San Mateo","California","motor_vehicle_theft","Jan - Mar 2026",208,122,-41.3461538461538,68,36,16,-76.4705882352941,-55.5555555555556,99929,1,"2026-05-18 11:01:22 EDT"
"San Mateo","California","murder","Jan - Mar 2026",5,0,-100,3,0,0,-100,NA,99929,1,"2026-05-18 11:01:22 EDT"
"San Mateo","California","property_crime","Jan - Mar 2026",1885,1527,-18.9920424403183,489,406,316,-35.3783231083845,-22.1674876847291,99929,1,"2026-05-18 11:01:22 EDT"
"San Mateo","California","rape","Jan - Mar 2026",27,31,14.8148148148148,7,9,7,0,-22.2222222222222,99929,1,"2026-05-18 11:01:22 EDT"
"San Mateo","California","robbery","Jan - Mar 2026",73,39,-46.5753424657534,19,7,8,-57.8947368421053,14.2857142857143,99929,1,"2026-05-18 11:01:22 EDT"
"San Mateo","California","theft","Jan - Mar 2026",1579,1324,-16.1494616846105,393,354,286,-27.2264631043257,-19.2090395480226,99929,1,"2026-05-18 11:01:22 EDT"
"San Mateo","California","violent_crime","Jan - Mar 2026",244,169,-30.7377049180328,63,36,39,-38.0952380952381,8.33333333333333,99929,1,"2026-05-18 11:01:22 EDT"
"San Mateo County","California","aggravated_assault","Jan - Mar 2026",130,138,6.15384615384615,27,45,40,48.1481481481481,-11.1111111111111,136062,1,"2026-05-18 11:01:22 EDT"
"San Mateo County","California","burglary","Jan - Mar 2026",263,215,-18.2509505703422,56,83,46,-17.8571428571429,-44.578313253012,136062,1,"2026-05-18 11:01:22 EDT"
"San Mateo County","California","motor_vehicle_theft","Jan - Mar 2026",224,175,-21.875,64,53,36,-43.75,-32.0754716981132,136062,1,"2026-05-18 11:01:22 EDT"
"San Mateo County","California","murder","Jan - Mar 2026",1,2,100,0,0,0,NA,NA,136062,1,"2026-05-18 11:01:22 EDT"
"San Mateo County","California","property_crime","Jan - Mar 2026",1640,1360,-17.0731707317073,423,396,322,-23.8770685579196,-18.6868686868687,136062,1,"2026-05-18 11:01:22 EDT"
"San Mateo County","California","rape","Jan - Mar 2026",47,45,-4.25531914893617,11,9,6,-45.4545454545455,-33.3333333333333,136062,1,"2026-05-18 11:01:22 EDT"
"San Mateo County","California","robbery","Jan - Mar 2026",61,48,-21.3114754098361,13,6,8,-38.4615384615385,33.3333333333333,136062,1,"2026-05-18 11:01:22 EDT"
"San Mateo County","California","theft","Jan - Mar 2026",1153,970,-15.8716392020815,303,260,240,-20.7920792079208,-7.69230769230769,136062,1,"2026-05-18 11:01:22 EDT"
"San Mateo County","California","violent_crime","Jan - Mar 2026",239,233,-2.51046025104602,51,60,54,5.88235294117647,-10,136062,1,"2026-05-18 11:01:22 EDT"
"San Rafael","California","aggravated_assault","Jan - Mar 2026",211,127,-39.8104265402844,51,38,19,-62.7450980392157,-50,59037,1,"2026-05-18 11:01:22 EDT"
"San Rafael","California","burglary","Jan - Mar 2026",156,108,-30.7692307692308,46,30,15,-67.3913043478261,-50,59037,1,"2026-05-18 11:01:22 EDT"
"San Rafael","California","motor_vehicle_theft","Jan - Mar 2026",250,184,-26.4,65,57,31,-52.3076923076923,-45.6140350877193,59037,1,"2026-05-18 11:01:22 EDT"
"San Rafael","California","murder","Jan - Mar 2026",1,1,0,1,0,1,0,Inf,59037,1,"2026-05-18 11:01:22 EDT"
"San Rafael","California","property_crime","Jan - Mar 2026",1453,1188,-18.2381280110117,404,330,239,-40.8415841584158,-27.5757575757576,59037,1,"2026-05-18 11:01:22 EDT"
"San Rafael","California","rape","Jan - Mar 2026",30,33,10,14,8,11,-21.4285714285714,37.5,59037,1,"2026-05-18 11:01:22 EDT"
"San Rafael","California","robbery","Jan - Mar 2026",88,56,-36.3636363636364,15,21,8,-46.6666666666667,-61.9047619047619,59037,1,"2026-05-18 11:01:22 EDT"
"San Rafael","California","theft","Jan - Mar 2026",1047,896,-14.422158548233,293,243,193,-34.1296928327645,-20.5761316872428,59037,1,"2026-05-18 11:01:22 EDT"
"San Rafael","California","violent_crime","Jan - Mar 2026",330,217,-34.2424242424242,81,67,39,-51.8518518518518,-41.7910447761194,59037,1,"2026-05-18 11:01:22 EDT"
"Santa Clara","California","aggravated_assault","Jan - Mar 2026",137,132,-3.64963503649635,45,32,27,-40,-15.625,131901,1,"2026-05-18 11:01:22 EDT"
"Santa Clara","California","burglary","Jan - Mar 2026",446,424,-4.93273542600897,94,115,142,51.063829787234,23.4782608695652,131901,1,"2026-05-18 11:01:22 EDT"
"Santa Clara","California","motor_vehicle_theft","Jan - Mar 2026",518,383,-26.0617760617761,138,104,102,-26.0869565217391,-1.92307692307692,131901,1,"2026-05-18 11:01:22 EDT"
"Santa Clara","California","murder","Jan - Mar 2026",2,0,-100,2,0,0,-100,NA,131901,1,"2026-05-18 11:01:22 EDT"
"Santa Clara","California","property_crime","Jan - Mar 2026",3312,3463,4.55917874396135,788,944,904,14.7208121827411,-4.23728813559322,131901,1,"2026-05-18 11:01:22 EDT"
"Santa Clara","California","rape","Jan - Mar 2026",28,34,21.4285714285714,7,11,2,-71.4285714285714,-81.8181818181818,131901,1,"2026-05-18 11:01:22 EDT"
"Santa Clara","California","robbery","Jan - Mar 2026",77,63,-18.1818181818182,15,21,15,0,-28.5714285714286,131901,1,"2026-05-18 11:01:22 EDT"
"Santa Clara","California","theft","Jan - Mar 2026",2348,2656,13.1175468483816,556,725,660,18.705035971223,-8.96551724137931,131901,1,"2026-05-18 11:01:22 EDT"
"Santa Clara","California","violent_crime","Jan - Mar 2026",244,229,-6.14754098360656,69,64,44,-36.231884057971,-31.25,131901,1,"2026-05-18 11:01:22 EDT"
"Santa Cruz","California","aggravated_assault","Jan - Feb 2026",284,234,-17.6056338028169,30,34,21,-30,-38.2352941176471,61346,1,"2026-05-18 11:01:22 EDT"
"Santa Cruz","California","burglary","Jan - Feb 2026",83,76,-8.43373493975904,15,11,9,-40,-18.1818181818182,61346,1,"2026-05-18 11:01:22 EDT"
"Santa Cruz","California","motor_vehicle_theft","Jan - Feb 2026",97,100,3.09278350515464,22,23,6,-72.7272727272727,-73.9130434782609,61346,1,"2026-05-18 11:01:22 EDT"
"Santa Cruz","California","murder","Jan - Feb 2026",3,0,-100,1,0,0,-100,NA,61346,1,"2026-05-18 11:01:22 EDT"
"Santa Cruz","California","property_crime","Jan - Feb 2026",0,0,NA,0,0,0,NA,NA,61346,1,"2026-05-18 11:01:22 EDT"
"Santa Cruz","California","rape","Jan - Feb 2026",29,33,13.7931034482759,8,4,1,-87.5,-75,61346,1,"2026-05-18 11:01:22 EDT"
"Santa Cruz","California","robbery","Jan - Feb 2026",64,65,1.5625,8,6,4,-50,-33.3333333333333,61346,1,"2026-05-18 11:01:22 EDT"
"Santa Cruz","California","theft","Jan - Feb 2026",1369,1375,0.43827611395179,202,193,67,-66.8316831683168,-65.2849740932643,61346,1,"2026-05-18 11:01:22 EDT"
"Santa Cruz","California","violent_crime","Jan - Feb 2026",0,0,NA,0,0,0,NA,NA,61346,1,"2026-05-18 11:01:22 EDT"
"Santa Cruz County","California","aggravated_assault","Jan - Mar 2026",222,154,-30.6306306306306,36,32,51,41.6666666666667,59.375,130041,1,"2026-05-18 11:01:22 EDT"
"Santa Cruz County","California","burglary","Jan - Mar 2026",217,153,-29.4930875576037,63,35,31,-50.7936507936508,-11.4285714285714,130041,1,"2026-05-18 11:01:22 EDT"
"Santa Cruz County","California","motor_vehicle_theft","Jan - Mar 2026",21,28,33.3333333333333,1,8,5,400,-37.5,130041,1,"2026-05-18 11:01:22 EDT"
"Santa Cruz County","California","murder","Jan - Mar 2026",3,1,-66.6666666666667,0,0,0,NA,NA,130041,1,"2026-05-18 11:01:22 EDT"
"Santa Cruz County","California","property_crime","Jan - Mar 2026",996,845,-15.1606425702811,235,220,202,-14.0425531914894,-8.18181818181818,130041,1,"2026-05-18 11:01:22 EDT"
"Santa Cruz County","California","rape","Jan - Mar 2026",27,34,25.9259259259259,10,8,11,10,37.5,130041,1,"2026-05-18 11:01:22 EDT"
"Santa Cruz County","California","robbery","Jan - Mar 2026",30,26,-13.3333333333333,7,7,5,-28.5714285714286,-28.5714285714286,130041,1,"2026-05-18 11:01:22 EDT"
"Santa Cruz County","California","theft","Jan - Mar 2026",758,664,-12.401055408971,171,177,166,-2.92397660818713,-6.21468926553672,130041,1,"2026-05-18 11:01:22 EDT"
"Santa Cruz County","California","violent_crime","Jan - Mar 2026",282,215,-23.758865248227,53,47,67,26.4150943396226,42.5531914893617,130041,1,"2026-05-18 11:01:22 EDT"
"Santa Fe","New Mexico","aggravated_assault","Jan - Mar 2026",0,0,NA,0,0,0,NA,NA,89652,1,"2026-05-18 11:01:22 EDT"
"Santa Fe","New Mexico","burglary","Jan - Mar 2026",786,617,-21.501272264631,188,157,115,-38.8297872340425,-26.7515923566879,89652,1,"2026-05-18 11:01:22 EDT"
"Santa Fe","New Mexico","motor_vehicle_theft","Jan - Mar 2026",640,414,-35.3125,164,130,41,-75,-68.4615384615385,89652,1,"2026-05-18 11:01:22 EDT"
"Santa Fe","New Mexico","murder","Jan - Mar 2026",5,8,60,0,2,2,Inf,0,89652,1,"2026-05-18 11:01:22 EDT"
"Santa Fe","New Mexico","property_crime","Jan - Mar 2026",4507,3824,-15.1542045706679,983,977,681,-30.7222787385554,-30.2968270214944,89652,1,"2026-05-18 11:01:22 EDT"
"Santa Fe","New Mexico","rape","Jan - Mar 2026",0,0,NA,0,0,0,NA,NA,89652,1,"2026-05-18 11:01:22 EDT"
"Santa Fe","New Mexico","robbery","Jan - Mar 2026",75,62,-17.3333333333333,17,16,10,-41.1764705882353,-37.5,89652,1,"2026-05-18 11:01:22 EDT"
"Santa Fe","New Mexico","theft","Jan - Mar 2026",3081,2793,-9.34761441090555,631,690,525,-16.7987321711569,-23.9130434782609,89652,1,"2026-05-18 11:01:22 EDT"
"Santa Fe","New Mexico","violent_crime","Jan - Mar 2026",80,70,-12.5,17,18,12,-29.4117647058824,-33.3333333333333,89652,1,"2026-05-18 11:01:22 EDT"
"Santa Maria","California","aggravated_assault","Jan - Mar 2026",458,486,6.11353711790393,99,90,87,-12.1212121212121,-3.33333333333333,110056,1,"2026-05-18 11:01:22 EDT"
"Santa Maria","California","burglary","Jan - Mar 2026",346,304,-12.1387283236994,72,88,43,-40.2777777777778,-51.1363636363636,110056,1,"2026-05-18 11:01:22 EDT"
"Santa Maria","California","motor_vehicle_theft","Jan - Mar 2026",464,387,-16.5948275862069,120,120,93,-22.5,-22.5,110056,1,"2026-05-18 11:01:22 EDT"
"Santa Maria","California","murder","Jan - Mar 2026",4,5,25,0,0,0,NA,NA,110056,1,"2026-05-18 11:01:22 EDT"
"Santa Maria","California","property_crime","Jan - Mar 2026",2081,1958,-5.9106198942816,472,514,394,-16.5254237288136,-23.3463035019455,110056,1,"2026-05-18 11:01:22 EDT"
"Santa Maria","California","rape","Jan - Mar 2026",78,70,-10.2564102564103,24,17,15,-37.5,-11.7647058823529,110056,1,"2026-05-18 11:01:22 EDT"
"Santa Maria","California","robbery","Jan - Mar 2026",192,134,-30.2083333333333,34,25,40,17.6470588235294,60,110056,1,"2026-05-18 11:01:22 EDT"
"Santa Maria","California","theft","Jan - Mar 2026",1271,1267,-0.3147128245476,280,306,258,-7.85714285714286,-15.6862745098039,110056,1,"2026-05-18 11:01:22 EDT"
"Santa Maria","California","violent_crime","Jan - Mar 2026",732,695,-5.05464480874317,157,132,142,-9.55414012738854,7.57575757575758,110056,1,"2026-05-18 11:01:22 EDT"
"Santa Monica","California","aggravated_assault","Jan - Mar 2026",441,367,-16.7800453514739,98,72,97,-1.02040816326531,34.7222222222222,88948,1,"2026-05-18 11:01:22 EDT"
"Santa Monica","California","burglary","Jan - Mar 2026",756,596,-21.1640211640212,174,188,107,-38.5057471264368,-43.0851063829787,88948,1,"2026-05-18 11:01:22 EDT"
"Santa Monica","California","motor_vehicle_theft","Jan - Mar 2026",508,388,-23.6220472440945,135,108,75,-44.4444444444444,-30.5555555555556,88948,1,"2026-05-18 11:01:22 EDT"
"Santa Monica","California","murder","Jan - Mar 2026",5,5,0,1,4,3,200,-25,88948,1,"2026-05-18 11:01:22 EDT"
"Santa Monica","California","property_crime","Jan - Mar 2026",4304,3643,-15.3578066914498,1056,889,785,-25.6628787878788,-11.6985376827897,88948,1,"2026-05-18 11:01:22 EDT"
"Santa Monica","California","rape","Jan - Mar 2026",55,45,-18.1818181818182,15,7,13,-13.3333333333333,85.7142857142857,88948,1,"2026-05-18 11:01:22 EDT"
"Santa Monica","California","robbery","Jan - Mar 2026",182,142,-21.978021978022,50,25,34,-32,36,88948,1,"2026-05-18 11:01:22 EDT"
"Santa Monica","California","theft","Jan - Mar 2026",3040,2659,-12.5328947368421,747,593,603,-19.2771084337349,1.68634064080944,88948,1,"2026-05-18 11:01:22 EDT"
"Santa Monica","California","violent_crime","Jan - Mar 2026",683,559,-18.1551976573939,164,108,147,-10.3658536585366,36.1111111111111,88948,1,"2026-05-18 11:01:22 EDT"
"Santa Rosa","California","aggravated_assault","Jan - Mar 2026",364,291,-20.0549450549451,91,77,73,-19.7802197802198,-5.19480519480519,175147,1,"2026-05-18 11:01:22 EDT"
"Santa Rosa","California","burglary","Jan - Mar 2026",408,381,-6.61764705882353,83,88,103,24.0963855421687,17.0454545454545,175147,1,"2026-05-18 11:01:22 EDT"
"Santa Rosa","California","motor_vehicle_theft","Jan - Mar 2026",298,251,-15.7718120805369,86,68,50,-41.8604651162791,-26.4705882352941,175147,1,"2026-05-18 11:01:22 EDT"
"Santa Rosa","California","murder","Jan - Mar 2026",2,11,450,0,7,0,NA,-100,175147,1,"2026-05-18 11:01:22 EDT"
"Santa Rosa","California","property_crime","Jan - Mar 2026",2333,2498,7.07243891984569,562,647,545,-3.02491103202847,-15.7650695517774,175147,1,"2026-05-18 11:01:22 EDT"
"Santa Rosa","California","rape","Jan - Mar 2026",124,113,-8.87096774193548,24,31,18,-25,-41.9354838709677,175147,1,"2026-05-18 11:01:22 EDT"
"Santa Rosa","California","robbery","Jan - Mar 2026",117,100,-14.5299145299145,22,24,23,4.54545454545455,-4.16666666666667,175147,1,"2026-05-18 11:01:22 EDT"
"Santa Rosa","California","theft","Jan - Mar 2026",1627,1866,14.6896127842655,393,491,392,-0.254452926208651,-20.162932790224,175147,1,"2026-05-18 11:01:22 EDT"
"Santa Rosa","California","violent_crime","Jan - Mar 2026",607,515,-15.1565074135091,137,139,114,-16.7883211678832,-17.9856115107914,175147,1,"2026-05-18 11:01:22 EDT"
"Sarasota County","Florida","aggravated_assault","Jan - Mar 2026",262,236,-9.9236641221374,52,69,64,23.0769230769231,-7.2463768115942,302725,1,"2026-05-18 11:01:22 EDT"
"Sarasota County","Florida","burglary","Jan - Mar 2026",424,321,-24.2924528301887,105,94,162,54.2857142857143,72.3404255319149,302725,1,"2026-05-18 11:01:22 EDT"
"Sarasota County","Florida","motor_vehicle_theft","Jan - Mar 2026",270,219,-18.8888888888889,56,57,102,82.1428571428571,78.9473684210526,302725,1,"2026-05-18 11:01:22 EDT"
"Sarasota County","Florida","murder","Jan - Mar 2026",6,6,0,2,0,2,0,Inf,302725,1,"2026-05-18 11:01:22 EDT"
"Sarasota County","Florida","property_crime","Jan - Mar 2026",3106,2659,-14.3915003219575,776,715,1196,54.1237113402062,67.2727272727273,302725,1,"2026-05-18 11:01:22 EDT"
"Sarasota County","Florida","rape","Jan - Mar 2026",40,28,-30,10,7,12,20,71.4285714285714,302725,1,"2026-05-18 11:01:22 EDT"
"Sarasota County","Florida","robbery","Jan - Mar 2026",30,32,6.66666666666667,7,9,10,42.8571428571429,11.1111111111111,302725,1,"2026-05-18 11:01:22 EDT"
"Sarasota County","Florida","theft","Jan - Mar 2026",2412,2119,-12.1475953565506,615,564,932,51.5447154471545,65.2482269503546,302725,1,"2026-05-18 11:01:22 EDT"
"Sarasota County","Florida","violent_crime","Jan - Mar 2026",338,302,-10.6508875739645,71,85,88,23.943661971831,3.52941176470588,302725,1,"2026-05-18 11:01:22 EDT"
"Saratoga County","New York","aggravated_assault","Jan - Mar 2026",47,61,29.7872340425532,15,15,6,-60,-60,187249,1,"2026-05-18 11:01:22 EDT"
"Saratoga County","New York","burglary","Jan - Mar 2026",67,90,34.3283582089552,25,15,8,-68,-46.6666666666667,187249,1,"2026-05-18 11:01:22 EDT"
"Saratoga County","New York","motor_vehicle_theft","Jan - Mar 2026",14,5,-64.2857142857143,3,2,1,-66.6666666666667,-50,187249,1,"2026-05-18 11:01:22 EDT"
"Saratoga County","New York","murder","Jan - Mar 2026",2,1,-50,0,0,0,NA,NA,187249,1,"2026-05-18 11:01:22 EDT"
"Saratoga County","New York","property_crime","Jan - Mar 2026",1019,876,-14.0333660451423,272,211,162,-40.4411764705882,-23.2227488151659,187249,1,"2026-05-18 11:01:22 EDT"
"Saratoga County","New York","rape","Jan - Mar 2026",28,13,-53.5714285714286,7,3,2,-71.4285714285714,-33.3333333333333,187249,1,"2026-05-18 11:01:22 EDT"
"Saratoga County","New York","robbery","Jan - Mar 2026",3,3,0,2,0,1,-50,Inf,187249,1,"2026-05-18 11:01:22 EDT"
"Saratoga County","New York","theft","Jan - Mar 2026",938,781,-16.7377398720682,244,194,153,-37.2950819672131,-21.1340206185567,187249,1,"2026-05-18 11:01:22 EDT"
"Saratoga County","New York","violent_crime","Jan - Mar 2026",80,78,-2.5,24,18,9,-62.5,-50,187249,1,"2026-05-18 11:01:22 EDT"
"Saratoga Springs","Utah","aggravated_assault","Jan - Mar 2026",33,33,0,2,5,4,100,-20,58400,1,"2026-05-18 11:01:22 EDT"
"Saratoga Springs","Utah","burglary","Jan - Mar 2026",19,15,-21.0526315789474,6,6,0,-100,-100,58400,1,"2026-05-18 11:01:22 EDT"
"Saratoga Springs","Utah","motor_vehicle_theft","Jan - Mar 2026",12,17,41.6666666666667,2,5,3,50,-40,58400,1,"2026-05-18 11:01:22 EDT"
"Saratoga Springs","Utah","murder","Jan - Mar 2026",1,0,-100,0,0,0,NA,NA,58400,1,"2026-05-18 11:01:22 EDT"
"Saratoga Springs","Utah","property_crime","Jan - Mar 2026",338,276,-18.3431952662722,53,76,45,-15.0943396226415,-40.7894736842105,58400,1,"2026-05-18 11:01:22 EDT"
"Saratoga Springs","Utah","rape","Jan - Mar 2026",19,9,-52.6315789473684,6,1,2,-66.6666666666667,100,58400,1,"2026-05-18 11:01:22 EDT"
"Saratoga Springs","Utah","robbery","Jan - Mar 2026",0,2,Inf,0,1,1,Inf,0,58400,1,"2026-05-18 11:01:22 EDT"
"Saratoga Springs","Utah","theft","Jan - Mar 2026",307,244,-20.5211726384365,45,65,42,-6.66666666666667,-35.3846153846154,58400,1,"2026-05-18 11:01:22 EDT"
"Saratoga Springs","Utah","violent_crime","Jan - Mar 2026",53,44,-16.9811320754717,8,7,7,-12.5,0,58400,1,"2026-05-18 11:01:22 EDT"
"Sarpy County","Nebraska","aggravated_assault","Jan - Mar 2026",7,0,-100,1,0,0,-100,NA,101805,1,"2026-05-18 11:01:22 EDT"
"Sarpy County","Nebraska","burglary","Jan - Mar 2026",93,58,-37.6344086021505,6,16,8,33.3333333333333,-50,101805,1,"2026-05-18 11:01:22 EDT"
"Sarpy County","Nebraska","motor_vehicle_theft","Jan - Mar 2026",90,59,-34.4444444444444,18,10,12,-33.3333333333333,20,101805,1,"2026-05-18 11:01:22 EDT"
"Sarpy County","Nebraska","murder","Jan - Mar 2026",1,0,-100,0,0,0,NA,NA,101805,1,"2026-05-18 11:01:22 EDT"
"Sarpy County","Nebraska","property_crime","Jan - Mar 2026",679,524,-22.8276877761414,108,131,100,-7.40740740740741,-23.6641221374046,101805,1,"2026-05-18 11:01:22 EDT"
"Sarpy County","Nebraska","rape","Jan - Mar 2026",15,13,-13.3333333333333,3,4,13,333.333333333333,225,101805,1,"2026-05-18 11:01:22 EDT"
"Sarpy County","Nebraska","robbery","Jan - Mar 2026",4,4,0,1,2,2,100,0,101805,1,"2026-05-18 11:01:22 EDT"
"Sarpy County","Nebraska","theft","Jan - Mar 2026",496,407,-17.9435483870968,84,105,80,-4.76190476190476,-23.8095238095238,101805,1,"2026-05-18 11:01:22 EDT"
"Sarpy County","Nebraska","violent_crime","Jan - Mar 2026",27,17,-37.037037037037,5,6,15,200,150,101805,1,"2026-05-18 11:01:22 EDT"
"Schaumburg","Illinois","aggravated_assault","Jan - Mar 2026",30,22,-26.6666666666667,11,3,4,-63.6363636363636,33.3333333333333,74882,1,"2026-05-18 11:01:22 EDT"
"Schaumburg","Illinois","burglary","Jan - Mar 2026",131,49,-62.5954198473283,27,13,9,-66.6666666666667,-30.7692307692308,74882,1,"2026-05-18 11:01:22 EDT"
"Schaumburg","Illinois","motor_vehicle_theft","Jan - Mar 2026",95,51,-46.3157894736842,24,11,6,-75,-45.4545454545455,74882,1,"2026-05-18 11:01:22 EDT"
"Schaumburg","Illinois","murder","Jan - Mar 2026",0,3,Inf,0,0,0,NA,NA,74882,1,"2026-05-18 11:01:22 EDT"
"Schaumburg","Illinois","property_crime","Jan - Mar 2026",1812,1260,-30.4635761589404,412,299,278,-32.5242718446602,-7.02341137123746,74882,1,"2026-05-18 11:01:22 EDT"
"Schaumburg","Illinois","rape","Jan - Mar 2026",21,18,-14.2857142857143,5,4,2,-60,-50,74882,1,"2026-05-18 11:01:22 EDT"
"Schaumburg","Illinois","robbery","Jan - Mar 2026",19,9,-52.6315789473684,6,4,0,-100,-100,74882,1,"2026-05-18 11:01:22 EDT"
"Schaumburg","Illinois","theft","Jan - Mar 2026",1586,1160,-26.860025220681,361,275,263,-27.1468144044321,-4.36363636363636,74882,1,"2026-05-18 11:01:22 EDT"
"Schaumburg","Illinois","violent_crime","Jan - Mar 2026",70,52,-25.7142857142857,22,11,6,-72.7272727272727,-45.4545454545455,74882,1,"2026-05-18 11:01:22 EDT"
"Schenectady","New York","aggravated_assault","Jan - Feb 2026",329,359,9.11854103343465,57,49,43,-24.5614035087719,-12.2448979591837,68610,1,"2026-05-18 11:01:22 EDT"
"Schenectady","New York","burglary","Jan - Feb 2026",278,244,-12.2302158273381,45,40,34,-24.4444444444444,-15,68610,1,"2026-05-18 11:01:22 EDT"
"Schenectady","New York","motor_vehicle_theft","Jan - Feb 2026",152,102,-32.8947368421053,27,13,8,-70.3703703703704,-38.4615384615385,68610,1,"2026-05-18 11:01:22 EDT"
"Schenectady","New York","murder","Jan - Feb 2026",7,7,0,1,0,0,-100,NA,68610,1,"2026-05-18 11:01:22 EDT"
"Schenectady","New York","property_crime","Jan - Feb 2026",0,0,NA,0,0,0,NA,NA,68610,1,"2026-05-18 11:01:22 EDT"
"Schenectady","New York","rape","Jan - Feb 2026",45,26,-42.2222222222222,6,2,3,-50,50,68610,1,"2026-05-18 11:01:22 EDT"
"Schenectady","New York","robbery","Jan - Feb 2026",70,98,40,11,18,6,-45.4545454545455,-66.6666666666667,68610,1,"2026-05-18 11:01:22 EDT"
"Schenectady","New York","theft","Jan - Feb 2026",1739,1587,-8.74065554916619,296,200,167,-43.5810810810811,-16.5,68610,1,"2026-05-18 11:01:22 EDT"
"Schenectady","New York","violent_crime","Jan - Feb 2026",0,0,NA,0,0,0,NA,NA,68610,1,"2026-05-18 11:01:22 EDT"
"Scottsdale","Arizona","aggravated_assault","Jan - Feb 2026",242,280,15.702479338843,33,38,53,60.6060606060606,39.4736842105263,245237,1,"2026-05-18 11:01:22 EDT"
"Scottsdale","Arizona","burglary","Jan - Feb 2026",449,370,-17.5946547884187,92,48,69,-25,43.75,245237,1,"2026-05-18 11:01:22 EDT"
"Scottsdale","Arizona","motor_vehicle_theft","Jan - Feb 2026",387,290,-25.0645994832041,78,47,32,-58.974358974359,-31.9148936170213,245237,1,"2026-05-18 11:01:22 EDT"
"Scottsdale","Arizona","murder","Jan - Feb 2026",1,6,500,0,0,0,NA,NA,245237,1,"2026-05-18 11:01:22 EDT"
"Scottsdale","Arizona","property_crime","Jan - Feb 2026",0,0,NA,0,0,0,NA,NA,245237,1,"2026-05-18 11:01:22 EDT"
"Scottsdale","Arizona","rape","Jan - Feb 2026",83,104,25.3012048192771,13,10,7,-46.1538461538462,-30,245237,1,"2026-05-18 11:01:22 EDT"
"Scottsdale","Arizona","robbery","Jan - Feb 2026",54,36,-33.3333333333333,16,6,5,-68.75,-16.6666666666667,245237,1,"2026-05-18 11:01:22 EDT"
"Scottsdale","Arizona","theft","Jan - Feb 2026",3776,3654,-3.23093220338983,702,598,564,-19.6581196581197,-5.68561872909699,245237,1,"2026-05-18 11:01:22 EDT"
"Scottsdale","Arizona","violent_crime","Jan - Feb 2026",0,0,NA,0,0,0,NA,NA,245237,1,"2026-05-18 11:01:22 EDT"
"Scranton","Pennsylvania","aggravated_assault","Jan - Mar 2026",113,139,23.0088495575221,27,36,31,14.8148148148148,-13.8888888888889,75683,1,"2026-05-18 11:01:22 EDT"
"Scranton","Pennsylvania","burglary","Jan - Mar 2026",146,138,-5.47945205479452,46,33,29,-36.9565217391304,-12.1212121212121,75683,1,"2026-05-18 11:01:22 EDT"
"Scranton","Pennsylvania","motor_vehicle_theft","Jan - Mar 2026",99,100,1.01010101010101,27,19,18,-33.3333333333333,-5.26315789473684,75683,1,"2026-05-18 11:01:22 EDT"
"Scranton","Pennsylvania","murder","Jan - Mar 2026",7,3,-57.1428571428571,3,0,0,-100,NA,75683,1,"2026-05-18 11:01:22 EDT"
"Scranton","Pennsylvania","property_crime","Jan - Mar 2026",1023,992,-3.03030303030303,276,256,186,-32.6086956521739,-27.34375,75683,1,"2026-05-18 11:01:22 EDT"
"Scranton","Pennsylvania","rape","Jan - Mar 2026",72,84,16.6666666666667,26,26,22,-15.3846153846154,-15.3846153846154,75683,1,"2026-05-18 11:01:22 EDT"
"Scranton","Pennsylvania","robbery","Jan - Mar 2026",24,22,-8.33333333333333,6,5,8,33.3333333333333,60,75683,1,"2026-05-18 11:01:22 EDT"
"Scranton","Pennsylvania","theft","Jan - Mar 2026",778,754,-3.08483290488432,203,204,139,-31.5270935960591,-31.8627450980392,75683,1,"2026-05-18 11:01:22 EDT"
"Scranton","Pennsylvania","violent_crime","Jan - Mar 2026",216,248,14.8148148148148,62,67,61,-1.61290322580645,-8.95522388059701,75683,1,"2026-05-18 11:01:22 EDT"
"Seattle","Washington","aggravated_assault","Jan - Mar 2026",3255,3172,-2.54992319508449,764,683,698,-8.63874345549738,2.19619326500732,760058,1,"2026-05-18 11:01:22 EDT"
"Seattle","Washington","burglary","Jan - Mar 2026",8774,7703,-12.2065192614543,2110,1802,1914,-9.28909952606635,6.21531631520533,760058,1,"2026-05-18 11:01:22 EDT"
"Seattle","Washington","motor_vehicle_theft","Jan - Mar 2026",7371,5798,-21.3403880070547,1829,1312,1181,-35.4291962821214,-9.98475609756098,760058,1,"2026-05-18 11:01:22 EDT"
"Seattle","Washington","murder","Jan - Mar 2026",54,33,-38.8888888888889,10,8,5,-50,-37.5,760058,1,"2026-05-18 11:01:22 EDT"
"Seattle","Washington","property_crime","Jan - Mar 2026",40242,36325,-9.7336116495204,8961,8258,8234,-8.11293382434996,-0.290627270525551,760058,1,"2026-05-18 11:01:22 EDT"
"Seattle","Washington","rape","Jan - Mar 2026",350,411,17.4285714285714,81,95,106,30.8641975308642,11.5789473684211,760058,1,"2026-05-18 11:01:22 EDT"
"Seattle","Washington","robbery","Jan - Mar 2026",1697,1447,-14.7318797878609,404,307,325,-19.5544554455446,5.86319218241042,760058,1,"2026-05-18 11:01:22 EDT"
"Seattle","Washington","theft","Jan - Mar 2026",24097,22824,-5.28281528821015,5022,5144,5139,2.32974910394265,-0.0972006220839813,760058,1,"2026-05-18 11:01:22 EDT"
"Seattle","Washington","violent_crime","Jan - Mar 2026",5356,5063,-5.47050037341299,1259,1093,1134,-9.92851469420175,3.75114364135407,760058,1,"2026-05-18 11:01:22 EDT"
"Shawnee","Kansas","aggravated_assault","Jan - Mar 2026",177,137,-22.5988700564972,63,39,43,-31.7460317460317,10.2564102564103,70089,1,"2026-05-18 11:01:22 EDT"
"Shawnee","Kansas","burglary","Jan - Mar 2026",154,233,51.2987012987013,11,111,12,9.09090909090909,-89.1891891891892,70089,1,"2026-05-18 11:01:22 EDT"
"Shawnee","Kansas","motor_vehicle_theft","Jan - Mar 2026",140,108,-22.8571428571429,28,34,14,-50,-58.8235294117647,70089,1,"2026-05-18 11:01:22 EDT"
"Shawnee","Kansas","murder","Jan - Mar 2026",0,0,NA,0,0,0,NA,NA,70089,1,"2026-05-18 11:01:22 EDT"
"Shawnee","Kansas","property_crime","Jan - Mar 2026",1244,961,-22.7491961414791,239,300,135,-43.5146443514644,-55,70089,1,"2026-05-18 11:01:22 EDT"
"Shawnee","Kansas","rape","Jan - Mar 2026",13,15,15.3846153846154,1,6,4,300,-33.3333333333333,70089,1,"2026-05-18 11:01:22 EDT"
"Shawnee","Kansas","robbery","Jan - Mar 2026",4,8,100,0,0,1,Inf,Inf,70089,1,"2026-05-18 11:01:22 EDT"
"Shawnee","Kansas","theft","Jan - Mar 2026",950,620,-34.7368421052632,200,155,109,-45.5,-29.6774193548387,70089,1,"2026-05-18 11:01:22 EDT"
"Shawnee","Kansas","violent_crime","Jan - Mar 2026",194,160,-17.5257731958763,64,45,48,-25,6.66666666666667,70089,1,"2026-05-18 11:01:22 EDT"
"Shelby County","Tennessee","aggravated_assault","Jan - Mar 2026",529,397,-24.952741020794,114,106,92,-19.2982456140351,-13.2075471698113,135769,1,"2026-05-18 11:01:22 EDT"
"Shelby County","Tennessee","burglary","Jan - Mar 2026",346,285,-17.6300578034682,65,73,42,-35.3846153846154,-42.4657534246575,135769,1,"2026-05-18 11:01:22 EDT"
"Shelby County","Tennessee","motor_vehicle_theft","Jan - Mar 2026",757,445,-41.2153236459709,173,125,37,-78.6127167630058,-70.4,135769,1,"2026-05-18 11:01:22 EDT"
"Shelby County","Tennessee","murder","Jan - Mar 2026",11,10,-9.09090909090909,0,2,2,Inf,0,135769,1,"2026-05-18 11:01:22 EDT"
"Shelby County","Tennessee","property_crime","Jan - Mar 2026",2663,1851,-30.4919263987983,564,501,250,-55.6737588652482,-50.0998003992016,135769,1,"2026-05-18 11:01:22 EDT"
"Shelby County","Tennessee","rape","Jan - Mar 2026",43,27,-37.2093023255814,13,3,10,-23.0769230769231,233.333333333333,135769,1,"2026-05-18 11:01:22 EDT"
"Shelby County","Tennessee","robbery","Jan - Mar 2026",46,29,-36.9565217391304,8,13,9,12.5,-30.7692307692308,135769,1,"2026-05-18 11:01:22 EDT"
"Shelby County","Tennessee","theft","Jan - Mar 2026",1560,1121,-28.1410256410256,326,303,171,-47.5460122699387,-43.5643564356436,135769,1,"2026-05-18 11:01:22 EDT"
"Shelby County","Tennessee","violent_crime","Jan - Mar 2026",629,463,-26.3910969793323,135,124,113,-16.2962962962963,-8.87096774193548,135769,1,"2026-05-18 11:01:22 EDT"
"Shelby Township","Michigan","aggravated_assault","Jan - Mar 2026",94,98,4.25531914893617,27,20,34,25.9259259259259,70,79985,1,"2026-05-18 11:01:22 EDT"
"Shelby Township","Michigan","burglary","Jan - Mar 2026",37,34,-8.10810810810811,7,6,7,0,16.6666666666667,79985,1,"2026-05-18 11:01:22 EDT"
"Shelby Township","Michigan","motor_vehicle_theft","Jan - Mar 2026",69,37,-46.3768115942029,16,5,1,-93.75,-80,79985,1,"2026-05-18 11:01:22 EDT"
"Shelby Township","Michigan","murder","Jan - Mar 2026",0,4,Inf,0,0,0,NA,NA,79985,1,"2026-05-18 11:01:22 EDT"
"Shelby Township","Michigan","property_crime","Jan - Mar 2026",434,399,-8.06451612903226,102,79,81,-20.5882352941176,2.53164556962025,79985,1,"2026-05-18 11:01:22 EDT"
"Shelby Township","Michigan","rape","Jan - Mar 2026",29,10,-65.5172413793103,7,4,3,-57.1428571428571,-25,79985,1,"2026-05-18 11:01:22 EDT"
"Shelby Township","Michigan","robbery","Jan - Mar 2026",5,2,-60,1,0,0,-100,NA,79985,1,"2026-05-18 11:01:22 EDT"
"Shelby Township","Michigan","theft","Jan - Mar 2026",328,328,0,79,68,73,-7.59493670886076,7.35294117647059,79985,1,"2026-05-18 11:01:22 EDT"
"Shelby Township","Michigan","violent_crime","Jan - Mar 2026",128,114,-10.9375,35,24,37,5.71428571428571,54.1666666666667,79985,1,"2026-05-18 11:01:22 EDT"
"Shreveport","Louisiana","aggravated_assault","Jan - Mar 2026",1820,1718,-5.6043956043956,432,375,329,-23.8425925925926,-12.2666666666667,172292,1,"2026-05-18 11:01:22 EDT"
"Shreveport","Louisiana","burglary","Jan - Mar 2026",1379,956,-30.6744017403916,486,260,217,-55.3497942386831,-16.5384615384615,172292,1,"2026-05-18 11:01:22 EDT"
"Shreveport","Louisiana","motor_vehicle_theft","Jan - Mar 2026",1023,946,-7.52688172043011,249,210,147,-40.9638554216867,-30,172292,1,"2026-05-18 11:01:22 EDT"
"Shreveport","Louisiana","murder","Jan - Mar 2026",47,38,-19.1489361702128,13,9,3,-76.9230769230769,-66.6666666666667,172292,1,"2026-05-18 11:01:22 EDT"
"Shreveport","Louisiana","property_crime","Jan - Mar 2026",7029,6234,-11.3102859581733,1887,1503,1250,-33.7572866984632,-16.833000665336,172292,1,"2026-05-18 11:01:22 EDT"
"Shreveport","Louisiana","rape","Jan - Mar 2026",149,156,4.69798657718121,38,46,22,-42.1052631578947,-52.1739130434783,172292,1,"2026-05-18 11:01:22 EDT"
"Shreveport","Louisiana","robbery","Jan - Mar 2026",140,103,-26.4285714285714,37,16,31,-16.2162162162162,93.75,172292,1,"2026-05-18 11:01:22 EDT"
"Shreveport","Louisiana","theft","Jan - Mar 2026",4627,4332,-6.37562135292846,1152,1033,886,-23.0902777777778,-14.2303969022265,172292,1,"2026-05-18 11:01:22 EDT"
"Shreveport","Louisiana","violent_crime","Jan - Mar 2026",2156,2015,-6.53988868274583,520,446,385,-25.9615384615385,-13.6771300448431,172292,1,"2026-05-18 11:01:22 EDT"
"Simi Valley","California","aggravated_assault","Jan - Mar 2026",109,98,-10.0917431192661,20,20,17,-15,-15,124707,1,"2026-05-18 11:01:22 EDT"
"Simi Valley","California","burglary","Jan - Mar 2026",155,177,14.1935483870968,16,43,27,68.75,-37.2093023255814,124707,1,"2026-05-18 11:01:22 EDT"
"Simi Valley","California","motor_vehicle_theft","Jan - Mar 2026",106,121,14.1509433962264,24,23,28,16.6666666666667,21.7391304347826,124707,1,"2026-05-18 11:01:22 EDT"
"Simi Valley","California","murder","Jan - Mar 2026",3,3,0,0,0,0,NA,NA,124707,1,"2026-05-18 11:01:22 EDT"
"Simi Valley","California","property_crime","Jan - Mar 2026",1158,961,-17.0120898100173,262,242,198,-24.4274809160305,-18.1818181818182,124707,1,"2026-05-18 11:01:22 EDT"
"Simi Valley","California","rape","Jan - Mar 2026",21,37,76.1904761904762,6,10,9,50,-10,124707,1,"2026-05-18 11:01:22 EDT"
"Simi Valley","California","robbery","Jan - Mar 2026",31,29,-6.45161290322581,11,7,6,-45.4545454545455,-14.2857142857143,124707,1,"2026-05-18 11:01:22 EDT"
"Simi Valley","California","theft","Jan - Mar 2026",897,663,-26.0869565217391,222,176,143,-35.5855855855856,-18.75,124707,1,"2026-05-18 11:01:22 EDT"
"Simi Valley","California","violent_crime","Jan - Mar 2026",164,167,1.82926829268293,37,37,32,-13.5135135135135,-13.5135135135135,124707,1,"2026-05-18 11:01:22 EDT"
"Sioux City","Iowa","aggravated_assault","Jan - Mar 2026",319,329,3.13479623824451,70,80,53,-24.2857142857143,-33.75,85708,1,"2026-05-18 11:01:22 EDT"
"Sioux City","Iowa","burglary","Jan - Mar 2026",407,345,-15.2334152334152,113,79,75,-33.6283185840708,-5.06329113924051,85708,1,"2026-05-18 11:01:22 EDT"
"Sioux City","Iowa","motor_vehicle_theft","Jan - Mar 2026",253,223,-11.8577075098814,71,48,48,-32.3943661971831,0,85708,1,"2026-05-18 11:01:22 EDT"
"Sioux City","Iowa","murder","Jan - Mar 2026",3,1,-66.6666666666667,0,0,2,Inf,Inf,85708,1,"2026-05-18 11:01:22 EDT"
"Sioux City","Iowa","property_crime","Jan - Mar 2026",2852,2441,-14.4109396914446,692,591,572,-17.3410404624277,-3.21489001692047,85708,1,"2026-05-18 11:01:22 EDT"
"Sioux City","Iowa","rape","Jan - Mar 2026",71,47,-33.8028169014084,13,8,19,46.1538461538462,137.5,85708,1,"2026-05-18 11:01:22 EDT"
"Sioux City","Iowa","robbery","Jan - Mar 2026",81,52,-35.8024691358025,16,13,10,-37.5,-23.0769230769231,85708,1,"2026-05-18 11:01:22 EDT"
"Sioux City","Iowa","theft","Jan - Mar 2026",2192,1873,-14.5529197080292,508,464,449,-11.6141732283465,-3.23275862068966,85708,1,"2026-05-18 11:01:22 EDT"
"Sioux City","Iowa","violent_crime","Jan - Mar 2026",474,429,-9.49367088607595,99,101,84,-15.1515151515152,-16.8316831683168,85708,1,"2026-05-18 11:01:22 EDT"
"Sioux Falls","South Dakota","aggravated_assault","Jan - Feb 2026",952,700,-26.4705882352941,151,119,97,-35.7615894039735,-18.4873949579832,170102,1,"2026-05-18 11:01:22 EDT"
"Sioux Falls","South Dakota","burglary","Jan - Feb 2026",653,495,-24.1960183767228,112,84,58,-48.2142857142857,-30.952380952381,170102,1,"2026-05-18 11:01:22 EDT"
"Sioux Falls","South Dakota","motor_vehicle_theft","Jan - Feb 2026",953,608,-36.2014690451207,183,155,83,-54.6448087431694,-46.4516129032258,170102,1,"2026-05-18 11:01:22 EDT"
"Sioux Falls","South Dakota","murder","Jan - Feb 2026",14,10,-28.5714285714286,0,1,0,NA,-100,170102,1,"2026-05-18 11:01:22 EDT"
"Sioux Falls","South Dakota","property_crime","Jan - Feb 2026",0,0,NA,0,0,0,NA,NA,170102,1,"2026-05-18 11:01:22 EDT"
"Sioux Falls","South Dakota","rape","Jan - Feb 2026",60,34,-43.3333333333333,9,8,2,-77.7777777777778,-75,170102,1,"2026-05-18 11:01:22 EDT"
"Sioux Falls","South Dakota","robbery","Jan - Feb 2026",100,70,-30,18,18,8,-55.5555555555556,-55.5555555555556,170102,1,"2026-05-18 11:01:22 EDT"
"Sioux Falls","South Dakota","theft","Jan - Feb 2026",5047,4035,-20.0515157519318,756,672,583,-22.8835978835979,-13.2440476190476,170102,1,"2026-05-18 11:01:22 EDT"
"Sioux Falls","South Dakota","violent_crime","Jan - Feb 2026",0,0,NA,0,0,0,NA,NA,170102,1,"2026-05-18 11:01:22 EDT"
"Skokie","Illinois","aggravated_assault","Jan - Mar 2026",72,58,-19.4444444444444,23,13,6,-73.9130434782609,-53.8461538461538,64047,1,"2026-05-18 11:01:22 EDT"
"Skokie","Illinois","burglary","Jan - Mar 2026",459,127,-72.3311546840958,105,33,21,-80,-36.3636363636364,64047,1,"2026-05-18 11:01:22 EDT"
"Skokie","Illinois","motor_vehicle_theft","Jan - Mar 2026",198,136,-31.3131313131313,58,31,20,-65.5172413793103,-35.4838709677419,64047,1,"2026-05-18 11:01:22 EDT"
"Skokie","Illinois","murder","Jan - Mar 2026",0,0,NA,0,0,0,NA,NA,64047,1,"2026-05-18 11:01:22 EDT"
"Skokie","Illinois","property_crime","Jan - Mar 2026",1735,1679,-3.22766570605187,435,344,404,-7.1264367816092,17.4418604651163,64047,1,"2026-05-18 11:01:22 EDT"
"Skokie","Illinois","rape","Jan - Mar 2026",19,21,10.5263157894737,2,5,6,200,20,64047,1,"2026-05-18 11:01:22 EDT"
"Skokie","Illinois","robbery","Jan - Mar 2026",41,20,-51.219512195122,12,5,5,-58.3333333333333,0,64047,1,"2026-05-18 11:01:22 EDT"
"Skokie","Illinois","theft","Jan - Mar 2026",1078,1416,31.3543599257885,272,280,363,33.4558823529412,29.6428571428571,64047,1,"2026-05-18 11:01:22 EDT"
"Skokie","Illinois","violent_crime","Jan - Mar 2026",132,99,-25,37,23,17,-54.0540540540541,-26.0869565217391,64047,1,"2026-05-18 11:01:22 EDT"
"Smith County","Texas","aggravated_assault","Jan - Mar 2026",222,216,-2.7027027027027,53,54,35,-33.9622641509434,-35.1851851851852,114593,1,"2026-05-18 11:01:22 EDT"
"Smith County","Texas","burglary","Jan - Mar 2026",180,147,-18.3333333333333,42,42,25,-40.4761904761905,-40.4761904761905,114593,1,"2026-05-18 11:01:22 EDT"
"Smith County","Texas","motor_vehicle_theft","Jan - Mar 2026",129,96,-25.5813953488372,37,28,20,-45.945945945946,-28.5714285714286,114593,1,"2026-05-18 11:01:22 EDT"
"Smith County","Texas","murder","Jan - Mar 2026",7,4,-42.8571428571429,2,1,3,50,200,114593,1,"2026-05-18 11:01:22 EDT"
"Smith County","Texas","property_crime","Jan - Mar 2026",797,689,-13.5508155583438,195,168,130,-33.3333333333333,-22.6190476190476,114593,1,"2026-05-18 11:01:22 EDT"
"Smith County","Texas","rape","Jan - Mar 2026",51,57,11.7647058823529,14,16,9,-35.7142857142857,-43.75,114593,1,"2026-05-18 11:01:22 EDT"
"Smith County","Texas","robbery","Jan - Mar 2026",8,8,0,1,2,2,100,0,114593,1,"2026-05-18 11:01:22 EDT"
"Smith County","Texas","theft","Jan - Mar 2026",488,446,-8.60655737704918,116,98,85,-26.7241379310345,-13.265306122449,114593,1,"2026-05-18 11:01:22 EDT"
"Smith County","Texas","violent_crime","Jan - Mar 2026",288,285,-1.04166666666667,70,73,49,-30,-32.8767123287671,114593,1,"2026-05-18 11:01:22 EDT"
"Smyrna","Tennessee","aggravated_assault","Jan - Mar 2026",127,159,25.1968503937008,26,37,25,-3.84615384615385,-32.4324324324324,58791,1,"2026-05-18 11:01:22 EDT"
"Smyrna","Tennessee","burglary","Jan - Mar 2026",99,84,-15.1515151515152,26,20,9,-65.3846153846154,-55,58791,1,"2026-05-18 11:01:22 EDT"
"Smyrna","Tennessee","motor_vehicle_theft","Jan - Mar 2026",213,123,-42.2535211267606,70,31,30,-57.1428571428571,-3.2258064516129,58791,1,"2026-05-18 11:01:22 EDT"
"Smyrna","Tennessee","murder","Jan - Mar 2026",1,1,0,0,0,0,NA,NA,58791,1,"2026-05-18 11:01:22 EDT"
"Smyrna","Tennessee","property_crime","Jan - Mar 2026",1449,1163,-19.7377501725328,377,300,227,-39.7877984084881,-24.3333333333333,58791,1,"2026-05-18 11:01:22 EDT"
"Smyrna","Tennessee","rape","Jan - Mar 2026",17,30,76.4705882352941,5,8,8,60,0,58791,1,"2026-05-18 11:01:22 EDT"
"Smyrna","Tennessee","robbery","Jan - Mar 2026",20,17,-15,5,6,0,-100,-100,58791,1,"2026-05-18 11:01:22 EDT"
"Smyrna","Tennessee","theft","Jan - Mar 2026",1137,956,-15.9190853122252,281,249,188,-33.0960854092527,-24.4979919678715,58791,1,"2026-05-18 11:01:22 EDT"
"Smyrna","Tennessee","violent_crime","Jan - Mar 2026",165,207,25.4545454545455,36,51,33,-8.33333333333333,-35.2941176470588,58791,1,"2026-05-18 11:01:22 EDT"
"Sonoma County","California","aggravated_assault","Jan - Mar 2026",124,146,17.741935483871,19,34,38,100,11.7647058823529,138566,1,"2026-05-18 11:01:22 EDT"
"Sonoma County","California","burglary","Jan - Mar 2026",320,293,-8.4375,93,55,59,-36.5591397849462,7.27272727272727,138566,1,"2026-05-18 11:01:22 EDT"
"Sonoma County","California","motor_vehicle_theft","Jan - Mar 2026",12,16,33.3333333333333,3,2,7,133.333333333333,250,138566,1,"2026-05-18 11:01:22 EDT"
"Sonoma County","California","murder","Jan - Mar 2026",3,4,33.3333333333333,0,1,1,Inf,0,138566,1,"2026-05-18 11:01:22 EDT"
"Sonoma County","California","property_crime","Jan - Mar 2026",708,793,12.0056497175141,173,165,176,1.73410404624277,6.66666666666667,138566,1,"2026-05-18 11:01:22 EDT"
"Sonoma County","California","rape","Jan - Mar 2026",65,77,18.4615384615385,12,18,16,33.3333333333333,-11.1111111111111,138566,1,"2026-05-18 11:01:22 EDT"
"Sonoma County","California","robbery","Jan - Mar 2026",29,22,-24.1379310344828,10,4,10,0,150,138566,1,"2026-05-18 11:01:22 EDT"
"Sonoma County","California","theft","Jan - Mar 2026",376,484,28.7234042553192,77,108,110,42.8571428571429,1.85185185185185,138566,1,"2026-05-18 11:01:22 EDT"
"Sonoma County","California","violent_crime","Jan - Mar 2026",221,249,12.6696832579186,41,57,65,58.5365853658537,14.0350877192982,138566,1,"2026-05-18 11:01:22 EDT"
"South","Nationwide","aggravated_assault","Jan - Mar 2026",145159,130029,-10.4230533415083,32584,30474,28619,-12.168548981095,-6.0871562643565,42299157,194,"2026-05-18 11:01:22 EDT"
"South","Nationwide","burglary","Jan - Mar 2026",127496,111332,-12.6780448014055,30989,27413,23312,-24.7733066572009,-14.960055448145,42299157,194,"2026-05-18 11:01:22 EDT"
"South","Nationwide","motor_vehicle_theft","Jan - Mar 2026",173589,128643,-25.8921936297807,46980,33314,24972,-46.845466155811,-25.0405235036321,42299157,194,"2026-05-18 11:01:22 EDT"
"South","Nationwide","murder","Jan - Mar 2026",3757,3139,-16.4492946499867,917,803,629,-31.4067611777535,-21.6687422166874,42299157,194,"2026-05-18 11:01:22 EDT"
"South","Nationwide","property_crime","Jan - Mar 2026",1038612,907047,-12.6673868586152,254102,221349,191098,-24.7947674555887,-13.6666531134091,42299157,194,"2026-05-18 11:01:22 EDT"
"South","Nationwide","rape","Jan - Mar 2026",18555,16953,-8.63379143088116,4397,4136,3687,-16.1473732090061,-10.8558994197292,42299157,194,"2026-05-18 11:01:22 EDT"
"South","Nationwide","robbery","Jan - Mar 2026",39635,30980,-21.8367604390059,9596,7949,6030,-37.1613172155065,-24.1414014341427,42299157,194,"2026-05-18 11:01:22 EDT"
"South","Nationwide","theft","Jan - Mar 2026",737527,667072,-9.55287060677101,176133,160622,142814,-18.9169548012014,-11.0868996775037,42299157,194,"2026-05-18 11:01:22 EDT"
"South","Nationwide","violent_crime","Jan - Mar 2026",207106,181101,-12.5563720993115,47494,43362,38965,-17.9580578599402,-10.1402149347355,42299157,194,"2026-05-18 11:01:22 EDT"
"South Bend","Indiana","aggravated_assault","Jan - Mar 2026",868,785,-9.56221198156682,196,143,153,-21.9387755102041,6.99300699300699,103415,1,"2026-05-18 11:01:22 EDT"
"South Bend","Indiana","burglary","Jan - Mar 2026",510,452,-11.3725490196078,118,79,120,1.69491525423729,51.8987341772152,103415,1,"2026-05-18 11:01:22 EDT"
"South Bend","Indiana","motor_vehicle_theft","Jan - Mar 2026",490,350,-28.5714285714286,93,77,61,-34.4086021505376,-20.7792207792208,103415,1,"2026-05-18 11:01:22 EDT"
"South Bend","Indiana","murder","Jan - Mar 2026",8,9,12.5,3,1,8,166.666666666667,700,103415,1,"2026-05-18 11:01:22 EDT"
"South Bend","Indiana","property_crime","Jan - Mar 2026",2894,2757,-4.73393227366966,610,563,563,-7.70491803278689,0,103415,1,"2026-05-18 11:01:22 EDT"
"South Bend","Indiana","rape","Jan - Mar 2026",74,67,-9.45945945945946,16,21,15,-6.25,-28.5714285714286,103415,1,"2026-05-18 11:01:22 EDT"
"South Bend","Indiana","robbery","Jan - Mar 2026",146,99,-32.1917808219178,40,19,17,-57.5,-10.5263157894737,103415,1,"2026-05-18 11:01:22 EDT"
"South Bend","Indiana","theft","Jan - Mar 2026",1894,1955,3.22069693769799,399,407,382,-4.26065162907268,-6.14250614250614,103415,1,"2026-05-18 11:01:22 EDT"
"South Bend","Indiana","violent_crime","Jan - Mar 2026",1096,960,-12.4087591240876,255,184,193,-24.3137254901961,4.89130434782609,103415,1,"2026-05-18 11:01:22 EDT"
"South Jordan","Utah","aggravated_assault","Jan - Mar 2026",58,60,3.44827586206897,9,16,14,55.5555555555556,-12.5,86846,1,"2026-05-18 11:01:22 EDT"
"South Jordan","Utah","burglary","Jan - Mar 2026",55,63,14.5454545454545,8,8,14,75,75,86846,1,"2026-05-18 11:01:22 EDT"
"South Jordan","Utah","motor_vehicle_theft","Jan - Mar 2026",49,61,24.4897959183673,8,13,16,100,23.0769230769231,86846,1,"2026-05-18 11:01:22 EDT"
"South Jordan","Utah","murder","Jan - Mar 2026",0,3,Inf,0,0,0,NA,NA,86846,1,"2026-05-18 11:01:22 EDT"
"South Jordan","Utah","property_crime","Jan - Mar 2026",754,829,9.94694960212202,190,191,209,10,9.42408376963351,86846,1,"2026-05-18 11:01:22 EDT"
"South Jordan","Utah","rape","Jan - Mar 2026",27,23,-14.8148148148148,4,5,7,75,40,86846,1,"2026-05-18 11:01:22 EDT"
"South Jordan","Utah","robbery","Jan - Mar 2026",12,10,-16.6666666666667,2,3,2,0,-33.3333333333333,86846,1,"2026-05-18 11:01:22 EDT"
"South Jordan","Utah","theft","Jan - Mar 2026",650,705,8.46153846153846,174,170,179,2.8735632183908,5.29411764705882,86846,1,"2026-05-18 11:01:22 EDT"
"South Jordan","Utah","violent_crime","Jan - Mar 2026",97,96,-1.03092783505155,15,24,23,53.3333333333333,-4.16666666666667,86846,1,"2026-05-18 11:01:22 EDT"
"South San Francisco","California","aggravated_assault","Jan - Mar 2026",151,180,19.205298013245,43,43,34,-20.9302325581395,-20.9302325581395,62229,1,"2026-05-18 11:01:22 EDT"
"South San Francisco","California","burglary","Jan - Mar 2026",63,42,-33.3333333333333,16,7,11,-31.25,57.1428571428571,62229,1,"2026-05-18 11:01:22 EDT"
"South San Francisco","California","motor_vehicle_theft","Jan - Mar 2026",217,103,-52.5345622119816,64,32,17,-73.4375,-46.875,62229,1,"2026-05-18 11:01:22 EDT"
"South San Francisco","California","murder","Jan - Mar 2026",0,0,NA,0,0,0,NA,NA,62229,1,"2026-05-18 11:01:22 EDT"
"South San Francisco","California","property_crime","Jan - Mar 2026",971,781,-19.56745623069,319,190,168,-47.3354231974922,-11.5789473684211,62229,1,"2026-05-18 11:01:22 EDT"
"South San Francisco","California","rape","Jan - Mar 2026",16,16,0,5,4,1,-80,-75,62229,1,"2026-05-18 11:01:22 EDT"
"South San Francisco","California","robbery","Jan - Mar 2026",22,2,-90.9090909090909,11,1,0,-100,-100,62229,1,"2026-05-18 11:01:22 EDT"
"South San Francisco","California","theft","Jan - Mar 2026",691,636,-7.95947901591896,239,151,140,-41.4225941422594,-7.28476821192053,62229,1,"2026-05-18 11:01:22 EDT"
"South San Francisco","California","violent_crime","Jan - Mar 2026",189,198,4.76190476190476,59,48,35,-40.6779661016949,-27.0833333333333,62229,1,"2026-05-18 11:01:22 EDT"
"Southaven","Mississippi","aggravated_assault","Jan - Mar 2026",141,118,-16.3120567375887,33,25,25,-24.2424242424242,0,57537,1,"2026-05-18 11:01:22 EDT"
"Southaven","Mississippi","burglary","Jan - Mar 2026",90,76,-15.5555555555556,16,9,9,-43.75,0,57537,1,"2026-05-18 11:01:22 EDT"
"Southaven","Mississippi","motor_vehicle_theft","Jan - Mar 2026",142,110,-22.5352112676056,42,28,28,-33.3333333333333,0,57537,1,"2026-05-18 11:01:22 EDT"
"Southaven","Mississippi","murder","Jan - Mar 2026",1,1,0,1,1,1,0,0,57537,1,"2026-05-18 11:01:22 EDT"
"Southaven","Mississippi","property_crime","Jan - Mar 2026",1166,969,-16.8953687821612,290,217,217,-25.1724137931034,0,57537,1,"2026-05-18 11:01:22 EDT"
"Southaven","Mississippi","rape","Jan - Mar 2026",12,14,16.6666666666667,5,4,4,-20,0,57537,1,"2026-05-18 11:01:22 EDT"
"Southaven","Mississippi","robbery","Jan - Mar 2026",31,24,-22.5806451612903,1,9,9,800,0,57537,1,"2026-05-18 11:01:22 EDT"
"Southaven","Mississippi","theft","Jan - Mar 2026",934,783,-16.1670235546039,232,180,180,-22.4137931034483,0,57537,1,"2026-05-18 11:01:22 EDT"
"Southaven","Mississippi","violent_crime","Jan - Mar 2026",185,157,-15.1351351351351,40,39,39,-2.5,0,57537,1,"2026-05-18 11:01:22 EDT"
"Southfield","Michigan","aggravated_assault","Jan - Mar 2026",297,370,24.5791245791246,84,71,67,-20.2380952380952,-5.63380281690141,75454,1,"2026-05-18 11:01:22 EDT"
"Southfield","Michigan","burglary","Jan - Mar 2026",307,215,-29.9674267100977,51,51,37,-27.4509803921569,-27.4509803921569,75454,1,"2026-05-18 11:01:22 EDT"
"Southfield","Michigan","motor_vehicle_theft","Jan - Mar 2026",413,356,-13.8014527845036,83,99,67,-19.2771084337349,-32.3232323232323,75454,1,"2026-05-18 11:01:22 EDT"
"Southfield","Michigan","murder","Jan - Mar 2026",1,6,500,0,1,2,Inf,100,75454,1,"2026-05-18 11:01:22 EDT"
"Southfield","Michigan","property_crime","Jan - Mar 2026",1835,1779,-3.05177111716621,400,383,374,-6.5,-2.34986945169713,75454,1,"2026-05-18 11:01:22 EDT"
"Southfield","Michigan","rape","Jan - Mar 2026",46,37,-19.5652173913043,9,4,7,-22.2222222222222,75,75454,1,"2026-05-18 11:01:22 EDT"
"Southfield","Michigan","robbery","Jan - Mar 2026",30,35,16.6666666666667,8,2,5,-37.5,150,75454,1,"2026-05-18 11:01:22 EDT"
"Southfield","Michigan","theft","Jan - Mar 2026",1115,1208,8.34080717488789,266,233,270,1.50375939849624,15.8798283261803,75454,1,"2026-05-18 11:01:22 EDT"
"Southfield","Michigan","violent_crime","Jan - Mar 2026",374,448,19.7860962566845,101,78,81,-19.8019801980198,3.84615384615385,75454,1,"2026-05-18 11:01:22 EDT"
"Sparks","Nevada","aggravated_assault","Jan - Mar 2026",277,247,-10.8303249097473,75,48,50,-33.3333333333333,4.16666666666667,110807,1,"2026-05-18 11:01:22 EDT"
"Sparks","Nevada","burglary","Jan - Mar 2026",335,327,-2.38805970149254,58,123,38,-34.4827586206897,-69.1056910569106,110807,1,"2026-05-18 11:01:22 EDT"
"Sparks","Nevada","motor_vehicle_theft","Jan - Mar 2026",352,271,-23.0113636363636,74,61,58,-21.6216216216216,-4.91803278688525,110807,1,"2026-05-18 11:01:22 EDT"
"Sparks","Nevada","murder","Jan - Mar 2026",5,2,-60,0,1,0,NA,-100,110807,1,"2026-05-18 11:01:22 EDT"
"Sparks","Nevada","property_crime","Jan - Mar 2026",2867,2530,-11.7544471573073,650,640,552,-15.0769230769231,-13.75,110807,1,"2026-05-18 11:01:22 EDT"
"Sparks","Nevada","rape","Jan - Mar 2026",94,101,7.4468085106383,24,26,21,-12.5,-19.2307692307692,110807,1,"2026-05-18 11:01:22 EDT"
"Sparks","Nevada","robbery","Jan - Mar 2026",62,57,-8.06451612903226,13,13,14,7.69230769230769,7.69230769230769,110807,1,"2026-05-18 11:01:22 EDT"
"Sparks","Nevada","theft","Jan - Mar 2026",2180,1932,-11.3761467889908,518,456,456,-11.969111969112,0,110807,1,"2026-05-18 11:01:22 EDT"
"Sparks","Nevada","violent_crime","Jan - Mar 2026",438,407,-7.07762557077625,112,88,85,-24.1071428571429,-3.40909090909091,110807,1,"2026-05-18 11:01:22 EDT"
"Spokane","Washington","aggravated_assault","Jan - Feb 2026",912,873,-4.27631578947368,131,128,105,-19.8473282442748,-17.96875,229529,1,"2026-05-18 11:01:22 EDT"
"Spokane","Washington","burglary","Jan - Feb 2026",1517,883,-41.7930125247198,250,174,0,-100,-100,229529,1,"2026-05-18 11:01:22 EDT"
"Spokane","Washington","motor_vehicle_theft","Jan - Feb 2026",1242,586,-52.8180354267311,190,104,0,-100,-100,229529,1,"2026-05-18 11:01:22 EDT"
"Spokane","Washington","murder","Jan - Feb 2026",16,8,-50,3,1,2,-33.3333333333333,100,229529,1,"2026-05-18 11:01:22 EDT"
"Spokane","Washington","property_crime","Jan - Feb 2026",0,0,NA,0,0,0,NA,NA,229529,1,"2026-05-18 11:01:22 EDT"
"Spokane","Washington","rape","Jan - Feb 2026",178,190,6.74157303370786,28,31,19,-32.1428571428571,-38.7096774193548,229529,1,"2026-05-18 11:01:22 EDT"
"Spokane","Washington","robbery","Jan - Feb 2026",336,198,-41.0714285714286,54,41,0,-100,-100,229529,1,"2026-05-18 11:01:22 EDT"
"Spokane","Washington","theft","Jan - Feb 2026",8752,8044,-8.08957952468007,1338,1237,1194,-10.762331838565,-3.47615198059822,229529,1,"2026-05-18 11:01:22 EDT"
"Spokane","Washington","violent_crime","Jan - Feb 2026",0,0,NA,0,0,0,NA,NA,229529,1,"2026-05-18 11:01:22 EDT"
"Spokane Valley","Washington","aggravated_assault","Jan - Mar 2026",195,182,-6.66666666666667,47,34,44,-6.38297872340426,29.4117647058824,109852,1,"2026-05-18 11:01:22 EDT"
"Spokane Valley","Washington","burglary","Jan - Mar 2026",663,499,-24.73604826546,145,127,100,-31.0344827586207,-21.259842519685,109852,1,"2026-05-18 11:01:22 EDT"
"Spokane Valley","Washington","motor_vehicle_theft","Jan - Mar 2026",339,303,-10.6194690265487,71,62,69,-2.8169014084507,11.2903225806452,109852,1,"2026-05-18 11:01:22 EDT"
"Spokane Valley","Washington","murder","Jan - Mar 2026",1,1,0,0,0,0,NA,NA,109852,1,"2026-05-18 11:01:22 EDT"
"Spokane Valley","Washington","property_crime","Jan - Mar 2026",3880,3622,-6.64948453608247,948,830,739,-22.0464135021097,-10.9638554216867,109852,1,"2026-05-18 11:01:22 EDT"
"Spokane Valley","Washington","rape","Jan - Mar 2026",32,26,-18.75,5,4,2,-60,-50,109852,1,"2026-05-18 11:01:22 EDT"
"Spokane Valley","Washington","robbery","Jan - Mar 2026",40,42,5,7,8,11,57.1428571428571,37.5,109852,1,"2026-05-18 11:01:22 EDT"
"Spokane Valley","Washington","theft","Jan - Mar 2026",2878,2820,-2.01528839471855,732,641,570,-22.1311475409836,-11.0764430577223,109852,1,"2026-05-18 11:01:22 EDT"
"Spokane Valley","Washington","violent_crime","Jan - Mar 2026",268,251,-6.34328358208955,59,46,57,-3.38983050847458,23.9130434782609,109852,1,"2026-05-18 11:01:22 EDT"
"Spotsylvania County","Virginia","aggravated_assault","Jan - Jan 2026",274,226,-17.5182481751825,16,14,17,6.25,21.4285714285714,153892,1,"2026-05-18 11:01:22 EDT"
"Spotsylvania County","Virginia","burglary","Jan - Jan 2026",55,33,-40,6,3,2,-66.6666666666667,-33.3333333333333,153892,1,"2026-05-18 11:01:22 EDT"
"Spotsylvania County","Virginia","motor_vehicle_theft","Jan - Jan 2026",97,95,-2.06185567010309,4,4,4,0,0,153892,1,"2026-05-18 11:01:22 EDT"
"Spotsylvania County","Virginia","murder","Jan - Jan 2026",6,5,-16.6666666666667,0,2,0,NA,-100,153892,1,"2026-05-18 11:01:22 EDT"
"Spotsylvania County","Virginia","property_crime","Jan - Jan 2026",0,0,NA,0,0,0,NA,NA,153892,1,"2026-05-18 11:01:22 EDT"
"Spotsylvania County","Virginia","rape","Jan - Jan 2026",44,34,-22.7272727272727,3,2,1,-66.6666666666667,-50,153892,1,"2026-05-18 11:01:22 EDT"
"Spotsylvania County","Virginia","robbery","Jan - Jan 2026",26,19,-26.9230769230769,1,0,1,0,Inf,153892,1,"2026-05-18 11:01:22 EDT"
"Spotsylvania County","Virginia","theft","Jan - Jan 2026",746,635,-14.8793565683646,68,71,39,-42.6470588235294,-45.0704225352113,153892,1,"2026-05-18 11:01:22 EDT"
"Spotsylvania County","Virginia","violent_crime","Jan - Jan 2026",0,0,NA,0,0,0,NA,NA,153892,1,"2026-05-18 11:01:22 EDT"
"Spring Hill","Tennessee","aggravated_assault","Jan - Mar 2026",88,75,-14.7727272727273,16,21,14,-12.5,-33.3333333333333,39373,1,"2026-05-18 11:01:22 EDT"
"Spring Hill","Tennessee","burglary","Jan - Mar 2026",33,26,-21.2121212121212,7,6,11,57.1428571428571,83.3333333333333,39373,1,"2026-05-18 11:01:22 EDT"
"Spring Hill","Tennessee","motor_vehicle_theft","Jan - Mar 2026",21,14,-33.3333333333333,4,2,5,25,150,39373,1,"2026-05-18 11:01:22 EDT"
"Spring Hill","Tennessee","murder","Jan - Mar 2026",0,2,Inf,0,1,0,NA,-100,39373,1,"2026-05-18 11:01:22 EDT"
"Spring Hill","Tennessee","property_crime","Jan - Mar 2026",282,276,-2.12765957446809,82,55,70,-14.6341463414634,27.2727272727273,39373,1,"2026-05-18 11:01:22 EDT"
"Spring Hill","Tennessee","rape","Jan - Mar 2026",3,10,233.333333333333,0,2,2,Inf,0,39373,1,"2026-05-18 11:01:22 EDT"
"Spring Hill","Tennessee","robbery","Jan - Mar 2026",5,1,-80,1,0,1,0,Inf,39373,1,"2026-05-18 11:01:22 EDT"
"Spring Hill","Tennessee","theft","Jan - Mar 2026",228,236,3.50877192982456,71,47,54,-23.943661971831,14.8936170212766,39373,1,"2026-05-18 11:01:22 EDT"
"Spring Hill","Tennessee","violent_crime","Jan - Mar 2026",96,88,-8.33333333333333,17,24,17,0,-29.1666666666667,39373,1,"2026-05-18 11:01:22 EDT"
"Springfield","Illinois","aggravated_assault","Jan - Mar 2026",733,750,2.31923601637108,162,158,122,-24.6913580246914,-22.7848101265823,111965,1,"2026-05-18 11:01:22 EDT"
"Springfield","Illinois","burglary","Jan - Mar 2026",1734,819,-52.7681660899654,428,173,130,-69.6261682242991,-24.8554913294798,111965,1,"2026-05-18 11:01:22 EDT"
"Springfield","Illinois","motor_vehicle_theft","Jan - Mar 2026",663,589,-11.1613876319759,85,150,109,28.2352941176471,-27.3333333333333,111965,1,"2026-05-18 11:01:22 EDT"
"Springfield","Illinois","murder","Jan - Mar 2026",9,11,22.2222222222222,0,4,2,Inf,-50,111965,1,"2026-05-18 11:01:22 EDT"
"Springfield","Illinois","property_crime","Jan - Mar 2026",5581,4817,-13.6893029922953,1257,1090,898,-28.5600636435959,-17.6146788990826,111965,1,"2026-05-18 11:01:22 EDT"
"Springfield","Illinois","rape","Jan - Mar 2026",119,143,20.1680672268908,25,38,30,20,-21.0526315789474,111965,1,"2026-05-18 11:01:22 EDT"
"Springfield","Illinois","robbery","Jan - Mar 2026",150,106,-29.3333333333333,30,17,18,-40,5.88235294117647,111965,1,"2026-05-18 11:01:22 EDT"
"Springfield","Illinois","theft","Jan - Mar 2026",3184,3409,7.06658291457286,744,767,659,-11.4247311827957,-14.0808344198175,111965,1,"2026-05-18 11:01:22 EDT"
"Springfield","Illinois","violent_crime","Jan - Mar 2026",1011,1010,-0.0989119683481701,217,217,172,-20.7373271889401,-20.7373271889401,111965,1,"2026-05-18 11:01:22 EDT"
"Springfield","Massachusetts","aggravated_assault","Jan - Mar 2026",971,920,-5.25231719876416,220,169,0,-100,-100,155491,1,"2026-05-18 11:01:22 EDT"
"Springfield","Massachusetts","burglary","Jan - Mar 2026",488,467,-4.30327868852459,99,101,0,-100,-100,155491,1,"2026-05-18 11:01:22 EDT"
"Springfield","Massachusetts","motor_vehicle_theft","Jan - Mar 2026",1034,767,-25.8220502901354,343,186,0,-100,-100,155491,1,"2026-05-18 11:01:22 EDT"
"Springfield","Massachusetts","murder","Jan - Mar 2026",19,17,-10.5263157894737,3,4,0,-100,-100,155491,1,"2026-05-18 11:01:22 EDT"
"Springfield","Massachusetts","property_crime","Jan - Mar 2026",0,0,NA,0,0,0,NA,NA,155491,1,"2026-05-18 11:01:22 EDT"
"Springfield","Massachusetts","rape","Jan - Mar 2026",74,60,-18.9189189189189,17,16,0,-100,-100,155491,1,"2026-05-18 11:01:22 EDT"
"Springfield","Massachusetts","robbery","Jan - Mar 2026",325,344,5.84615384615385,78,75,0,-100,-100,155491,1,"2026-05-18 11:01:22 EDT"
"Springfield","Massachusetts","theft","Jan - Mar 2026",2894,2519,-12.9578438147892,665,606,0,-100,-100,155491,1,"2026-05-18 11:01:22 EDT"
"Springfield","Massachusetts","violent_crime","Jan - Mar 2026",0,0,NA,0,0,0,NA,NA,155491,1,"2026-05-18 11:01:22 EDT"
"Springfield","Missouri","aggravated_assault","Jan - Mar 2026",1612,1656,2.72952853598015,329,366,374,13.677811550152,2.18579234972678,170526,1,"2026-05-18 11:01:22 EDT"
"Springfield","Missouri","burglary","Jan - Mar 2026",1240,1106,-10.8064516129032,318,241,250,-21.3836477987421,3.7344398340249,170526,1,"2026-05-18 11:01:22 EDT"
"Springfield","Missouri","motor_vehicle_theft","Jan - Mar 2026",778,711,-8.61182519280206,189,145,149,-21.1640211640212,2.75862068965517,170526,1,"2026-05-18 11:01:22 EDT"
"Springfield","Missouri","murder","Jan - Mar 2026",10,9,-10,1,2,2,100,0,170526,1,"2026-05-18 11:01:22 EDT"
"Springfield","Missouri","property_crime","Jan - Mar 2026",7155,6503,-9.11250873515024,1581,1529,1589,0.506008855154965,3.9241334205363,170526,1,"2026-05-18 11:01:22 EDT"
"Springfield","Missouri","rape","Jan - Mar 2026",183,210,14.7540983606557,47,49,50,6.38297872340426,2.04081632653061,170526,1,"2026-05-18 11:01:22 EDT"
"Springfield","Missouri","robbery","Jan - Mar 2026",211,199,-5.68720379146919,43,50,50,16.2790697674419,0,170526,1,"2026-05-18 11:01:22 EDT"
"Springfield","Missouri","theft","Jan - Mar 2026",5137,4686,-8.77944325481799,1074,1143,1190,10.8007448789572,4.11198600174978,170526,1,"2026-05-18 11:01:22 EDT"
"Springfield","Missouri","violent_crime","Jan - Mar 2026",2016,2074,2.87698412698413,420,467,476,13.3333333333333,1.9271948608137,170526,1,"2026-05-18 11:01:22 EDT"
"Springfield","Ohio","aggravated_assault","Jan - Mar 2026",635,608,-4.25196850393701,127,113,0,-100,-100,57911,1,"2026-05-18 11:01:22 EDT"
"Springfield","Ohio","burglary","Jan - Mar 2026",516,437,-15.3100775193798,100,104,0,-100,-100,57911,1,"2026-05-18 11:01:22 EDT"
"Springfield","Ohio","motor_vehicle_theft","Jan - Mar 2026",485,392,-19.1752577319588,169,91,0,-100,-100,57911,1,"2026-05-18 11:01:22 EDT"
"Springfield","Ohio","murder","Jan - Mar 2026",5,9,80,2,4,0,-100,-100,57911,1,"2026-05-18 11:01:22 EDT"
"Springfield","Ohio","property_crime","Jan - Mar 2026",0,0,NA,0,0,0,NA,NA,57911,1,"2026-05-18 11:01:22 EDT"
"Springfield","Ohio","rape","Jan - Mar 2026",43,48,11.6279069767442,10,16,0,-100,-100,57911,1,"2026-05-18 11:01:22 EDT"
"Springfield","Ohio","robbery","Jan - Mar 2026",143,84,-41.2587412587413,31,19,0,-100,-100,57911,1,"2026-05-18 11:01:22 EDT"
"Springfield","Ohio","theft","Jan - Mar 2026",1676,1591,-5.07159904534606,371,409,0,-100,-100,57911,1,"2026-05-18 11:01:22 EDT"
"Springfield","Ohio","violent_crime","Jan - Mar 2026",0,0,NA,0,0,0,NA,NA,57911,1,"2026-05-18 11:01:22 EDT"
"Springfield","Oregon","aggravated_assault","Jan - Mar 2026",132,109,-17.4242424242424,28,28,37,32.1428571428571,32.1428571428571,60830,1,"2026-05-18 11:01:22 EDT"
"Springfield","Oregon","burglary","Jan - Mar 2026",164,92,-43.9024390243902,61,31,19,-68.8524590163934,-38.7096774193548,60830,1,"2026-05-18 11:01:22 EDT"
"Springfield","Oregon","motor_vehicle_theft","Jan - Mar 2026",122,98,-19.672131147541,28,33,23,-17.8571428571429,-30.3030303030303,60830,1,"2026-05-18 11:01:22 EDT"
"Springfield","Oregon","murder","Jan - Mar 2026",1,2,100,1,0,0,-100,NA,60830,1,"2026-05-18 11:01:22 EDT"
"Springfield","Oregon","property_crime","Jan - Mar 2026",1721,1360,-20.9761766414875,401,416,356,-11.2219451371571,-14.4230769230769,60830,1,"2026-05-18 11:01:22 EDT"
"Springfield","Oregon","rape","Jan - Mar 2026",31,30,-3.2258064516129,5,7,7,40,0,60830,1,"2026-05-18 11:01:22 EDT"
"Springfield","Oregon","robbery","Jan - Mar 2026",17,22,29.4117647058824,3,5,4,33.3333333333333,-20,60830,1,"2026-05-18 11:01:22 EDT"
"Springfield","Oregon","theft","Jan - Mar 2026",1435,1170,-18.4668989547038,312,352,314,0.641025641025641,-10.7954545454545,60830,1,"2026-05-18 11:01:22 EDT"
"Springfield","Oregon","violent_crime","Jan - Mar 2026",181,163,-9.94475138121547,37,40,48,29.7297297297297,20,60830,1,"2026-05-18 11:01:22 EDT"
"St Charles","Missouri","aggravated_assault","Jan - Mar 2026",68,110,61.7647058823529,9,33,33,266.666666666667,0,72143,1,"2026-05-18 11:01:22 EDT"
"St Charles","Missouri","burglary","Jan - Mar 2026",40,49,22.5,9,2,2,-77.7777777777778,0,72143,1,"2026-05-18 11:01:22 EDT"
"St Charles","Missouri","motor_vehicle_theft","Jan - Mar 2026",94,67,-28.7234042553192,23,9,9,-60.8695652173913,0,72143,1,"2026-05-18 11:01:22 EDT"
"St Charles","Missouri","murder","Jan - Mar 2026",3,3,0,1,0,0,-100,NA,72143,1,"2026-05-18 11:01:22 EDT"
"St Charles","Missouri","property_crime","Jan - Mar 2026",645,593,-8.06201550387597,167,126,126,-24.5508982035928,0,72143,1,"2026-05-18 11:01:22 EDT"
"St Charles","Missouri","rape","Jan - Mar 2026",13,11,-15.3846153846154,3,4,4,33.3333333333333,0,72143,1,"2026-05-18 11:01:22 EDT"
"St Charles","Missouri","robbery","Jan - Mar 2026",13,9,-30.7692307692308,2,3,3,50,0,72143,1,"2026-05-18 11:01:22 EDT"
"St Charles","Missouri","theft","Jan - Mar 2026",511,477,-6.65362035225049,135,115,115,-14.8148148148148,0,72143,1,"2026-05-18 11:01:22 EDT"
"St Charles","Missouri","violent_crime","Jan - Mar 2026",97,133,37.1134020618557,15,40,40,166.666666666667,0,72143,1,"2026-05-18 11:01:22 EDT"
"St Charles County","Missouri","aggravated_assault","Jan - Mar 2026",149,92,-38.255033557047,33,16,18,-45.4545454545455,12.5,119176,1,"2026-05-18 11:01:22 EDT"
"St Charles County","Missouri","burglary","Jan - Mar 2026",24,27,12.5,7,5,5,-28.5714285714286,0,119176,1,"2026-05-18 11:01:22 EDT"
"St Charles County","Missouri","motor_vehicle_theft","Jan - Mar 2026",51,36,-29.4117647058824,16,7,7,-56.25,0,119176,1,"2026-05-18 11:01:22 EDT"
"St Charles County","Missouri","murder","Jan - Mar 2026",1,0,-100,1,0,0,-100,NA,119176,1,"2026-05-18 11:01:22 EDT"
"St Charles County","Missouri","property_crime","Jan - Mar 2026",0,0,NA,0,0,0,NA,NA,119176,1,"2026-05-18 11:01:22 EDT"
"St Charles County","Missouri","rape","Jan - Mar 2026",14,12,-14.2857142857143,4,1,4,0,300,119176,1,"2026-05-18 11:01:22 EDT"
"St Charles County","Missouri","robbery","Jan - Mar 2026",4,1,-75,2,1,0,-100,-100,119176,1,"2026-05-18 11:01:22 EDT"
"St Charles County","Missouri","theft","Jan - Mar 2026",263,178,-32.319391634981,54,41,34,-37.037037037037,-17.0731707317073,119176,1,"2026-05-18 11:01:22 EDT"
"St Charles County","Missouri","violent_crime","Jan - Mar 2026",0,0,NA,0,0,0,NA,NA,119176,1,"2026-05-18 11:01:22 EDT"
"St Joseph","Missouri","aggravated_assault","Jan - Mar 2026",327,206,-37.0030581039755,66,56,56,-15.1515151515152,0,70139,1,"2026-05-18 11:01:22 EDT"
"St Joseph","Missouri","burglary","Jan - Mar 2026",388,434,11.8556701030928,110,75,79,-28.1818181818182,5.33333333333333,70139,1,"2026-05-18 11:01:22 EDT"
"St Joseph","Missouri","motor_vehicle_theft","Jan - Mar 2026",392,232,-40.8163265306122,101,49,50,-50.4950495049505,2.04081632653061,70139,1,"2026-05-18 11:01:22 EDT"
"St Joseph","Missouri","murder","Jan - Mar 2026",3,1,-66.6666666666667,0,1,1,Inf,0,70139,1,"2026-05-18 11:01:22 EDT"
"St Joseph","Missouri","property_crime","Jan - Mar 2026",2757,2520,-8.59630032644178,701,529,538,-23.2524964336662,1.70132325141777,70139,1,"2026-05-18 11:01:22 EDT"
"St Joseph","Missouri","rape","Jan - Mar 2026",131,120,-8.3969465648855,30,32,33,10,3.125,70139,1,"2026-05-18 11:01:22 EDT"
"St Joseph","Missouri","robbery","Jan - Mar 2026",37,19,-48.6486486486487,3,7,7,133.333333333333,0,70139,1,"2026-05-18 11:01:22 EDT"
"St Joseph","Missouri","theft","Jan - Mar 2026",1977,1854,-6.22154779969651,490,405,409,-16.530612244898,0.987654320987654,70139,1,"2026-05-18 11:01:22 EDT"
"St Joseph","Missouri","violent_crime","Jan - Mar 2026",498,346,-30.5220883534137,99,96,97,-2.02020202020202,1.04166666666667,70139,1,"2026-05-18 11:01:22 EDT"
"St Joseph County","Indiana","aggravated_assault","Jan - Feb 2026",65,103,58.4615384615385,8,7,9,12.5,28.5714285714286,111095,1,"2026-05-18 11:01:22 EDT"
"St Joseph County","Indiana","burglary","Jan - Feb 2026",118,99,-16.1016949152542,22,13,11,-50,-15.3846153846154,111095,1,"2026-05-18 11:01:22 EDT"
"St Joseph County","Indiana","motor_vehicle_theft","Jan - Feb 2026",87,61,-29.8850574712644,17,7,10,-41.1764705882353,42.8571428571429,111095,1,"2026-05-18 11:01:22 EDT"
"St Joseph County","Indiana","murder","Jan - Feb 2026",1,1,0,0,1,0,NA,-100,111095,1,"2026-05-18 11:01:22 EDT"
"St Joseph County","Indiana","property_crime","Jan - Feb 2026",0,0,NA,0,0,0,NA,NA,111095,1,"2026-05-18 11:01:22 EDT"
"St Joseph County","Indiana","rape","Jan - Feb 2026",16,15,-6.25,3,1,1,-66.6666666666667,0,111095,1,"2026-05-18 11:01:22 EDT"
"St Joseph County","Indiana","robbery","Jan - Feb 2026",12,6,-50,2,0,1,-50,Inf,111095,1,"2026-05-18 11:01:22 EDT"
"St Joseph County","Indiana","theft","Jan - Feb 2026",468,409,-12.6068376068376,87,61,36,-58.6206896551724,-40.9836065573771,111095,1,"2026-05-18 11:01:22 EDT"
"St Joseph County","Indiana","violent_crime","Jan - Feb 2026",0,0,NA,0,0,0,NA,NA,111095,1,"2026-05-18 11:01:22 EDT"
"St Louis","Missouri","aggravated_assault","Jan - Mar 2026",2788,2530,-9.25394548063128,556,530,535,-3.77697841726619,0.943396226415094,277294,1,"2026-05-18 11:01:22 EDT"
"St Louis","Missouri","burglary","Jan - Mar 2026",2273,1877,-17.4219093708755,537,369,371,-30.9124767225326,0.5420054200542,277294,1,"2026-05-18 11:01:22 EDT"
"St Louis","Missouri","motor_vehicle_theft","Jan - Mar 2026",4090,3256,-20.3911980440098,1023,641,645,-36.950146627566,0.62402496099844,277294,1,"2026-05-18 11:01:22 EDT"
"St Louis","Missouri","murder","Jan - Mar 2026",150,141,-6,40,25,25,-37.5,0,277294,1,"2026-05-18 11:01:22 EDT"
"St Louis","Missouri","property_crime","Jan - Mar 2026",15831,13764,-13.0566609816183,3494,2799,2812,-19.5191757298226,0.464451589853519,277294,1,"2026-05-18 11:01:22 EDT"
"St Louis","Missouri","rape","Jan - Mar 2026",161,116,-27.9503105590062,42,27,28,-33.3333333333333,3.7037037037037,277294,1,"2026-05-18 11:01:22 EDT"
"St Louis","Missouri","robbery","Jan - Mar 2026",692,588,-15.028901734104,152,122,122,-19.7368421052632,0,277294,1,"2026-05-18 11:01:22 EDT"
"St Louis","Missouri","theft","Jan - Mar 2026",9468,8631,-8.84030418250951,1934,1789,1796,-7.13547052740434,0.391280044717719,277294,1,"2026-05-18 11:01:22 EDT"
"St Louis","Missouri","violent_crime","Jan - Mar 2026",3791,3375,-10.9733579530467,790,704,710,-10.126582278481,0.852272727272727,277294,1,"2026-05-18 11:01:22 EDT"
"St Louis County","Missouri","aggravated_assault","Jan - Mar 2026",1576,1443,-8.43908629441624,361,304,304,-15.7894736842105,0,402510,1,"2026-05-18 11:01:22 EDT"
"St Louis County","Missouri","burglary","Jan - Mar 2026",932,781,-16.2017167381974,208,241,241,15.8653846153846,0,402510,1,"2026-05-18 11:01:22 EDT"
"St Louis County","Missouri","motor_vehicle_theft","Jan - Mar 2026",1353,1277,-5.61714708056171,341,226,226,-33.7243401759531,0,402510,1,"2026-05-18 11:01:22 EDT"
"St Louis County","Missouri","murder","Jan - Mar 2026",32,28,-12.5,9,7,6,-33.3333333333333,-14.2857142857143,402510,1,"2026-05-18 11:01:22 EDT"
"St Louis County","Missouri","property_crime","Jan - Mar 2026",6053,5656,-6.55873120766562,1417,1250,1251,-11.7148906139732,0.08,402510,1,"2026-05-18 11:01:22 EDT"
"St Louis County","Missouri","rape","Jan - Mar 2026",114,84,-26.3157894736842,26,28,29,11.5384615384615,3.57142857142857,402510,1,"2026-05-18 11:01:22 EDT"
"St Louis County","Missouri","robbery","Jan - Mar 2026",190,197,3.68421052631579,45,54,54,20,0,402510,1,"2026-05-18 11:01:22 EDT"
"St Louis County","Missouri","theft","Jan - Mar 2026",3768,3598,-4.51167728237792,868,783,784,-9.67741935483871,0.127713920817369,402510,1,"2026-05-18 11:01:22 EDT"
"St Louis County","Missouri","violent_crime","Jan - Mar 2026",1912,1752,-8.36820083682008,441,393,393,-10.8843537414966,0,402510,1,"2026-05-18 11:01:22 EDT"
"St Peters","Missouri","aggravated_assault","Jan - Mar 2026",99,84,-15.1515151515152,32,24,24,-25,0,59993,1,"2026-05-18 11:01:22 EDT"
"St Peters","Missouri","burglary","Jan - Mar 2026",37,36,-2.7027027027027,12,12,12,0,0,59993,1,"2026-05-18 11:01:22 EDT"
"St Peters","Missouri","motor_vehicle_theft","Jan - Mar 2026",57,43,-24.5614035087719,18,5,5,-72.2222222222222,0,59993,1,"2026-05-18 11:01:22 EDT"
"St Peters","Missouri","murder","Jan - Mar 2026",1,0,-100,1,0,0,-100,NA,59993,1,"2026-05-18 11:01:22 EDT"
"St Peters","Missouri","property_crime","Jan - Mar 2026",639,473,-25.9780907668232,164,110,111,-32.3170731707317,0.909090909090909,59993,1,"2026-05-18 11:01:22 EDT"
"St Peters","Missouri","rape","Jan - Mar 2026",16,14,-12.5,1,6,6,500,0,59993,1,"2026-05-18 11:01:22 EDT"
"St Peters","Missouri","robbery","Jan - Mar 2026",8,7,-12.5,1,3,3,200,0,59993,1,"2026-05-18 11:01:22 EDT"
"St Peters","Missouri","theft","Jan - Mar 2026",545,394,-27.7064220183486,134,93,94,-29.8507462686567,1.0752688172043,59993,1,"2026-05-18 11:01:22 EDT"
"St Peters","Missouri","violent_crime","Jan - Mar 2026",124,105,-15.3225806451613,35,33,33,-5.71428571428571,0,59993,1,"2026-05-18 11:01:22 EDT"
"St. Clair Shores","Michigan","aggravated_assault","Jan - Mar 2026",83,109,31.3253012048193,12,17,16,33.3333333333333,-5.88235294117647,57157,1,"2026-05-18 11:01:22 EDT"
"St. Clair Shores","Michigan","burglary","Jan - Mar 2026",201,46,-77.1144278606965,20,13,12,-40,-7.69230769230769,57157,1,"2026-05-18 11:01:22 EDT"
"St. Clair Shores","Michigan","motor_vehicle_theft","Jan - Mar 2026",89,68,-23.5955056179775,18,19,14,-22.2222222222222,-26.3157894736842,57157,1,"2026-05-18 11:01:22 EDT"
"St. Clair Shores","Michigan","murder","Jan - Mar 2026",1,1,0,0,0,0,NA,NA,57157,1,"2026-05-18 11:01:22 EDT"
"St. Clair Shores","Michigan","property_crime","Jan - Mar 2026",613,466,-23.9804241435563,93,109,96,3.2258064516129,-11.9266055045872,57157,1,"2026-05-18 11:01:22 EDT"
"St. Clair Shores","Michigan","rape","Jan - Mar 2026",11,14,27.2727272727273,2,2,0,-100,-100,57157,1,"2026-05-18 11:01:22 EDT"
"St. Clair Shores","Michigan","robbery","Jan - Mar 2026",12,10,-16.6666666666667,2,2,0,-100,-100,57157,1,"2026-05-18 11:01:22 EDT"
"St. Clair Shores","Michigan","theft","Jan - Mar 2026",323,352,8.97832817337461,55,77,70,27.2727272727273,-9.09090909090909,57157,1,"2026-05-18 11:01:22 EDT"
"St. Clair Shores","Michigan","violent_crime","Jan - Mar 2026",107,134,25.2336448598131,16,21,16,0,-23.8095238095238,57157,1,"2026-05-18 11:01:22 EDT"
"St. Cloud","Minnesota","aggravated_assault","Jan - Mar 2026",196,163,-16.8367346938775,54,40,29,-46.2962962962963,-27.5,56509,1,"2026-05-18 11:01:22 EDT"
"St. Cloud","Minnesota","burglary","Jan - Mar 2026",161,228,41.6149068322981,31,56,47,51.6129032258064,-16.0714285714286,56509,1,"2026-05-18 11:01:22 EDT"
"St. Cloud","Minnesota","motor_vehicle_theft","Jan - Mar 2026",121,180,48.7603305785124,33,51,36,9.09090909090909,-29.4117647058824,56509,1,"2026-05-18 11:01:22 EDT"
"St. Cloud","Minnesota","murder","Jan - Mar 2026",0,5,Inf,0,2,1,Inf,-50,56509,1,"2026-05-18 11:01:22 EDT"
"St. Cloud","Minnesota","property_crime","Jan - Mar 2026",2078,1819,-12.4639076034649,446,471,350,-21.52466367713,-25.6900212314225,56509,1,"2026-05-18 11:01:22 EDT"
"St. Cloud","Minnesota","rape","Jan - Mar 2026",62,58,-6.45161290322581,14,11,2,-85.7142857142857,-81.8181818181818,56509,1,"2026-05-18 11:01:22 EDT"
"St. Cloud","Minnesota","robbery","Jan - Mar 2026",36,32,-11.1111111111111,5,7,5,0,-28.5714285714286,56509,1,"2026-05-18 11:01:22 EDT"
"St. Cloud","Minnesota","theft","Jan - Mar 2026",1796,1411,-21.4365256124722,382,364,267,-30.1047120418848,-26.6483516483516,56509,1,"2026-05-18 11:01:22 EDT"
"St. Cloud","Minnesota","violent_crime","Jan - Mar 2026",294,258,-12.2448979591837,73,60,37,-49.3150684931507,-38.3333333333333,56509,1,"2026-05-18 11:01:22 EDT"
"St. George","Utah","aggravated_assault","Jan - Mar 2026",109,108,-0.917431192660551,24,19,24,0,26.3157894736842,107595,1,"2026-05-18 11:01:22 EDT"
"St. George","Utah","burglary","Jan - Mar 2026",115,87,-24.3478260869565,26,15,18,-30.7692307692308,20,107595,1,"2026-05-18 11:01:22 EDT"
"St. George","Utah","motor_vehicle_theft","Jan - Mar 2026",57,46,-19.2982456140351,18,8,13,-27.7777777777778,62.5,107595,1,"2026-05-18 11:01:22 EDT"
"St. George","Utah","murder","Jan - Mar 2026",1,5,400,0,3,0,NA,-100,107595,1,"2026-05-18 11:01:22 EDT"
"St. George","Utah","property_crime","Jan - Mar 2026",1074,889,-17.2253258845438,282,187,230,-18.4397163120567,22.9946524064171,107595,1,"2026-05-18 11:01:22 EDT"
"St. George","Utah","rape","Jan - Mar 2026",59,81,37.2881355932203,14,17,24,71.4285714285714,41.1764705882353,107595,1,"2026-05-18 11:01:22 EDT"
"St. George","Utah","robbery","Jan - Mar 2026",24,11,-54.1666666666667,8,2,6,-25,200,107595,1,"2026-05-18 11:01:22 EDT"
"St. George","Utah","theft","Jan - Mar 2026",902,756,-16.1862527716186,238,164,199,-16.3865546218487,21.3414634146341,107595,1,"2026-05-18 11:01:22 EDT"
"St. George","Utah","violent_crime","Jan - Mar 2026",193,205,6.21761658031088,46,41,54,17.3913043478261,31.7073170731707,107595,1,"2026-05-18 11:01:22 EDT"
"St. Mary's County","Maryland","aggravated_assault","Jan - Mar 2026",185,185,0,30,38,43,43.3333333333333,13.1578947368421,117210,1,"2026-05-18 11:01:22 EDT"
"St. Mary's County","Maryland","burglary","Jan - Mar 2026",182,183,0.549450549450549,41,39,47,14.6341463414634,20.5128205128205,117210,1,"2026-05-18 11:01:22 EDT"
"St. Mary's County","Maryland","motor_vehicle_theft","Jan - Mar 2026",88,103,17.0454545454545,8,24,16,100,-33.3333333333333,117210,1,"2026-05-18 11:01:22 EDT"
"St. Mary's County","Maryland","murder","Jan - Mar 2026",3,3,0,1,2,0,-100,-100,117210,1,"2026-05-18 11:01:22 EDT"
"St. Mary's County","Maryland","property_crime","Jan - Mar 2026",1210,1242,2.64462809917355,236,303,268,13.5593220338983,-11.5511551155116,117210,1,"2026-05-18 11:01:22 EDT"
"St. Mary's County","Maryland","rape","Jan - Mar 2026",51,76,49.0196078431373,15,21,8,-46.6666666666667,-61.9047619047619,117210,1,"2026-05-18 11:01:22 EDT"
"St. Mary's County","Maryland","robbery","Jan - Mar 2026",22,17,-22.7272727272727,5,4,2,-60,-50,117210,1,"2026-05-18 11:01:22 EDT"
"St. Mary's County","Maryland","theft","Jan - Mar 2026",940,956,1.70212765957447,187,240,205,9.62566844919786,-14.5833333333333,117210,1,"2026-05-18 11:01:22 EDT"
"St. Mary's County","Maryland","violent_crime","Jan - Mar 2026",261,281,7.66283524904215,51,65,53,3.92156862745098,-18.4615384615385,117210,1,"2026-05-18 11:01:22 EDT"
"St. Paul","Minnesota","aggravated_assault","Jan - Mar 2026",1299,1023,-21.2471131639723,294,201,215,-26.8707482993197,6.96517412935323,304051,1,"2026-05-18 11:01:22 EDT"
"St. Paul","Minnesota","burglary","Jan - Mar 2026",1440,1317,-8.54166666666667,324,214,262,-19.1358024691358,22.4299065420561,304051,1,"2026-05-18 11:01:22 EDT"
"St. Paul","Minnesota","motor_vehicle_theft","Jan - Mar 2026",1492,1283,-14.0080428954424,385,243,299,-22.3376623376623,23.0452674897119,304051,1,"2026-05-18 11:01:22 EDT"
"St. Paul","Minnesota","murder","Jan - Mar 2026",26,15,-42.3076923076923,6,2,3,-50,50,304051,1,"2026-05-18 11:01:22 EDT"
"St. Paul","Minnesota","property_crime","Jan - Mar 2026",8738,8647,-1.04142824444953,2082,1680,1721,-17.3390970220941,2.44047619047619,304051,1,"2026-05-18 11:01:22 EDT"
"St. Paul","Minnesota","rape","Jan - Mar 2026",201,216,7.46268656716418,52,56,54,3.84615384615385,-3.57142857142857,304051,1,"2026-05-18 11:01:22 EDT"
"St. Paul","Minnesota","robbery","Jan - Mar 2026",363,259,-28.6501377410468,79,62,38,-51.8987341772152,-38.7096774193548,304051,1,"2026-05-18 11:01:22 EDT"
"St. Paul","Minnesota","theft","Jan - Mar 2026",5806,6047,4.15087840165346,1373,1223,1160,-15.5134741442098,-5.15126737530662,304051,1,"2026-05-18 11:01:22 EDT"
"St. Paul","Minnesota","violent_crime","Jan - Mar 2026",1889,1513,-19.9047114875596,431,321,310,-28.0742459396752,-3.42679127725857,304051,1,"2026-05-18 11:01:22 EDT"
"Stamford","Connecticut","aggravated_assault","Jan - Mar 2026",147,154,4.76190476190476,37,34,34,-8.10810810810811,0,136483,1,"2026-05-18 11:01:22 EDT"
"Stamford","Connecticut","burglary","Jan - Mar 2026",208,74,-64.4230769230769,36,16,10,-72.2222222222222,-37.5,136483,1,"2026-05-18 11:01:22 EDT"
"Stamford","Connecticut","motor_vehicle_theft","Jan - Mar 2026",251,171,-31.8725099601594,60,27,26,-56.6666666666667,-3.7037037037037,136483,1,"2026-05-18 11:01:22 EDT"
"Stamford","Connecticut","murder","Jan - Mar 2026",1,1,0,0,0,0,NA,NA,136483,1,"2026-05-18 11:01:22 EDT"
"Stamford","Connecticut","property_crime","Jan - Mar 2026",1674,1418,-15.2927120669056,416,308,314,-24.5192307692308,1.94805194805195,136483,1,"2026-05-18 11:01:22 EDT"
"Stamford","Connecticut","rape","Jan - Mar 2026",14,13,-7.14285714285714,4,4,3,-25,-25,136483,1,"2026-05-18 11:01:22 EDT"
"Stamford","Connecticut","robbery","Jan - Mar 2026",51,48,-5.88235294117647,20,13,6,-70,-53.8461538461538,136483,1,"2026-05-18 11:01:22 EDT"
"Stamford","Connecticut","theft","Jan - Mar 2026",1215,1173,-3.45679012345679,320,265,278,-13.125,4.90566037735849,136483,1,"2026-05-18 11:01:22 EDT"
"Stamford","Connecticut","violent_crime","Jan - Mar 2026",213,216,1.40845070422535,61,51,43,-29.5081967213115,-15.6862745098039,136483,1,"2026-05-18 11:01:22 EDT"
"Stark County","Ohio","aggravated_assault","Jan - Mar 2026",183,246,34.4262295081967,44,41,46,4.54545454545455,12.1951219512195,115327,1,"2026-05-18 11:01:22 EDT"
"Stark County","Ohio","burglary","Jan - Mar 2026",267,242,-9.36329588014981,71,25,64,-9.85915492957746,156,115327,1,"2026-05-18 11:01:22 EDT"
"Stark County","Ohio","motor_vehicle_theft","Jan - Mar 2026",136,160,17.6470588235294,44,22,34,-22.7272727272727,54.5454545454545,115327,1,"2026-05-18 11:01:22 EDT"
"Stark County","Ohio","murder","Jan - Mar 2026",4,4,0,1,0,0,-100,NA,115327,1,"2026-05-18 11:01:22 EDT"
"Stark County","Ohio","property_crime","Jan - Mar 2026",1364,1655,21.3343108504399,339,197,376,10.9144542772861,90.8629441624365,115327,1,"2026-05-18 11:01:22 EDT"
"Stark County","Ohio","rape","Jan - Mar 2026",41,54,31.7073170731707,9,13,22,144.444444444444,69.2307692307692,115327,1,"2026-05-18 11:01:22 EDT"
"Stark County","Ohio","robbery","Jan - Mar 2026",5,13,160,0,3,8,Inf,166.666666666667,115327,1,"2026-05-18 11:01:22 EDT"
"Stark County","Ohio","theft","Jan - Mar 2026",961,1253,30.3850156087409,224,150,278,24.1071428571429,85.3333333333333,115327,1,"2026-05-18 11:01:22 EDT"
"Stark County","Ohio","violent_crime","Jan - Mar 2026",233,317,36.0515021459227,54,57,76,40.7407407407407,33.3333333333333,115327,1,"2026-05-18 11:01:22 EDT"
"State College","Pennsylvania","aggravated_assault","Jan - Mar 2026",39,61,56.4102564102564,9,6,12,33.3333333333333,100,57580,1,"2026-05-18 11:01:22 EDT"
"State College","Pennsylvania","burglary","Jan - Mar 2026",28,22,-21.4285714285714,7,3,8,14.2857142857143,166.666666666667,57580,1,"2026-05-18 11:01:22 EDT"
"State College","Pennsylvania","motor_vehicle_theft","Jan - Mar 2026",11,20,81.8181818181818,0,2,0,NA,-100,57580,1,"2026-05-18 11:01:22 EDT"
"State College","Pennsylvania","murder","Jan - Mar 2026",0,0,NA,0,0,0,NA,NA,57580,1,"2026-05-18 11:01:22 EDT"
"State College","Pennsylvania","property_crime","Jan - Mar 2026",440,517,17.5,86,118,128,48.8372093023256,8.47457627118644,57580,1,"2026-05-18 11:01:22 EDT"
"State College","Pennsylvania","rape","Jan - Mar 2026",43,35,-18.6046511627907,7,12,8,14.2857142857143,-33.3333333333333,57580,1,"2026-05-18 11:01:22 EDT"
"State College","Pennsylvania","robbery","Jan - Mar 2026",6,3,-50,2,2,3,50,50,57580,1,"2026-05-18 11:01:22 EDT"
"State College","Pennsylvania","theft","Jan - Mar 2026",401,475,18.4538653366584,79,113,120,51.8987341772152,6.19469026548673,57580,1,"2026-05-18 11:01:22 EDT"
"State College","Pennsylvania","violent_crime","Jan - Mar 2026",88,99,12.5,18,20,23,27.7777777777778,15,57580,1,"2026-05-18 11:01:22 EDT"
"Sterling Heights","Michigan","aggravated_assault","Jan - Mar 2026",243,237,-2.46913580246914,39,53,56,43.5897435897436,5.66037735849057,133058,1,"2026-05-18 11:01:22 EDT"
"Sterling Heights","Michigan","burglary","Jan - Mar 2026",103,87,-15.5339805825243,15,19,12,-20,-36.8421052631579,133058,1,"2026-05-18 11:01:22 EDT"
"Sterling Heights","Michigan","motor_vehicle_theft","Jan - Mar 2026",234,210,-10.2564102564103,41,72,24,-41.4634146341463,-66.6666666666667,133058,1,"2026-05-18 11:01:22 EDT"
"Sterling Heights","Michigan","murder","Jan - Mar 2026",1,1,0,1,1,0,-100,-100,133058,1,"2026-05-18 11:01:22 EDT"
"Sterling Heights","Michigan","property_crime","Jan - Mar 2026",1388,1546,11.3832853025937,296,405,296,0,-26.9135802469136,133058,1,"2026-05-18 11:01:22 EDT"
"Sterling Heights","Michigan","rape","Jan - Mar 2026",41,47,14.6341463414634,6,7,12,100,71.4285714285714,133058,1,"2026-05-18 11:01:22 EDT"
"Sterling Heights","Michigan","robbery","Jan - Mar 2026",19,11,-42.1052631578947,1,3,1,0,-66.6666666666667,133058,1,"2026-05-18 11:01:22 EDT"
"Sterling Heights","Michigan","theft","Jan - Mar 2026",1051,1249,18.8392007611798,240,314,260,8.33333333333333,-17.1974522292994,133058,1,"2026-05-18 11:01:22 EDT"
"Sterling Heights","Michigan","violent_crime","Jan - Mar 2026",304,296,-2.63157894736842,47,64,69,46.8085106382979,7.8125,133058,1,"2026-05-18 11:01:22 EDT"
"Stockton","California","aggravated_assault","Jan - Mar 2026",2467,2296,-6.9314957438184,619,566,506,-18.2552504038772,-10.6007067137809,319069,1,"2026-05-18 11:01:22 EDT"
"Stockton","California","burglary","Jan - Mar 2026",1912,1281,-33.0020920502092,522,322,270,-48.2758620689655,-16.1490683229814,319069,1,"2026-05-18 11:01:22 EDT"
"Stockton","California","motor_vehicle_theft","Jan - Mar 2026",1959,1343,-31.4446145992853,552,353,260,-52.8985507246377,-26.3456090651558,319069,1,"2026-05-18 11:01:22 EDT"
"Stockton","California","murder","Jan - Mar 2026",54,36,-33.3333333333333,11,9,7,-36.3636363636364,-22.2222222222222,319069,1,"2026-05-18 11:01:22 EDT"
"Stockton","California","property_crime","Jan - Mar 2026",8490,7370,-13.1919905771496,2144,1840,1752,-18.2835820895522,-4.78260869565217,319069,1,"2026-05-18 11:01:22 EDT"
"Stockton","California","rape","Jan - Mar 2026",80,160,100,13,36,29,123.076923076923,-19.4444444444444,319069,1,"2026-05-18 11:01:22 EDT"
"Stockton","California","robbery","Jan - Mar 2026",1069,859,-19.644527595884,255,193,202,-20.7843137254902,4.66321243523316,319069,1,"2026-05-18 11:01:22 EDT"
"Stockton","California","theft","Jan - Mar 2026",4619,4746,2.7495128815761,1070,1165,1222,14.2056074766355,4.89270386266094,319069,1,"2026-05-18 11:01:22 EDT"
"Stockton","California","violent_crime","Jan - Mar 2026",3670,3351,-8.69209809264305,898,804,744,-17.1492204899777,-7.46268656716418,319069,1,"2026-05-18 11:01:22 EDT"
"Stratford","Connecticut","aggravated_assault","Jan - Mar 2026",13,12,-7.69230769230769,2,2,0,-100,-100,52531,1,"2026-05-18 11:01:22 EDT"
"Stratford","Connecticut","burglary","Jan - Mar 2026",67,22,-67.1641791044776,15,4,6,-60,50,52531,1,"2026-05-18 11:01:22 EDT"
"Stratford","Connecticut","motor_vehicle_theft","Jan - Mar 2026",155,92,-40.6451612903226,19,28,28,47.3684210526316,0,52531,1,"2026-05-18 11:01:22 EDT"
"Stratford","Connecticut","murder","Jan - Mar 2026",0,1,Inf,0,0,0,NA,NA,52531,1,"2026-05-18 11:01:22 EDT"
"Stratford","Connecticut","property_crime","Jan - Mar 2026",1043,715,-31.4477468839885,222,227,202,-9.00900900900901,-11.0132158590308,52531,1,"2026-05-18 11:01:22 EDT"
"Stratford","Connecticut","rape","Jan - Mar 2026",7,1,-85.7142857142857,1,0,0,-100,NA,52531,1,"2026-05-18 11:01:22 EDT"
"Stratford","Connecticut","robbery","Jan - Mar 2026",14,12,-14.2857142857143,4,3,7,75,133.333333333333,52531,1,"2026-05-18 11:01:22 EDT"
"Stratford","Connecticut","theft","Jan - Mar 2026",821,601,-26.7965895249695,188,195,168,-10.6382978723404,-13.8461538461538,52531,1,"2026-05-18 11:01:22 EDT"
"Stratford","Connecticut","violent_crime","Jan - Mar 2026",34,26,-23.5294117647059,7,5,7,0,40,52531,1,"2026-05-18 11:01:22 EDT"
"Sugar Land","Texas","aggravated_assault","Jan - Mar 2026",49,48,-2.04081632653061,16,21,3,-81.25,-85.7142857142857,107757,1,"2026-05-18 11:01:22 EDT"
"Sugar Land","Texas","burglary","Jan - Mar 2026",129,97,-24.8062015503876,51,26,34,-33.3333333333333,30.7692307692308,107757,1,"2026-05-18 11:01:22 EDT"
"Sugar Land","Texas","motor_vehicle_theft","Jan - Mar 2026",102,68,-33.3333333333333,25,18,9,-64,-50,107757,1,"2026-05-18 11:01:22 EDT"
"Sugar Land","Texas","murder","Jan - Mar 2026",1,1,0,1,0,0,-100,NA,107757,1,"2026-05-18 11:01:22 EDT"
"Sugar Land","Texas","property_crime","Jan - Mar 2026",1491,1336,-10.3957075788062,390,329,326,-16.4102564102564,-0.911854103343465,107757,1,"2026-05-18 11:01:22 EDT"
"Sugar Land","Texas","rape","Jan - Mar 2026",9,12,33.3333333333333,0,4,3,Inf,-25,107757,1,"2026-05-18 11:01:22 EDT"
"Sugar Land","Texas","robbery","Jan - Mar 2026",25,18,-28,8,5,5,-37.5,0,107757,1,"2026-05-18 11:01:22 EDT"
"Sugar Land","Texas","theft","Jan - Mar 2026",1260,1171,-7.06349206349206,314,285,283,-9.87261146496815,-0.701754385964912,107757,1,"2026-05-18 11:01:22 EDT"
"Sugar Land","Texas","violent_crime","Jan - Mar 2026",84,79,-5.95238095238095,25,30,11,-56,-63.3333333333333,107757,1,"2026-05-18 11:01:22 EDT"
"Sunnyvale","California","aggravated_assault","Jan - Feb 2026",242,190,-21.4876033057851,35,26,26,-25.7142857142857,0,150893,1,"2026-05-18 11:01:22 EDT"
"Sunnyvale","California","burglary","Jan - Feb 2026",463,420,-9.28725701943845,88,79,89,1.13636363636364,12.6582278481013,150893,1,"2026-05-18 11:01:22 EDT"
"Sunnyvale","California","motor_vehicle_theft","Jan - Feb 2026",432,332,-23.1481481481481,96,41,43,-55.2083333333333,4.8780487804878,150893,1,"2026-05-18 11:01:22 EDT"
"Sunnyvale","California","murder","Jan - Feb 2026",1,1,0,0,0,1,Inf,Inf,150893,1,"2026-05-18 11:01:22 EDT"
"Sunnyvale","California","property_crime","Jan - Feb 2026",0,0,NA,0,0,0,NA,NA,150893,1,"2026-05-18 11:01:22 EDT"
"Sunnyvale","California","rape","Jan - Feb 2026",43,38,-11.6279069767442,6,2,5,-16.6666666666667,150,150893,1,"2026-05-18 11:01:22 EDT"
"Sunnyvale","California","robbery","Jan - Feb 2026",87,66,-24.1379310344828,12,8,5,-58.3333333333333,-37.5,150893,1,"2026-05-18 11:01:22 EDT"
"Sunnyvale","California","theft","Jan - Feb 2026",2007,2143,6.77628300946687,333,358,258,-22.5225225225225,-27.9329608938547,150893,1,"2026-05-18 11:01:22 EDT"
"Sunnyvale","California","violent_crime","Jan - Feb 2026",0,0,NA,0,0,0,NA,NA,150893,1,"2026-05-18 11:01:22 EDT"
"Surprise","Arizona","aggravated_assault","Jan - Feb 2026",121,100,-17.3553719008264,25,24,29,16,20.8333333333333,163202,1,"2026-05-18 11:01:22 EDT"
"Surprise","Arizona","burglary","Jan - Feb 2026",154,133,-13.6363636363636,35,31,22,-37.1428571428571,-29.0322580645161,163202,1,"2026-05-18 11:01:22 EDT"
"Surprise","Arizona","motor_vehicle_theft","Jan - Feb 2026",162,132,-18.5185185185185,28,39,9,-67.8571428571429,-76.9230769230769,163202,1,"2026-05-18 11:01:22 EDT"
"Surprise","Arizona","murder","Jan - Feb 2026",12,6,-50,2,2,0,-100,-100,163202,1,"2026-05-18 11:01:22 EDT"
"Surprise","Arizona","property_crime","Jan - Feb 2026",0,0,NA,0,0,0,NA,NA,163202,1,"2026-05-18 11:01:22 EDT"
"Surprise","Arizona","rape","Jan - Feb 2026",28,16,-42.8571428571429,2,0,3,50,Inf,163202,1,"2026-05-18 11:01:22 EDT"
"Surprise","Arizona","robbery","Jan - Feb 2026",18,27,50,2,6,4,100,-33.3333333333333,163202,1,"2026-05-18 11:01:22 EDT"
"Surprise","Arizona","theft","Jan - Feb 2026",1113,1076,-3.32434860736748,235,174,191,-18.7234042553191,9.77011494252874,163202,1,"2026-05-18 11:01:22 EDT"
"Surprise","Arizona","violent_crime","Jan - Feb 2026",0,0,NA,0,0,0,NA,NA,163202,1,"2026-05-18 11:01:22 EDT"
"Tacoma","Washington","aggravated_assault","Jan - Feb 2026",1048,821,-21.6603053435115,155,112,107,-30.9677419354839,-4.46428571428571,223980,1,"2026-05-18 11:01:22 EDT"
"Tacoma","Washington","burglary","Jan - Feb 2026",1445,1158,-19.8615916955017,257,159,176,-31.5175097276265,10.6918238993711,223980,1,"2026-05-18 11:01:22 EDT"
"Tacoma","Washington","motor_vehicle_theft","Jan - Feb 2026",2980,1785,-40.1006711409396,687,294,232,-66.2299854439592,-21.0884353741497,223980,1,"2026-05-18 11:01:22 EDT"
"Tacoma","Washington","murder","Jan - Feb 2026",21,17,-19.047619047619,4,5,4,0,-20,223980,1,"2026-05-18 11:01:22 EDT"
"Tacoma","Washington","property_crime","Jan - Feb 2026",0,0,NA,0,0,0,NA,NA,223980,1,"2026-05-18 11:01:22 EDT"
"Tacoma","Washington","rape","Jan - Feb 2026",0,0,NA,0,0,0,NA,NA,223980,1,"2026-05-18 11:01:22 EDT"
"Tacoma","Washington","robbery","Jan - Feb 2026",390,344,-11.7948717948718,73,39,40,-45.2054794520548,2.56410256410256,223980,1,"2026-05-18 11:01:22 EDT"
"Tacoma","Washington","theft","Jan - Feb 2026",7949,6087,-23.4243301044156,1423,1019,859,-39.6345748418833,-15.7016683022571,223980,1,"2026-05-18 11:01:22 EDT"
"Tacoma","Washington","violent_crime","Jan - Feb 2026",0,0,NA,0,0,0,NA,NA,223980,1,"2026-05-18 11:01:22 EDT"
"Taunton","Massachusetts","aggravated_assault","Jan - Mar 2026",247,214,-13.3603238866397,50,54,57,14,5.55555555555556,61874,1,"2026-05-18 11:01:22 EDT"
"Taunton","Massachusetts","burglary","Jan - Mar 2026",72,135,87.5,17,12,15,-11.7647058823529,25,61874,1,"2026-05-18 11:01:22 EDT"
"Taunton","Massachusetts","motor_vehicle_theft","Jan - Mar 2026",53,66,24.5283018867925,19,11,15,-21.0526315789474,36.3636363636364,61874,1,"2026-05-18 11:01:22 EDT"
"Taunton","Massachusetts","murder","Jan - Mar 2026",1,0,-100,0,0,0,NA,NA,61874,1,"2026-05-18 11:01:22 EDT"
"Taunton","Massachusetts","property_crime","Jan - Mar 2026",516,654,26.7441860465116,113,106,102,-9.73451327433628,-3.77358490566038,61874,1,"2026-05-18 11:01:22 EDT"
"Taunton","Massachusetts","rape","Jan - Mar 2026",12,12,0,4,1,1,-75,0,61874,1,"2026-05-18 11:01:22 EDT"
"Taunton","Massachusetts","robbery","Jan - Mar 2026",17,10,-41.1764705882353,4,1,5,25,400,61874,1,"2026-05-18 11:01:22 EDT"
"Taunton","Massachusetts","theft","Jan - Mar 2026",391,453,15.8567774936061,77,83,72,-6.49350649350649,-13.2530120481928,61874,1,"2026-05-18 11:01:22 EDT"
"Taunton","Massachusetts","violent_crime","Jan - Mar 2026",277,236,-14.8014440433213,58,56,63,8.62068965517241,12.5,61874,1,"2026-05-18 11:01:22 EDT"
"Taylor","Michigan","aggravated_assault","Jan - Mar 2026",429,379,-11.6550116550117,101,68,84,-16.8316831683168,23.5294117647059,60602,1,"2026-05-18 11:01:22 EDT"
"Taylor","Michigan","burglary","Jan - Mar 2026",180,141,-21.6666666666667,44,34,26,-40.9090909090909,-23.5294117647059,60602,1,"2026-05-18 11:01:22 EDT"
"Taylor","Michigan","motor_vehicle_theft","Jan - Mar 2026",210,168,-20,50,50,22,-56,-56,60602,1,"2026-05-18 11:01:22 EDT"
"Taylor","Michigan","murder","Jan - Mar 2026",3,3,0,0,0,0,NA,NA,60602,1,"2026-05-18 11:01:22 EDT"
"Taylor","Michigan","property_crime","Jan - Mar 2026",1225,1168,-4.6530612244898,267,258,184,-31.0861423220974,-28.6821705426357,60602,1,"2026-05-18 11:01:22 EDT"
"Taylor","Michigan","rape","Jan - Mar 2026",32,47,46.875,11,14,10,-9.09090909090909,-28.5714285714286,60602,1,"2026-05-18 11:01:22 EDT"
"Taylor","Michigan","robbery","Jan - Mar 2026",46,29,-36.9565217391304,7,4,5,-28.5714285714286,25,60602,1,"2026-05-18 11:01:22 EDT"
"Taylor","Michigan","theft","Jan - Mar 2026",835,859,2.87425149700599,173,174,136,-21.3872832369942,-21.8390804597701,60602,1,"2026-05-18 11:01:22 EDT"
"Taylor","Michigan","violent_crime","Jan - Mar 2026",510,458,-10.1960784313725,119,86,99,-16.8067226890756,15.1162790697674,60602,1,"2026-05-18 11:01:22 EDT"
"Tempe","Arizona","aggravated_assault","Jan - Mar 2026",630,543,-13.8095238095238,171,119,135,-21.0526315789474,13.4453781512605,191376,1,"2026-05-18 11:01:22 EDT"
"Tempe","Arizona","burglary","Jan - Mar 2026",640,499,-22.03125,173,134,116,-32.9479768786127,-13.4328358208955,191376,1,"2026-05-18 11:01:22 EDT"
"Tempe","Arizona","motor_vehicle_theft","Jan - Mar 2026",578,403,-30.2768166089965,158,140,105,-33.5443037974684,-25,191376,1,"2026-05-18 11:01:22 EDT"
"Tempe","Arizona","murder","Jan - Mar 2026",5,10,100,1,2,5,400,150,191376,1,"2026-05-18 11:01:22 EDT"
"Tempe","Arizona","property_crime","Jan - Mar 2026",5552,5151,-7.22262247838617,1480,1318,1335,-9.7972972972973,1.28983308042489,191376,1,"2026-05-18 11:01:22 EDT"
"Tempe","Arizona","rape","Jan - Mar 2026",138,134,-2.89855072463768,38,32,33,-13.1578947368421,3.125,191376,1,"2026-05-18 11:01:22 EDT"
"Tempe","Arizona","robbery","Jan - Mar 2026",127,113,-11.0236220472441,33,19,22,-33.3333333333333,15.7894736842105,191376,1,"2026-05-18 11:01:22 EDT"
"Tempe","Arizona","theft","Jan - Mar 2026",4334,4249,-1.96123673281034,1149,1044,1114,-3.0461270670148,6.70498084291188,191376,1,"2026-05-18 11:01:22 EDT"
"Tempe","Arizona","violent_crime","Jan - Mar 2026",900,800,-11.1111111111111,243,172,195,-19.7530864197531,13.3720930232558,191376,1,"2026-05-18 11:01:22 EDT"
"Terre Haute","Indiana","aggravated_assault","Jan - Feb 2026",257,208,-19.0661478599222,26,35,36,38.4615384615385,2.85714285714286,58536,1,"2026-05-18 11:01:22 EDT"
"Terre Haute","Indiana","burglary","Jan - Feb 2026",436,311,-28.6697247706422,64,37,38,-40.625,2.7027027027027,58536,1,"2026-05-18 11:01:22 EDT"
"Terre Haute","Indiana","motor_vehicle_theft","Jan - Feb 2026",270,202,-25.1851851851852,49,31,20,-59.1836734693878,-35.4838709677419,58536,1,"2026-05-18 11:01:22 EDT"
"Terre Haute","Indiana","murder","Jan - Feb 2026",2,3,50,0,0,0,NA,NA,58536,1,"2026-05-18 11:01:22 EDT"
"Terre Haute","Indiana","property_crime","Jan - Feb 2026",0,0,NA,0,0,0,NA,NA,58536,1,"2026-05-18 11:01:22 EDT"
"Terre Haute","Indiana","rape","Jan - Feb 2026",37,27,-27.027027027027,5,5,6,20,20,58536,1,"2026-05-18 11:01:22 EDT"
"Terre Haute","Indiana","robbery","Jan - Feb 2026",62,51,-17.741935483871,10,8,6,-40,-25,58536,1,"2026-05-18 11:01:22 EDT"
"Terre Haute","Indiana","theft","Jan - Feb 2026",1550,1312,-15.3548387096774,226,188,158,-30.0884955752212,-15.9574468085106,58536,1,"2026-05-18 11:01:22 EDT"
"Terre Haute","Indiana","violent_crime","Jan - Feb 2026",0,0,NA,0,0,0,NA,NA,58536,1,"2026-05-18 11:01:22 EDT"
"Texas City","Texas","aggravated_assault","Jan - Mar 2026",116,101,-12.9310344827586,38,25,32,-15.7894736842105,28,58130,1,"2026-05-18 11:01:22 EDT"
"Texas City","Texas","burglary","Jan - Mar 2026",198,123,-37.8787878787879,51,47,12,-76.4705882352941,-74.468085106383,58130,1,"2026-05-18 11:01:22 EDT"
"Texas City","Texas","motor_vehicle_theft","Jan - Mar 2026",101,74,-26.7326732673267,28,25,17,-39.2857142857143,-32,58130,1,"2026-05-18 11:01:22 EDT"
"Texas City","Texas","murder","Jan - Mar 2026",5,2,-60,1,1,1,0,0,58130,1,"2026-05-18 11:01:22 EDT"
"Texas City","Texas","property_crime","Jan - Mar 2026",1289,760,-41.0395655546936,289,254,171,-40.8304498269896,-32.6771653543307,58130,1,"2026-05-18 11:01:22 EDT"
"Texas City","Texas","rape","Jan - Mar 2026",55,26,-52.7272727272727,19,7,8,-57.8947368421053,14.2857142857143,58130,1,"2026-05-18 11:01:22 EDT"
"Texas City","Texas","robbery","Jan - Mar 2026",21,17,-19.047619047619,4,5,1,-75,-80,58130,1,"2026-05-18 11:01:22 EDT"
"Texas City","Texas","theft","Jan - Mar 2026",990,563,-43.1313131313131,210,182,142,-32.3809523809524,-21.978021978022,58130,1,"2026-05-18 11:01:22 EDT"
"Texas City","Texas","violent_crime","Jan - Mar 2026",197,146,-25.8883248730964,62,38,42,-32.258064516129,10.5263157894737,58130,1,"2026-05-18 11:01:22 EDT"
"Thornton","Colorado","aggravated_assault","Jan - Mar 2026",210,215,2.38095238095238,41,46,47,14.6341463414634,2.17391304347826,145847,1,"2026-05-18 11:01:22 EDT"
"Thornton","Colorado","burglary","Jan - Mar 2026",346,244,-29.4797687861272,69,60,56,-18.8405797101449,-6.66666666666667,145847,1,"2026-05-18 11:01:22 EDT"
"Thornton","Colorado","motor_vehicle_theft","Jan - Mar 2026",722,589,-18.4210526315789,184,160,100,-45.6521739130435,-37.5,145847,1,"2026-05-18 11:01:22 EDT"
"Thornton","Colorado","murder","Jan - Mar 2026",2,2,0,1,2,2,100,0,145847,1,"2026-05-18 11:01:22 EDT"
"Thornton","Colorado","property_crime","Jan - Mar 2026",4295,3538,-17.6251455180442,1037,852,764,-26.3259402121504,-10.3286384976526,145847,1,"2026-05-18 11:01:22 EDT"
"Thornton","Colorado","rape","Jan - Mar 2026",116,100,-13.7931034482759,35,24,18,-48.5714285714286,-25,145847,1,"2026-05-18 11:01:22 EDT"
"Thornton","Colorado","robbery","Jan - Mar 2026",73,47,-35.6164383561644,19,11,10,-47.3684210526316,-9.09090909090909,145847,1,"2026-05-18 11:01:22 EDT"
"Thornton","Colorado","theft","Jan - Mar 2026",3227,2705,-16.1760148744964,784,632,608,-22.4489795918367,-3.79746835443038,145847,1,"2026-05-18 11:01:22 EDT"
"Thornton","Colorado","violent_crime","Jan - Mar 2026",401,364,-9.22693266832918,96,83,77,-19.7916666666667,-7.2289156626506,145847,1,"2026-05-18 11:01:22 EDT"
"Thousand Oaks","California","aggravated_assault","Jan - Mar 2026",91,125,37.3626373626374,20,28,19,-5,-32.1428571428571,122363,1,"2026-05-18 11:01:22 EDT"
"Thousand Oaks","California","burglary","Jan - Mar 2026",153,129,-15.6862745098039,35,33,13,-62.8571428571429,-60.6060606060606,122363,1,"2026-05-18 11:01:22 EDT"
"Thousand Oaks","California","motor_vehicle_theft","Jan - Mar 2026",69,64,-7.2463768115942,17,12,12,-29.4117647058824,0,122363,1,"2026-05-18 11:01:22 EDT"
"Thousand Oaks","California","murder","Jan - Mar 2026",3,2,-33.3333333333333,0,1,0,NA,-100,122363,1,"2026-05-18 11:01:22 EDT"
"Thousand Oaks","California","property_crime","Jan - Mar 2026",1251,1215,-2.87769784172662,358,290,299,-16.4804469273743,3.10344827586207,122363,1,"2026-05-18 11:01:22 EDT"
"Thousand Oaks","California","rape","Jan - Mar 2026",10,13,30,3,0,0,-100,NA,122363,1,"2026-05-18 11:01:22 EDT"
"Thousand Oaks","California","robbery","Jan - Mar 2026",23,15,-34.7826086956522,4,5,4,0,-20,122363,1,"2026-05-18 11:01:22 EDT"
"Thousand Oaks","California","theft","Jan - Mar 2026",1029,1022,-0.680272108843537,306,245,274,-10.4575163398693,11.8367346938776,122363,1,"2026-05-18 11:01:22 EDT"
"Thousand Oaks","California","violent_crime","Jan - Mar 2026",127,155,22.0472440944882,27,34,23,-14.8148148148148,-32.3529411764706,122363,1,"2026-05-18 11:01:22 EDT"
"Tigard","Oregon","aggravated_assault","Jan - Mar 2026",97,83,-14.4329896907216,34,18,21,-38.2352941176471,16.6666666666667,55784,1,"2026-05-18 11:01:22 EDT"
"Tigard","Oregon","burglary","Jan - Mar 2026",149,148,-0.671140939597315,44,32,34,-22.7272727272727,6.25,55784,1,"2026-05-18 11:01:22 EDT"
"Tigard","Oregon","motor_vehicle_theft","Jan - Mar 2026",105,92,-12.3809523809524,23,20,26,13.0434782608696,30,55784,1,"2026-05-18 11:01:22 EDT"
"Tigard","Oregon","murder","Jan - Mar 2026",0,0,NA,0,0,0,NA,NA,55784,1,"2026-05-18 11:01:22 EDT"
"Tigard","Oregon","property_crime","Jan - Mar 2026",1888,2023,7.15042372881356,450,482,461,2.44444444444444,-4.35684647302905,55784,1,"2026-05-18 11:01:22 EDT"
"Tigard","Oregon","rape","Jan - Mar 2026",20,19,-5,6,0,8,33.3333333333333,Inf,55784,1,"2026-05-18 11:01:22 EDT"
"Tigard","Oregon","robbery","Jan - Mar 2026",51,36,-29.4117647058824,14,6,9,-35.7142857142857,50,55784,1,"2026-05-18 11:01:22 EDT"
"Tigard","Oregon","theft","Jan - Mar 2026",1634,1783,9.1187270501836,383,430,401,4.69973890339426,-6.74418604651163,55784,1,"2026-05-18 11:01:22 EDT"
"Tigard","Oregon","violent_crime","Jan - Mar 2026",168,138,-17.8571428571429,54,24,38,-29.6296296296296,58.3333333333333,55784,1,"2026-05-18 11:01:22 EDT"
"Tinley Park","Illinois","aggravated_assault","Jan - Mar 2026",31,30,-3.2258064516129,8,4,7,-12.5,75,45688,1,"2026-05-18 11:01:22 EDT"
"Tinley Park","Illinois","burglary","Jan - Mar 2026",106,45,-57.5471698113208,16,11,19,18.75,72.7272727272727,45688,1,"2026-05-18 11:01:22 EDT"
"Tinley Park","Illinois","motor_vehicle_theft","Jan - Mar 2026",87,88,1.14942528735632,24,19,6,-75,-68.4210526315789,45688,1,"2026-05-18 11:01:22 EDT"
"Tinley Park","Illinois","murder","Jan - Mar 2026",4,0,-100,4,0,0,-100,NA,45688,1,"2026-05-18 11:01:22 EDT"
"Tinley Park","Illinois","property_crime","Jan - Mar 2026",673,606,-9.9554234769688,141,147,143,1.41843971631206,-2.72108843537415,45688,1,"2026-05-18 11:01:22 EDT"
"Tinley Park","Illinois","rape","Jan - Mar 2026",12,13,8.33333333333333,1,1,6,500,500,45688,1,"2026-05-18 11:01:22 EDT"
"Tinley Park","Illinois","robbery","Jan - Mar 2026",10,8,-20,4,0,4,0,Inf,45688,1,"2026-05-18 11:01:22 EDT"
"Tinley Park","Illinois","theft","Jan - Mar 2026",480,473,-1.45833333333333,101,117,118,16.8316831683168,0.854700854700855,45688,1,"2026-05-18 11:01:22 EDT"
"Tinley Park","Illinois","violent_crime","Jan - Mar 2026",57,51,-10.5263157894737,17,5,17,0,240,45688,1,"2026-05-18 11:01:22 EDT"
"Torrance","California","aggravated_assault","Jan - Mar 2026",227,256,12.7753303964758,49,63,54,10.2040816326531,-14.2857142857143,136899,1,"2026-05-18 11:01:22 EDT"
"Torrance","California","burglary","Jan - Mar 2026",629,578,-8.10810810810811,187,165,117,-37.4331550802139,-29.0909090909091,136899,1,"2026-05-18 11:01:22 EDT"
"Torrance","California","motor_vehicle_theft","Jan - Mar 2026",661,579,-12.4054462934947,184,164,100,-45.6521739130435,-39.0243902439024,136899,1,"2026-05-18 11:01:22 EDT"
"Torrance","California","murder","Jan - Mar 2026",0,1,Inf,0,0,1,Inf,Inf,136899,1,"2026-05-18 11:01:22 EDT"
"Torrance","California","property_crime","Jan - Mar 2026",3808,3593,-5.64600840336134,920,1025,804,-12.6086956521739,-21.5609756097561,136899,1,"2026-05-18 11:01:22 EDT"
"Torrance","California","rape","Jan - Mar 2026",38,28,-26.3157894736842,12,10,7,-41.6666666666667,-30,136899,1,"2026-05-18 11:01:22 EDT"
"Torrance","California","robbery","Jan - Mar 2026",158,141,-10.7594936708861,29,30,31,6.89655172413793,3.33333333333333,136899,1,"2026-05-18 11:01:22 EDT"
"Torrance","California","theft","Jan - Mar 2026",2518,2436,-3.25655281969817,549,696,587,6.92167577413479,-15.6609195402299,136899,1,"2026-05-18 11:01:22 EDT"
"Torrance","California","violent_crime","Jan - Mar 2026",423,426,0.709219858156028,90,103,93,3.33333333333333,-9.70873786407767,136899,1,"2026-05-18 11:01:22 EDT"
"Tracy","California","aggravated_assault","Jan - Mar 2026",155,108,-30.3225806451613,31,25,38,22.5806451612903,52,99519,1,"2026-05-18 11:01:22 EDT"
"Tracy","California","burglary","Jan - Mar 2026",155,115,-25.8064516129032,46,39,29,-36.9565217391304,-25.6410256410256,99519,1,"2026-05-18 11:01:22 EDT"
"Tracy","California","motor_vehicle_theft","Jan - Mar 2026",272,204,-25,69,74,45,-34.7826086956522,-39.1891891891892,99519,1,"2026-05-18 11:01:22 EDT"
"Tracy","California","murder","Jan - Mar 2026",3,2,-33.3333333333333,1,0,0,-100,NA,99519,1,"2026-05-18 11:01:22 EDT"
"Tracy","California","property_crime","Jan - Mar 2026",1591,1401,-11.9421747328724,385,363,336,-12.7272727272727,-7.43801652892562,99519,1,"2026-05-18 11:01:22 EDT"
"Tracy","California","rape","Jan - Mar 2026",46,33,-28.2608695652174,17,14,1,-94.1176470588235,-92.8571428571429,99519,1,"2026-05-18 11:01:22 EDT"
"Tracy","California","robbery","Jan - Mar 2026",84,52,-38.0952380952381,23,12,16,-30.4347826086957,33.3333333333333,99519,1,"2026-05-18 11:01:22 EDT"
"Tracy","California","theft","Jan - Mar 2026",1164,1082,-7.0446735395189,270,250,262,-2.96296296296296,4.8,99519,1,"2026-05-18 11:01:22 EDT"
"Tracy","California","violent_crime","Jan - Mar 2026",288,195,-32.2916666666667,72,51,55,-23.6111111111111,7.84313725490196,99519,1,"2026-05-18 11:01:22 EDT"
"Travis County","Texas","aggravated_assault","Jan - Mar 2026",654,700,7.03363914373089,126,144,129,2.38095238095238,-10.4166666666667,292283,1,"2026-05-18 11:01:22 EDT"
"Travis County","Texas","burglary","Jan - Mar 2026",706,791,12.0396600566572,172,167,175,1.74418604651163,4.79041916167665,292283,1,"2026-05-18 11:01:22 EDT"
"Travis County","Texas","motor_vehicle_theft","Jan - Mar 2026",835,646,-22.6347305389222,224,160,133,-40.625,-16.875,292283,1,"2026-05-18 11:01:22 EDT"
"Travis County","Texas","murder","Jan - Mar 2026",5,6,20,1,1,3,200,200,292283,1,"2026-05-18 11:01:22 EDT"
"Travis County","Texas","property_crime","Jan - Mar 2026",3962,3696,-6.71378091872792,963,902,840,-12.7725856697819,-6.87361419068736,292283,1,"2026-05-18 11:01:22 EDT"
"Travis County","Texas","rape","Jan - Mar 2026",112,145,29.4642857142857,37,20,34,-8.10810810810811,70,292283,1,"2026-05-18 11:01:22 EDT"
"Travis County","Texas","robbery","Jan - Mar 2026",68,69,1.47058823529412,17,22,6,-64.7058823529412,-72.7272727272727,292283,1,"2026-05-18 11:01:22 EDT"
"Travis County","Texas","theft","Jan - Mar 2026",2421,2259,-6.69144981412639,567,575,532,-6.17283950617284,-7.47826086956522,292283,1,"2026-05-18 11:01:22 EDT"
"Travis County","Texas","violent_crime","Jan - Mar 2026",839,920,9.65435041716329,181,187,172,-4.97237569060773,-8.02139037433155,292283,1,"2026-05-18 11:01:22 EDT"
"Troy","Michigan","aggravated_assault","Jan - Mar 2026",63,63,0,12,18,23,91.6666666666667,27.7777777777778,87422,1,"2026-05-18 11:01:22 EDT"
"Troy","Michigan","burglary","Jan - Mar 2026",72,47,-34.7222222222222,11,13,11,0,-15.3846153846154,87422,1,"2026-05-18 11:01:22 EDT"
"Troy","Michigan","motor_vehicle_theft","Jan - Mar 2026",96,59,-38.5416666666667,36,12,9,-75,-25,87422,1,"2026-05-18 11:01:22 EDT"
"Troy","Michigan","murder","Jan - Mar 2026",0,1,Inf,0,1,0,NA,-100,87422,1,"2026-05-18 11:01:22 EDT"
"Troy","Michigan","property_crime","Jan - Mar 2026",1121,828,-26.1373773416592,275,190,204,-25.8181818181818,7.36842105263158,87422,1,"2026-05-18 11:01:22 EDT"
"Troy","Michigan","rape","Jan - Mar 2026",21,14,-33.3333333333333,3,2,3,0,50,87422,1,"2026-05-18 11:01:22 EDT"
"Troy","Michigan","robbery","Jan - Mar 2026",16,5,-68.75,5,1,0,-100,-100,87422,1,"2026-05-18 11:01:22 EDT"
"Troy","Michigan","theft","Jan - Mar 2026",953,722,-24.2392444910808,228,165,184,-19.2982456140351,11.5151515151515,87422,1,"2026-05-18 11:01:22 EDT"
"Troy","Michigan","violent_crime","Jan - Mar 2026",100,83,-17,20,22,26,30,18.1818181818182,87422,1,"2026-05-18 11:01:22 EDT"
"Tucson","Arizona","aggravated_assault","Jan - Mar 2026",2469,1859,-24.7063588497367,571,507,470,-17.6882661996497,-7.29783037475345,548789,1,"2026-05-18 11:01:22 EDT"
"Tucson","Arizona","burglary","Jan - Mar 2026",2148,1377,-35.8938547486034,544,453,129,-76.2867647058823,-71.523178807947,548789,1,"2026-05-18 11:01:22 EDT"
"Tucson","Arizona","motor_vehicle_theft","Jan - Mar 2026",2911,1659,-43.0092751631742,607,528,181,-70.1812191103789,-65.719696969697,548789,1,"2026-05-18 11:01:22 EDT"
"Tucson","Arizona","murder","Jan - Mar 2026",65,42,-35.3846153846154,14,14,6,-57.1428571428571,-57.1428571428571,548789,1,"2026-05-18 11:01:22 EDT"
"Tucson","Arizona","property_crime","Jan - Mar 2026",20455,14119,-30.9753116597409,5131,3936,2984,-41.8436951861236,-24.1869918699187,548789,1,"2026-05-18 11:01:22 EDT"
"Tucson","Arizona","rape","Jan - Mar 2026",396,221,-44.1919191919192,91,70,51,-43.956043956044,-27.1428571428571,548789,1,"2026-05-18 11:01:22 EDT"
"Tucson","Arizona","robbery","Jan - Mar 2026",823,434,-47.26609963548,188,141,93,-50.531914893617,-34.0425531914894,548789,1,"2026-05-18 11:01:22 EDT"
"Tucson","Arizona","theft","Jan - Mar 2026",15396,11083,-28.0137698103403,3980,2955,2674,-32.8140703517588,-9.5093062605753,548789,1,"2026-05-18 11:01:22 EDT"
"Tucson","Arizona","violent_crime","Jan - Mar 2026",3753,2556,-31.89448441247,864,732,620,-28.2407407407407,-15.3005464480874,548789,1,"2026-05-18 11:01:22 EDT"
"Tulare","California","aggravated_assault","Jan - Mar 2026",293,246,-16.0409556313993,63,51,59,-6.34920634920635,15.6862745098039,71689,1,"2026-05-18 11:01:22 EDT"
"Tulare","California","burglary","Jan - Mar 2026",239,175,-26.7782426778243,60,73,46,-23.3333333333333,-36.986301369863,71689,1,"2026-05-18 11:01:22 EDT"
"Tulare","California","motor_vehicle_theft","Jan - Mar 2026",230,179,-22.1739130434783,49,54,63,28.5714285714286,16.6666666666667,71689,1,"2026-05-18 11:01:22 EDT"
"Tulare","California","murder","Jan - Mar 2026",8,3,-62.5,2,1,0,-100,-100,71689,1,"2026-05-18 11:01:22 EDT"
"Tulare","California","property_crime","Jan - Mar 2026",1324,1075,-18.8066465256798,338,317,254,-24.8520710059172,-19.8738170347003,71689,1,"2026-05-18 11:01:22 EDT"
"Tulare","California","rape","Jan - Mar 2026",46,55,19.5652173913043,10,14,12,20,-14.2857142857143,71689,1,"2026-05-18 11:01:22 EDT"
"Tulare","California","robbery","Jan - Mar 2026",64,47,-26.5625,14,13,8,-42.8571428571429,-38.4615384615385,71689,1,"2026-05-18 11:01:22 EDT"
"Tulare","California","theft","Jan - Mar 2026",855,721,-15.672514619883,229,190,145,-36.6812227074236,-23.6842105263158,71689,1,"2026-05-18 11:01:22 EDT"
"Tulare","California","violent_crime","Jan - Mar 2026",411,351,-14.5985401459854,89,79,79,-11.2359550561798,0,71689,1,"2026-05-18 11:01:22 EDT"
"Tulare County","California","aggravated_assault","Jan - Feb 2026",537,442,-17.6908752327747,77,65,41,-46.7532467532467,-36.9230769230769,141574,1,"2026-05-18 11:01:22 EDT"
"Tulare County","California","burglary","Jan - Feb 2026",352,277,-21.3068181818182,58,46,50,-13.7931034482759,8.69565217391304,141574,1,"2026-05-18 11:01:22 EDT"
"Tulare County","California","motor_vehicle_theft","Jan - Feb 2026",79,90,13.9240506329114,10,24,14,40,-41.6666666666667,141574,1,"2026-05-18 11:01:22 EDT"
"Tulare County","California","murder","Jan - Feb 2026",10,7,-30,2,0,1,-50,Inf,141574,1,"2026-05-18 11:01:22 EDT"
"Tulare County","California","property_crime","Jan - Feb 2026",0,0,NA,0,0,0,NA,NA,141574,1,"2026-05-18 11:01:22 EDT"
"Tulare County","California","rape","Jan - Feb 2026",61,57,-6.55737704918033,4,4,6,50,50,141574,1,"2026-05-18 11:01:22 EDT"
"Tulare County","California","robbery","Jan - Feb 2026",78,67,-14.1025641025641,12,12,5,-58.3333333333333,-58.3333333333333,141574,1,"2026-05-18 11:01:22 EDT"
"Tulare County","California","theft","Jan - Feb 2026",1264,1204,-4.74683544303798,181,213,191,5.52486187845304,-10.3286384976526,141574,1,"2026-05-18 11:01:22 EDT"
"Tulare County","California","violent_crime","Jan - Feb 2026",0,0,NA,0,0,0,NA,NA,141574,1,"2026-05-18 11:01:22 EDT"
"Tulsa","Oklahoma","aggravated_assault","Jan - Mar 2026",3000,2597,-13.4333333333333,649,585,614,-5.39291217257319,4.95726495726496,405482,1,"2026-05-18 11:01:22 EDT"
"Tulsa","Oklahoma","burglary","Jan - Mar 2026",3085,2596,-15.8508914100486,793,644,491,-38.0832282471627,-23.7577639751553,405482,1,"2026-05-18 11:01:22 EDT"
"Tulsa","Oklahoma","motor_vehicle_theft","Jan - Mar 2026",1990,1654,-16.8844221105528,476,337,303,-36.344537815126,-10.0890207715134,405482,1,"2026-05-18 11:01:22 EDT"
"Tulsa","Oklahoma","murder","Jan - Mar 2026",38,27,-28.9473684210526,12,8,7,-41.6666666666667,-12.5,405482,1,"2026-05-18 11:01:22 EDT"
"Tulsa","Oklahoma","property_crime","Jan - Mar 2026",14996,14217,-5.19471859162443,3634,3354,2966,-18.3819482663731,-11.5682766845558,405482,1,"2026-05-18 11:01:22 EDT"
"Tulsa","Oklahoma","rape","Jan - Mar 2026",447,473,5.8165548098434,107,96,90,-15.8878504672897,-6.25,405482,1,"2026-05-18 11:01:22 EDT"
"Tulsa","Oklahoma","robbery","Jan - Mar 2026",406,362,-10.8374384236453,89,83,107,20.2247191011236,28.9156626506024,405482,1,"2026-05-18 11:01:22 EDT"
"Tulsa","Oklahoma","theft","Jan - Mar 2026",9921,9967,0.463662937203911,2365,2373,2172,-8.16067653276956,-8.47029077117573,405482,1,"2026-05-18 11:01:22 EDT"
"Tulsa","Oklahoma","violent_crime","Jan - Mar 2026",3891,3459,-11.1025443330763,857,772,818,-4.55075845974329,5.95854922279793,405482,1,"2026-05-18 11:01:22 EDT"
"Tustin","California","aggravated_assault","Jan - Feb 2026",100,109,9,25,13,22,-12,69.2307692307692,76985,1,"2026-05-18 11:01:22 EDT"
"Tustin","California","burglary","Jan - Feb 2026",182,130,-28.5714285714286,50,19,17,-66,-10.5263157894737,76985,1,"2026-05-18 11:01:22 EDT"
"Tustin","California","motor_vehicle_theft","Jan - Feb 2026",159,134,-15.7232704402516,36,20,14,-61.1111111111111,-30,76985,1,"2026-05-18 11:01:22 EDT"
"Tustin","California","murder","Jan - Feb 2026",1,3,200,0,1,0,NA,-100,76985,1,"2026-05-18 11:01:22 EDT"
"Tustin","California","property_crime","Jan - Feb 2026",0,0,NA,0,0,0,NA,NA,76985,1,"2026-05-18 11:01:22 EDT"
"Tustin","California","rape","Jan - Feb 2026",16,14,-12.5,1,4,3,200,-25,76985,1,"2026-05-18 11:01:22 EDT"
"Tustin","California","robbery","Jan - Feb 2026",84,41,-51.1904761904762,14,6,3,-78.5714285714286,-50,76985,1,"2026-05-18 11:01:22 EDT"
"Tustin","California","theft","Jan - Feb 2026",1563,1226,-21.5611004478567,248,233,122,-50.8064516129032,-47.6394849785408,76985,1,"2026-05-18 11:01:22 EDT"
"Tustin","California","violent_crime","Jan - Feb 2026",0,0,NA,0,0,0,NA,NA,76985,1,"2026-05-18 11:01:22 EDT"
"Twin Falls","Idaho","aggravated_assault","Jan - Mar 2026",175,170,-2.85714285714286,43,39,60,39.5348837209302,53.8461538461538,55932,1,"2026-05-18 11:01:22 EDT"
"Twin Falls","Idaho","burglary","Jan - Mar 2026",55,59,7.27272727272727,11,15,11,0,-26.6666666666667,55932,1,"2026-05-18 11:01:22 EDT"
"Twin Falls","Idaho","motor_vehicle_theft","Jan - Mar 2026",46,40,-13.0434782608696,10,11,7,-30,-36.3636363636364,55932,1,"2026-05-18 11:01:22 EDT"
"Twin Falls","Idaho","murder","Jan - Mar 2026",3,0,-100,0,0,1,Inf,Inf,55932,1,"2026-05-18 11:01:22 EDT"
"Twin Falls","Idaho","property_crime","Jan - Mar 2026",645,585,-9.30232558139535,131,159,137,4.58015267175572,-13.8364779874214,55932,1,"2026-05-18 11:01:22 EDT"
"Twin Falls","Idaho","rape","Jan - Mar 2026",50,37,-26,20,6,6,-70,0,55932,1,"2026-05-18 11:01:22 EDT"
"Twin Falls","Idaho","robbery","Jan - Mar 2026",5,3,-40,0,0,1,Inf,Inf,55932,1,"2026-05-18 11:01:22 EDT"
"Twin Falls","Idaho","theft","Jan - Mar 2026",544,486,-10.6617647058824,110,133,119,8.18181818181818,-10.5263157894737,55932,1,"2026-05-18 11:01:22 EDT"
"Twin Falls","Idaho","violent_crime","Jan - Mar 2026",233,210,-9.87124463519313,63,45,68,7.93650793650794,51.1111111111111,55932,1,"2026-05-18 11:01:22 EDT"
"Tyler","Texas","aggravated_assault","Jan - Mar 2026",292,263,-9.93150684931507,72,74,69,-4.16666666666667,-6.75675675675676,111714,1,"2026-05-18 11:01:22 EDT"
"Tyler","Texas","burglary","Jan - Mar 2026",206,188,-8.7378640776699,50,55,34,-32,-38.1818181818182,111714,1,"2026-05-18 11:01:22 EDT"
"Tyler","Texas","motor_vehicle_theft","Jan - Mar 2026",154,134,-12.987012987013,37,34,18,-51.3513513513513,-47.0588235294118,111714,1,"2026-05-18 11:01:22 EDT"
"Tyler","Texas","murder","Jan - Mar 2026",9,5,-44.4444444444444,1,1,1,0,0,111714,1,"2026-05-18 11:01:22 EDT"
"Tyler","Texas","property_crime","Jan - Mar 2026",2148,2041,-4.98137802607076,548,493,412,-24.8175182481752,-16.4300202839757,111714,1,"2026-05-18 11:01:22 EDT"
"Tyler","Texas","rape","Jan - Mar 2026",93,111,19.3548387096774,17,28,18,5.88235294117647,-35.7142857142857,111714,1,"2026-05-18 11:01:22 EDT"
"Tyler","Texas","robbery","Jan - Mar 2026",46,35,-23.9130434782609,12,7,3,-75,-57.1428571428571,111714,1,"2026-05-18 11:01:22 EDT"
"Tyler","Texas","theft","Jan - Mar 2026",1788,1719,-3.85906040268456,461,404,360,-21.9088937093275,-10.8910891089109,111714,1,"2026-05-18 11:01:22 EDT"
"Tyler","Texas","violent_crime","Jan - Mar 2026",440,414,-5.90909090909091,102,110,91,-10.7843137254902,-17.2727272727273,111714,1,"2026-05-18 11:01:22 EDT"
"Union County","North Carolina","aggravated_assault","Jan - Feb 2026",141,137,-2.83687943262411,25,21,13,-48,-38.0952380952381,177205,1,"2026-05-18 11:01:22 EDT"
"Union County","North Carolina","burglary","Jan - Feb 2026",235,218,-7.23404255319149,42,31,35,-16.6666666666667,12.9032258064516,177205,1,"2026-05-18 11:01:22 EDT"
"Union County","North Carolina","motor_vehicle_theft","Jan - Feb 2026",105,68,-35.2380952380952,15,14,9,-40,-35.7142857142857,177205,1,"2026-05-18 11:01:22 EDT"
"Union County","North Carolina","murder","Jan - Feb 2026",2,2,0,0,0,0,NA,NA,177205,1,"2026-05-18 11:01:22 EDT"
"Union County","North Carolina","property_crime","Jan - Feb 2026",0,0,NA,0,0,0,NA,NA,177205,1,"2026-05-18 11:01:22 EDT"
"Union County","North Carolina","rape","Jan - Feb 2026",54,56,3.7037037037037,8,8,8,0,0,177205,1,"2026-05-18 11:01:22 EDT"
"Union County","North Carolina","robbery","Jan - Feb 2026",6,8,33.3333333333333,2,1,4,100,300,177205,1,"2026-05-18 11:01:22 EDT"
"Union County","North Carolina","theft","Jan - Feb 2026",922,859,-6.83297180043384,123,119,119,-3.2520325203252,0,177205,1,"2026-05-18 11:01:22 EDT"
"Union County","North Carolina","violent_crime","Jan - Feb 2026",0,0,NA,0,0,0,NA,NA,177205,1,"2026-05-18 11:01:22 EDT"
"Upper Darby","Pennsylvania","aggravated_assault","Jan - Mar 2026",58,86,48.2758620689655,11,17,22,100,29.4117647058824,84668,1,"2026-05-18 11:01:22 EDT"
"Upper Darby","Pennsylvania","burglary","Jan - Mar 2026",55,83,50.9090909090909,12,22,8,-33.3333333333333,-63.6363636363636,84668,1,"2026-05-18 11:01:22 EDT"
"Upper Darby","Pennsylvania","motor_vehicle_theft","Jan - Mar 2026",286,234,-18.1818181818182,100,46,53,-47,15.2173913043478,84668,1,"2026-05-18 11:01:22 EDT"
"Upper Darby","Pennsylvania","murder","Jan - Mar 2026",4,4,0,1,1,0,-100,-100,84668,1,"2026-05-18 11:01:22 EDT"
"Upper Darby","Pennsylvania","property_crime","Jan - Mar 2026",2399,2857,19.0912880366819,591,679,309,-47.7157360406091,-54.4918998527246,84668,1,"2026-05-18 11:01:22 EDT"
"Upper Darby","Pennsylvania","rape","Jan - Mar 2026",6,9,50,1,1,1,0,0,84668,1,"2026-05-18 11:01:22 EDT"
"Upper Darby","Pennsylvania","robbery","Jan - Mar 2026",113,105,-7.07964601769912,23,24,22,-4.34782608695652,-8.33333333333333,84668,1,"2026-05-18 11:01:22 EDT"
"Upper Darby","Pennsylvania","theft","Jan - Mar 2026",2058,2540,23.4207968901846,479,611,248,-48.2254697286012,-59.4108019639935,84668,1,"2026-05-18 11:01:22 EDT"
"Upper Darby","Pennsylvania","violent_crime","Jan - Mar 2026",181,204,12.707182320442,36,43,45,25,4.65116279069767,84668,1,"2026-05-18 11:01:22 EDT"
"Utica","New York","aggravated_assault","Jan - Mar 2026",243,193,-20.5761316872428,47,37,25,-46.8085106382979,-32.4324324324324,63098,1,"2026-05-18 11:01:22 EDT"
"Utica","New York","burglary","Jan - Mar 2026",187,177,-5.3475935828877,30,38,28,-6.66666666666667,-26.3157894736842,63098,1,"2026-05-18 11:01:22 EDT"
"Utica","New York","motor_vehicle_theft","Jan - Mar 2026",94,93,-1.06382978723404,25,21,6,-76,-71.4285714285714,63098,1,"2026-05-18 11:01:22 EDT"
"Utica","New York","murder","Jan - Mar 2026",6,2,-66.6666666666667,2,0,0,-100,NA,63098,1,"2026-05-18 11:01:22 EDT"
"Utica","New York","property_crime","Jan - Mar 2026",1866,1872,0.321543408360129,353,424,297,-15.8640226628895,-29.9528301886792,63098,1,"2026-05-18 11:01:22 EDT"
"Utica","New York","rape","Jan - Mar 2026",25,47,88,6,9,5,-16.6666666666667,-44.4444444444444,63098,1,"2026-05-18 11:01:22 EDT"
"Utica","New York","robbery","Jan - Mar 2026",60,44,-26.6666666666667,12,4,10,-16.6666666666667,150,63098,1,"2026-05-18 11:01:22 EDT"
"Utica","New York","theft","Jan - Mar 2026",1585,1602,1.07255520504732,298,365,263,-11.744966442953,-27.9452054794521,63098,1,"2026-05-18 11:01:22 EDT"
"Utica","New York","violent_crime","Jan - Mar 2026",334,286,-14.3712574850299,67,50,40,-40.2985074626866,-20,63098,1,"2026-05-18 11:01:22 EDT"
"Vacaville","California","aggravated_assault","Jan - Feb 2026",202,175,-13.3663366336634,32,26,24,-25,-7.69230769230769,102672,1,"2026-05-18 11:01:22 EDT"
"Vacaville","California","burglary","Jan - Feb 2026",158,139,-12.0253164556962,29,38,25,-13.7931034482759,-34.2105263157895,102672,1,"2026-05-18 11:01:22 EDT"
"Vacaville","California","motor_vehicle_theft","Jan - Feb 2026",210,92,-56.1904761904762,45,9,11,-75.5555555555556,22.2222222222222,102672,1,"2026-05-18 11:01:22 EDT"
"Vacaville","California","murder","Jan - Feb 2026",1,0,-100,0,0,1,Inf,Inf,102672,1,"2026-05-18 11:01:22 EDT"
"Vacaville","California","property_crime","Jan - Feb 2026",0,0,NA,0,0,0,NA,NA,102672,1,"2026-05-18 11:01:22 EDT"
"Vacaville","California","rape","Jan - Feb 2026",48,49,2.08333333333333,5,5,4,-20,-20,102672,1,"2026-05-18 11:01:22 EDT"
"Vacaville","California","robbery","Jan - Feb 2026",55,51,-7.27272727272727,6,8,3,-50,-62.5,102672,1,"2026-05-18 11:01:22 EDT"
"Vacaville","California","theft","Jan - Feb 2026",1422,1321,-7.10267229254571,204,214,196,-3.92156862745098,-8.41121495327103,102672,1,"2026-05-18 11:01:22 EDT"
"Vacaville","California","violent_crime","Jan - Feb 2026",0,0,NA,0,0,0,NA,NA,102672,1,"2026-05-18 11:01:22 EDT"
"Vallejo","California","aggravated_assault","Jan - Mar 2026",517,615,18.9555125725338,133,115,137,3.00751879699248,19.1304347826087,121795,1,"2026-05-18 11:01:22 EDT"
"Vallejo","California","burglary","Jan - Mar 2026",678,601,-11.3569321533923,142,165,114,-19.7183098591549,-30.9090909090909,121795,1,"2026-05-18 11:01:22 EDT"
"Vallejo","California","motor_vehicle_theft","Jan - Mar 2026",959,694,-27.6329509906152,250,169,179,-28.4,5.91715976331361,121795,1,"2026-05-18 11:01:22 EDT"
"Vallejo","California","murder","Jan - Mar 2026",20,17,-15,3,2,1,-66.6666666666667,-50,121795,1,"2026-05-18 11:01:22 EDT"
"Vallejo","California","property_crime","Jan - Mar 2026",4860,3730,-23.2510288065844,1272,999,750,-41.0377358490566,-24.9249249249249,121795,1,"2026-05-18 11:01:22 EDT"
"Vallejo","California","rape","Jan - Mar 2026",65,51,-21.5384615384615,22,14,13,-40.9090909090909,-7.14285714285714,121795,1,"2026-05-18 11:01:22 EDT"
"Vallejo","California","robbery","Jan - Mar 2026",299,264,-11.7056856187291,86,87,42,-51.1627906976744,-51.7241379310345,121795,1,"2026-05-18 11:01:22 EDT"
"Vallejo","California","theft","Jan - Mar 2026",3223,2435,-24.4492708656531,880,665,457,-48.0681818181818,-31.2781954887218,121795,1,"2026-05-18 11:01:22 EDT"
"Vallejo","California","violent_crime","Jan - Mar 2026",901,947,5.1054384017758,244,218,193,-20.9016393442623,-11.4678899082569,121795,1,"2026-05-18 11:01:22 EDT"
"Ventura","California","aggravated_assault","Jan - Mar 2026",305,278,-8.85245901639344,79,64,67,-15.1898734177215,4.6875,108543,1,"2026-05-18 11:01:22 EDT"
"Ventura","California","burglary","Jan - Mar 2026",290,230,-20.6896551724138,68,57,41,-39.7058823529412,-28.0701754385965,108543,1,"2026-05-18 11:01:22 EDT"
"Ventura","California","motor_vehicle_theft","Jan - Mar 2026",225,141,-37.3333333333333,49,36,32,-34.6938775510204,-11.1111111111111,108543,1,"2026-05-18 11:01:22 EDT"
"Ventura","California","murder","Jan - Mar 2026",3,1,-66.6666666666667,1,0,0,-100,NA,108543,1,"2026-05-18 11:01:22 EDT"
"Ventura","California","property_crime","Jan - Mar 2026",2404,1946,-19.0515806988353,539,485,425,-21.1502782931354,-12.3711340206186,108543,1,"2026-05-18 11:01:22 EDT"
"Ventura","California","rape","Jan - Mar 2026",53,44,-16.9811320754717,10,16,9,-10,-43.75,108543,1,"2026-05-18 11:01:22 EDT"
"Ventura","California","robbery","Jan - Mar 2026",90,60,-33.3333333333333,18,21,11,-38.8888888888889,-47.6190476190476,108543,1,"2026-05-18 11:01:22 EDT"
"Ventura","California","theft","Jan - Mar 2026",1889,1575,-16.6225516146109,422,392,352,-16.5876777251185,-10.2040816326531,108543,1,"2026-05-18 11:01:22 EDT"
"Ventura","California","violent_crime","Jan - Mar 2026",451,383,-15.0776053215078,108,101,87,-19.4444444444444,-13.8613861386139,108543,1,"2026-05-18 11:01:22 EDT"
"Victoria","Texas","aggravated_assault","Jan - Mar 2026",172,172,0,56,44,51,-8.92857142857143,15.9090909090909,65893,1,"2026-05-18 11:01:22 EDT"
"Victoria","Texas","burglary","Jan - Mar 2026",195,211,8.2051282051282,39,62,37,-5.12820512820513,-40.3225806451613,65893,1,"2026-05-18 11:01:22 EDT"
"Victoria","Texas","motor_vehicle_theft","Jan - Mar 2026",88,58,-34.0909090909091,22,15,24,9.09090909090909,60,65893,1,"2026-05-18 11:01:22 EDT"
"Victoria","Texas","murder","Jan - Mar 2026",3,7,133.333333333333,0,0,1,Inf,Inf,65893,1,"2026-05-18 11:01:22 EDT"
"Victoria","Texas","property_crime","Jan - Mar 2026",1267,1221,-3.63062352012628,296,304,282,-4.72972972972973,-7.23684210526316,65893,1,"2026-05-18 11:01:22 EDT"
"Victoria","Texas","rape","Jan - Mar 2026",38,33,-13.1578947368421,8,7,4,-50,-42.8571428571429,65893,1,"2026-05-18 11:01:22 EDT"
"Victoria","Texas","robbery","Jan - Mar 2026",25,29,16,4,7,5,25,-28.5714285714286,65893,1,"2026-05-18 11:01:22 EDT"
"Victoria","Texas","theft","Jan - Mar 2026",984,952,-3.2520325203252,235,227,221,-5.95744680851064,-2.6431718061674,65893,1,"2026-05-18 11:01:22 EDT"
"Victoria","Texas","violent_crime","Jan - Mar 2026",238,241,1.26050420168067,68,58,61,-10.2941176470588,5.17241379310345,65893,1,"2026-05-18 11:01:22 EDT"
"Virginia Beach","Virginia","aggravated_assault","Jan - Jan 2026",187,211,12.8342245989305,17,13,21,23.5294117647059,61.5384615384615,455155,1,"2026-05-18 11:01:22 EDT"
"Virginia Beach","Virginia","burglary","Jan - Jan 2026",379,276,-27.1767810026385,31,37,20,-35.4838709677419,-45.945945945946,455155,1,"2026-05-18 11:01:22 EDT"
"Virginia Beach","Virginia","motor_vehicle_theft","Jan - Jan 2026",511,455,-10.958904109589,56,37,22,-60.7142857142857,-40.5405405405405,455155,1,"2026-05-18 11:01:22 EDT"
"Virginia Beach","Virginia","murder","Jan - Jan 2026",14,15,7.14285714285714,1,1,1,0,0,455155,1,"2026-05-18 11:01:22 EDT"
"Virginia Beach","Virginia","property_crime","Jan - Jan 2026",0,0,NA,0,0,0,NA,NA,455155,1,"2026-05-18 11:01:22 EDT"
"Virginia Beach","Virginia","rape","Jan - Jan 2026",86,74,-13.953488372093,4,3,5,25,66.6666666666667,455155,1,"2026-05-18 11:01:22 EDT"
"Virginia Beach","Virginia","robbery","Jan - Jan 2026",146,140,-4.10958904109589,15,10,9,-40,-10,455155,1,"2026-05-18 11:01:22 EDT"
"Virginia Beach","Virginia","theft","Jan - Jan 2026",6675,5909,-11.4756554307116,507,469,391,-22.879684418146,-16.6311300639659,455155,1,"2026-05-18 11:01:22 EDT"
"Virginia Beach","Virginia","violent_crime","Jan - Jan 2026",0,0,NA,0,0,0,NA,NA,455155,1,"2026-05-18 11:01:22 EDT"
"Visalia","California","aggravated_assault","Jan - Mar 2026",395,395,0,93,106,74,-20.4301075268817,-30.188679245283,146090,1,"2026-05-18 11:01:22 EDT"
"Visalia","California","burglary","Jan - Mar 2026",383,302,-21.1488250652742,88,73,52,-40.9090909090909,-28.7671232876712,146090,1,"2026-05-18 11:01:22 EDT"
"Visalia","California","motor_vehicle_theft","Jan - Mar 2026",514,318,-38.1322957198444,123,80,64,-47.9674796747967,-20,146090,1,"2026-05-18 11:01:22 EDT"
"Visalia","California","murder","Jan - Mar 2026",7,6,-14.2857142857143,2,1,1,-50,0,146090,1,"2026-05-18 11:01:22 EDT"
"Visalia","California","property_crime","Jan - Mar 2026",3127,2573,-17.7166613367445,799,697,535,-33.0413016270338,-23.2424677187948,146090,1,"2026-05-18 11:01:22 EDT"
"Visalia","California","rape","Jan - Mar 2026",99,108,9.09090909090909,35,23,25,-28.5714285714286,8.69565217391304,146090,1,"2026-05-18 11:01:22 EDT"
"Visalia","California","robbery","Jan - Mar 2026",139,101,-27.3381294964029,33,39,12,-63.6363636363636,-69.2307692307692,146090,1,"2026-05-18 11:01:22 EDT"
"Visalia","California","theft","Jan - Mar 2026",2230,1953,-12.4215246636771,588,544,419,-28.7414965986395,-22.9779411764706,146090,1,"2026-05-18 11:01:22 EDT"
"Visalia","California","violent_crime","Jan - Mar 2026",640,610,-4.6875,163,169,112,-31.2883435582822,-33.7278106508876,146090,1,"2026-05-18 11:01:22 EDT"
"Waco","Texas","aggravated_assault","Jan - Mar 2026",400,395,-1.25,103,92,97,-5.8252427184466,5.43478260869565,146270,1,"2026-05-18 11:01:22 EDT"
"Waco","Texas","burglary","Jan - Mar 2026",431,420,-2.55220417633411,100,115,77,-23,-33.0434782608696,146270,1,"2026-05-18 11:01:22 EDT"
"Waco","Texas","motor_vehicle_theft","Jan - Mar 2026",300,259,-13.6666666666667,85,55,43,-49.4117647058824,-21.8181818181818,146270,1,"2026-05-18 11:01:22 EDT"
"Waco","Texas","murder","Jan - Mar 2026",8,8,0,3,2,1,-66.6666666666667,-50,146270,1,"2026-05-18 11:01:22 EDT"
"Waco","Texas","property_crime","Jan - Mar 2026",3114,2639,-15.2536929993577,832,674,592,-28.8461538461538,-12.1661721068249,146270,1,"2026-05-18 11:01:22 EDT"
"Waco","Texas","rape","Jan - Mar 2026",131,138,5.34351145038168,30,26,30,0,15.3846153846154,146270,1,"2026-05-18 11:01:22 EDT"
"Waco","Texas","robbery","Jan - Mar 2026",85,69,-18.8235294117647,12,15,10,-16.6666666666667,-33.3333333333333,146270,1,"2026-05-18 11:01:22 EDT"
"Waco","Texas","theft","Jan - Mar 2026",2383,1960,-17.7507343684431,647,504,472,-27.047913446677,-6.34920634920635,146270,1,"2026-05-18 11:01:22 EDT"
"Waco","Texas","violent_crime","Jan - Mar 2026",624,610,-2.24358974358974,148,135,138,-6.75675675675676,2.22222222222222,146270,1,"2026-05-18 11:01:22 EDT"
"Wake County","North Carolina","aggravated_assault","Jan - Mar 2026",233,212,-9.01287553648069,75,43,38,-49.3333333333333,-11.6279069767442,202553,1,"2026-05-18 11:01:22 EDT"
"Wake County","North Carolina","burglary","Jan - Mar 2026",192,268,39.5833333333333,48,40,72,50,80,202553,1,"2026-05-18 11:01:22 EDT"
"Wake County","North Carolina","motor_vehicle_theft","Jan - Mar 2026",218,195,-10.5504587155963,60,49,39,-35,-20.4081632653061,202553,1,"2026-05-18 11:01:22 EDT"
"Wake County","North Carolina","murder","Jan - Mar 2026",3,6,100,0,1,4,Inf,300,202553,1,"2026-05-18 11:01:22 EDT"
"Wake County","North Carolina","property_crime","Jan - Mar 2026",1061,1055,-0.56550424128181,270,218,227,-15.9259259259259,4.12844036697248,202553,1,"2026-05-18 11:01:22 EDT"
"Wake County","North Carolina","rape","Jan - Mar 2026",23,21,-8.69565217391304,2,7,4,100,-42.8571428571429,202553,1,"2026-05-18 11:01:22 EDT"
"Wake County","North Carolina","robbery","Jan - Mar 2026",19,15,-21.0526315789474,1,5,6,500,20,202553,1,"2026-05-18 11:01:22 EDT"
"Wake County","North Carolina","theft","Jan - Mar 2026",651,592,-9.06298003072197,162,129,116,-28.3950617283951,-10.077519379845,202553,1,"2026-05-18 11:01:22 EDT"
"Wake County","North Carolina","violent_crime","Jan - Mar 2026",278,254,-8.63309352517986,78,56,52,-33.3333333333333,-7.14285714285714,202553,1,"2026-05-18 11:01:22 EDT"
"Wake Forest","North Carolina","aggravated_assault","Jan - Mar 2026",72,40,-44.4444444444444,16,7,10,-37.5,42.8571428571429,52921,1,"2026-05-18 11:01:22 EDT"
"Wake Forest","North Carolina","burglary","Jan - Mar 2026",61,50,-18.0327868852459,21,12,5,-76.1904761904762,-58.3333333333333,52921,1,"2026-05-18 11:01:22 EDT"
"Wake Forest","North Carolina","motor_vehicle_theft","Jan - Mar 2026",48,40,-16.6666666666667,13,11,4,-69.2307692307692,-63.6363636363636,52921,1,"2026-05-18 11:01:22 EDT"
"Wake Forest","North Carolina","murder","Jan - Mar 2026",2,2,0,2,0,0,-100,NA,52921,1,"2026-05-18 11:01:22 EDT"
"Wake Forest","North Carolina","property_crime","Jan - Mar 2026",768,617,-19.6614583333333,163,185,119,-26.9938650306748,-35.6756756756757,52921,1,"2026-05-18 11:01:22 EDT"
"Wake Forest","North Carolina","rape","Jan - Mar 2026",3,4,33.3333333333333,1,2,3,200,50,52921,1,"2026-05-18 11:01:22 EDT"
"Wake Forest","North Carolina","robbery","Jan - Mar 2026",5,4,-20,1,2,2,100,0,52921,1,"2026-05-18 11:01:22 EDT"
"Wake Forest","North Carolina","theft","Jan - Mar 2026",659,527,-20.0303490136571,129,162,110,-14.7286821705426,-32.0987654320988,52921,1,"2026-05-18 11:01:22 EDT"
"Wake Forest","North Carolina","violent_crime","Jan - Mar 2026",82,50,-39.0243902439024,20,11,15,-25,36.3636363636364,52921,1,"2026-05-18 11:01:22 EDT"
"Walnut Creek","California","aggravated_assault","Jan - Feb 2026",121,94,-22.3140495867769,14,19,19,35.7142857142857,0,68808,1,"2026-05-18 11:01:22 EDT"
"Walnut Creek","California","burglary","Jan - Feb 2026",273,223,-18.3150183150183,45,49,29,-35.5555555555556,-40.8163265306122,68808,1,"2026-05-18 11:01:22 EDT"
"Walnut Creek","California","motor_vehicle_theft","Jan - Feb 2026",173,142,-17.9190751445087,17,28,4,-76.4705882352941,-85.7142857142857,68808,1,"2026-05-18 11:01:22 EDT"
"Walnut Creek","California","murder","Jan - Feb 2026",0,1,Inf,0,0,0,NA,NA,68808,1,"2026-05-18 11:01:22 EDT"
"Walnut Creek","California","property_crime","Jan - Feb 2026",0,0,NA,0,0,0,NA,NA,68808,1,"2026-05-18 11:01:22 EDT"
"Walnut Creek","California","rape","Jan - Feb 2026",17,16,-5.88235294117647,0,1,2,Inf,100,68808,1,"2026-05-18 11:01:22 EDT"
"Walnut Creek","California","robbery","Jan - Feb 2026",61,37,-39.344262295082,8,13,6,-25,-53.8461538461538,68808,1,"2026-05-18 11:01:22 EDT"
"Walnut Creek","California","theft","Jan - Feb 2026",1620,1342,-17.1604938271605,211,244,188,-10.9004739336493,-22.9508196721311,68808,1,"2026-05-18 11:01:22 EDT"
"Walnut Creek","California","violent_crime","Jan - Feb 2026",0,0,NA,0,0,0,NA,NA,68808,1,"2026-05-18 11:01:22 EDT"
"Waltham","Massachusetts","aggravated_assault","Jan - Mar 2026",137,123,-10.2189781021898,25,26,21,-16,-19.2307692307692,65488,1,"2026-05-18 11:01:22 EDT"
"Waltham","Massachusetts","burglary","Jan - Mar 2026",83,65,-21.6867469879518,26,10,12,-53.8461538461538,20,65488,1,"2026-05-18 11:01:22 EDT"
"Waltham","Massachusetts","motor_vehicle_theft","Jan - Mar 2026",36,30,-16.6666666666667,9,3,4,-55.5555555555556,33.3333333333333,65488,1,"2026-05-18 11:01:22 EDT"
"Waltham","Massachusetts","murder","Jan - Mar 2026",1,0,-100,0,0,0,NA,NA,65488,1,"2026-05-18 11:01:22 EDT"
"Waltham","Massachusetts","property_crime","Jan - Mar 2026",460,498,8.26086956521739,105,102,85,-19.047619047619,-16.6666666666667,65488,1,"2026-05-18 11:01:22 EDT"
"Waltham","Massachusetts","rape","Jan - Mar 2026",12,13,8.33333333333333,2,3,5,150,66.6666666666667,65488,1,"2026-05-18 11:01:22 EDT"
"Waltham","Massachusetts","robbery","Jan - Mar 2026",15,11,-26.6666666666667,4,1,0,-100,-100,65488,1,"2026-05-18 11:01:22 EDT"
"Waltham","Massachusetts","theft","Jan - Mar 2026",341,403,18.1818181818182,70,89,69,-1.42857142857143,-22.4719101123595,65488,1,"2026-05-18 11:01:22 EDT"
"Waltham","Massachusetts","violent_crime","Jan - Mar 2026",165,147,-10.9090909090909,31,30,26,-16.1290322580645,-13.3333333333333,65488,1,"2026-05-18 11:01:22 EDT"
"Warner Robins","Georgia","aggravated_assault","Jan - Mar 2026",473,359,-24.1014799154334,106,57,116,9.43396226415094,103.508771929825,85285,1,"2026-05-18 11:01:22 EDT"
"Warner Robins","Georgia","burglary","Jan - Mar 2026",310,234,-24.5161290322581,86,41,30,-65.1162790697674,-26.8292682926829,85285,1,"2026-05-18 11:01:22 EDT"
"Warner Robins","Georgia","motor_vehicle_theft","Jan - Mar 2026",210,179,-14.7619047619048,50,41,32,-36,-21.9512195121951,85285,1,"2026-05-18 11:01:22 EDT"
"Warner Robins","Georgia","murder","Jan - Mar 2026",5,8,60,3,4,0,-100,-100,85285,1,"2026-05-18 11:01:22 EDT"
"Warner Robins","Georgia","property_crime","Jan - Mar 2026",2570,2048,-20.3112840466926,639,428,377,-41.0015649452269,-11.9158878504673,85285,1,"2026-05-18 11:01:22 EDT"
"Warner Robins","Georgia","rape","Jan - Mar 2026",28,28,0,9,7,7,-22.2222222222222,0,85285,1,"2026-05-18 11:01:22 EDT"
"Warner Robins","Georgia","robbery","Jan - Mar 2026",65,52,-20,11,17,18,63.6363636363636,5.88235294117647,85285,1,"2026-05-18 11:01:22 EDT"
"Warner Robins","Georgia","theft","Jan - Mar 2026",2050,1635,-20.2439024390244,503,346,315,-37.375745526839,-8.95953757225434,85285,1,"2026-05-18 11:01:22 EDT"
"Warner Robins","Georgia","violent_crime","Jan - Mar 2026",571,447,-21.7162872154116,129,85,141,9.30232558139535,65.8823529411765,85285,1,"2026-05-18 11:01:22 EDT"
"Warren","Michigan","aggravated_assault","Jan - Mar 2026",575,490,-14.7826086956522,144,110,150,4.16666666666667,36.3636363636364,135843,1,"2026-05-18 11:01:22 EDT"
"Warren","Michigan","burglary","Jan - Mar 2026",278,221,-20.5035971223022,73,54,39,-46.5753424657534,-27.7777777777778,135843,1,"2026-05-18 11:01:22 EDT"
"Warren","Michigan","motor_vehicle_theft","Jan - Mar 2026",482,326,-32.3651452282158,97,90,70,-27.8350515463918,-22.2222222222222,135843,1,"2026-05-18 11:01:22 EDT"
"Warren","Michigan","murder","Jan - Mar 2026",8,3,-62.5,1,0,0,-100,NA,135843,1,"2026-05-18 11:01:22 EDT"
"Warren","Michigan","property_crime","Jan - Mar 2026",2121,1746,-17.6803394625177,433,427,397,-8.31408775981524,-7.02576112412178,135843,1,"2026-05-18 11:01:22 EDT"
"Warren","Michigan","rape","Jan - Mar 2026",105,78,-25.7142857142857,19,25,27,42.1052631578947,8,135843,1,"2026-05-18 11:01:22 EDT"
"Warren","Michigan","robbery","Jan - Mar 2026",48,48,0,13,7,8,-38.4615384615385,14.2857142857143,135843,1,"2026-05-18 11:01:22 EDT"
"Warren","Michigan","theft","Jan - Mar 2026",1361,1199,-11.9030124908156,263,283,288,9.50570342205323,1.76678445229682,135843,1,"2026-05-18 11:01:22 EDT"
"Warren","Michigan","violent_crime","Jan - Mar 2026",736,619,-15.8967391304348,177,142,185,4.51977401129944,30.2816901408451,135843,1,"2026-05-18 11:01:22 EDT"
"Warren County","Ohio","aggravated_assault","Jan - Feb 2026",37,27,-27.027027027027,6,5,0,-100,-100,105026,1,"2026-05-18 11:01:22 EDT"
"Warren County","Ohio","burglary","Jan - Feb 2026",62,49,-20.9677419354839,11,6,0,-100,-100,105026,1,"2026-05-18 11:01:22 EDT"
"Warren County","Ohio","motor_vehicle_theft","Jan - Feb 2026",63,80,26.984126984127,4,9,0,-100,-100,105026,1,"2026-05-18 11:01:22 EDT"
"Warren County","Ohio","murder","Jan - Feb 2026",2,1,-50,1,0,0,-100,NA,105026,1,"2026-05-18 11:01:22 EDT"
"Warren County","Ohio","property_crime","Jan - Feb 2026",0,0,NA,0,0,0,NA,NA,105026,1,"2026-05-18 11:01:22 EDT"
"Warren County","Ohio","rape","Jan - Feb 2026",19,19,0,2,7,0,-100,-100,105026,1,"2026-05-18 11:01:22 EDT"
"Warren County","Ohio","robbery","Jan - Feb 2026",7,1,-85.7142857142857,1,0,0,-100,NA,105026,1,"2026-05-18 11:01:22 EDT"
"Warren County","Ohio","theft","Jan - Feb 2026",741,653,-11.8758434547908,126,106,0,-100,-100,105026,1,"2026-05-18 11:01:22 EDT"
"Warren County","Ohio","violent_crime","Jan - Feb 2026",0,0,NA,0,0,0,NA,NA,105026,1,"2026-05-18 11:01:22 EDT"
"Warwick","Rhode Island","aggravated_assault","Jan - Mar 2026",43,41,-4.65116279069767,15,5,6,-60,20,84297,1,"2026-05-18 11:01:22 EDT"
"Warwick","Rhode Island","burglary","Jan - Mar 2026",85,57,-32.9411764705882,16,14,5,-68.75,-64.2857142857143,84297,1,"2026-05-18 11:01:22 EDT"
"Warwick","Rhode Island","motor_vehicle_theft","Jan - Mar 2026",77,49,-36.3636363636364,21,9,9,-57.1428571428571,0,84297,1,"2026-05-18 11:01:22 EDT"
"Warwick","Rhode Island","murder","Jan - Mar 2026",2,0,-100,1,0,0,-100,NA,84297,1,"2026-05-18 11:01:22 EDT"
"Warwick","Rhode Island","property_crime","Jan - Mar 2026",985,764,-22.4365482233503,223,181,135,-39.4618834080717,-25.414364640884,84297,1,"2026-05-18 11:01:22 EDT"
"Warwick","Rhode Island","rape","Jan - Mar 2026",15,22,46.6666666666667,1,3,8,700,166.666666666667,84297,1,"2026-05-18 11:01:22 EDT"
"Warwick","Rhode Island","robbery","Jan - Mar 2026",8,10,25,1,4,1,0,-75,84297,1,"2026-05-18 11:01:22 EDT"
"Warwick","Rhode Island","theft","Jan - Mar 2026",823,658,-20.048602673147,186,158,121,-34.9462365591398,-23.4177215189873,84297,1,"2026-05-18 11:01:22 EDT"
"Warwick","Rhode Island","violent_crime","Jan - Mar 2026",68,73,7.35294117647059,18,12,15,-16.6666666666667,25,84297,1,"2026-05-18 11:01:22 EDT"
"Washington","District of Columbia","aggravated_assault","Jan - Mar 2026",0,0,NA,0,0,0,NA,NA,702250,1,"2026-05-18 11:01:22 EDT"
"Washington","District of Columbia","burglary","Jan - Mar 2026",1004,722,-28.0876494023904,195,223,166,-14.8717948717949,-25.5605381165919,702250,1,"2026-05-18 11:01:22 EDT"
"Washington","District of Columbia","motor_vehicle_theft","Jan - Mar 2026",5128,3935,-23.2644305772231,1154,1200,539,-53.2928942807626,-55.0833333333333,702250,1,"2026-05-18 11:01:22 EDT"
"Washington","District of Columbia","murder","Jan - Mar 2026",187,127,-32.0855614973262,37,34,12,-67.5675675675676,-64.7058823529412,702250,1,"2026-05-18 11:01:22 EDT"
"Washington","District of Columbia","property_crime","Jan - Mar 2026",25821,21665,-16.0954262034778,5749,5353,3854,-32.9622543050965,-28.0029889781431,702250,1,"2026-05-18 11:01:22 EDT"
"Washington","District of Columbia","rape","Jan - Mar 2026",0,0,NA,0,0,0,NA,NA,702250,1,"2026-05-18 11:01:22 EDT"
"Washington","District of Columbia","robbery","Jan - Mar 2026",2110,1319,-37.4881516587678,530,369,269,-49.2452830188679,-27.10027100271,702250,1,"2026-05-18 11:01:22 EDT"
"Washington","District of Columbia","theft","Jan - Mar 2026",19689,17008,-13.6167403118493,4400,3930,3149,-28.4318181818182,-19.8727735368957,702250,1,"2026-05-18 11:01:22 EDT"
"Washington","District of Columbia","violent_crime","Jan - Mar 2026",2297,1446,-37.0483239007401,567,403,281,-50.4409171075838,-30.272952853598,702250,1,"2026-05-18 11:01:22 EDT"
"Washington County","Maryland","aggravated_assault","Jan - Mar 2026",127,152,19.6850393700787,31,31,51,64.5161290322581,64.5161290322581,106052,1,"2026-05-18 11:01:22 EDT"
"Washington County","Maryland","burglary","Jan - Mar 2026",104,79,-24.0384615384615,25,17,13,-48,-23.5294117647059,106052,1,"2026-05-18 11:01:22 EDT"
"Washington County","Maryland","motor_vehicle_theft","Jan - Mar 2026",92,79,-14.1304347826087,23,17,12,-47.8260869565217,-29.4117647058824,106052,1,"2026-05-18 11:01:22 EDT"
"Washington County","Maryland","murder","Jan - Mar 2026",1,1,0,1,0,0,-100,NA,106052,1,"2026-05-18 11:01:22 EDT"
"Washington County","Maryland","property_crime","Jan - Mar 2026",789,635,-19.5183776932826,190,163,127,-33.1578947368421,-22.0858895705521,106052,1,"2026-05-18 11:01:22 EDT"
"Washington County","Maryland","rape","Jan - Mar 2026",8,12,50,3,2,1,-66.6666666666667,-50,106052,1,"2026-05-18 11:01:22 EDT"
"Washington County","Maryland","robbery","Jan - Mar 2026",17,20,17.6470588235294,5,4,0,-100,-100,106052,1,"2026-05-18 11:01:22 EDT"
"Washington County","Maryland","theft","Jan - Mar 2026",593,477,-19.5615514333895,142,129,102,-28.169014084507,-20.9302325581395,106052,1,"2026-05-18 11:01:22 EDT"
"Washington County","Maryland","violent_crime","Jan - Mar 2026",153,185,20.9150326797386,40,37,52,30,40.5405405405405,106052,1,"2026-05-18 11:01:22 EDT"
"Washington County","Oregon","aggravated_assault","Jan - Mar 2026",296,281,-5.06756756756757,68,80,57,-16.1764705882353,-28.75,244557,1,"2026-05-18 11:01:22 EDT"
"Washington County","Oregon","burglary","Jan - Mar 2026",380,291,-23.4210526315789,87,66,44,-49.4252873563218,-33.3333333333333,244557,1,"2026-05-18 11:01:22 EDT"
"Washington County","Oregon","motor_vehicle_theft","Jan - Mar 2026",345,214,-37.9710144927536,75,80,31,-58.6666666666667,-61.25,244557,1,"2026-05-18 11:01:22 EDT"
"Washington County","Oregon","murder","Jan - Mar 2026",3,0,-100,1,0,0,-100,NA,244557,1,"2026-05-18 11:01:22 EDT"
"Washington County","Oregon","property_crime","Jan - Mar 2026",2457,2018,-17.8673178673179,599,570,425,-29.0484140233723,-25.4385964912281,244557,1,"2026-05-18 11:01:22 EDT"
"Washington County","Oregon","rape","Jan - Mar 2026",103,105,1.94174757281553,17,19,22,29.4117647058824,15.7894736842105,244557,1,"2026-05-18 11:01:22 EDT"
"Washington County","Oregon","robbery","Jan - Mar 2026",47,55,17.0212765957447,10,14,9,-10,-35.7142857142857,244557,1,"2026-05-18 11:01:22 EDT"
"Washington County","Oregon","theft","Jan - Mar 2026",1732,1513,-12.6443418013857,437,424,350,-19.908466819222,-17.4528301886792,244557,1,"2026-05-18 11:01:22 EDT"
"Washington County","Oregon","violent_crime","Jan - Mar 2026",449,441,-1.78173719376392,96,113,88,-8.33333333333333,-22.1238938053097,244557,1,"2026-05-18 11:01:22 EDT"
"Washoe County","Nevada","aggravated_assault","Jan - Mar 2026",334,237,-29.0419161676647,70,68,71,1.42857142857143,4.41176470588235,119654,1,"2026-05-18 11:01:22 EDT"
"Washoe County","Nevada","burglary","Jan - Mar 2026",142,106,-25.3521126760563,33,28,18,-45.4545454545455,-35.7142857142857,119654,1,"2026-05-18 11:01:22 EDT"
"Washoe County","Nevada","motor_vehicle_theft","Jan - Mar 2026",99,76,-23.2323232323232,26,24,15,-42.3076923076923,-37.5,119654,1,"2026-05-18 11:01:22 EDT"
"Washoe County","Nevada","murder","Jan - Mar 2026",1,5,400,0,2,0,NA,-100,119654,1,"2026-05-18 11:01:22 EDT"
"Washoe County","Nevada","property_crime","Jan - Mar 2026",697,625,-10.3299856527977,154,185,142,-7.79220779220779,-23.2432432432432,119654,1,"2026-05-18 11:01:22 EDT"
"Washoe County","Nevada","rape","Jan - Mar 2026",51,59,15.6862745098039,9,24,8,-11.1111111111111,-66.6666666666667,119654,1,"2026-05-18 11:01:22 EDT"
"Washoe County","Nevada","robbery","Jan - Mar 2026",19,12,-36.8421052631579,2,2,1,-50,-50,119654,1,"2026-05-18 11:01:22 EDT"
"Washoe County","Nevada","theft","Jan - Mar 2026",456,443,-2.85087719298246,95,133,109,14.7368421052632,-18.0451127819549,119654,1,"2026-05-18 11:01:22 EDT"
"Washoe County","Nevada","violent_crime","Jan - Mar 2026",405,313,-22.7160493827161,81,96,80,-1.23456790123457,-16.6666666666667,119654,1,"2026-05-18 11:01:22 EDT"
"Washtenaw County","Michigan","aggravated_assault","Jan - Mar 2026",539,428,-20.5936920222635,130,111,109,-16.1538461538462,-1.8018018018018,164745,1,"2026-05-18 11:01:22 EDT"
"Washtenaw County","Michigan","burglary","Jan - Mar 2026",152,140,-7.89473684210526,34,37,30,-11.7647058823529,-18.9189189189189,164745,1,"2026-05-18 11:01:22 EDT"
"Washtenaw County","Michigan","motor_vehicle_theft","Jan - Mar 2026",228,176,-22.8070175438596,60,35,47,-21.6666666666667,34.2857142857143,164745,1,"2026-05-18 11:01:22 EDT"
"Washtenaw County","Michigan","murder","Jan - Mar 2026",7,0,-100,1,0,1,0,Inf,164745,1,"2026-05-18 11:01:22 EDT"
"Washtenaw County","Michigan","property_crime","Jan - Mar 2026",1064,920,-13.5338345864662,255,183,225,-11.7647058823529,22.9508196721311,164745,1,"2026-05-18 11:01:22 EDT"
"Washtenaw County","Michigan","rape","Jan - Mar 2026",70,36,-48.5714285714286,23,12,9,-60.8695652173913,-25,164745,1,"2026-05-18 11:01:22 EDT"
"Washtenaw County","Michigan","robbery","Jan - Mar 2026",29,30,3.44827586206897,5,6,4,-20,-33.3333333333333,164745,1,"2026-05-18 11:01:22 EDT"
"Washtenaw County","Michigan","theft","Jan - Mar 2026",684,604,-11.6959064327485,161,111,148,-8.07453416149068,33.3333333333333,164745,1,"2026-05-18 11:01:22 EDT"
"Washtenaw County","Michigan","violent_crime","Jan - Mar 2026",645,494,-23.4108527131783,159,129,123,-22.6415094339623,-4.65116279069767,164745,1,"2026-05-18 11:01:22 EDT"
"Waterbury","Connecticut","aggravated_assault","Jan - Mar 2026",194,176,-9.27835051546392,53,33,37,-30.188679245283,12.1212121212121,115363,1,"2026-05-18 11:01:22 EDT"
"Waterbury","Connecticut","burglary","Jan - Mar 2026",265,218,-17.7358490566038,39,47,25,-35.8974358974359,-46.8085106382979,115363,1,"2026-05-18 11:01:22 EDT"
"Waterbury","Connecticut","motor_vehicle_theft","Jan - Mar 2026",734,355,-51.6348773841962,223,78,41,-81.6143497757848,-47.4358974358974,115363,1,"2026-05-18 11:01:22 EDT"
"Waterbury","Connecticut","murder","Jan - Mar 2026",9,9,0,2,3,0,-100,-100,115363,1,"2026-05-18 11:01:22 EDT"
"Waterbury","Connecticut","property_crime","Jan - Mar 2026",3372,2733,-18.9501779359431,788,647,498,-36.8020304568528,-23.0293663060278,115363,1,"2026-05-18 11:01:22 EDT"
"Waterbury","Connecticut","rape","Jan - Mar 2026",54,47,-12.962962962963,12,6,3,-75,-50,115363,1,"2026-05-18 11:01:22 EDT"
"Waterbury","Connecticut","robbery","Jan - Mar 2026",122,109,-10.655737704918,28,19,15,-46.4285714285714,-21.0526315789474,115363,1,"2026-05-18 11:01:22 EDT"
"Waterbury","Connecticut","theft","Jan - Mar 2026",2373,2160,-8.97597977243995,526,522,432,-17.8707224334601,-17.2413793103448,115363,1,"2026-05-18 11:01:22 EDT"
"Waterbury","Connecticut","violent_crime","Jan - Mar 2026",379,341,-10.0263852242744,95,61,55,-42.1052631578947,-9.83606557377049,115363,1,"2026-05-18 11:01:22 EDT"
"Waterford Township","Michigan","aggravated_assault","Jan - Mar 2026",163,137,-15.9509202453988,47,33,29,-38.2978723404255,-12.1212121212121,69066,1,"2026-05-18 11:01:22 EDT"
"Waterford Township","Michigan","burglary","Jan - Mar 2026",127,63,-50.3937007874016,26,16,15,-42.3076923076923,-6.25,69066,1,"2026-05-18 11:01:22 EDT"
"Waterford Township","Michigan","motor_vehicle_theft","Jan - Mar 2026",103,49,-52.4271844660194,24,11,7,-70.8333333333333,-36.3636363636364,69066,1,"2026-05-18 11:01:22 EDT"
"Waterford Township","Michigan","murder","Jan - Mar 2026",1,2,100,0,0,0,NA,NA,69066,1,"2026-05-18 11:01:22 EDT"
"Waterford Township","Michigan","property_crime","Jan - Mar 2026",575,439,-23.6521739130435,124,84,92,-25.8064516129032,9.52380952380952,69066,1,"2026-05-18 11:01:22 EDT"
"Waterford Township","Michigan","rape","Jan - Mar 2026",26,19,-26.9230769230769,11,7,10,-9.09090909090909,42.8571428571429,69066,1,"2026-05-18 11:01:22 EDT"
"Waterford Township","Michigan","robbery","Jan - Mar 2026",8,4,-50,2,2,1,-50,-50,69066,1,"2026-05-18 11:01:22 EDT"
"Waterford Township","Michigan","theft","Jan - Mar 2026",345,327,-5.21739130434783,74,57,70,-5.40540540540541,22.8070175438596,69066,1,"2026-05-18 11:01:22 EDT"
"Waterford Township","Michigan","violent_crime","Jan - Mar 2026",198,162,-18.1818181818182,60,42,40,-33.3333333333333,-4.76190476190476,69066,1,"2026-05-18 11:01:22 EDT"
"Waterloo","Iowa","aggravated_assault","Jan - Mar 2026",265,264,-0.377358490566038,68,38,62,-8.82352941176471,63.1578947368421,66385,1,"2026-05-18 11:01:22 EDT"
"Waterloo","Iowa","burglary","Jan - Mar 2026",391,298,-23.7851662404092,67,74,49,-26.865671641791,-33.7837837837838,66385,1,"2026-05-18 11:01:22 EDT"
"Waterloo","Iowa","motor_vehicle_theft","Jan - Mar 2026",135,209,54.8148148148148,26,28,41,57.6923076923077,46.4285714285714,66385,1,"2026-05-18 11:01:22 EDT"
"Waterloo","Iowa","murder","Jan - Mar 2026",3,5,66.6666666666667,1,1,0,-100,-100,66385,1,"2026-05-18 11:01:22 EDT"
"Waterloo","Iowa","property_crime","Jan - Mar 2026",1630,1716,5.2760736196319,327,381,362,10.7033639143731,-4.98687664041995,66385,1,"2026-05-18 11:01:22 EDT"
"Waterloo","Iowa","rape","Jan - Mar 2026",30,25,-16.6666666666667,8,8,3,-62.5,-62.5,66385,1,"2026-05-18 11:01:22 EDT"
"Waterloo","Iowa","robbery","Jan - Mar 2026",23,23,0,6,7,7,16.6666666666667,0,66385,1,"2026-05-18 11:01:22 EDT"
"Waterloo","Iowa","theft","Jan - Mar 2026",1104,1209,9.51086956521739,234,279,272,16.2393162393162,-2.5089605734767,66385,1,"2026-05-18 11:01:22 EDT"
"Waterloo","Iowa","violent_crime","Jan - Mar 2026",321,317,-1.24610591900312,83,54,72,-13.2530120481928,33.3333333333333,66385,1,"2026-05-18 11:01:22 EDT"
"Waukesha","Wisconsin","aggravated_assault","Jan - Mar 2026",54,47,-12.962962962963,12,18,10,-16.6666666666667,-44.4444444444444,70202,1,"2026-05-18 11:01:22 EDT"
"Waukesha","Wisconsin","burglary","Jan - Mar 2026",37,35,-5.40540540540541,9,4,1,-88.8888888888889,-75,70202,1,"2026-05-18 11:01:22 EDT"
"Waukesha","Wisconsin","motor_vehicle_theft","Jan - Mar 2026",39,50,28.2051282051282,9,7,9,0,28.5714285714286,70202,1,"2026-05-18 11:01:22 EDT"
"Waukesha","Wisconsin","murder","Jan - Mar 2026",1,0,-100,0,0,0,NA,NA,70202,1,"2026-05-18 11:01:22 EDT"
"Waukesha","Wisconsin","property_crime","Jan - Mar 2026",620,665,7.25806451612903,183,116,134,-26.775956284153,15.5172413793103,70202,1,"2026-05-18 11:01:22 EDT"
"Waukesha","Wisconsin","rape","Jan - Mar 2026",24,30,25,7,10,6,-14.2857142857143,-40,70202,1,"2026-05-18 11:01:22 EDT"
"Waukesha","Wisconsin","robbery","Jan - Mar 2026",5,5,0,2,0,1,-50,Inf,70202,1,"2026-05-18 11:01:22 EDT"
"Waukesha","Wisconsin","theft","Jan - Mar 2026",544,580,6.61764705882353,165,105,124,-24.8484848484848,18.0952380952381,70202,1,"2026-05-18 11:01:22 EDT"
"Waukesha","Wisconsin","violent_crime","Jan - Mar 2026",84,82,-2.38095238095238,21,28,17,-19.047619047619,-39.2857142857143,70202,1,"2026-05-18 11:01:22 EDT"
"Wayne Township","New Jersey","aggravated_assault","Jan - Mar 2026",46,45,-2.17391304347826,7,8,16,128.571428571429,100,53295,1,"2026-05-18 11:01:22 EDT"
"Wayne Township","New Jersey","burglary","Jan - Mar 2026",63,74,17.4603174603175,13,10,6,-53.8461538461538,-40,53295,1,"2026-05-18 11:01:22 EDT"
"Wayne Township","New Jersey","motor_vehicle_theft","Jan - Mar 2026",35,29,-17.1428571428571,7,8,5,-28.5714285714286,-37.5,53295,1,"2026-05-18 11:01:22 EDT"
"Wayne Township","New Jersey","murder","Jan - Mar 2026",0,0,NA,0,0,0,NA,NA,53295,1,"2026-05-18 11:01:22 EDT"
"Wayne Township","New Jersey","property_crime","Jan - Mar 2026",0,0,NA,0,0,0,NA,NA,53295,1,"2026-05-18 11:01:22 EDT"
"Wayne Township","New Jersey","rape","Jan - Mar 2026",0,2,Inf,0,1,0,NA,-100,53295,1,"2026-05-18 11:01:22 EDT"
"Wayne Township","New Jersey","robbery","Jan - Mar 2026",7,3,-57.1428571428571,2,0,1,-50,Inf,53295,1,"2026-05-18 11:01:22 EDT"
"Wayne Township","New Jersey","theft","Jan - Mar 2026",935,849,-9.19786096256684,244,193,144,-40.9836065573771,-25.3886010362694,53295,1,"2026-05-18 11:01:22 EDT"
"Wayne Township","New Jersey","violent_crime","Jan - Mar 2026",0,0,NA,0,0,0,NA,NA,53295,1,"2026-05-18 11:01:22 EDT"
"West","Nationwide","aggravated_assault","Jan - Mar 2026",127878,120378,-5.86496504480833,29935,28112,28218,-5.73576081509938,0.377063175867957,37276875,168,"2026-05-18 11:01:22 EDT"
"West","Nationwide","burglary","Jan - Mar 2026",133301,107351,-19.4672208010443,33503,29043,22782,-32.0001193922932,-21.5576903212478,37276875,168,"2026-05-18 11:01:22 EDT"
"West","Nationwide","motor_vehicle_theft","Jan - Mar 2026",173590,129368,-25.4749697563224,45948,35080,26361,-42.6286236615304,-24.8546180159635,37276875,168,"2026-05-18 11:01:22 EDT"
"West","Nationwide","murder","Jan - Mar 2026",2007,1599,-20.3288490284006,513,389,322,-37.2319688109162,-17.2236503856041,37276875,168,"2026-05-18 11:01:22 EDT"
"West","Nationwide","property_crime","Jan - Mar 2026",912182,781453,-14.3314601691329,229856,200179,177682,-22.69855909787,-11.2384415947727,37276875,168,"2026-05-18 11:01:22 EDT"
"West","Nationwide","rape","Jan - Mar 2026",16253,15095,-7.12483849135544,4063,3723,3348,-17.5978341127246,-10.0725221595488,37276875,168,"2026-05-18 11:01:22 EDT"
"West","Nationwide","robbery","Jan - Mar 2026",44804,37021,-17.3712168556379,11069,9211,8415,-23.9768723461921,-8.64184127673434,37276875,168,"2026-05-18 11:01:22 EDT"
"West","Nationwide","theft","Jan - Mar 2026",605291,544734,-10.0046093531871,150405,136056,128539,-14.5380805159403,-5.52493091080143,37276875,168,"2026-05-18 11:01:22 EDT"
"West","Nationwide","violent_crime","Jan - Mar 2026",190942,174093,-8.82414555205245,45580,41435,40303,-11.5774462483545,-2.73198986364185,37276875,168,"2026-05-18 11:01:22 EDT"
"West Allis","Wisconsin","aggravated_assault","Jan - Feb 2026",94,62,-34.0425531914894,14,11,6,-57.1428571428571,-45.4545454545455,58862,1,"2026-05-18 11:01:22 EDT"
"West Allis","Wisconsin","burglary","Jan - Feb 2026",113,128,13.2743362831858,13,21,12,-7.69230769230769,-42.8571428571429,58862,1,"2026-05-18 11:01:22 EDT"
"West Allis","Wisconsin","motor_vehicle_theft","Jan - Feb 2026",184,132,-28.2608695652174,24,17,16,-33.3333333333333,-5.88235294117647,58862,1,"2026-05-18 11:01:22 EDT"
"West Allis","Wisconsin","murder","Jan - Feb 2026",0,1,Inf,0,0,0,NA,NA,58862,1,"2026-05-18 11:01:22 EDT"
"West Allis","Wisconsin","property_crime","Jan - Feb 2026",0,0,NA,0,0,0,NA,NA,58862,1,"2026-05-18 11:01:22 EDT"
"West Allis","Wisconsin","rape","Jan - Feb 2026",14,14,0,5,2,4,-20,100,58862,1,"2026-05-18 11:01:22 EDT"
"West Allis","Wisconsin","robbery","Jan - Feb 2026",44,34,-22.7272727272727,8,8,3,-62.5,-62.5,58862,1,"2026-05-18 11:01:22 EDT"
"West Allis","Wisconsin","theft","Jan - Feb 2026",902,772,-14.4124168514412,126,108,87,-30.952380952381,-19.4444444444444,58862,1,"2026-05-18 11:01:22 EDT"
"West Allis","Wisconsin","violent_crime","Jan - Feb 2026",0,0,NA,0,0,0,NA,NA,58862,1,"2026-05-18 11:01:22 EDT"
"West Bloomfield Township","Michigan","aggravated_assault","Jan - Mar 2026",42,76,80.9523809523809,14,20,17,21.4285714285714,-15,64892,1,"2026-05-18 11:01:22 EDT"
"West Bloomfield Township","Michigan","burglary","Jan - Mar 2026",25,20,-20,8,5,7,-12.5,40,64892,1,"2026-05-18 11:01:22 EDT"
"West Bloomfield Township","Michigan","motor_vehicle_theft","Jan - Mar 2026",27,31,14.8148148148148,6,10,1,-83.3333333333333,-90,64892,1,"2026-05-18 11:01:22 EDT"
"West Bloomfield Township","Michigan","murder","Jan - Mar 2026",0,0,NA,0,0,0,NA,NA,64892,1,"2026-05-18 11:01:22 EDT"
"West Bloomfield Township","Michigan","property_crime","Jan - Mar 2026",344,253,-26.453488372093,81,77,43,-46.9135802469136,-44.1558441558442,64892,1,"2026-05-18 11:01:22 EDT"
"West Bloomfield Township","Michigan","rape","Jan - Mar 2026",6,8,33.3333333333333,0,4,3,Inf,-25,64892,1,"2026-05-18 11:01:22 EDT"
"West Bloomfield Township","Michigan","robbery","Jan - Mar 2026",6,1,-83.3333333333333,0,1,2,Inf,100,64892,1,"2026-05-18 11:01:22 EDT"
"West Bloomfield Township","Michigan","theft","Jan - Mar 2026",292,202,-30.8219178082192,67,62,35,-47.7611940298507,-43.5483870967742,64892,1,"2026-05-18 11:01:22 EDT"
"West Bloomfield Township","Michigan","violent_crime","Jan - Mar 2026",54,85,57.4074074074074,14,25,22,57.1428571428571,-12,64892,1,"2026-05-18 11:01:22 EDT"
"West Chester Township","Ohio","aggravated_assault","Jan - Mar 2026",53,48,-9.43396226415094,24,11,12,-50,9.09090909090909,63335,1,"2026-05-18 11:01:22 EDT"
"West Chester Township","Ohio","burglary","Jan - Mar 2026",80,56,-30,19,8,11,-42.1052631578947,37.5,63335,1,"2026-05-18 11:01:22 EDT"
"West Chester Township","Ohio","motor_vehicle_theft","Jan - Mar 2026",92,86,-6.52173913043478,28,29,16,-42.8571428571429,-44.8275862068966,63335,1,"2026-05-18 11:01:22 EDT"
"West Chester Township","Ohio","murder","Jan - Mar 2026",1,0,-100,0,0,0,NA,NA,63335,1,"2026-05-18 11:01:22 EDT"
"West Chester Township","Ohio","property_crime","Jan - Mar 2026",1062,901,-15.1600753295669,264,212,181,-31.4393939393939,-14.622641509434,63335,1,"2026-05-18 11:01:22 EDT"
"West Chester Township","Ohio","rape","Jan - Mar 2026",15,10,-33.3333333333333,7,2,9,28.5714285714286,350,63335,1,"2026-05-18 11:01:22 EDT"
"West Chester Township","Ohio","robbery","Jan - Mar 2026",0,13,Inf,0,2,5,Inf,150,63335,1,"2026-05-18 11:01:22 EDT"
"West Chester Township","Ohio","theft","Jan - Mar 2026",890,759,-14.7191011235955,217,175,154,-29.0322580645161,-12,63335,1,"2026-05-18 11:01:22 EDT"
"West Chester Township","Ohio","violent_crime","Jan - Mar 2026",69,71,2.89855072463768,31,15,26,-16.1290322580645,73.3333333333333,63335,1,"2026-05-18 11:01:22 EDT"
"West Covina","California","aggravated_assault","Jan - Mar 2026",162,148,-8.64197530864197,31,38,46,48.3870967741936,21.0526315789474,104467,1,"2026-05-18 11:01:22 EDT"
"West Covina","California","burglary","Jan - Mar 2026",313,169,-46.0063897763578,60,55,33,-45,-40,104467,1,"2026-05-18 11:01:22 EDT"
"West Covina","California","motor_vehicle_theft","Jan - Mar 2026",374,228,-39.0374331550802,79,53,62,-21.5189873417722,16.9811320754717,104467,1,"2026-05-18 11:01:22 EDT"
"West Covina","California","murder","Jan - Mar 2026",3,2,-33.3333333333333,0,2,0,NA,-100,104467,1,"2026-05-18 11:01:22 EDT"
"West Covina","California","property_crime","Jan - Mar 2026",2208,1824,-17.3913043478261,462,460,427,-7.57575757575758,-7.17391304347826,104467,1,"2026-05-18 11:01:22 EDT"
"West Covina","California","rape","Jan - Mar 2026",18,15,-16.6666666666667,1,5,5,400,0,104467,1,"2026-05-18 11:01:22 EDT"
"West Covina","California","robbery","Jan - Mar 2026",79,64,-18.9873417721519,21,17,23,9.52380952380952,35.2941176470588,104467,1,"2026-05-18 11:01:22 EDT"
"West Covina","California","theft","Jan - Mar 2026",1521,1427,-6.1801446416831,323,352,332,2.78637770897833,-5.68181818181818,104467,1,"2026-05-18 11:01:22 EDT"
"West Covina","California","violent_crime","Jan - Mar 2026",262,229,-12.5954198473282,53,62,74,39.622641509434,19.3548387096774,104467,1,"2026-05-18 11:01:22 EDT"
"West Des Moines","Iowa","aggravated_assault","Jan - Mar 2026",89,89,0,22,22,36,63.6363636363636,63.6363636363636,48315,1,"2026-05-18 11:01:22 EDT"
"West Des Moines","Iowa","burglary","Jan - Mar 2026",84,98,16.6666666666667,17,33,11,-35.2941176470588,-66.6666666666667,48315,1,"2026-05-18 11:01:22 EDT"
"West Des Moines","Iowa","motor_vehicle_theft","Jan - Mar 2026",95,84,-11.5789473684211,28,16,15,-46.4285714285714,-6.25,48315,1,"2026-05-18 11:01:22 EDT"
"West Des Moines","Iowa","murder","Jan - Mar 2026",0,0,NA,0,0,0,NA,NA,48315,1,"2026-05-18 11:01:22 EDT"
"West Des Moines","Iowa","property_crime","Jan - Mar 2026",1270,1141,-10.1574803149606,309,269,236,-23.6245954692557,-12.2676579925651,48315,1,"2026-05-18 11:01:22 EDT"
"West Des Moines","Iowa","rape","Jan - Mar 2026",14,15,7.14285714285714,2,7,3,50,-57.1428571428571,48315,1,"2026-05-18 11:01:22 EDT"
"West Des Moines","Iowa","robbery","Jan - Mar 2026",9,5,-44.4444444444444,1,1,3,200,200,48315,1,"2026-05-18 11:01:22 EDT"
"West Des Moines","Iowa","theft","Jan - Mar 2026",1091,959,-12.0989917506874,264,220,210,-20.4545454545455,-4.54545454545455,48315,1,"2026-05-18 11:01:22 EDT"
"West Des Moines","Iowa","violent_crime","Jan - Mar 2026",112,109,-2.67857142857143,25,30,42,68,40,48315,1,"2026-05-18 11:01:22 EDT"
"West Hartford","Connecticut","aggravated_assault","Jan - Mar 2026",10,3,-70,1,2,0,-100,-100,64093,1,"2026-05-18 11:01:22 EDT"
"West Hartford","Connecticut","burglary","Jan - Mar 2026",156,59,-62.1794871794872,25,15,17,-32,13.3333333333333,64093,1,"2026-05-18 11:01:22 EDT"
"West Hartford","Connecticut","motor_vehicle_theft","Jan - Mar 2026",155,86,-44.5161290322581,48,32,19,-60.4166666666667,-40.625,64093,1,"2026-05-18 11:01:22 EDT"
"West Hartford","Connecticut","murder","Jan - Mar 2026",0,0,NA,0,0,0,NA,NA,64093,1,"2026-05-18 11:01:22 EDT"
"West Hartford","Connecticut","property_crime","Jan - Mar 2026",1753,1252,-28.5795778665145,450,292,302,-32.8888888888889,3.42465753424658,64093,1,"2026-05-18 11:01:22 EDT"
"West Hartford","Connecticut","rape","Jan - Mar 2026",3,4,33.3333333333333,0,0,0,NA,NA,64093,1,"2026-05-18 11:01:22 EDT"
"West Hartford","Connecticut","robbery","Jan - Mar 2026",28,22,-21.4285714285714,7,5,1,-85.7142857142857,-80,64093,1,"2026-05-18 11:01:22 EDT"
"West Hartford","Connecticut","theft","Jan - Mar 2026",1442,1107,-23.2316227461859,377,245,266,-29.4429708222812,8.57142857142857,64093,1,"2026-05-18 11:01:22 EDT"
"West Hartford","Connecticut","violent_crime","Jan - Mar 2026",41,29,-29.2682926829268,8,7,1,-87.5,-85.7142857142857,64093,1,"2026-05-18 11:01:22 EDT"
"West Haven","Connecticut","aggravated_assault","Jan - Mar 2026",25,12,-52,6,1,1,-83.3333333333333,0,54598,1,"2026-05-18 11:01:22 EDT"
"West Haven","Connecticut","burglary","Jan - Mar 2026",67,30,-55.2238805970149,14,9,9,-35.7142857142857,0,54598,1,"2026-05-18 11:01:22 EDT"
"West Haven","Connecticut","motor_vehicle_theft","Jan - Mar 2026",151,89,-41.0596026490066,41,29,15,-63.4146341463415,-48.2758620689655,54598,1,"2026-05-18 11:01:22 EDT"
"West Haven","Connecticut","murder","Jan - Mar 2026",2,1,-50,1,0,0,-100,NA,54598,1,"2026-05-18 11:01:22 EDT"
"West Haven","Connecticut","property_crime","Jan - Mar 2026",676,484,-28.4023668639053,176,129,116,-34.0909090909091,-10.077519379845,54598,1,"2026-05-18 11:01:22 EDT"
"West Haven","Connecticut","rape","Jan - Mar 2026",8,3,-62.5,1,0,3,200,Inf,54598,1,"2026-05-18 11:01:22 EDT"
"West Haven","Connecticut","robbery","Jan - Mar 2026",22,17,-22.7272727272727,8,6,3,-62.5,-50,54598,1,"2026-05-18 11:01:22 EDT"
"West Haven","Connecticut","theft","Jan - Mar 2026",458,365,-20.3056768558952,121,91,92,-23.9669421487603,1.0989010989011,54598,1,"2026-05-18 11:01:22 EDT"
"West Haven","Connecticut","violent_crime","Jan - Mar 2026",57,33,-42.1052631578947,16,7,7,-56.25,0,54598,1,"2026-05-18 11:01:22 EDT"
"West Jordan","Utah","aggravated_assault","Jan - Mar 2026",231,250,8.22510822510823,45,64,57,26.6666666666667,-10.9375,114211,1,"2026-05-18 11:01:22 EDT"
"West Jordan","Utah","burglary","Jan - Mar 2026",155,133,-14.1935483870968,29,24,32,10.3448275862069,33.3333333333333,114211,1,"2026-05-18 11:01:22 EDT"
"West Jordan","Utah","motor_vehicle_theft","Jan - Mar 2026",150,154,2.66666666666667,35,38,27,-22.8571428571429,-28.9473684210526,114211,1,"2026-05-18 11:01:22 EDT"
"West Jordan","Utah","murder","Jan - Mar 2026",0,4,Inf,0,1,0,NA,-100,114211,1,"2026-05-18 11:01:22 EDT"
"West Jordan","Utah","property_crime","Jan - Mar 2026",1557,1513,-2.82594733461785,361,306,333,-7.75623268698061,8.82352941176471,114211,1,"2026-05-18 11:01:22 EDT"
"West Jordan","Utah","rape","Jan - Mar 2026",81,81,0,18,25,16,-11.1111111111111,-36,114211,1,"2026-05-18 11:01:22 EDT"
"West Jordan","Utah","robbery","Jan - Mar 2026",27,28,3.7037037037037,7,4,5,-28.5714285714286,25,114211,1,"2026-05-18 11:01:22 EDT"
"West Jordan","Utah","theft","Jan - Mar 2026",1252,1226,-2.07667731629393,297,244,274,-7.74410774410774,12.2950819672131,114211,1,"2026-05-18 11:01:22 EDT"
"West Jordan","Utah","violent_crime","Jan - Mar 2026",339,363,7.07964601769912,70,94,78,11.4285714285714,-17.0212765957447,114211,1,"2026-05-18 11:01:22 EDT"
"West New York","New Jersey","aggravated_assault","Jan - Mar 2026",97,84,-13.4020618556701,30,20,13,-56.6666666666667,-35,51260,1,"2026-05-18 11:01:22 EDT"
"West New York","New Jersey","burglary","Jan - Mar 2026",64,41,-35.9375,16,14,5,-68.75,-64.2857142857143,51260,1,"2026-05-18 11:01:22 EDT"
"West New York","New Jersey","motor_vehicle_theft","Jan - Mar 2026",61,56,-8.19672131147541,7,11,9,28.5714285714286,-18.1818181818182,51260,1,"2026-05-18 11:01:22 EDT"
"West New York","New Jersey","murder","Jan - Mar 2026",0,0,NA,0,0,0,NA,NA,51260,1,"2026-05-18 11:01:22 EDT"
"West New York","New Jersey","property_crime","Jan - Mar 2026",751,665,-11.4513981358189,169,162,122,-27.810650887574,-24.6913580246914,51260,1,"2026-05-18 11:01:22 EDT"
"West New York","New Jersey","rape","Jan - Mar 2026",24,15,-37.5,7,4,5,-28.5714285714286,25,51260,1,"2026-05-18 11:01:22 EDT"
"West New York","New Jersey","robbery","Jan - Mar 2026",31,26,-16.1290322580645,6,6,8,33.3333333333333,33.3333333333333,51260,1,"2026-05-18 11:01:22 EDT"
"West New York","New Jersey","theft","Jan - Mar 2026",626,568,-9.26517571884984,146,137,108,-26.027397260274,-21.1678832116788,51260,1,"2026-05-18 11:01:22 EDT"
"West New York","New Jersey","violent_crime","Jan - Mar 2026",152,125,-17.7631578947368,43,30,26,-39.5348837209302,-13.3333333333333,51260,1,"2026-05-18 11:01:22 EDT"
"West Valley","Utah","aggravated_assault","Jan - Mar 2026",429,352,-17.9487179487179,106,86,73,-31.1320754716981,-15.1162790697674,132686,1,"2026-05-18 11:01:22 EDT"
"West Valley","Utah","burglary","Jan - Mar 2026",260,213,-18.0769230769231,73,42,37,-49.3150684931507,-11.9047619047619,132686,1,"2026-05-18 11:01:22 EDT"
"West Valley","Utah","motor_vehicle_theft","Jan - Mar 2026",317,301,-5.04731861198738,77,73,47,-38.961038961039,-35.6164383561644,132686,1,"2026-05-18 11:01:22 EDT"
"West Valley","Utah","murder","Jan - Mar 2026",9,7,-22.2222222222222,1,2,3,200,50,132686,1,"2026-05-18 11:01:22 EDT"
"West Valley","Utah","property_crime","Jan - Mar 2026",2454,2259,-7.94621026894866,615,575,522,-15.1219512195122,-9.21739130434783,132686,1,"2026-05-18 11:01:22 EDT"
"West Valley","Utah","rape","Jan - Mar 2026",100,94,-6,22,20,14,-36.3636363636364,-30,132686,1,"2026-05-18 11:01:22 EDT"
"West Valley","Utah","robbery","Jan - Mar 2026",88,76,-13.6363636363636,23,17,9,-60.8695652173913,-47.0588235294118,132686,1,"2026-05-18 11:01:22 EDT"
"West Valley","Utah","theft","Jan - Mar 2026",1877,1745,-7.03249866808737,465,460,438,-5.80645161290323,-4.78260869565217,132686,1,"2026-05-18 11:01:22 EDT"
"West Valley","Utah","violent_crime","Jan - Mar 2026",626,529,-15.4952076677316,152,125,99,-34.8684210526316,-20.8,132686,1,"2026-05-18 11:01:22 EDT"
"Westfield","Indiana","aggravated_assault","Jan - Mar 2026",17,31,82.3529411764706,6,4,1,-83.3333333333333,-75,61845,1,"2026-05-18 11:01:22 EDT"
"Westfield","Indiana","burglary","Jan - Mar 2026",33,20,-39.3939393939394,21,7,5,-76.1904761904762,-28.5714285714286,61845,1,"2026-05-18 11:01:22 EDT"
"Westfield","Indiana","motor_vehicle_theft","Jan - Mar 2026",20,15,-25,5,3,11,120,266.666666666667,61845,1,"2026-05-18 11:01:22 EDT"
"Westfield","Indiana","murder","Jan - Mar 2026",0,0,NA,0,0,2,Inf,Inf,61845,1,"2026-05-18 11:01:22 EDT"
"Westfield","Indiana","property_crime","Jan - Mar 2026",399,294,-26.3157894736842,115,84,82,-28.695652173913,-2.38095238095238,61845,1,"2026-05-18 11:01:22 EDT"
"Westfield","Indiana","rape","Jan - Mar 2026",5,9,80,0,2,3,Inf,50,61845,1,"2026-05-18 11:01:22 EDT"
"Westfield","Indiana","robbery","Jan - Mar 2026",3,2,-33.3333333333333,1,0,0,-100,NA,61845,1,"2026-05-18 11:01:22 EDT"
"Westfield","Indiana","theft","Jan - Mar 2026",346,259,-25.1445086705202,89,74,66,-25.8426966292135,-10.8108108108108,61845,1,"2026-05-18 11:01:22 EDT"
"Westfield","Indiana","violent_crime","Jan - Mar 2026",25,42,68,7,6,6,-14.2857142857143,0,61845,1,"2026-05-18 11:01:22 EDT"
"Westland","Michigan","aggravated_assault","Jan - Mar 2026",290,271,-6.55172413793103,65,60,61,-6.15384615384615,1.66666666666667,81727,1,"2026-05-18 11:01:22 EDT"
"Westland","Michigan","burglary","Jan - Mar 2026",161,113,-29.8136645962733,30,27,22,-26.6666666666667,-18.5185185185185,81727,1,"2026-05-18 11:01:22 EDT"
"Westland","Michigan","motor_vehicle_theft","Jan - Mar 2026",189,128,-32.2751322751323,39,26,26,-33.3333333333333,0,81727,1,"2026-05-18 11:01:22 EDT"
"Westland","Michigan","murder","Jan - Mar 2026",3,3,0,2,0,0,-100,NA,81727,1,"2026-05-18 11:01:22 EDT"
"Westland","Michigan","property_crime","Jan - Mar 2026",1112,975,-12.3201438848921,237,194,218,-8.0168776371308,12.3711340206186,81727,1,"2026-05-18 11:01:22 EDT"
"Westland","Michigan","rape","Jan - Mar 2026",47,46,-2.12765957446809,9,15,10,11.1111111111111,-33.3333333333333,81727,1,"2026-05-18 11:01:22 EDT"
"Westland","Michigan","robbery","Jan - Mar 2026",30,26,-13.3333333333333,4,5,4,0,-20,81727,1,"2026-05-18 11:01:22 EDT"
"Westland","Michigan","theft","Jan - Mar 2026",762,734,-3.6745406824147,168,141,170,1.19047619047619,20.5673758865248,81727,1,"2026-05-18 11:01:22 EDT"
"Westland","Michigan","violent_crime","Jan - Mar 2026",370,346,-6.48648648648649,80,80,75,-6.25,-6.25,81727,1,"2026-05-18 11:01:22 EDT"
"Westminster","California","aggravated_assault","Jan - Mar 2026",254,220,-13.3858267716535,66,51,69,4.54545454545455,35.2941176470588,88026,1,"2026-05-18 11:01:22 EDT"
"Westminster","California","burglary","Jan - Mar 2026",365,232,-36.4383561643836,73,77,53,-27.3972602739726,-31.1688311688312,88026,1,"2026-05-18 11:01:22 EDT"
"Westminster","California","motor_vehicle_theft","Jan - Mar 2026",239,230,-3.76569037656904,63,58,60,-4.76190476190476,3.44827586206897,88026,1,"2026-05-18 11:01:22 EDT"
"Westminster","California","murder","Jan - Mar 2026",4,3,-25,2,1,0,-100,-100,88026,1,"2026-05-18 11:01:22 EDT"
"Westminster","California","property_crime","Jan - Mar 2026",2474,2007,-18.8763136620857,635,572,469,-26.1417322834646,-18.006993006993,88026,1,"2026-05-18 11:01:22 EDT"
"Westminster","California","rape","Jan - Mar 2026",24,35,45.8333333333333,8,9,7,-12.5,-22.2222222222222,88026,1,"2026-05-18 11:01:22 EDT"
"Westminster","California","robbery","Jan - Mar 2026",109,96,-11.9266055045872,20,15,27,35,80,88026,1,"2026-05-18 11:01:22 EDT"
"Westminster","California","theft","Jan - Mar 2026",1870,1545,-17.379679144385,499,437,356,-28.6573146292585,-18.5354691075515,88026,1,"2026-05-18 11:01:22 EDT"
"Westminster","California","violent_crime","Jan - Mar 2026",391,354,-9.46291560102302,96,76,103,7.29166666666667,35.5263157894737,88026,1,"2026-05-18 11:01:22 EDT"
"Westminster","Colorado","aggravated_assault","Jan - Mar 2026",202,210,3.96039603960396,48,60,39,-18.75,-35,68877,1,"2026-05-18 11:01:22 EDT"
"Westminster","Colorado","burglary","Jan - Mar 2026",397,266,-32.9974811083123,100,56,46,-54,-17.8571428571429,68877,1,"2026-05-18 11:01:22 EDT"
"Westminster","Colorado","motor_vehicle_theft","Jan - Mar 2026",847,569,-32.8217237308146,211,170,66,-68.7203791469194,-61.1764705882353,68877,1,"2026-05-18 11:01:22 EDT"
"Westminster","Colorado","murder","Jan - Mar 2026",6,5,-16.6666666666667,3,1,1,-66.6666666666667,0,68877,1,"2026-05-18 11:01:22 EDT"
"Westminster","Colorado","property_crime","Jan - Mar 2026",4174,3405,-18.4235745088644,1039,827,803,-22.7141482194418,-2.90205562273277,68877,1,"2026-05-18 11:01:22 EDT"
"Westminster","Colorado","rape","Jan - Mar 2026",50,48,-4,14,9,12,-14.2857142857143,33.3333333333333,68877,1,"2026-05-18 11:01:22 EDT"
"Westminster","Colorado","robbery","Jan - Mar 2026",93,65,-30.1075268817204,29,17,9,-68.9655172413793,-47.0588235294118,68877,1,"2026-05-18 11:01:22 EDT"
"Westminster","Colorado","theft","Jan - Mar 2026",2930,2570,-12.2866894197952,728,601,691,-5.08241758241758,14.9750415973378,68877,1,"2026-05-18 11:01:22 EDT"
"Westminster","Colorado","violent_crime","Jan - Mar 2026",351,328,-6.55270655270655,94,87,61,-35.1063829787234,-29.8850574712644,68877,1,"2026-05-18 11:01:22 EDT"
"Weymouth","Massachusetts","aggravated_assault","Jan - Mar 2026",111,133,19.8198198198198,31,21,18,-41.9354838709677,-14.2857142857143,60802,1,"2026-05-18 11:01:22 EDT"
"Weymouth","Massachusetts","burglary","Jan - Mar 2026",57,80,40.3508771929825,11,17,18,63.6363636363636,5.88235294117647,60802,1,"2026-05-18 11:01:22 EDT"
"Weymouth","Massachusetts","motor_vehicle_theft","Jan - Mar 2026",53,55,3.77358490566038,14,8,3,-78.5714285714286,-62.5,60802,1,"2026-05-18 11:01:22 EDT"
"Weymouth","Massachusetts","murder","Jan - Mar 2026",0,0,NA,0,0,0,NA,NA,60802,1,"2026-05-18 11:01:22 EDT"
"Weymouth","Massachusetts","property_crime","Jan - Mar 2026",499,365,-26.8537074148297,148,92,64,-56.7567567567568,-30.4347826086957,60802,1,"2026-05-18 11:01:22 EDT"
"Weymouth","Massachusetts","rape","Jan - Mar 2026",14,7,-50,4,2,1,-75,-50,60802,1,"2026-05-18 11:01:22 EDT"
"Weymouth","Massachusetts","robbery","Jan - Mar 2026",12,4,-66.6666666666667,2,0,3,50,Inf,60802,1,"2026-05-18 11:01:22 EDT"
"Weymouth","Massachusetts","theft","Jan - Mar 2026",389,230,-40.8740359897172,123,67,43,-65.0406504065041,-35.8208955223881,60802,1,"2026-05-18 11:01:22 EDT"
"Weymouth","Massachusetts","violent_crime","Jan - Mar 2026",137,144,5.10948905109489,37,23,22,-40.5405405405405,-4.34782608695652,60802,1,"2026-05-18 11:01:22 EDT"
"Wichita Falls","Texas","aggravated_assault","Jan - Mar 2026",228,222,-2.63157894736842,37,36,56,51.3513513513513,55.5555555555556,102761,1,"2026-05-18 11:01:22 EDT"
"Wichita Falls","Texas","burglary","Jan - Mar 2026",458,355,-22.4890829694323,95,82,57,-40,-30.4878048780488,102761,1,"2026-05-18 11:01:22 EDT"
"Wichita Falls","Texas","motor_vehicle_theft","Jan - Mar 2026",251,205,-18.3266932270916,54,57,30,-44.4444444444444,-47.3684210526316,102761,1,"2026-05-18 11:01:22 EDT"
"Wichita Falls","Texas","murder","Jan - Mar 2026",9,4,-55.5555555555556,1,0,0,-100,NA,102761,1,"2026-05-18 11:01:22 EDT"
"Wichita Falls","Texas","property_crime","Jan - Mar 2026",2696,2216,-17.8041543026706,608,536,374,-38.4868421052632,-30.2238805970149,102761,1,"2026-05-18 11:01:22 EDT"
"Wichita Falls","Texas","rape","Jan - Mar 2026",63,88,39.6825396825397,15,10,13,-13.3333333333333,30,102761,1,"2026-05-18 11:01:22 EDT"
"Wichita Falls","Texas","robbery","Jan - Mar 2026",61,47,-22.9508196721311,13,13,6,-53.8461538461538,-53.8461538461538,102761,1,"2026-05-18 11:01:22 EDT"
"Wichita Falls","Texas","theft","Jan - Mar 2026",1987,1656,-16.6582788122798,459,397,287,-37.4727668845316,-27.7078085642317,102761,1,"2026-05-18 11:01:22 EDT"
"Wichita Falls","Texas","violent_crime","Jan - Mar 2026",361,361,0,66,59,75,13.6363636363636,27.1186440677966,102761,1,"2026-05-18 11:01:22 EDT"
"Will County","Illinois","aggravated_assault","Jan - Mar 2026",107,111,3.73831775700935,27,29,39,44.4444444444444,34.4827586206897,114176,1,"2026-05-18 11:01:22 EDT"
"Will County","Illinois","burglary","Jan - Mar 2026",175,59,-66.2857142857143,28,15,19,-32.1428571428571,26.6666666666667,114176,1,"2026-05-18 11:01:22 EDT"
"Will County","Illinois","motor_vehicle_theft","Jan - Mar 2026",133,80,-39.8496240601504,25,12,20,-20,66.6666666666667,114176,1,"2026-05-18 11:01:22 EDT"
"Will County","Illinois","murder","Jan - Mar 2026",2,1,-50,1,0,3,200,Inf,114176,1,"2026-05-18 11:01:22 EDT"
"Will County","Illinois","property_crime","Jan - Mar 2026",581,493,-15.1462994836489,116,104,115,-0.862068965517241,10.5769230769231,114176,1,"2026-05-18 11:01:22 EDT"
"Will County","Illinois","rape","Jan - Mar 2026",47,42,-10.6382978723404,8,12,5,-37.5,-58.3333333333333,114176,1,"2026-05-18 11:01:22 EDT"
"Will County","Illinois","robbery","Jan - Mar 2026",11,8,-27.2727272727273,2,2,1,-50,-50,114176,1,"2026-05-18 11:01:22 EDT"
"Will County","Illinois","theft","Jan - Mar 2026",273,354,29.6703296703297,63,77,76,20.6349206349206,-1.2987012987013,114176,1,"2026-05-18 11:01:22 EDT"
"Will County","Illinois","violent_crime","Jan - Mar 2026",167,162,-2.9940119760479,38,43,48,26.3157894736842,11.6279069767442,114176,1,"2026-05-18 11:01:22 EDT"
"Williamson County","Texas","aggravated_assault","Jan - Mar 2026",156,134,-14.1025641025641,21,25,28,33.3333333333333,12,219339,1,"2026-05-18 11:01:22 EDT"
"Williamson County","Texas","burglary","Jan - Mar 2026",368,313,-14.945652173913,73,103,54,-26.027397260274,-47.5728155339806,219339,1,"2026-05-18 11:01:22 EDT"
"Williamson County","Texas","motor_vehicle_theft","Jan - Mar 2026",175,121,-30.8571428571429,37,31,20,-45.945945945946,-35.4838709677419,219339,1,"2026-05-18 11:01:22 EDT"
"Williamson County","Texas","murder","Jan - Mar 2026",3,7,133.333333333333,2,3,2,0,-33.3333333333333,219339,1,"2026-05-18 11:01:22 EDT"
"Williamson County","Texas","property_crime","Jan - Mar 2026",1828,1472,-19.4748358862144,438,405,317,-27.6255707762557,-21.7283950617284,219339,1,"2026-05-18 11:01:22 EDT"
"Williamson County","Texas","rape","Jan - Mar 2026",49,68,38.7755102040816,12,17,8,-33.3333333333333,-52.9411764705882,219339,1,"2026-05-18 11:01:22 EDT"
"Williamson County","Texas","robbery","Jan - Mar 2026",5,9,80,1,0,0,-100,NA,219339,1,"2026-05-18 11:01:22 EDT"
"Williamson County","Texas","theft","Jan - Mar 2026",1285,1038,-19.2217898832685,328,271,243,-25.9146341463415,-10.3321033210332,219339,1,"2026-05-18 11:01:22 EDT"
"Williamson County","Texas","violent_crime","Jan - Mar 2026",213,218,2.34741784037559,36,45,38,5.55555555555556,-15.5555555555556,219339,1,"2026-05-18 11:01:22 EDT"
"Wilmington","North Carolina","aggravated_assault","Jan - Mar 2026",453,350,-22.7373068432671,116,92,79,-31.8965517241379,-14.1304347826087,125101,1,"2026-05-18 11:01:22 EDT"
"Wilmington","North Carolina","burglary","Jan - Mar 2026",458,479,4.58515283842795,111,122,121,9.00900900900901,-0.819672131147541,125101,1,"2026-05-18 11:01:22 EDT"
"Wilmington","North Carolina","motor_vehicle_theft","Jan - Mar 2026",389,305,-21.5938303341902,88,74,82,-6.81818181818182,10.8108108108108,125101,1,"2026-05-18 11:01:22 EDT"
"Wilmington","North Carolina","murder","Jan - Mar 2026",7,9,28.5714285714286,1,0,5,400,Inf,125101,1,"2026-05-18 11:01:22 EDT"
"Wilmington","North Carolina","property_crime","Jan - Mar 2026",4458,3740,-16.1058770749215,1168,945,918,-21.4041095890411,-2.85714285714286,125101,1,"2026-05-18 11:01:22 EDT"
"Wilmington","North Carolina","rape","Jan - Mar 2026",57,55,-3.50877192982456,15,11,13,-13.3333333333333,18.1818181818182,125101,1,"2026-05-18 11:01:22 EDT"
"Wilmington","North Carolina","robbery","Jan - Mar 2026",91,105,15.3846153846154,25,27,29,16,7.40740740740741,125101,1,"2026-05-18 11:01:22 EDT"
"Wilmington","North Carolina","theft","Jan - Mar 2026",3611,2956,-18.1390196621435,969,749,715,-26.2125902992776,-4.53938584779706,125101,1,"2026-05-18 11:01:22 EDT"
"Wilmington","North Carolina","violent_crime","Jan - Mar 2026",608,519,-14.6381578947368,157,130,126,-19.7452229299363,-3.07692307692308,125101,1,"2026-05-18 11:01:22 EDT"
"Woodbury","Minnesota","aggravated_assault","Jan - Mar 2026",54,28,-48.1481481481481,11,3,3,-72.7272727272727,0,80940,1,"2026-05-18 11:01:22 EDT"
"Woodbury","Minnesota","burglary","Jan - Mar 2026",100,93,-7,23,14,17,-26.0869565217391,21.4285714285714,80940,1,"2026-05-18 11:01:22 EDT"
"Woodbury","Minnesota","motor_vehicle_theft","Jan - Mar 2026",18,26,44.4444444444444,5,8,1,-80,-87.5,80940,1,"2026-05-18 11:01:22 EDT"
"Woodbury","Minnesota","murder","Jan - Mar 2026",1,0,-100,0,0,0,NA,NA,80940,1,"2026-05-18 11:01:22 EDT"
"Woodbury","Minnesota","property_crime","Jan - Mar 2026",965,950,-1.55440414507772,227,186,191,-15.8590308370044,2.68817204301075,80940,1,"2026-05-18 11:01:22 EDT"
"Woodbury","Minnesota","rape","Jan - Mar 2026",14,26,85.7142857142857,2,6,7,250,16.6666666666667,80940,1,"2026-05-18 11:01:22 EDT"
"Woodbury","Minnesota","robbery","Jan - Mar 2026",8,6,-25,1,2,2,100,0,80940,1,"2026-05-18 11:01:22 EDT"
"Woodbury","Minnesota","theft","Jan - Mar 2026",847,831,-1.88902007083825,199,164,173,-13.0653266331658,5.48780487804878,80940,1,"2026-05-18 11:01:22 EDT"
"Woodbury","Minnesota","violent_crime","Jan - Mar 2026",77,60,-22.0779220779221,14,11,12,-14.2857142857143,9.09090909090909,80940,1,"2026-05-18 11:01:22 EDT"
"Wright County","Minnesota","aggravated_assault","Jan - Mar 2026",49,32,-34.6938775510204,7,8,6,-14.2857142857143,-25,133209,1,"2026-05-18 11:01:22 EDT"
"Wright County","Minnesota","burglary","Jan - Mar 2026",33,26,-21.2121212121212,8,8,6,-25,-25,133209,1,"2026-05-18 11:01:22 EDT"
"Wright County","Minnesota","motor_vehicle_theft","Jan - Mar 2026",34,15,-55.8823529411765,6,2,1,-83.3333333333333,-50,133209,1,"2026-05-18 11:01:22 EDT"
"Wright County","Minnesota","murder","Jan - Mar 2026",0,0,NA,0,0,0,NA,NA,133209,1,"2026-05-18 11:01:22 EDT"
"Wright County","Minnesota","property_crime","Jan - Mar 2026",555,436,-21.4414414414414,110,138,91,-17.2727272727273,-34.0579710144928,133209,1,"2026-05-18 11:01:22 EDT"
"Wright County","Minnesota","rape","Jan - Mar 2026",14,17,21.4285714285714,4,5,3,-25,-40,133209,1,"2026-05-18 11:01:22 EDT"
"Wright County","Minnesota","robbery","Jan - Mar 2026",2,5,150,0,3,0,NA,-100,133209,1,"2026-05-18 11:01:22 EDT"
"Wright County","Minnesota","theft","Jan - Mar 2026",488,395,-19.0573770491803,96,128,84,-12.5,-34.375,133209,1,"2026-05-18 11:01:22 EDT"
"Wright County","Minnesota","violent_crime","Jan - Mar 2026",65,54,-16.9230769230769,11,16,9,-18.1818181818182,-43.75,133209,1,"2026-05-18 11:01:22 EDT"
"Wylie","Texas","aggravated_assault","Jan - Jan 2026",15,32,113.333333333333,1,1,1,0,0,59065,1,"2026-05-18 11:01:22 EDT"
"Wylie","Texas","burglary","Jan - Jan 2026",40,47,17.5,1,13,0,-100,-100,59065,1,"2026-05-18 11:01:22 EDT"
"Wylie","Texas","motor_vehicle_theft","Jan - Jan 2026",30,13,-56.6666666666667,7,0,0,-100,NA,59065,1,"2026-05-18 11:01:22 EDT"
"Wylie","Texas","murder","Jan - Jan 2026",3,0,-100,1,0,0,-100,NA,59065,1,"2026-05-18 11:01:22 EDT"
"Wylie","Texas","property_crime","Jan - Jan 2026",0,0,NA,0,0,0,NA,NA,59065,1,"2026-05-18 11:01:22 EDT"
"Wylie","Texas","rape","Jan - Jan 2026",14,16,14.2857142857143,1,0,0,-100,NA,59065,1,"2026-05-18 11:01:22 EDT"
"Wylie","Texas","robbery","Jan - Jan 2026",10,3,-70,0,0,0,NA,NA,59065,1,"2026-05-18 11:01:22 EDT"
"Wylie","Texas","theft","Jan - Jan 2026",468,328,-29.9145299145299,29,33,25,-13.7931034482759,-24.2424242424242,59065,1,"2026-05-18 11:01:22 EDT"
"Wylie","Texas","violent_crime","Jan - Jan 2026",0,0,NA,0,0,0,NA,NA,59065,1,"2026-05-18 11:01:22 EDT"
"Wyoming","Michigan","aggravated_assault","Jan - Mar 2026",268,264,-1.49253731343284,63,58,60,-4.76190476190476,3.44827586206897,77684,1,"2026-05-18 11:01:22 EDT"
"Wyoming","Michigan","burglary","Jan - Mar 2026",213,103,-51.6431924882629,30,24,15,-50,-37.5,77684,1,"2026-05-18 11:01:22 EDT"
"Wyoming","Michigan","motor_vehicle_theft","Jan - Mar 2026",177,131,-25.9887005649718,56,37,16,-71.4285714285714,-56.7567567567568,77684,1,"2026-05-18 11:01:22 EDT"
"Wyoming","Michigan","murder","Jan - Mar 2026",3,1,-66.6666666666667,0,1,0,NA,-100,77684,1,"2026-05-18 11:01:22 EDT"
"Wyoming","Michigan","property_crime","Jan - Mar 2026",1672,1549,-7.35645933014354,437,353,320,-26.7734553775744,-9.34844192634561,77684,1,"2026-05-18 11:01:22 EDT"
"Wyoming","Michigan","rape","Jan - Mar 2026",61,65,6.55737704918033,19,15,17,-10.5263157894737,13.3333333333333,77684,1,"2026-05-18 11:01:22 EDT"
"Wyoming","Michigan","robbery","Jan - Mar 2026",37,34,-8.10810810810811,10,2,3,-70,50,77684,1,"2026-05-18 11:01:22 EDT"
"Wyoming","Michigan","theft","Jan - Mar 2026",1282,1315,2.57410296411856,351,292,289,-17.6638176638177,-1.02739726027397,77684,1,"2026-05-18 11:01:22 EDT"
"Wyoming","Michigan","violent_crime","Jan - Mar 2026",369,364,-1.3550135501355,92,76,80,-13.0434782608696,5.26315789473684,77684,1,"2026-05-18 11:01:22 EDT"
"Yakima","Washington","aggravated_assault","Jan - Jan 2026",418,395,-5.50239234449761,20,27,20,0,-25.9259259259259,96646,1,"2026-05-18 11:01:22 EDT"
"Yakima","Washington","burglary","Jan - Jan 2026",343,233,-32.0699708454811,26,22,14,-46.1538461538462,-36.3636363636364,96646,1,"2026-05-18 11:01:22 EDT"
"Yakima","Washington","motor_vehicle_theft","Jan - Jan 2026",275,229,-16.7272727272727,24,28,14,-41.6666666666667,-50,96646,1,"2026-05-18 11:01:22 EDT"
"Yakima","Washington","murder","Jan - Jan 2026",15,9,-40,0,0,0,NA,NA,96646,1,"2026-05-18 11:01:22 EDT"
"Yakima","Washington","property_crime","Jan - Jan 2026",0,0,NA,0,0,0,NA,NA,96646,1,"2026-05-18 11:01:22 EDT"
"Yakima","Washington","rape","Jan - Jan 2026",41,37,-9.75609756097561,4,4,0,-100,-100,96646,1,"2026-05-18 11:01:22 EDT"
"Yakima","Washington","robbery","Jan - Jan 2026",57,60,5.26315789473684,6,6,2,-66.6666666666667,-66.6666666666667,96646,1,"2026-05-18 11:01:22 EDT"
"Yakima","Washington","theft","Jan - Jan 2026",1366,1346,-1.46412884333821,107,102,92,-14.018691588785,-9.80392156862745,96646,1,"2026-05-18 11:01:22 EDT"
"Yakima","Washington","violent_crime","Jan - Jan 2026",0,0,NA,0,0,0,NA,NA,96646,1,"2026-05-18 11:01:22 EDT"
"Yavapai County","Arizona","aggravated_assault","Jan - Feb 2026",221,244,10.4072398190045,34,34,18,-47.0588235294118,-47.0588235294118,101292,1,"2026-05-18 11:01:22 EDT"
"Yavapai County","Arizona","burglary","Jan - Feb 2026",82,62,-24.390243902439,13,9,7,-46.1538461538462,-22.2222222222222,101292,1,"2026-05-18 11:01:22 EDT"
"Yavapai County","Arizona","motor_vehicle_theft","Jan - Feb 2026",63,48,-23.8095238095238,5,7,3,-40,-57.1428571428571,101292,1,"2026-05-18 11:01:22 EDT"
"Yavapai County","Arizona","murder","Jan - Feb 2026",1,0,-100,1,0,0,-100,NA,101292,1,"2026-05-18 11:01:22 EDT"
"Yavapai County","Arizona","property_crime","Jan - Feb 2026",0,0,NA,0,0,0,NA,NA,101292,1,"2026-05-18 11:01:22 EDT"
"Yavapai County","Arizona","rape","Jan - Feb 2026",10,14,40,4,2,0,-100,-100,101292,1,"2026-05-18 11:01:22 EDT"
"Yavapai County","Arizona","robbery","Jan - Feb 2026",4,13,225,2,2,0,-100,-100,101292,1,"2026-05-18 11:01:22 EDT"
"Yavapai County","Arizona","theft","Jan - Feb 2026",284,265,-6.69014084507042,50,45,27,-46,-40,101292,1,"2026-05-18 11:01:22 EDT"
"Yavapai County","Arizona","violent_crime","Jan - Feb 2026",0,0,NA,0,0,0,NA,NA,101292,1,"2026-05-18 11:01:22 EDT"
"Yorba Linda","California","aggravated_assault","Jan - Mar 2026",44,23,-47.7272727272727,6,4,8,33.3333333333333,100,65469,1,"2026-05-18 11:01:22 EDT"
"Yorba Linda","California","burglary","Jan - Mar 2026",70,57,-18.5714285714286,26,20,5,-80.7692307692308,-75,65469,1,"2026-05-18 11:01:22 EDT"
"Yorba Linda","California","motor_vehicle_theft","Jan - Mar 2026",55,46,-16.3636363636364,13,19,10,-23.0769230769231,-47.3684210526316,65469,1,"2026-05-18 11:01:22 EDT"
"Yorba Linda","California","murder","Jan - Mar 2026",0,0,NA,0,0,0,NA,NA,65469,1,"2026-05-18 11:01:22 EDT"
"Yorba Linda","California","property_crime","Jan - Mar 2026",502,390,-22.3107569721116,134,125,81,-39.5522388059701,-35.2,65469,1,"2026-05-18 11:01:22 EDT"
"Yorba Linda","California","rape","Jan - Mar 2026",4,0,-100,2,0,2,0,Inf,65469,1,"2026-05-18 11:01:22 EDT"
"Yorba Linda","California","robbery","Jan - Mar 2026",12,8,-33.3333333333333,1,0,1,0,Inf,65469,1,"2026-05-18 11:01:22 EDT"
"Yorba Linda","California","theft","Jan - Mar 2026",377,287,-23.8726790450928,95,86,66,-30.5263157894737,-23.2558139534884,65469,1,"2026-05-18 11:01:22 EDT"
"Yorba Linda","California","violent_crime","Jan - Mar 2026",60,31,-48.3333333333333,9,4,11,22.2222222222222,175,65469,1,"2026-05-18 11:01:22 EDT"
"Yuma","Arizona","aggravated_assault","Jan - Mar 2026",362,312,-13.8121546961326,79,75,49,-37.9746835443038,-34.6666666666667,101989,1,"2026-05-18 11:01:22 EDT"
"Yuma","Arizona","burglary","Jan - Mar 2026",201,165,-17.910447761194,50,41,28,-44,-31.7073170731707,101989,1,"2026-05-18 11:01:22 EDT"
"Yuma","Arizona","motor_vehicle_theft","Jan - Mar 2026",166,111,-33.1325301204819,38,29,15,-60.5263157894737,-48.2758620689655,101989,1,"2026-05-18 11:01:22 EDT"
"Yuma","Arizona","murder","Jan - Mar 2026",3,8,166.666666666667,0,1,0,NA,-100,101989,1,"2026-05-18 11:01:22 EDT"
"Yuma","Arizona","property_crime","Jan - Mar 2026",1276,1194,-6.42633228840125,323,291,276,-14.5510835913313,-5.15463917525773,101989,1,"2026-05-18 11:01:22 EDT"
"Yuma","Arizona","rape","Jan - Mar 2026",42,24,-42.8571428571429,8,7,6,-25,-14.2857142857143,101989,1,"2026-05-18 11:01:22 EDT"
"Yuma","Arizona","robbery","Jan - Mar 2026",24,25,4.16666666666667,8,6,1,-87.5,-83.3333333333333,101989,1,"2026-05-18 11:01:22 EDT"
"Yuma","Arizona","theft","Jan - Mar 2026",909,918,0.99009900990099,235,221,233,-0.851063829787234,5.42986425339367,101989,1,"2026-05-18 11:01:22 EDT"
"Yuma","Arizona","violent_crime","Jan - Mar 2026",431,369,-14.385150812065,95,89,56,-41.0526315789474,-37.0786516853933,101989,1,"2026-05-18 11:01:22 EDT"
