"date","agency_name","state_name","agency_full","agency_abbr","location_full","region","population","source_link","agency_num","source_type","source_method","most_recent_month","in_national_sample","Last Updated"
2026-03-01,"Abilene","Texas","Abilene, Texas","Abilene, TX","Abilene, Texas","South",124413,"https://txucr.nibrs.com/SRSReport/CrimeTrends",1,"State UCR","Open Source","March 2026",TRUE,"2026-05-18 11:01:22 EDT"
2026-03-01,"Abington","Pennsylvania","Abington, Pennsylvania","Abington, PA","Abington, Pennsylvania","Northeast",58429,"https://www.ucr.pa.gov/PAUCRSPUBLIC/SRSReport/CrimeTrends",1,"State UCR","Open Source","March 2026",TRUE,"2026-05-18 11:01:22 EDT"
2026-03-01,"Ada County","Idaho","Ada County, Idaho","Ada County, ID","Ada County, Idaho","West",144346,"https://nibrs.isp.idaho.gov/CrimeInIdaho/Report/CrimeTrends",1,"State UCR","Open Source","March 2026",TRUE,"2026-05-18 11:01:22 EDT"
2026-03-01,"Adams County","Colorado","Adams County, Colorado","Adams County, CO","Adams County, Colorado","West",103829,"https://coloradocrimestats.state.co.us/public/View/dispview.aspx",1,"State UCR","Open Source","March 2026",TRUE,"2026-05-18 11:01:22 EDT"
2026-03-01,"Aiken County","South Carolina","Aiken County, South Carolina","Aiken County, SC","Aiken County, South Carolina","South",112764,"https://cde.ucr.cjis.gov/LATEST/webapp/#/pages/explorer/crime/crime-trend",1,"Crime Data Explorer","Open Source","March 2026",TRUE,"2026-05-18 11:01:22 EDT"
2026-01-01,"Akron","Ohio","Akron, Ohio","Akron, OH","Akron, Ohio","Midwest",188223,"https://ocjs.ohio.gov/",1,"State UCR","Provided by State UCR Program","January 2026",FALSE,"2026-05-18 11:01:22 EDT"
2026-03-01,"Alameda","California","Alameda, California","Alameda, CA","Alameda, California","West",74458,"https://cde.ucr.cjis.gov/LATEST/webapp/#/pages/explorer/crime/crime-trend",1,"Crime Data Explorer","Open Source","March 2026",TRUE,"2026-05-18 11:01:22 EDT"
2026-03-01,"Alameda County","California","Alameda County, California","Alameda County, CA","Alameda County, California","West",165271,"https://cde.ucr.cjis.gov/LATEST/webapp/#/pages/explorer/crime/crime-trend",1,"Crime Data Explorer","Open Source","March 2026",TRUE,"2026-05-18 11:01:22 EDT"
2026-02-01,"Albany","New York","Albany, New York","Albany, NY","Albany, New York","Northeast",102095,"https://cde.ucr.cjis.gov/LATEST/webapp/#/pages/explorer/crime/crime-trend",1,"Crime Data Explorer","Open Source","February 2026",FALSE,"2026-05-18 11:01:22 EDT"
2026-03-01,"Albany","Georgia","Albany, Georgia","Albany, GA","Albany, Georgia","South",66169,"https://www.albanyga.gov/crime-statistics",1,"Agency Aggregated","Open Source","March 2026",TRUE,"2026-05-18 11:01:22 EDT"
2026-03-01,"Albany","Oregon","Albany, Oregon","Albany, OR","Albany, Oregon","West",47795,"https://www.oregon.gov/osp/pages/uniform-crime-reporting-data.aspx",1,"State UCR","Open Source","March 2026",TRUE,"2026-05-18 11:01:22 EDT"
2026-03-01,"Albemarle County","Virginia","Albemarle County, Virginia","Albemarle County, VA","Albemarle County, Virginia","South",117655,"From VA",1,"State UCR","Provided by State UCR Program","March 2026",TRUE,"2026-05-18 11:01:22 EDT"
2026-03-01,"Albuquerque","New Mexico","Albuquerque, New Mexico","Albuquerque, NM","Albuquerque, New Mexico","West",558745,"https://www.cabq.gov/police/crime-statistics",1,"Agency Aggregated","Open Source","March 2026",TRUE,"2026-05-18 11:01:22 EDT"
2025-12-01,"Alexandria","Virginia","Alexandria, Virginia","Alexandria, VA","Alexandria, Virginia","South",155153,"https://vsp.virginia.gov/",1,"Crime Data Explorer","Provided by State UCR Program","December 2025",FALSE,"2026-05-18 11:01:22 EDT"
2026-03-01,"Alhambra","California","Alhambra, California","Alhambra, CA","Alhambra, California","West",78840,"https://www.cityofalhambra.org/271/Crime-Statistics",1,"Agency Aggregated","Open Source","March 2026",TRUE,"2026-05-18 11:01:22 EDT"
2026-03-01,"Aliso Viejo","California","Aliso Viejo, California","Aliso Viejo, CA","Aliso Viejo, California","West",50736,"https://cde.ucr.cjis.gov/LATEST/webapp/#/pages/explorer/crime/crime-trend",1,"Crime Data Explorer","Open Source","March 2026",TRUE,"2026-05-18 11:01:22 EDT"
2026-03-01,"Allen","Texas","Allen, Texas","Allen, TX","Allen, Texas","South",113737,"https://txucr.nibrs.com/SRSReport/CrimeTrends",1,"State UCR","Open Source","March 2026",TRUE,"2026-05-18 11:01:22 EDT"
2026-03-01,"Allentown","Pennsylvania","Allentown, Pennsylvania","Allentown, PA","Allentown, Pennsylvania","Northeast",124599,"https://www.ucr.pa.gov/PAUCRSPUBLIC/SRSReport/CrimeTrends",1,"State UCR","Open Source","March 2026",TRUE,"2026-05-18 11:01:22 EDT"
2026-03-01,"Alpharetta","Georgia","Alpharetta, Georgia","Alpharetta, GA","Alpharetta, Georgia","South",67788,"https://cde.ucr.cjis.gov/LATEST/webapp/#/pages/explorer/crime/crime-trend",1,"Crime Data Explorer","Open Source","March 2026",TRUE,"2026-05-18 11:01:22 EDT"
2026-02-01,"Amarillo","Texas","Amarillo, Texas","Amarillo, TX","Amarillo, Texas","South",105068,"https://txucr.nibrs.com/SRSReport/CrimeTrends",1,"State UCR","Open Source","February 2026",FALSE,"2026-05-18 11:01:22 EDT"
2026-03-01,"Ames","Iowa","Ames, Iowa","Ames, IA","Ames, Iowa","Midwest",65426,"From IA",1,"Crime Data Explorer","Provided by Agency","March 2026",FALSE,"2026-05-18 11:01:22 EDT"
2026-03-01,"Anaheim","California","Anaheim, California","Anaheim, CA","Anaheim, California","West",338488,"https://cde.ucr.cjis.gov/LATEST/webapp/#/pages/explorer/crime/crime-trend",1,"Crime Data Explorer","Open Source","March 2026",TRUE,"2026-05-18 11:01:22 EDT"
2026-02-01,"Anderson","Indiana","Anderson, Indiana","Anderson, IN","Anderson, Indiana","Midwest",55355,"https://cde.state.mn.us/",1,"Crime Data Explorer","Open Source","February 2026",FALSE,"2026-05-18 11:01:22 EDT"
2026-03-01,"Anderson County","South Carolina","Anderson County, South Carolina","Anderson County, SC","Anderson County, South Carolina","South",172689,"https://cde.ucr.cjis.gov/LATEST/webapp/#/pages/explorer/crime/crime-trend",1,"Crime Data Explorer","Open Source","March 2026",TRUE,"2026-05-18 11:01:22 EDT"
2026-03-01,"Ankeny","Iowa","Ankeny, Iowa","Ankeny, IA","Ankeny, Iowa","Midwest",76547,"From IA",1,"Crime Data Explorer","Provided by Agency","March 2026",TRUE,"2026-05-18 11:01:22 EDT"
2026-03-01,"Ann Arbor","Michigan","Ann Arbor, Michigan","Ann Arbor, MI","Ann Arbor, Michigan","Midwest",118025,"https://www.michigan.gov/msp/divisions/cjic/dashboard-portal/crime-dashboard",1,"Crime Data Explorer","Open Source","March 2026",TRUE,"2026-05-18 11:01:22 EDT"
2026-03-01,"Antioch","California","Antioch, California","Antioch, CA","Antioch, California","West",117675,"https://www.antiochca.gov/police/crime-statistics/",1,"Agency Aggregated","Open Source","March 2026",TRUE,"2026-05-18 11:01:22 EDT"
2026-03-01,"Apex","North Carolina","Apex, North Carolina","Apex, NC","Apex, North Carolina","South",74767,"From NC",1,"State UCR","Provided by State UCR Program","March 2026",TRUE,"2026-05-18 11:01:22 EDT"
2026-03-01,"Apple Valley","Minnesota","Apple Valley, Minnesota","Apple Valley, MN","Apple Valley, Minnesota","Midwest",55028,"https://cde.state.mn.us/",1,"State UCR","Open Source","March 2026",TRUE,"2026-05-18 11:01:22 EDT"
2026-03-01,"Appleton","Wisconsin","Appleton, Wisconsin","Appleton, WI","Appleton, Wisconsin","Midwest",62337,"From WI",1,"State UCR","Provided by State UCR Program","March 2026",TRUE,"2026-05-18 11:01:22 EDT"
2026-02-01,"Arapahoe County","Colorado","Arapahoe County, Colorado","Arapahoe County, CO","Arapahoe County, Colorado","West",108211,"https://coloradocrimestats.state.co.us/public/View/dispview.aspx",1,"State UCR","Open Source","February 2026",FALSE,"2026-05-18 11:01:22 EDT"
2026-03-01,"Arcadia","California","Arcadia, California","Arcadia, CA","Arcadia, California","West",53397,"https://cde.ucr.cjis.gov/LATEST/webapp/#/pages/explorer/crime/crime-trend",1,"Crime Data Explorer","Open Source","March 2026",TRUE,"2026-05-18 11:01:22 EDT"
2026-03-01,"Arlington Heights","Illinois","Arlington Heights, Illinois","Arlington Heights, IL","Arlington Heights, Illinois","Midwest",73545,"https://ilucr.nibrs.com/AdvancedSearch/AdvancedSearch",1,"State UCR","Open Source","March 2026",TRUE,"2026-05-18 11:01:22 EDT"
2026-03-01,"Arlington","Texas","Arlington, Texas","Arlington, TX","Arlington, Texas","South",399840,"https://txucr.nibrs.com/SRSReport/CrimeTrends",1,"State UCR","Open Source","March 2026",TRUE,"2026-05-18 11:01:22 EDT"
2026-03-01,"Arlington County","Virginia","Arlington County, Virginia","Arlington County, VA","Arlington County, Virginia","South",234449,"From VA",1,"State UCR","Provided by State UCR Program","March 2026",TRUE,"2026-05-18 11:01:22 EDT"
2026-02-01,"Arvada","Colorado","Arvada, Colorado","Arvada, CO","Arvada, Colorado","West",117704,"https://coloradocrimestats.state.co.us/public/View/dispview.aspx",1,"State UCR","Open Source","February 2026",FALSE,"2026-05-18 11:01:22 EDT"
2026-03-01,"Asheville","North Carolina","Asheville, North Carolina","Asheville, NC","Asheville, North Carolina","South",95219,"From NC",1,"State UCR","Provided by State UCR Program","March 2026",TRUE,"2026-05-18 11:01:22 EDT"
2026-03-01,"Atlanta","Georgia","Atlanta, Georgia","Atlanta, GA","Atlanta, Georgia","South",475865,"https://experience.arcgis.com/experience/d5dd2be2977d40acb340ef42f80671b8/",1,"Agency RMS","Open Source","March 2026",TRUE,"2026-05-18 11:01:22 EDT"
2026-03-01,"Aurora","Colorado","Aurora, Colorado","Aurora, CO","Aurora, Colorado","West",337365,"https://coloradocrimestats.state.co.us/public/View/dispview.aspx",1,"State UCR","Open Source","March 2026",TRUE,"2026-05-18 11:01:22 EDT"
2026-03-01,"Austin","Texas","Austin, Texas","Austin, TX","Austin, Texas","South",913699,"https://data.austintexas.gov/Public-Safety/Crime-Reports/fdj4-gpfu/explore/query/SELECT%0A%20%20%60incident_report_number%60%2C%0A%20%20%60crime_type%60%2C%0A%20%20%60ucr_code%60%2C%0A%20%20%60family_violence%60%2C%0A%20%20%60occ_date_time%60%2C%0A%20%20%60occ_date%60%2C%0A%20%20%60occ_time%60%2C%0A%20%20%60rep_date_time%60%2C%0A%20%20%60rep_date%60%2C%0A%20%20%60rep_time%60%2C%0A%20%20%60location_type%60%2C%0A%20%20%60council_district%60%2C%0A%20%20%60sector%60%2C%0A%20%20%60district%60%2C%0A%20%20%60clearance_status%60%2C%0A%20%20%60clearance_date%60%2C%0A%20%20%60ucr_category%60%2C%0A%20%20%60category_description%60%2C%0A%20%20%60census_block_group%60%0AWHERE%20caseless_ne%28%60ucr_category%60%2C%20%22%22%29/page/filter",1,"State UCR","Open Source","March 2026",TRUE,"2026-05-18 11:01:22 EDT"
2026-03-01,"Avondale","Arizona","Avondale, Arizona","Avondale, AZ","Avondale, Arizona","West",94911,"https://azcrimestatistics.azdps.gov/",1,"State UCR","Open Source","March 2026",TRUE,"2026-05-18 11:01:22 EDT"
2026-03-01,"Bakersfield","California","Bakersfield, California","Bakersfield, CA","Bakersfield, California","West",416120,"https://www.bakersfieldcity.us/",1,"Agency Aggregated","Provided by Agency","March 2026",TRUE,"2026-05-18 11:01:22 EDT"
2026-03-01,"Baldwin Park","California","Baldwin Park, California","Baldwin Park, CA","Baldwin Park, California","West",67791,"https://cde.ucr.cjis.gov/LATEST/webapp/#/pages/explorer/crime/crime-trend",1,"Crime Data Explorer","Open Source","March 2026",TRUE,"2026-05-18 11:01:22 EDT"
2026-03-01,"Baltimore","Maryland","Baltimore, Maryland","Baltimore, MD","Baltimore, Maryland","South",566632,"https://data.baltimorecity.gov/datasets/part-1-crime-data/explore",1,"Agency RMS","Open Source","March 2026",TRUE,"2026-05-18 11:01:22 EDT"
2026-03-01,"Baltimore County","Maryland","Baltimore County, Maryland","Baltimore County, MD","Baltimore County, Maryland","South",852726,"https://opendata.baltimorecountymd.gov/pages/dash",1,"Agency Aggregated","Open Source","March 2026",TRUE,"2026-05-18 11:01:22 EDT"
2026-01-01,"Barnstable","Massachusetts","Barnstable, Massachusetts","Barnstable, MA","Barnstable, Massachusetts","Northeast",50928,"https://www.mass.gov/crime-statistics",1,"State UCR","Provided by State UCR Program","January 2026",FALSE,"2026-05-18 11:01:22 EDT"
2026-03-01,"Bartlett","Tennessee","Bartlett, Tennessee","Bartlett, TN","Bartlett, Tennessee","South",55494,"https://crimeinsight.tbi.tn.gov/public/View/dispview.aspx",1,"Crime Data Explorer","Open Source","March 2026",TRUE,"2026-05-18 11:01:22 EDT"
2026-03-01,"Baton Rouge","Louisiana","Baton Rouge, Louisiana","Baton Rouge, LA","Baton Rouge, Louisiana","South",217387,"https://data.brla.gov/Public-Safety/Baton-Rouge-Police-Crime-Incidents/pbin-pcm7/explore/query/SELECT%0A%20%20%60incident_number%60%2C%0A%20%20%60charge_id%60%2C%0A%20%20%60charge_date%60%2C%0A%20%20%60report_date%60%2C%0A%20%20%60approved_date%60%2C%0A%20%20%60attempted_committed%60%2C%0A%20%20%60street%60%2C%0A%20%20%60street_2%60%2C%0A%20%20%60city%60%2C%0A%20%20%60state%60%2C%0A%20%20%60postal_code%60%2C%0A%20%20%60district%60%2C%0A%20%20%60zone%60%2C%0A%20%20%60sub_zone%60%2C%0A%20%20%60statute_title%60%2C%0A%20%20%60statute_description%60%2C%0A%20%20%60statute_category%60%2C%0A%20%20%60crime_against%60%2C%0A%20%20%60nibrs_code%60%2C%0A%20%20%60offense_description%60%2C%0A%20%20%60census_block_group%60%2C%0A%20%20%60council_district%60%2C%0A%20%20%60crime_prevention_district%60%2C%0A%20%20%60neighborhood%60%2C%0A%20%20%60longitude%60%2C%0A%20%20%60latitude%60%2C%0A%20%20%60geolocation%60%2C%0A%20%20%60%3A%40computed_region_jrqt_zu77%60%2C%0A%20%20%60%3A%40computed_region_ntzg_c2w3%60%2C%0A%20%20%60%3A%40computed_region_uvg4_nwq8%60%0AWHERE%0A%20%20caseless_one_of%28%0A%20%20%20%20%60nibrs_code%60%2C%0A%20%20%20%20%2209A%22%2C%0A%20%20%20%20%2211A%22%2C%0A%20%20%20%20%2213A%22%2C%0A%20%20%20%20%22120%22%2C%0A%20%20%20%20%22220%22%2C%0A%20%20%20%20%22240%22%2C%0A%20%20%20%20%2223A%22%2C%0A%20%20%20%20%2223B%22%2C%0A%20%20%20%20%2223C%22%2C%0A%20%20%20%20%2223D%22%2C%0A%20%20%20%20%2223E%22%2C%0A%20%20%20%20%2223F%22%2C%0A%20%20%20%20%2223G%22%2C%0A%20%20%20%20%2223H%22%0A%20%20%29%0A%20%20AND%20%28%60report_date%60%20%3E%20%222024-01-01T00%3A00%3A00%22%20%3A%3A%20floating_timestamp%29%0AORDER%20BY%20%60report_date%60%20DESC%20NULL%20FIRST/page/filter",1,"Agency RMS","Open Source","March 2026",TRUE,"2026-05-18 11:01:22 EDT"
2026-03-01,"Battle Creek","Michigan","Battle Creek, Michigan","Battle Creek, MI","Battle Creek, Michigan","Midwest",61163,"https://www.michigan.gov/msp/divisions/cjic/dashboard-portal/crime-dashboard",1,"Crime Data Explorer","Open Source","March 2026",TRUE,"2026-05-18 11:01:22 EDT"
2026-03-01,"Baytown","Texas","Baytown, Texas","Baytown, TX","Baytown, Texas","South",78692,"https://txucr.nibrs.com/SRSReport/CrimeTrends",1,"State UCR","Open Source","March 2026",TRUE,"2026-05-18 11:01:22 EDT"
2026-03-01,"Beaufort County","South Carolina","Beaufort County, South Carolina","Beaufort County, SC","Beaufort County, South Carolina","South",134553,"https://cde.ucr.cjis.gov/LATEST/webapp/#/pages/explorer/crime/crime-trend",1,"Crime Data Explorer","Open Source","March 2026",TRUE,"2026-05-18 11:01:22 EDT"
2026-03-01,"Beaumont","California","Beaumont, California","Beaumont, CA","Beaumont, California","West",60294,"https://cde.ucr.cjis.gov/LATEST/webapp/#/pages/explorer/crime/crime-trend",1,"Crime Data Explorer","Open Source","March 2026",TRUE,"2026-05-18 11:01:22 EDT"
2026-03-01,"Beaumont","Texas","Beaumont, Texas","Beaumont, TX","Beaumont, Texas","South",111320,"https://txucr.nibrs.com/SRSReport/CrimeTrends",1,"State UCR","Open Source","March 2026",TRUE,"2026-05-18 11:01:22 EDT"
2026-02-01,"Beaverton","Oregon","Beaverton, Oregon","Beaverton, OR","Beaverton, Oregon","West",96762,"https://www.oregon.gov/osp/pages/uniform-crime-reporting-data.aspx",1,"State UCR","Open Source","February 2026",FALSE,"2026-05-18 11:01:22 EDT"
2026-03-01,"Bellevue","Nebraska","Bellevue, Nebraska","Bellevue, NE","Bellevue, Nebraska","Midwest",63510,"https://crimestats.ne.gov/public/View/RSReport.aspx?ReportId=1082",1,"State UCR","Open Source","March 2026",TRUE,"2026-05-18 11:01:22 EDT"
2026-03-01,"Bellingham","Washington","Bellingham, Washington","Bellingham, WA","Bellingham, Washington","West",95717,"https://cob.org/gov/dept/police/news-police/crime-stats",1,"Agency Aggregated","Open Source","March 2026",TRUE,"2026-05-18 11:01:22 EDT"
2026-03-01,"Bend","Oregon","Bend, Oregon","Bend, OR","Bend, Oregon","West",106241,"https://www.oregon.gov/osp/pages/uniform-crime-reporting-data.aspx",1,"State UCR","Open Source","March 2026",TRUE,"2026-05-18 11:01:22 EDT"
2026-03-01,"Bensalem","Pennsylvania","Bensalem, Pennsylvania","Bensalem, PA","Bensalem, Pennsylvania","Northeast",62843,"https://www.ucr.pa.gov/PAUCRSPUBLIC/SRSReport/CrimeTrends",1,"State UCR","Open Source","March 2026",TRUE,"2026-05-18 11:01:22 EDT"
2026-03-01,"Bentonville","Arkansas","Bentonville, Arkansas","Bentonville, AR","Bentonville, Arkansas","South",61109,"https://cde.ucr.cjis.gov/LATEST/webapp/#/pages/explorer/crime/crime-trend",1,"Crime Data Explorer","Open Source","March 2026",TRUE,"2026-05-18 11:01:22 EDT"
2026-02-01,"Berkeley","California","Berkeley, California","Berkeley, CA","Berkeley, California","West",117400,"https://cde.ucr.cjis.gov/LATEST/webapp/#/pages/explorer/crime/crime-trend",1,"Crime Data Explorer","Open Source","February 2026",FALSE,"2026-05-18 11:01:22 EDT"
2026-03-01,"Berkeley County","South Carolina","Berkeley County, South Carolina","Berkeley County, SC","Berkeley County, South Carolina","South",150616,"https://cde.ucr.cjis.gov/LATEST/webapp/#/pages/explorer/crime/crime-trend",1,"Crime Data Explorer","Open Source","March 2026",TRUE,"2026-05-18 11:01:22 EDT"
2026-03-01,"Bethlehem","Pennsylvania","Bethlehem, Pennsylvania","Bethlehem, PA","Bethlehem, Pennsylvania","Northeast",59181,"https://www.ucr.pa.gov/PAUCRSPUBLIC/SRSReport/CrimeTrends",1,"State UCR","Open Source","March 2026",TRUE,"2026-05-18 11:01:22 EDT"
2026-01-01,"Bexar County","Texas","Bexar County, Texas","Bexar County, TX","Bexar County, Texas","South",462282,"https://txucr.nibrs.com/SRSReport/CrimeTrends",1,"State UCR","Open Source","January 2026",FALSE,"2026-05-18 11:01:22 EDT"
2026-03-01,"Billings","Montana","Billings, Montana","Billings, MT","Billings, Montana","West",122105,"https://cde.ucr.cjis.gov/LATEST/webapp/#/pages/explorer/crime/crime-trend",1,"Crime Data Explorer","Open Source","March 2026",TRUE,"2026-05-18 11:01:22 EDT"
2026-03-01,"Birmingham","Alabama","Birmingham, Alabama","Birmingham, AL","Birmingham, Alabama","South",193470,"https://cde.ucr.cjis.gov/LATEST/webapp/#/pages/explorer/crime/crime-trend",1,"Crime Data Explorer","Open Source","March 2026",TRUE,"2026-05-18 11:01:22 EDT"
2026-03-01,"Bismarck","North Dakota","Bismarck, North Dakota","Bismarck, ND","Bismarck, North Dakota","Midwest",75546,"https://crimestats.nd.gov/public/View/RSReport.aspx?ReportId=94",1,"State UCR","Open Source","March 2026",TRUE,"2026-05-18 11:01:22 EDT"
2026-03-01,"Blaine","Minnesota","Blaine, Minnesota","Blaine, MN","Blaine, Minnesota","Midwest",74913,"https://cde.state.mn.us/",1,"State UCR","Open Source","March 2026",TRUE,"2026-05-18 11:01:22 EDT"
2026-03-01,"Bloomfield","New Jersey","Bloomfield, New Jersey","Bloomfield, NJ","Bloomfield, New Jersey","Northeast",55161,"https://cde.ucr.cjis.gov/LATEST/webapp/#/pages/explorer/crime/crime-trend",1,"Crime Data Explorer","Open Source","March 2026",TRUE,"2026-05-18 11:01:22 EDT"
2026-02-01,"Bloomington","Indiana","Bloomington, Indiana","Bloomington, IN","Bloomington, Indiana","Midwest",78762,"https://cde.state.mn.us/",1,"Crime Data Explorer","Open Source","February 2026",FALSE,"2026-05-18 11:01:22 EDT"
2026-03-01,"Bloomington","Minnesota","Bloomington, Minnesota","Bloomington, MN","Bloomington, Minnesota","Midwest",86598,"https://cde.state.mn.us/",1,"State UCR","Open Source","March 2026",TRUE,"2026-05-18 11:01:22 EDT"
2026-03-01,"Blue Springs","Missouri","Blue Springs, Missouri","Blue Springs, MO","Blue Springs, Missouri","Midwest",61096,"https://showmecrime.mo.gov/",1,"State UCR","Open Source","March 2026",TRUE,"2026-05-18 11:01:22 EDT"
2026-02-01,"Boise","Idaho","Boise, Idaho","Boise, ID","Boise, Idaho","West",235223,"https://nibrs.isp.idaho.gov/CrimeInIdaho/AdvancedSearch/AdvancedSearch",1,"State UCR","Open Source","February 2026",FALSE,"2026-05-18 11:01:22 EDT"
2026-03-01,"Bolingbrook","Illinois","Bolingbrook, Illinois","Bolingbrook, IL","Bolingbrook, Illinois","Midwest",72708,"https://ilucr.nibrs.com/AdvancedSearch/AdvancedSearch",1,"State UCR","Open Source","March 2026",TRUE,"2026-05-18 11:01:22 EDT"
2026-03-01,"Boone County","Kentucky","Boone County, Kentucky","Boone County, KY","Boone County, Kentucky","South",110398,"https://cde.ucr.cjis.gov/LATEST/webapp/#/pages/explorer/crime/crime-trend",1,"Crime Data Explorer","Open Source","March 2026",TRUE,"2026-05-18 11:01:22 EDT"
2026-03-01,"Bossier City","Louisiana","Bossier City, Louisiana","Bossier City, LA","Bossier City, Louisiana","South",62750,"https://cde.ucr.cjis.gov/LATEST/webapp/#/pages/explorer/crime/crime-trend",1,"Crime Data Explorer","Open Source","March 2026",TRUE,"2026-05-18 11:01:22 EDT"
2026-03-01,"Boston","Massachusetts","Boston, Massachusetts","Boston, MA","Boston, Massachusetts","Northeast",659049,"https://www.mass.gov/crime-statistics",1,"State UCR","Provided by State UCR Program","March 2026",TRUE,"2026-05-18 11:01:22 EDT"
2026-03-01,"Boulder","Colorado","Boulder, Colorado","Boulder, CO","Boulder, Colorado","West",105195,"https://coloradocrimestats.state.co.us/public/View/dispview.aspx",1,"State UCR","Open Source","March 2026",TRUE,"2026-05-18 11:01:22 EDT"
2026-03-01,"Bowie","Maryland","Bowie, Maryland","Bowie, MD","Bowie, Maryland","South",56929,"https://www.mwcog.org/public-safety-and-homeland-security/data-and-tools/crime-dashboard/",1,"Crime Data Explorer","Open Source","March 2026",FALSE,"2026-05-18 11:01:22 EDT"
2026-03-01,"Bowling Green","Kentucky","Bowling Green, Kentucky","Bowling Green, KY","Bowling Green, Kentucky","South",77503,"https://cde.ucr.cjis.gov/LATEST/webapp/#/pages/explorer/crime/crime-trend",1,"Crime Data Explorer","Open Source","March 2026",TRUE,"2026-05-18 11:01:22 EDT"
2026-03-01,"Bozeman","Montana","Bozeman, Montana","Bozeman, MT","Bozeman, Montana","West",58509,"https://cde.ucr.cjis.gov/LATEST/webapp/#/pages/explorer/crime/crime-trend",1,"Crime Data Explorer","Open Source","March 2026",TRUE,"2026-05-18 11:01:22 EDT"
2026-03-01,"Brazoria County","Texas","Brazoria County, Texas","Brazoria County, TX","Brazoria County, Texas","South",141817,"https://txucr.nibrs.com/SRSReport/CrimeTrends",1,"State UCR","Open Source","March 2026",TRUE,"2026-05-18 11:01:22 EDT"
2026-03-01,"Brentwood","California","Brentwood, California","Brentwood, CA","Brentwood, California","West",65352,"https://cde.ucr.cjis.gov/LATEST/webapp/#/pages/explorer/crime/crime-trend",1,"Crime Data Explorer","Open Source","March 2026",TRUE,"2026-05-18 11:01:22 EDT"
2026-03-01,"Bridgeport","Connecticut","Bridgeport, Connecticut","Bridgeport, CT","Bridgeport, Connecticut","Northeast",148132,"https://ct.beyond2020.com/ct_public/Dim/dimension.aspx",1,"State UCR","Open Source","March 2026",TRUE,"2026-05-18 11:01:22 EDT"
2026-03-01,"Bristol","Connecticut","Bristol, Connecticut","Bristol, CT","Bristol, Connecticut","Northeast",61895,"https://ct.beyond2020.com/ct_public/Dim/dimension.aspx",1,"State UCR","Open Source","March 2026",TRUE,"2026-05-18 11:01:22 EDT"
2026-03-01,"Brockton","Massachusetts","Brockton, Massachusetts","Brockton, MA","Brockton, Massachusetts","Northeast",106650,"https://www.mass.gov/crime-statistics",1,"State UCR","Provided by State UCR Program","March 2026",TRUE,"2026-05-18 11:01:22 EDT"
2026-03-01,"Broken Arrow","Oklahoma","Broken Arrow, Oklahoma","Broken Arrow, OK","Broken Arrow, Oklahoma","South",98264,"https://cde.ucr.cjis.gov/LATEST/webapp/#/pages/explorer/crime/crime-trend",1,"Crime Data Explorer","Open Source","March 2026",TRUE,"2026-05-18 11:01:22 EDT"
2026-03-01,"Brookhaven","Georgia","Brookhaven, Georgia","Brookhaven, GA","Brookhaven, Georgia","South",58507,"https://cde.ucr.cjis.gov/LATEST/webapp/#/pages/explorer/crime/crime-trend",1,"Crime Data Explorer","Open Source","March 2026",TRUE,"2026-05-18 11:01:22 EDT"
2026-01-01,"Brookline","Massachusetts","Brookline, Massachusetts","Brookline, MA","Brookline, Massachusetts","Northeast",64122,"https://www.mass.gov/crime-statistics",1,"State UCR","Provided by State UCR Program","January 2026",FALSE,"2026-05-18 11:01:22 EDT"
2026-03-01,"Brooklyn Park","Minnesota","Brooklyn Park, Minnesota","Brooklyn Park, MN","Brooklyn Park, Minnesota","Midwest",80665,"https://cde.state.mn.us/",1,"State UCR","Open Source","March 2026",TRUE,"2026-05-18 11:01:22 EDT"
2026-03-01,"Broomfield","Colorado","Broomfield, Colorado","Broomfield, CO","Broomfield, Colorado","West",78294,"https://coloradocrimestats.state.co.us/public/View/dispview.aspx",1,"State UCR","Open Source","March 2026",TRUE,"2026-05-18 11:01:22 EDT"
2026-03-01,"Brownsville","Texas","Brownsville, Texas","Brownsville, TX","Brownsville, Texas","South",191221,"https://txucr.nibrs.com/SRSReport/CrimeTrends",1,"State UCR","Open Source","March 2026",TRUE,"2026-05-18 11:01:22 EDT"
2026-03-01,"Buckeye","Arizona","Buckeye, Arizona","Buckeye, AZ","Buckeye, Arizona","West",114513,"https://azcrimestatistics.azdps.gov/",1,"State UCR","Open Source","March 2026",TRUE,"2026-05-18 11:01:22 EDT"
2026-03-01,"Buena Park","California","Buena Park, California","Buena Park, CA","Buena Park, California","West",81334,"https://cde.ucr.cjis.gov/LATEST/webapp/#/pages/explorer/crime/crime-trend",1,"Crime Data Explorer","Open Source","March 2026",TRUE,"2026-05-18 11:01:22 EDT"
2026-03-01,"Buffalo","New York","Buffalo, New York","Buffalo, NY","Buffalo, New York","Northeast",273728,"https://data.buffalony.gov/Public-Safety/Monthly-Uniform-Crime-Reporting-UCR-Program-Statis/xxu9-yrhd/data",1,"Agency Aggregated","Open Source","March 2026",TRUE,"2026-05-18 11:01:22 EDT"
2026-03-01,"Buncombe County","North Carolina","Buncombe County, North Carolina","Buncombe County, NC","Buncombe County, North Carolina","South",161061,"From NC",1,"State UCR","Provided by State UCR Program","March 2026",TRUE,"2026-05-18 11:01:22 EDT"
2026-03-01,"Burbank","California","Burbank, California","Burbank, CA","Burbank, California","West",101377,"https://www.burbankpd.org/crime-information/crime-statistics/",1,"Crime Data Explorer","Open Source","March 2026",TRUE,"2026-05-18 11:01:22 EDT"
2026-03-01,"Burleson","Texas","Burleson, Texas","Burleson, TX","Burleson, Texas","South",47228,"https://txucr.nibrs.com/SRSReport/CrimeTrends",1,"State UCR","Open Source","March 2026",TRUE,"2026-05-18 11:01:22 EDT"
2026-02-01,"Burlington","Vermont","Burlington, Vermont","Burlington, VT","Burlington, Vermont","Northeast",44456,"https://cde.ucr.cjis.gov/LATEST/webapp/#/pages/explorer/crime/crime-trend",1,"Crime Data Explorer","Open Source","February 2026",FALSE,"2026-05-18 11:01:22 EDT"
2026-03-01,"Burlington","North Carolina","Burlington, North Carolina","Burlington, NC","Burlington, North Carolina","South",58041,"From NC",1,"State UCR","Provided by State UCR Program","March 2026",TRUE,"2026-05-18 11:01:22 EDT"
2026-03-01,"Burnsville","Minnesota","Burnsville, Minnesota","Burnsville, MN","Burnsville, Minnesota","Midwest",64860,"https://cde.state.mn.us/",1,"State UCR","Open Source","March 2026",TRUE,"2026-05-18 11:01:22 EDT"
2026-03-01,"Caldwell","Idaho","Caldwell, Idaho","Caldwell, ID","Caldwell, Idaho","West",71115,"https://nibrs.isp.idaho.gov/CrimeInIdaho/AdvancedSearch/AdvancedSearch",1,"State UCR","Open Source","March 2026",TRUE,"2026-05-18 11:01:22 EDT"
2026-03-01,"Camarillo","California","Camarillo, California","Camarillo, CA","Camarillo, California","West",69115,"https://cde.ucr.cjis.gov/LATEST/webapp/#/pages/explorer/crime/crime-trend",1,"Crime Data Explorer","Open Source","March 2026",TRUE,"2026-05-18 11:01:22 EDT"
2026-03-01,"Cambridge","Massachusetts","Cambridge, Massachusetts","Cambridge, MA","Cambridge, Massachusetts","Northeast",120447,"https://www.mass.gov/crime-statistics",1,"State UCR","Provided by State UCR Program","March 2026",TRUE,"2026-05-18 11:01:22 EDT"
2026-03-01,"Cameron County","Texas","Cameron County, Texas","Cameron County, TX","Cameron County, Texas","South",100581,"https://txucr.nibrs.com/SRSReport/CrimeTrends",1,"State UCR","Agency Aggregated","March 2026",TRUE,"2026-05-18 11:01:22 EDT"
2026-03-01,"Canton Township","Michigan","Canton Township, Michigan","Canton Township, MI","Canton Township, Michigan","Midwest",97844,"https://www.michigan.gov/msp/divisions/cjic/dashboard-portal/crime-dashboard",1,"Crime Data Explorer","Open Source","March 2026",TRUE,"2026-05-18 11:01:22 EDT"
2026-03-01,"Canton","Ohio","Canton, Ohio","Canton, OH","Canton, Ohio","Midwest",68725,"https://ocjs.ohio.gov/",1,"State UCR","Provided by State UCR Program","March 2026",TRUE,"2026-05-18 11:01:22 EDT"
2026-02-01,"Carlsbad","California","Carlsbad, California","Carlsbad, CA","Carlsbad, California","West",113023,"https://crimestats.arjis.org/default.aspx",1,"Agency Aggregated","Open Source","February 2026",FALSE,"2026-05-18 11:01:22 EDT"
2026-03-01,"Carmel","Indiana","Carmel, Indiana","Carmel, IN","Carmel, Indiana","Midwest",103107,"https://cde.ucr.cjis.gov/LATEST/webapp/#/pages/explorer/crime/crime-trend",1,"Crime Data Explorer","Open Source","March 2026",FALSE,"2026-05-18 11:01:22 EDT"
2026-03-01,"Carrollton","Texas","Carrollton, Texas","Carrollton, TX","Carrollton, Texas","South",82298,"https://txucr.nibrs.com/SRSReport/CrimeTrends",1,"State UCR","Open Source","March 2026",FALSE,"2026-05-18 11:01:22 EDT"
2026-03-01,"Cary","North Carolina","Cary, North Carolina","Cary, NC","Cary, North Carolina","South",177768,"From NC",1,"State UCR","Provided by State UCR Program","March 2026",TRUE,"2026-05-18 11:01:22 EDT"
2026-03-01,"Casa Grande","Arizona","Casa Grande, Arizona","Casa Grande, AZ","Casa Grande, Arizona","West",67317,"https://azcrimestatistics.azdps.gov/",1,"State UCR","Open Source","March 2026",TRUE,"2026-05-18 11:01:22 EDT"
2026-02-01,"Castle Rock","Colorado","Castle Rock, Colorado","Castle Rock, CO","Castle Rock, Colorado","West",84098,"https://coloradocrimestats.state.co.us/public/View/dispview.aspx",1,"State UCR","Open Source","February 2026",FALSE,"2026-05-18 11:01:22 EDT"
2026-03-01,"Cedar Park","Texas","Cedar Park, Texas","Cedar Park, TX","Cedar Park, Texas","South",70724,"https://txucr.nibrs.com/SRSReport/CrimeTrends",1,"State UCR","Open Source","March 2026",TRUE,"2026-05-18 11:01:22 EDT"
2026-03-01,"Cedar Rapids","Iowa","Cedar Rapids, Iowa","Cedar Rapids, IA","Cedar Rapids, Iowa","Midwest",135363,"From IA",1,"Crime Data Explorer","Provided by Agency","March 2026",TRUE,"2026-05-18 11:01:22 EDT"
2026-02-01,"Centennial","Colorado","Centennial, Colorado","Centennial, CO","Centennial, Colorado","West",106454,"https://coloradocrimestats.state.co.us/public/View/dispview.aspx",1,"State UCR","Open Source","February 2026",FALSE,"2026-05-18 11:01:22 EDT"
2026-03-01,"Champaign","Illinois","Champaign, Illinois","Champaign, IL","Champaign, Illinois","Midwest",89466,"https://ilucr.nibrs.com/AdvancedSearch/AdvancedSearch",1,"State UCR","Open Source","March 2026",TRUE,"2026-05-18 11:01:22 EDT"
2026-03-01,"Chandler","Arizona","Chandler, Arizona","Chandler, AZ","Chandler, Arizona","West",281117,"https://azcrimestatistics.azdps.gov/",1,"State UCR","Open Source","March 2026",TRUE,"2026-05-18 11:01:22 EDT"
2026-03-01,"Chapel Hill","North Carolina","Chapel Hill, North Carolina","Chapel Hill, NC","Chapel Hill, North Carolina","South",61069,"From NC",1,"State UCR","Provided by State UCR Program","March 2026",TRUE,"2026-05-18 11:01:22 EDT"
2026-03-01,"Charleston","South Carolina","Charleston, South Carolina","Charleston, SC","Charleston, South Carolina","South",140549,"https://cde.ucr.cjis.gov/LATEST/webapp/#/pages/explorer/crime/crime-trend",1,"Crime Data Explorer","Open Source","March 2026",TRUE,"2026-05-18 11:01:22 EDT"
2026-03-01,"Charlotte","North Carolina","Charlotte, North Carolina","Charlotte, NC","Charlotte, North Carolina","South",1003130,"From NC",1,"State UCR","Provided by State UCR Program","March 2026",TRUE,"2026-05-18 11:01:22 EDT"
2026-03-01,"Chattanooga","Tennessee","Chattanooga, Tennessee","Chattanooga, TN","Chattanooga, Tennessee","South",188894,"https://crimeinsight.tbi.tn.gov/public/View/dispview.aspx",1,"Crime Data Explorer","Open Source","March 2026",TRUE,"2026-05-18 11:01:22 EDT"
2026-03-01,"Cherry Hill Township","New Jersey","Cherry Hill Township, New Jersey","Cherry Hill Township, NJ","Cherry Hill Township, New Jersey","Northeast",79950,"https://cde.ucr.cjis.gov/LATEST/webapp/#/pages/explorer/crime/crime-trend",1,"Crime Data Explorer","Open Source","March 2026",TRUE,"2026-05-18 11:01:22 EDT"
2026-03-01,"Chesapeake","Virginia","Chesapeake, Virginia","Chesapeake, VA","Chesapeake, Virginia","South",257248,"https://vsp.virginia.gov/",1,"Crime Data Explorer","Provided by State UCR Program","March 2026",TRUE,"2026-05-18 11:01:22 EDT"
2025-12-01,"Chesterfield County","Virginia","Chesterfield County, Virginia","Chesterfield County, VA","Chesterfield County, Virginia","South",393296,"From VA",1,"State UCR","Provided by State UCR Program","December 2025",FALSE,"2026-05-18 11:01:22 EDT"
2026-02-01,"Cheyenne","Wyoming","Cheyenne, Wyoming","Cheyenne, WY","Cheyenne, Wyoming","West",65143,"https://crimestats.wyo.gov/public/View/dispview.aspx",1,"State UCR","Open Source","February 2026",FALSE,"2026-05-18 11:01:22 EDT"
2026-03-01,"Chicago","Illinois","Chicago, Illinois","Chicago, IL","Chicago, Illinois","Midwest",2638698,"https://data.cityofchicago.org/Public-Safety/Crimes-2001-to-Present/ijzp-q8t2/explore/query/SELECT%0A%20%20%60id%60%2C%0A%20%20%60case_number%60%2C%0A%20%20%60date%60%2C%0A%20%20%60block%60%2C%0A%20%20%60iucr%60%2C%0A%20%20%60primary_type%60%2C%0A%20%20%60description%60%2C%0A%20%20%60location_description%60%2C%0A%20%20%60arrest%60%2C%0A%20%20%60domestic%60%2C%0A%20%20%60beat%60%2C%0A%20%20%60district%60%2C%0A%20%20%60ward%60%2C%0A%20%20%60community_area%60%2C%0A%20%20%60fbi_code%60%2C%0A%20%20%60x_coordinate%60%2C%0A%20%20%60y_coordinate%60%2C%0A%20%20%60year%60%2C%0A%20%20%60updated_on%60%2C%0A%20%20%60latitude%60%2C%0A%20%20%60longitude%60%2C%0A%20%20%60location%60%2C%0A%20%20%60%3A%40computed_region_awaf_s7ux%60%2C%0A%20%20%60%3A%40computed_region_6mkv_f3dw%60%2C%0A%20%20%60%3A%40computed_region_vrxf_vc4k%60%2C%0A%20%20%60%3A%40computed_region_bdys_3d7i%60%2C%0A%20%20%60%3A%40computed_region_43wa_7qmu%60%2C%0A%20%20%60%3A%40computed_region_rpca_8um6%60%2C%0A%20%20%60%3A%40computed_region_d9mm_jgwp%60%2C%0A%20%20%60%3A%40computed_region_d3ds_rm58%60%2C%0A%20%20%60%3A%40computed_region_8hcu_yrd4%60%0AORDER%20BY%20%60date%60%20DESC%20NULL%20FIRST/page/filter",1,"Agency RMS","Open Source","March 2026",TRUE,"2026-05-18 11:01:22 EDT"
2026-03-01,"Chico","California","Chico, California","Chico, CA","Chico, California","West",100831,"https://cde.ucr.cjis.gov/LATEST/webapp/#/pages/explorer/crime/crime-trend",1,"Crime Data Explorer","Open Source","March 2026",TRUE,"2026-05-18 11:01:22 EDT"
2026-03-01,"Chicopee","Massachusetts","Chicopee, Massachusetts","Chicopee, MA","Chicopee, Massachusetts","Northeast",55770,"https://www.mass.gov/crime-statistics",1,"State UCR","Provided by State UCR Program","March 2026",TRUE,"2026-05-18 11:01:22 EDT"
2026-03-01,"Chino","California","Chino, California","Chino, CA","Chino, California","West",93818,"https://cde.ucr.cjis.gov/LATEST/webapp/#/pages/explorer/crime/crime-trend",1,"Crime Data Explorer","Open Source","March 2026",TRUE,"2026-05-18 11:01:22 EDT"
2026-03-01,"Chula Vista","California","Chula Vista, California","Chula Vista, CA","Chula Vista, California","West",273843,"https://crimestats.arjis.org/default.aspx",1,"Agency Aggregated","Open Source","March 2026",TRUE,"2026-05-18 11:01:22 EDT"
2026-01-01,"Cicero","Illinois","Cicero, Illinois","Cicero, IL","Cicero, Illinois","Midwest",79748,"https://ilucr.nibrs.com/AdvancedSearch/AdvancedSearch",1,"State UCR","Open Source","January 2026",FALSE,"2026-05-18 11:01:22 EDT"
2026-03-01,"Cincinnati","Ohio","Cincinnati, Ohio","Cincinnati, OH","Cincinnati, Ohio","Midwest",311599,"https://ocjs.ohio.gov/",1,"State UCR","Provided by State UCR Program","March 2026",TRUE,"2026-05-18 11:01:22 EDT"
2026-03-01,"Citrus Heights","California","Citrus Heights, California","Citrus Heights, CA","Citrus Heights, California","West",85809,"https://cde.ucr.cjis.gov/LATEST/webapp/#/pages/explorer/crime/crime-trend",1,"Crime Data Explorer","Open Source","March 2026",TRUE,"2026-05-18 11:01:22 EDT"
2026-02-01,"Clackamas County","Oregon","Clackamas County, Oregon","Clackamas County, OR","Clackamas County, Oregon","West",248474,"https://www.oregon.gov/osp/pages/uniform-crime-reporting-data.aspx",1,"State UCR","Open Source","February 2026",FALSE,"2026-05-18 11:01:22 EDT"
2026-03-01,"Clarksville","Tennessee","Clarksville, Tennessee","Clarksville, TN","Clarksville, Tennessee","South",185349,"https://crimeinsight.tbi.tn.gov/public/View/dispview.aspx",1,"Crime Data Explorer","Open Source","March 2026",TRUE,"2026-05-18 11:01:22 EDT"
2026-02-01,"Cleveland","Ohio","Cleveland, Ohio","Cleveland, OH","Cleveland, Ohio","Midwest",362762,"https://ocjs.ohio.gov/",1,"State UCR","Provided by State UCR Program","February 2026",FALSE,"2026-05-18 11:01:22 EDT"
2026-03-01,"Clifton","New Jersey","Clifton, New Jersey","Clifton, NJ","Clifton, New Jersey","Northeast",89870,"https://cde.ucr.cjis.gov/LATEST/webapp/#/pages/explorer/crime/crime-trend",1,"Crime Data Explorer","Open Source","March 2026",TRUE,"2026-05-18 11:01:22 EDT"
2026-03-01,"Clinton Township","Michigan","Clinton Township, Michigan","Clinton Township, MI","Clinton Township, Michigan","Midwest",99056,"https://www.michigan.gov/msp/divisions/cjic/dashboard-portal/crime-dashboard",1,"State UCR","Open Source","March 2026",TRUE,"2026-05-18 11:01:22 EDT"
2026-02-01,"Clovis","California","Clovis, California","Clovis, CA","Clovis, California","West",127560,"https://cde.ucr.cjis.gov/LATEST/webapp/#/pages/explorer/crime/crime-trend",1,"Crime Data Explorer","Open Source","February 2026",FALSE,"2026-05-18 11:01:22 EDT"
2026-03-01,"Coeur D Alene","Idaho","Coeur D Alene, Idaho","Coeur D Alene, ID","Coeur D Alene, Idaho","West",57561,"https://nibrs.isp.idaho.gov/CrimeInIdaho/AdvancedSearch/AdvancedSearch",1,"State UCR","Open Source","March 2026",TRUE,"2026-05-18 11:01:22 EDT"
2026-03-01,"Colerain Township","Ohio","Colerain Township, Ohio","Colerain Township, OH","Colerain Township, Ohio","Midwest",58402,"https://ocjs.ohio.gov/",1,"State UCR","Provided by State UCR Program","March 2026",TRUE,"2026-05-18 11:01:22 EDT"
2026-03-01,"College Station","Texas","College Station, Texas","College Station, TX","College Station, Texas","South",126702,"https://txucr.nibrs.com/SRSReport/CrimeTrends",1,"State UCR","Open Source","March 2026",TRUE,"2026-05-18 11:01:22 EDT"
2026-03-01,"Collierville","Tennessee","Collierville, Tennessee","Collierville, TN","Collierville, Tennessee","South",51312,"https://crimeinsight.tbi.tn.gov/public/View/dispview.aspx",1,"Crime Data Explorer","Open Source","March 2026",TRUE,"2026-05-18 11:01:22 EDT"
2026-03-01,"Collin County","Texas","Collin County, Texas","Collin County, TX","Collin County, Texas","South",118730,"https://txucr.nibrs.com/SRSReport/CrimeTrends",1,"State UCR","Agency Aggregated","March 2026",TRUE,"2026-05-18 11:01:22 EDT"
2026-03-01,"Colonie Town","New York","Colonie Town, New York","Colonie Town, NY","Colonie Town, New York","Northeast",81226,"https://cde.ucr.cjis.gov/LATEST/webapp/#/pages/explorer/crime/crime-trend",1,"Crime Data Explorer","Open Source","March 2026",TRUE,"2026-05-18 11:01:22 EDT"
2026-03-01,"Colorado Springs","Colorado","Colorado Springs, Colorado","Colorado Springs, CO","Colorado Springs, Colorado","West",491474,"https://coloradocrimestats.state.co.us/public/View/dispview.aspx",1,"State UCR","Open Source","March 2026",TRUE,"2026-05-18 11:01:22 EDT"
2026-03-01,"Columbia","Missouri","Columbia, Missouri","Columbia, MO","Columbia, Missouri","Midwest",130354,"https://showmecrime.mo.gov/",1,"State UCR","Open Source","March 2026",TRUE,"2026-05-18 11:01:22 EDT"
2026-03-01,"Columbus","Ohio","Columbus, Ohio","Columbus, OH","Columbus, Ohio","Midwest",888169,"https://ocjs.ohio.gov/",1,"State UCR","Provided by State UCR Program","March 2026",TRUE,"2026-05-18 11:01:22 EDT"
2026-03-01,"Comal County","Texas","Comal County, Texas","Comal County, TX","Comal County, Texas","South",100029,"https://txucr.nibrs.com/SRSReport/CrimeTrends",1,"State UCR","Agency Aggregated","March 2026",TRUE,"2026-05-18 11:01:22 EDT"
2026-02-01,"Commerce City","Colorado","Commerce City, Colorado","Commerce City, CO","Commerce City, Colorado","West",70170,"https://coloradocrimestats.state.co.us/public/View/dispview.aspx",1,"State UCR","Open Source","February 2026",FALSE,"2026-05-18 11:01:22 EDT"
2026-02-01,"Concord","California","Concord, California","Concord, CA","Concord, California","West",121341,"https://www.cityofconcord.org/1197/2024-Crime-Statistics",1,"Agency Aggregated","Open Source","February 2026",FALSE,"2026-05-18 11:01:22 EDT"
2026-03-01,"Concord","North Carolina","Concord, North Carolina","Concord, NC","Concord, North Carolina","South",111922,"From NC",1,"State UCR","Provided by State UCR Program","March 2026",TRUE,"2026-05-18 11:01:22 EDT"
2026-03-01,"Conroe","Texas","Conroe, Texas","Conroe, TX","Conroe, Texas","South",114592,"https://txucr.nibrs.com/SRSReport/CrimeTrends",1,"State UCR","Open Source","March 2026",TRUE,"2026-05-18 11:01:22 EDT"
2026-03-01,"Conway","Arkansas","Conway, Arkansas","Conway, AR","Conway, Arkansas","South",71417,"https://cde.ucr.cjis.gov/LATEST/webapp/#/pages/explorer/crime/crime-trend",1,"Crime Data Explorer","Open Source","March 2026",TRUE,"2026-05-18 11:01:22 EDT"
2026-03-01,"Coon Rapids","Minnesota","Coon Rapids, Minnesota","Coon Rapids, MN","Coon Rapids, Minnesota","Midwest",63308,"https://cde.state.mn.us/",1,"State UCR","Open Source","March 2026",TRUE,"2026-05-18 11:01:22 EDT"
2026-03-01,"Corona","California","Corona, California","Corona, CA","Corona, California","West",161174,"https://cde.ucr.cjis.gov/LATEST/webapp/#/pages/explorer/crime/crime-trend",1,"Crime Data Explorer","Open Source","March 2026",TRUE,"2026-05-18 11:01:22 EDT"
2025-12-01,"Corpus Christi","Texas","Corpus Christi, Texas","Corpus Christi, TX","Corpus Christi, Texas","South",316108,"https://txucr.nibrs.com/SRSReport/CrimeTrends",1,"State UCR","Open Source","December 2025",FALSE,"2026-05-18 11:01:22 EDT"
2026-02-01,"Corvallis","Oregon","Corvallis, Oregon","Corvallis, OR","Corvallis, Oregon","West",61474,"https://www.oregon.gov/osp/pages/uniform-crime-reporting-data.aspx",1,"State UCR","Open Source","February 2026",FALSE,"2026-05-18 11:01:22 EDT"
2026-03-01,"Council Bluffs","Iowa","Council Bluffs, Iowa","Council Bluffs, IA","Council Bluffs, Iowa","Midwest",62269,"From IA",1,"Crime Data Explorer","Provided by Agency","March 2026",TRUE,"2026-05-18 11:01:22 EDT"
2026-03-01,"Cranston","Rhode Island","Cranston, Rhode Island","Cranston, RI","Cranston, Rhode Island","Northeast",83815,"https://riucr.nibrs.com/AdvancedSearch/AdvancedSearch",1,"State UCR","Open Source","March 2026",TRUE,"2026-05-18 11:01:22 EDT"
2026-03-01,"Cuyahoga Falls","Ohio","Cuyahoga Falls, Ohio","Cuyahoga Falls, OH","Cuyahoga Falls, Ohio","Midwest",50639,"https://ocjs.ohio.gov/",1,"State UCR","Provided by State UCR Program","March 2026",FALSE,"2026-05-18 11:01:22 EDT"
2026-03-01,"Dallas","Texas","Dallas, Texas","Dallas, TX","Dallas, Texas","South",1238096,"https://txucr.nibrs.com/SRSReport/CrimeTrends",1,"State UCR","Open Source","March 2026",TRUE,"2026-05-18 11:01:22 EDT"
2026-02-01,"Daly City","California","Daly City, California","Daly City, CA","Daly City, California","West",98217,"https://cde.ucr.cjis.gov/LATEST/webapp/#/pages/explorer/crime/crime-trend",1,"Crime Data Explorer","Open Source","February 2026",FALSE,"2026-05-18 11:01:22 EDT"
2026-02-01,"Danbury","Connecticut","Danbury, Connecticut","Danbury, CT","Danbury, Connecticut","Northeast",86257,"https://ct.beyond2020.com/ct_public/Dim/dimension.aspx",1,"State UCR","Open Source","February 2026",FALSE,"2026-05-18 11:01:22 EDT"
2026-03-01,"Davenport","Iowa","Davenport, Iowa","Davenport, IA","Davenport, Iowa","Midwest",99926,"From IA",1,"Crime Data Explorer","Provided by Agency","March 2026",TRUE,"2026-05-18 11:01:22 EDT"
2026-03-01,"Davidson County","North Carolina","Davidson County, North Carolina","Davidson County, NC","Davidson County, North Carolina","South",123983,"From NC",1,"State UCR","Provided by State UCR Program","March 2026",FALSE,"2026-05-18 11:01:22 EDT"
2026-03-01,"Davis","California","Davis, California","Davis, CA","Davis, California","West",65483,"https://cde.ucr.cjis.gov/LATEST/webapp/#/pages/explorer/crime/crime-trend",1,"Crime Data Explorer","Open Source","March 2026",TRUE,"2026-05-18 11:01:22 EDT"
2026-03-01,"Dayton","Ohio","Dayton, Ohio","Dayton, OH","Dayton, Ohio","Midwest",134857,"https://ocjs.ohio.gov/",1,"State UCR","Provided by State UCR Program","March 2026",TRUE,"2026-05-18 11:01:22 EDT"
2026-03-01,"Dearborn Heights","Michigan","Dearborn Heights, Michigan","Dearborn Heights, MI","Dearborn Heights, Michigan","Midwest",60148,"https://www.michigan.gov/msp/divisions/cjic/dashboard-portal/crime-dashboard",1,"Crime Data Explorer","Open Source","March 2026",TRUE,"2026-05-18 11:01:22 EDT"
2026-03-01,"Dearborn","Michigan","Dearborn, Michigan","Dearborn, MI","Dearborn, Michigan","Midwest",104571,"https://www.michigan.gov/msp/divisions/cjic/dashboard-portal/crime-dashboard",1,"Crime Data Explorer","Open Source","March 2026",TRUE,"2026-05-18 11:01:22 EDT"
2026-03-01,"Decatur","Illinois","Decatur, Illinois","Decatur, IL","Decatur, Illinois","Midwest",67934,"https://ilucr.nibrs.com/AdvancedSearch/AdvancedSearch",1,"State UCR","Open Source","March 2026",TRUE,"2026-05-18 11:01:22 EDT"
2026-03-01,"Delaware County","Ohio","Delaware County, Ohio","Delaware County, OH","Delaware County, Ohio","Midwest",108391,"From OH",1,"State UCR","Provided by State UCR Program","March 2026",FALSE,"2026-05-18 11:01:22 EDT"
2026-03-01,"Denton","Texas","Denton, Texas","Denton, TX","Denton, Texas","South",164565,"https://txucr.nibrs.com/SRSReport/CrimeTrends",1,"State UCR","Open Source","March 2026",TRUE,"2026-05-18 11:01:22 EDT"
2026-03-01,"Denton County","Texas","Denton County, Texas","Denton County, TX","Denton County, Texas","South",167921,"https://txucr.nibrs.com/SRSReport/CrimeTrends",1,"State UCR","Open Source","March 2026",TRUE,"2026-05-18 11:01:22 EDT"
2026-03-01,"Denver","Colorado","Denver, Colorado","Denver, CO","Denver, Colorado","West",722031,"https://coloradocrimestats.state.co.us/public/View/dispview.aspx",1,"State UCR","Open Source","March 2026",TRUE,"2026-05-18 11:01:22 EDT"
2026-03-01,"Des Moines","Iowa","Des Moines, Iowa","Des Moines, IA","Des Moines, Iowa","Midwest",209040,"From IA",1,"Crime Data Explorer","Provided by Agency","March 2026",TRUE,"2026-05-18 11:01:22 EDT"
2026-01-01,"Des Plaines","Illinois","Des Plaines, Illinois","Des Plaines, IL","Des Plaines, Illinois","Midwest",57218,"https://ilucr.nibrs.com/AdvancedSearch/AdvancedSearch",1,"State UCR","Open Source","January 2026",FALSE,"2026-05-18 11:01:22 EDT"
2026-03-01,"Desoto","Texas","Desoto, Texas","Desoto, TX","Desoto, Texas","South",56488,"https://txucr.nibrs.com/SRSReport/CrimeTrends",1,"State UCR","Open Source","March 2026",TRUE,"2026-05-18 11:01:22 EDT"
2026-03-01,"Detroit","Michigan","Detroit, Michigan","Detroit, MI","Detroit, Michigan","Midwest",651171,"https://data.detroitmi.gov/datasets/rms-crime-incidents",1,"Agency RMS","Open Source","March 2026",TRUE,"2026-05-18 11:01:22 EDT"
2026-03-01,"Douglas County","Colorado","Douglas County, Colorado","Douglas County, CO","Douglas County, Colorado","West",227807,"https://coloradocrimestats.state.co.us/public/View/dispview.aspx",1,"State UCR","Open Source","March 2026",TRUE,"2026-05-18 11:01:22 EDT"
2026-03-01,"Douglas County","Nebraska","Douglas County, Nebraska","Douglas County, NE","Douglas County, Nebraska","Midwest",103973,"https://crimestats.ne.gov/public/View/RSReport.aspx?ReportId=1082",1,"State UCR","Agency Aggregated","March 2026",TRUE,"2026-05-18 11:01:22 EDT"
2026-03-01,"Draper","Utah","Draper, Utah","Draper, UT","Draper, Utah","West",45672,"https://bci.utah.gov/crime-in-utah-dashboards/",1,"Crime Data Explorer","Open Source","March 2026",TRUE,"2026-05-18 11:01:22 EDT"
2026-03-01,"Dublin","Ohio","Dublin, Ohio","Dublin, OH","Dublin, Ohio","Midwest",40056,"https://ocjs.ohio.gov/",1,"State UCR","Provided by State UCR Program","March 2026",TRUE,"2026-05-18 11:01:22 EDT"
2026-01-01,"Dubuque","Iowa","Dubuque, Iowa","Dubuque, IA","Dubuque, Iowa","Midwest",58620,"From IA",1,"Crime Data Explorer","Provided by Agency","January 2026",FALSE,"2026-05-18 11:01:22 EDT"
2026-03-01,"Duluth","Minnesota","Duluth, Minnesota","Duluth, MN","Duluth, Minnesota","Midwest",88003,"https://cde.state.mn.us/",1,"State UCR","Open Source","March 2026",TRUE,"2026-05-18 11:01:22 EDT"
2026-03-01,"Dunwoody","Georgia","Dunwoody, Georgia","Dunwoody, GA","Dunwoody, Georgia","South",51752,"https://www.dunwoodyga.gov/police/crime-info-stats/crime-comparison",1,"Agency Aggregated","Open Source","March 2026",TRUE,"2026-05-18 11:01:22 EDT"
2026-03-01,"Durham","North Carolina","Durham, North Carolina","Durham, NC","Durham, North Carolina","South",299779,"From NC",1,"State UCR","Provided by State UCR Program","March 2026",TRUE,"2026-05-18 11:01:22 EDT"
2026-02-01,"Eagan","Minnesota","Eagan, Minnesota","Eagan, MN","Eagan, Minnesota","Midwest",66956,"https://cde.state.mn.us/",1,"State UCR","Open Source","February 2026",FALSE,"2026-05-18 11:01:22 EDT"
2026-02-01,"East Baton Rouge Parish","Louisiana","East Baton Rouge Parish, Louisiana","East Baton Rouge Parish, LA","East Baton Rouge Parish, Louisiana","South",201319,"https://data.brla.gov/Public-Safety/EBR-Sheriff-s-Office-Crime-Incidents/7y8j-nrht/explore/query/SELECT%0A%20%20%60incident_number%60%2C%0A%20%20%60charge_id%60%2C%0A%20%20%60charge_date%60%2C%0A%20%20%60report_date%60%2C%0A%20%20%60approved_date%60%2C%0A%20%20%60attempted_committed%60%2C%0A%20%20%60street%60%2C%0A%20%20%60street_2%60%2C%0A%20%20%60city%60%2C%0A%20%20%60state%60%2C%0A%20%20%60postal_code%60%2C%0A%20%20%60district%60%2C%0A%20%20%60zone%60%2C%0A%20%20%60sub_zone%60%2C%0A%20%20%60statute_title%60%2C%0A%20%20%60statute_description%60%2C%0A%20%20%60statute_category%60%2C%0A%20%20%60crime_against%60%2C%0A%20%20%60nibrs_code%60%2C%0A%20%20%60offense_description%60%2C%0A%20%20%60census_block_group%60%2C%0A%20%20%60council_district%60%2C%0A%20%20%60crime_prevention_district%60%2C%0A%20%20%60neighborhood%60%2C%0A%20%20%60longitude%60%2C%0A%20%20%60latitude%60%2C%0A%20%20%60geolocation%60%0AORDER%20BY%20%60report_date%60%20DESC%20NULL%20FIRST/page/filter",1,"Agency RMS","Open Source","February 2026",FALSE,"2026-05-18 11:01:22 EDT"
2026-03-01,"East Hartford","Connecticut","East Hartford, Connecticut","East Hartford, CT","East Hartford, Connecticut","Northeast",50584,"https://ct.beyond2020.com/ct_public/Dim/dimension.aspx",1,"State UCR","Open Source","March 2026",TRUE,"2026-05-18 11:01:22 EDT"
2026-03-01,"Eau Claire","Wisconsin","Eau Claire, Wisconsin","Eau Claire, WI","Eau Claire, Wisconsin","Midwest",68631,"From WI",1,"State UCR","Provided by State UCR Program","March 2026",TRUE,"2026-05-18 11:01:22 EDT"
2026-03-01,"Eden Prairie","Minnesota","Eden Prairie, Minnesota","Eden Prairie, MN","Eden Prairie, Minnesota","Midwest",61511,"https://cde.state.mn.us/",1,"State UCR","Open Source","March 2026",TRUE,"2026-05-18 11:01:22 EDT"
2026-03-01,"Edina","Minnesota","Edina, Minnesota","Edina, MN","Edina, Minnesota","Midwest",53347,"https://cde.state.mn.us/",1,"State UCR","Open Source","March 2026",TRUE,"2026-05-18 11:01:22 EDT"
2026-03-01,"Edinburg","Texas","Edinburg, Texas","Edinburg, TX","Edinburg, Texas","South",107552,"https://txucr.nibrs.com/SRSReport/CrimeTrends",1,"State UCR","Open Source","March 2026",TRUE,"2026-05-18 11:01:22 EDT"
2026-03-01,"Edmond","Oklahoma","Edmond, Oklahoma","Edmond, OK","Edmond, Oklahoma","South",99249,"https://cde.ucr.cjis.gov/LATEST/webapp/#/pages/explorer/crime/crime-trend",1,"Crime Data Explorer","Open Source","March 2026",TRUE,"2026-05-18 11:01:22 EDT"
2026-03-01,"El Cajon","California","El Cajon, California","El Cajon, CA","El Cajon, California","West",101983,"https://crimestats.arjis.org/default.aspx",1,"Agency Aggregated","Open Source","March 2026",TRUE,"2026-05-18 11:01:22 EDT"
2026-03-01,"El Dorado County","California","El Dorado County, California","El Dorado County, CA","El Dorado County, California","West",164075,"https://cde.ucr.cjis.gov/LATEST/webapp/#/pages/explorer/crime/crime-trend",1,"Crime Data Explorer","Open Source","March 2026",TRUE,"2026-05-18 11:01:22 EDT"
2026-03-01,"El Monte","California","El Monte, California","El Monte, CA","El Monte, California","West",102088,"https://cde.ucr.cjis.gov/LATEST/webapp/#/pages/explorer/crime/crime-trend",1,"Crime Data Explorer","Open Source","March 2026",TRUE,"2026-05-18 11:01:22 EDT"
2026-03-01,"El Paso County","Colorado","El Paso County, Colorado","El Paso County, CO","El Paso County, Colorado","West",213641,"https://coloradocrimestats.state.co.us/public/View/dispview.aspx",1,"State UCR","Open Source","March 2026",TRUE,"2026-05-18 11:01:22 EDT"
2026-03-01,"El Paso","Texas","El Paso, Texas","El Paso, TX","El Paso, Texas","South",678860,"https://txucr.nibrs.com/SRSReport/CrimeTrends",1,"State UCR","Open Source","March 2026",TRUE,"2026-05-18 11:01:22 EDT"
2026-03-01,"El Paso County","Texas","El Paso County, Texas","El Paso County, TX","El Paso County, Texas","South",122484,"https://txucr.nibrs.com/SRSReport/CrimeTrends",1,"State UCR","Open Source","March 2026",TRUE,"2026-05-18 11:01:22 EDT"
2026-03-01,"Elizabeth","New Jersey","Elizabeth, New Jersey","Elizabeth, NJ","Elizabeth, New Jersey","Northeast",138500,"https://cde.ucr.cjis.gov/LATEST/webapp/#/pages/explorer/crime/crime-trend",1,"Crime Data Explorer","Open Source","March 2026",TRUE,"2026-05-18 11:01:22 EDT"
2026-03-01,"Elk Grove","California","Elk Grove, California","Elk Grove, CA","Elk Grove, California","West",179074,"https://cde.ucr.cjis.gov/LATEST/webapp/#/pages/explorer/crime/crime-trend",1,"Crime Data Explorer","Open Source","March 2026",TRUE,"2026-05-18 11:01:22 EDT"
2025-11-01,"Elkhart","Indiana","Elkhart, Indiana","Elkhart, IN","Elkhart, Indiana","Midwest",53357,"https://cde.state.mn.us/",1,"Crime Data Explorer","Open Source","November 2025",FALSE,"2026-05-18 11:01:22 EDT"
2026-03-01,"Elyria","Ohio","Elyria, Ohio","Elyria, OH","Elyria, Ohio","Midwest",53263,"https://ocjs.ohio.gov/",1,"State UCR","Provided by State UCR Program","March 2026",TRUE,"2026-05-18 11:01:22 EDT"
2026-03-01,"Enid","Oklahoma","Enid, Oklahoma","Enid, OK","Enid, Oklahoma","South",50382,"https://cde.ucr.cjis.gov/LATEST/webapp/#/pages/explorer/crime/crime-trend",1,"Crime Data Explorer","Open Source","March 2026",TRUE,"2026-05-18 11:01:22 EDT"
2026-03-01,"Erie","Pennsylvania","Erie, Pennsylvania","Erie, PA","Erie, Pennsylvania","Northeast",92379,"https://www.ucr.pa.gov/PAUCRSPUBLIC/SRSReport/CrimeTrends",1,"State UCR","Open Source","March 2026",TRUE,"2026-05-18 11:01:22 EDT"
2026-03-01,"Escondido","California","Escondido, California","Escondido, CA","Escondido, California","West",147170,"https://crimestats.arjis.org/default.aspx",1,"Agency Aggregated","Open Source","March 2026",TRUE,"2026-05-18 11:01:22 EDT"
2026-02-01,"Euclid","Ohio","Euclid, Ohio","Euclid, OH","Euclid, Ohio","Midwest",48176,"https://ocjs.ohio.gov/",1,"State UCR","Provided by State UCR Program","February 2026",FALSE,"2026-05-18 11:01:22 EDT"
2026-03-01,"Eugene","Oregon","Eugene, Oregon","Eugene, OR","Eugene, Oregon","West",178057,"https://www.oregon.gov/osp/pages/uniform-crime-reporting-data.aspx",1,"State UCR","Open Source","March 2026",TRUE,"2026-05-18 11:01:22 EDT"
2026-03-01,"Euless","Texas","Euless, Texas","Euless, TX","Euless, Texas","South",59230,"https://txucr.nibrs.com/SRSReport/CrimeTrends",1,"State UCR","Open Source","March 2026",TRUE,"2026-05-18 11:01:22 EDT"
2026-03-01,"Evanston","Illinois","Evanston, Illinois","Evanston, IL","Evanston, Illinois","Midwest",74178,"https://ilucr.nibrs.com/AdvancedSearch/AdvancedSearch",1,"State UCR","Open Source","March 2026",TRUE,"2026-05-18 11:01:22 EDT"
2026-02-01,"Evansville","Indiana","Evansville, Indiana","Evansville, IN","Evansville, Indiana","Midwest",114660,"https://cde.state.mn.us/",1,"Crime Data Explorer","Open Source","February 2026",FALSE,"2026-05-18 11:01:22 EDT"
2026-02-01,"Everett","Massachusetts","Everett, Massachusetts","Everett, MA","Everett, Massachusetts","Northeast",51744,"https://www.mass.gov/crime-statistics",1,"State UCR","Provided by State UCR Program","February 2026",FALSE,"2026-05-18 11:01:22 EDT"
2026-02-01,"Everett","Washington","Everett, Washington","Everett, WA","Everett, Washington","West",111276,"https://data.everettwa.gov/Safe-Community/Police-Cases/szww-y224/about_data",1,"Agency RMS","Agency RMS","February 2026",FALSE,"2026-05-18 11:01:22 EDT"
2025-11-01,"Fairfax County","Virginia","Fairfax County, Virginia","Fairfax County, VA","Fairfax County, Virginia","South",1107151,"From VA",1,"State UCR","Provided by State UCR Program","November 2025",FALSE,"2026-05-18 11:01:22 EDT"
2026-03-01,"Fairfield","California","Fairfield, California","Fairfield, CA","Fairfield, California","West",121082,"https://cde.ucr.cjis.gov/LATEST/webapp/#/pages/explorer/crime/crime-trend",1,"Crime Data Explorer","Open Source","March 2026",TRUE,"2026-05-18 11:01:22 EDT"
2026-03-01,"Fairfield","Connecticut","Fairfield, Connecticut","Fairfield, CT","Fairfield, Connecticut","Northeast",64098,"https://ct.beyond2020.com/ct_public/Dim/dimension.aspx",1,"State UCR","Open Source","March 2026",TRUE,"2026-05-18 11:01:22 EDT"
2026-03-01,"Fall River","Massachusetts","Fall River, Massachusetts","Fall River, MA","Fall River, Massachusetts","Northeast",95573,"https://www.mass.gov/crime-statistics",1,"State UCR","Provided by State UCR Program","March 2026",TRUE,"2026-05-18 11:01:22 EDT"
2026-03-01,"Fargo","North Dakota","Fargo, North Dakota","Fargo, ND","Fargo, North Dakota","Midwest",135682,"https://crimestats.nd.gov/public/View/RSReport.aspx?ReportId=94",1,"State UCR","Open Source","March 2026",TRUE,"2026-05-18 11:01:22 EDT"
2026-03-01,"Farmington Hills","Michigan","Farmington Hills, Michigan","Farmington Hills, MI","Farmington Hills, Michigan","Midwest",82116,"https://www.michigan.gov/msp/divisions/cjic/dashboard-portal/crime-dashboard",1,"Crime Data Explorer","Open Source","March 2026",TRUE,"2026-05-18 11:01:22 EDT"
2026-02-01,"Fayetteville","North Carolina","Fayetteville, North Carolina","Fayetteville, NC","Fayetteville, North Carolina","South",209945,"From NC",1,"State UCR","Provided by State UCR Program","February 2026",FALSE,"2026-05-18 11:01:22 EDT"
2026-03-01,"Fayetteville","Arkansas","Fayetteville, Arkansas","Fayetteville, AR","Fayetteville, Arkansas","South",104089,"https://cde.ucr.cjis.gov/LATEST/webapp/#/pages/explorer/crime/crime-trend",1,"Crime Data Explorer","Open Source","March 2026",TRUE,"2026-05-18 11:01:22 EDT"
2026-03-01,"Fishers","Indiana","Fishers, Indiana","Fishers, IN","Fishers, Indiana","Midwest",105680,"https://cde.state.mn.us/",1,"Crime Data Explorer","Open Source","March 2026",TRUE,"2026-05-18 11:01:22 EDT"
2025-12-01,"Flagstaff","Arizona","Flagstaff, Arizona","Flagstaff, AZ","Flagstaff, Arizona","West",76433,"https://azcrimestatistics.azdps.gov/",1,"State UCR","Open Source","December 2025",FALSE,"2026-05-18 11:01:22 EDT"
2026-03-01,"Florissant","Missouri","Florissant, Missouri","Florissant, MO","Florissant, Missouri","Midwest",50695,"https://showmecrime.mo.gov/",1,"State UCR","Open Source","March 2026",FALSE,"2026-05-18 11:01:22 EDT"
2026-03-01,"Flower Mound","Texas","Flower Mound, Texas","Flower Mound, TX","Flower Mound, Texas","South",79784,"https://txucr.nibrs.com/SRSReport/CrimeTrends",1,"State UCR","Open Source","March 2026",TRUE,"2026-05-18 11:01:22 EDT"
2026-03-01,"Folsom","California","Folsom, California","Folsom, CA","Folsom, California","West",86152,"https://cde.ucr.cjis.gov/LATEST/webapp/#/pages/explorer/crime/crime-trend",1,"Crime Data Explorer","Open Source","March 2026",TRUE,"2026-05-18 11:01:22 EDT"
2026-03-01,"Fontana","California","Fontana, California","Fontana, CA","Fontana, California","West",217605,"https://www.fontanaca.gov/CivicAlerts.aspx?CID=32",1,"Agency Aggregated","Open Source","March 2026",TRUE,"2026-05-18 11:01:22 EDT"
2026-03-01,"Forsyth County","Georgia","Forsyth County, Georgia","Forsyth County, GA","Forsyth County, Georgia","South",270757,"https://cde.ucr.cjis.gov/LATEST/webapp/#/pages/explorer/crime/crime-trend",1,"Crime Data Explorer","Open Source","March 2026",TRUE,"2026-05-18 11:01:22 EDT"
2026-03-01,"Forsyth County","North Carolina","Forsyth County, North Carolina","Forsyth County, NC","Forsyth County, North Carolina","South",115696,"From NC",1,"State UCR","Provided by State UCR Program","March 2026",TRUE,"2026-05-18 11:01:22 EDT"
2026-03-01,"Fort Bend County","Texas","Fort Bend County, Texas","Fort Bend County, TX","Fort Bend County, Texas","South",614384,"https://txucr.nibrs.com/SRSReport/CrimeTrends",1,"State UCR","Open Source","March 2026",TRUE,"2026-05-18 11:01:22 EDT"
2026-03-01,"Fort Collins","Colorado","Fort Collins, Colorado","Fort Collins, CO","Fort Collins, Colorado","West",170509,"https://coloradocrimestats.state.co.us/public/View/dispview.aspx",1,"State UCR","Open Source","March 2026",TRUE,"2026-05-18 11:01:22 EDT"
2026-03-01,"Fort Smith","Arkansas","Fort Smith, Arkansas","Fort Smith, AR","Fort Smith, Arkansas","South",89977,"https://cde.ucr.cjis.gov/LATEST/webapp/#/pages/explorer/crime/crime-trend",1,"Crime Data Explorer","Open Source","March 2026",TRUE,"2026-05-18 11:01:22 EDT"
2026-01-01,"Fort Wayne","Indiana","Fort Wayne, Indiana","Fort Wayne, IN","Fort Wayne, Indiana","Midwest",271892,"https://www.fwpd.org/crime-statistics",1,"Agency Aggregated","Provided by State UCR Program","January 2026",FALSE,"2026-05-18 11:01:22 EDT"
2026-03-01,"Fort Worth","Texas","Fort Worth, Texas","Fort Worth, TX","Fort Worth, Texas","South",976839,"https://txucr.nibrs.com/SRSReport/CrimeTrends",1,"State UCR","Open Source","March 2026",TRUE,"2026-05-18 11:01:22 EDT"
2026-03-01,"Fountain Valley","California","Fountain Valley, California","Fountain Valley, CA","Fountain Valley, California","West",54975,"https://cde.ucr.cjis.gov/LATEST/webapp/#/pages/explorer/crime/crime-trend",1,"Crime Data Explorer","Open Source","March 2026",TRUE,"2026-05-18 11:01:22 EDT"
2025-12-01,"Framingham","Massachusetts","Framingham, Massachusetts","Framingham, MA","Framingham, Massachusetts","Northeast",73123,"https://www.mass.gov/crime-statistics",1,"State UCR","Provided by State UCR Program","December 2025",FALSE,"2026-05-18 11:01:22 EDT"
2026-03-01,"Franklin","Tennessee","Franklin, Tennessee","Franklin, TN","Franklin, Tennessee","South",90077,"https://crimeinsight.tbi.tn.gov/public/View/dispview.aspx",1,"Crime Data Explorer","Open Source","March 2026",TRUE,"2026-05-18 11:01:22 EDT"
2025-01-01,"Fremont","California","Fremont, California","Fremont, CA","Fremont, California","West",224820,"https://www.fremontpolice.gov/",1,"Agency Aggregated","Provided by Agency","January 2025",FALSE,"2026-05-18 11:01:22 EDT"
2026-03-01,"Fresno","California","Fresno, California","Fresno, CA","Fresno, California","West",546722,"https://cde.ucr.cjis.gov/LATEST/webapp/#/pages/explorer/crime/crime-trend",1,"Crime Data Explorer","Open Source","March 2026",TRUE,"2026-05-18 11:01:22 EDT"
2026-03-01,"Frisco","Texas","Frisco, Texas","Frisco, TX","Frisco, Texas","South",138099,"https://txucr.nibrs.com/SRSReport/CrimeTrends",1,"State UCR","Open Source","March 2026",TRUE,"2026-05-18 11:01:22 EDT"
2026-03-01,"Fullerton","California","Fullerton, California","Fullerton, CA","Fullerton, California","West",137942,"https://cde.ucr.cjis.gov/LATEST/webapp/#/pages/explorer/crime/crime-trend",1,"Crime Data Explorer","Open Source","March 2026",TRUE,"2026-05-18 11:01:22 EDT"
2026-03-01,"Galveston","Texas","Galveston, Texas","Galveston, TX","Galveston, Texas","South",53100,"https://txucr.nibrs.com/SRSReport/CrimeTrends",1,"State UCR","Open Source","March 2026",TRUE,"2026-05-18 11:01:22 EDT"
2026-03-01,"Gardena","California","Gardena, California","Gardena, CA","Gardena, California","West",57584,"https://cde.ucr.cjis.gov/LATEST/webapp/#/pages/explorer/crime/crime-trend",1,"Crime Data Explorer","Open Source","March 2026",TRUE,"2026-05-18 11:01:22 EDT"
2026-03-01,"Garland","Texas","Garland, Texas","Garland, TX","Garland, Texas","South",246096,"https://txucr.nibrs.com/SRSReport/CrimeTrends",1,"State UCR","Open Source","March 2026",TRUE,"2026-05-18 11:01:22 EDT"
2026-03-01,"Gastonia","North Carolina","Gastonia, North Carolina","Gastonia, NC","Gastonia, North Carolina","South",85112,"From NC",1,"State UCR","Provided by State UCR Program","March 2026",TRUE,"2026-05-18 11:01:22 EDT"
2026-03-01,"Georgetown","Texas","Georgetown, Texas","Georgetown, TX","Georgetown, Texas","South",89481,"https://txucr.nibrs.com/SRSReport/CrimeTrends",1,"State UCR","Open Source","March 2026",TRUE,"2026-05-18 11:01:22 EDT"
2026-03-01,"Gilbert","Arizona","Gilbert, Arizona","Gilbert, AZ","Gilbert, Arizona","West",277527,"https://azcrimestatistics.azdps.gov/",1,"State UCR","Open Source","March 2026",TRUE,"2026-05-18 11:01:22 EDT"
2026-03-01,"Gilroy","California","Gilroy, California","Gilroy, CA","Gilroy, California","West",57877,"https://cde.ucr.cjis.gov/LATEST/webapp/#/pages/explorer/crime/crime-trend",1,"Crime Data Explorer","Open Source","March 2026",TRUE,"2026-05-18 11:01:22 EDT"
2026-02-01,"Glendale","Arizona","Glendale, Arizona","Glendale, AZ","Glendale, Arizona","West",255512,"https://azcrimestatistics.azdps.gov/",1,"State UCR","Open Source","February 2026",FALSE,"2026-05-18 11:01:22 EDT"
2026-03-01,"Glendale","California","Glendale, California","Glendale, CA","Glendale, California","West",184180,"https://cde.ucr.cjis.gov/LATEST/webapp/#/pages/explorer/crime/crime-trend",1,"Agency Aggregated","Open Source","March 2026",TRUE,"2026-05-18 11:01:22 EDT"
2026-03-01,"Goodyear","Arizona","Goodyear, Arizona","Goodyear, AZ","Goodyear, Arizona","West",116892,"https://azcrimestatistics.azdps.gov/",1,"State UCR","Open Source","March 2026",TRUE,"2026-05-18 11:01:22 EDT"
2026-03-01,"Grand Forks","North Dakota","Grand Forks, North Dakota","Grand Forks, ND","Grand Forks, North Dakota","Midwest",58848,"https://crimestats.nd.gov/public/View/RSReport.aspx?ReportId=94",1,"State UCR","Open Source","March 2026",TRUE,"2026-05-18 11:01:22 EDT"
2026-03-01,"Grand Island","Nebraska","Grand Island, Nebraska","Grand Island, NE","Grand Island, Nebraska","Midwest",52488,"https://crimestats.ne.gov/public/View/RSReport.aspx?ReportId=1082",1,"State UCR","Open Source","March 2026",TRUE,"2026-05-18 11:01:22 EDT"
2026-03-01,"Grand Junction","Colorado","Grand Junction, Colorado","Grand Junction, CO","Grand Junction, Colorado","West",70686,"https://coloradocrimestats.state.co.us/public/View/dispview.aspx",1,"State UCR","Open Source","March 2026",TRUE,"2026-05-18 11:01:22 EDT"
2026-03-01,"Grand Prairie","Texas","Grand Prairie, Texas","Grand Prairie, TX","Grand Prairie, Texas","South",131219,"https://txucr.nibrs.com/SRSReport/CrimeTrends",1,"State UCR","Open Source","March 2026",TRUE,"2026-05-18 11:01:22 EDT"
2026-03-01,"Grand Rapids","Michigan","Grand Rapids, Michigan","Grand Rapids, MI","Grand Rapids, Michigan","Midwest",195913,"https://grpd-grandrapids.hub.arcgis.com/",1,"Crime Data Explorer","Open Source","March 2026",TRUE,"2026-05-18 11:01:22 EDT"
2026-03-01,"Grapevine","Texas","Grapevine, Texas","Grapevine, TX","Grapevine, Texas","South",50983,"https://txucr.nibrs.com/SRSReport/CrimeTrends",1,"State UCR","Open Source","March 2026",TRUE,"2026-05-18 11:01:22 EDT"
2026-03-01,"Great Falls","Montana","Great Falls, Montana","Great Falls, MT","Great Falls, Montana","West",60414,"https://cde.ucr.cjis.gov/LATEST/webapp/#/pages/explorer/crime/crime-trend",1,"Crime Data Explorer","Open Source","March 2026",TRUE,"2026-05-18 11:01:22 EDT"
2026-01-01,"Greeley","Colorado","Greeley, Colorado","Greeley, CO","Greeley, Colorado","West",113757,"https://coloradocrimestats.state.co.us/public/View/dispview.aspx",1,"State UCR","Open Source","January 2026",FALSE,"2026-05-18 11:01:22 EDT"
2026-03-01,"Green Bay","Wisconsin","Green Bay, Wisconsin","Green Bay, WI","Green Bay, Wisconsin","Midwest",105240,"From WI",1,"State UCR","Provided by State UCR Program","March 2026",TRUE,"2026-05-18 11:01:22 EDT"
2026-03-01,"Green Township","Ohio","Green Township, Ohio","Green Township, OH","Green Township, Ohio","Midwest",59277,"https://ocjs.ohio.gov/",1,"State UCR","Provided by State UCR Program","March 2026",TRUE,"2026-05-18 11:01:22 EDT"
2025-10-01,"Greensboro","North Carolina","Greensboro, North Carolina","Greensboro, NC","Greensboro, North Carolina","South",304306,"From NC",1,"State UCR","Provided by State UCR Program","October 2025",FALSE,"2026-05-18 11:01:22 EDT"
2026-03-01,"Greenville","North Carolina","Greenville, North Carolina","Greenville, NC","Greenville, North Carolina","South",90871,"From NC",1,"State UCR","Provided by State UCR Program","March 2026",TRUE,"2026-05-18 11:01:22 EDT"
2026-03-01,"Greenville","South Carolina","Greenville, South Carolina","Greenville, SC","Greenville, South Carolina","South",73405,"https://cde.ucr.cjis.gov/LATEST/webapp/#/pages/explorer/crime/crime-trend",1,"Crime Data Explorer","Open Source","March 2026",TRUE,"2026-05-18 11:01:22 EDT"
2026-03-01,"Greenville County","South Carolina","Greenville County, South Carolina","Greenville County, SC","Greenville County, South Carolina","South",385553,"https://cde.ucr.cjis.gov/LATEST/webapp/#/pages/explorer/crime/crime-trend",1,"Crime Data Explorer","Open Source","March 2026",TRUE,"2026-05-18 11:01:22 EDT"
2026-01-01,"Greenwich","Connecticut","Greenwich, Connecticut","Greenwich, CT","Greenwich, Connecticut","Northeast",63651,"https://ct.beyond2020.com/ct_public/Dim/dimension.aspx",1,"State UCR","Open Source","January 2026",FALSE,"2026-05-18 11:01:22 EDT"
2026-03-01,"Greenwood","Indiana","Greenwood, Indiana","Greenwood, IN","Greenwood, Indiana","Midwest",67086,"https://cde.ucr.cjis.gov/LATEST/webapp/#/pages/explorer/crime/crime-trend",1,"Crime Data Explorer","Open Source","March 2026",TRUE,"2026-05-18 11:01:22 EDT"
2026-03-01,"Gresham","Oregon","Gresham, Oregon","Gresham, OR","Gresham, Oregon","West",109452,"https://www.oregon.gov/osp/pages/uniform-crime-reporting-data.aspx",1,"State UCR","Open Source","March 2026",TRUE,"2026-05-18 11:01:22 EDT"
2026-03-01,"Guilford County","North Carolina","Guilford County, North Carolina","Guilford County, NC","Guilford County, North Carolina","South",134375,"From NC",1,"State UCR","Provided by State UCR Program","March 2026",TRUE,"2026-05-18 11:01:22 EDT"
2026-03-01,"Hall County","Georgia","Hall County, Georgia","Hall County, GA","Hall County, Georgia","South",150860,"https://cde.ucr.cjis.gov/LATEST/webapp/#/pages/explorer/crime/crime-trend",1,"Crime Data Explorer","Open Source","March 2026",TRUE,"2026-05-18 11:01:22 EDT"
2025-12-01,"Hamden","Connecticut","Hamden, Connecticut","Hamden, CT","Hamden, Connecticut","Northeast",59908,"https://ct.beyond2020.com/ct_public/Dim/dimension.aspx",1,"State UCR","Open Source","December 2025",FALSE,"2026-05-18 11:01:22 EDT"
2025-12-01,"Hamilton Township","New Jersey","Hamilton Township, New Jersey","Hamilton Township, NJ","Hamilton Township, New Jersey","Northeast",28528,"https://cde.ucr.cjis.gov/LATEST/webapp/#/pages/explorer/crime/crime-trend",1,"Crime Data Explorer","Open Source","December 2025",FALSE,"2026-05-18 11:01:22 EDT"
2026-02-01,"Hamilton County","Ohio","Hamilton County, Ohio","Hamilton County, OH","Hamilton County, Ohio","Midwest",126067,"From OH",1,"State UCR","Provided by State UCR Program","February 2026",FALSE,"2026-05-18 11:01:22 EDT"
2026-03-01,"Hamilton","Ohio","Hamilton, Ohio","Hamilton, OH","Hamilton, Ohio","Midwest",62860,"https://ocjs.ohio.gov/",1,"State UCR","Provided by State UCR Program","March 2026",TRUE,"2026-05-18 11:01:22 EDT"
2026-03-01,"Hamilton County","Tennessee","Hamilton County, Tennessee","Hamilton County, TN","Hamilton County, Tennessee","South",127086,"https://crimeinsight.tbi.tn.gov/public/View/dispview.aspx",1,"State UCR","Open Source","March 2026",TRUE,"2026-05-18 11:01:22 EDT"
2026-02-01,"Hammond","Indiana","Hammond, Indiana","Hammond, IN","Hammond, Indiana","Midwest",75677,"https://cde.state.mn.us/",1,"Crime Data Explorer","Open Source","February 2026",FALSE,"2026-05-18 11:01:22 EDT"
2026-01-01,"Hampton","Virginia","Hampton, Virginia","Hampton, VA","Hampton, Virginia","South",138100,"https://vsp.virginia.gov/",1,"Crime Data Explorer","Provided by State UCR Program","January 2026",FALSE,"2026-05-18 11:01:22 EDT"
2026-02-01,"Hanover County","Virginia","Hanover County, Virginia","Hanover County, VA","Hanover County, Virginia","South",108487,"From VA",1,"State UCR","Provided by State UCR Program","February 2026",FALSE,"2026-05-18 11:01:22 EDT"
2026-03-01,"Harlingen","Texas","Harlingen, Texas","Harlingen, TX","Harlingen, Texas","South",71388,"https://txucr.nibrs.com/SRSReport/CrimeTrends",1,"State UCR","Open Source","March 2026",TRUE,"2026-05-18 11:01:22 EDT"
2026-03-01,"Harris County","Texas","Harris County, Texas","Harris County, TX","Harris County, Texas","South",2151209,"https://txucr.nibrs.com/SRSReport/CrimeTrends",1,"State UCR","Open Source","March 2026",TRUE,"2026-05-18 11:01:22 EDT"
2026-03-01,"Harrisburg","Pennsylvania","Harrisburg, Pennsylvania","Harrisburg, PA","Harrisburg, Pennsylvania","Northeast",49985,"https://www.ucr.pa.gov/PAUCRSPUBLIC/SRSReport/CrimeTrends",1,"State UCR","Open Source","March 2026",TRUE,"2026-05-18 11:01:22 EDT"
2026-03-01,"Harrisonburg","Virginia","Harrisonburg, Virginia","Harrisonburg, VA","Harrisonburg, Virginia","South",51270,"https://vsp.virginia.gov/",1,"Crime Data Explorer","Provided by State UCR Program","March 2026",TRUE,"2026-05-18 11:01:22 EDT"
2026-01-01,"Hartford","Connecticut","Hartford, Connecticut","Hartford, CT","Hartford, Connecticut","Northeast",119626,"https://ct.beyond2020.com/ct_public/Dim/dimension.aspx",1,"State UCR","Open Source","January 2026",FALSE,"2026-05-18 11:01:22 EDT"
2026-03-01,"Haverford","Pennsylvania","Haverford, Pennsylvania","Haverford, PA","Haverford, Pennsylvania","Northeast",50544,"https://www.ucr.pa.gov/PAUCRSPUBLIC/SRSReport/CrimeTrends",1,"State UCR","Open Source","March 2026",TRUE,"2026-05-18 11:01:22 EDT"
2026-03-01,"Haverhill","Massachusetts","Haverhill, Massachusetts","Haverhill, MA","Haverhill, Massachusetts","Northeast",68602,"https://www.mass.gov/crime-statistics",1,"State UCR","Provided by State UCR Program","March 2026",TRUE,"2026-05-18 11:01:22 EDT"
2026-03-01,"Hays County","Texas","Hays County, Texas","Hays County, TX","Hays County, Texas","South",137886,"https://txucr.nibrs.com/SRSReport/CrimeTrends",1,"State UCR","Open Source","March 2026",TRUE,"2026-05-18 11:01:22 EDT"
2026-03-01,"Hayward","California","Hayward, California","Hayward, CA","Hayward, California","West",153419,"https://cde.ucr.cjis.gov/LATEST/webapp/#/pages/explorer/crime/crime-trend",1,"Crime Data Explorer","Open Source","March 2026",TRUE,"2026-05-18 11:01:22 EDT"
2026-03-01,"Hempstead Village","New York","Hempstead Village, New York","Hempstead Village, NY","Hempstead Village, New York","Northeast",58013,"https://cde.ucr.cjis.gov/LATEST/webapp/#/pages/explorer/crime/crime-trend",1,"Crime Data Explorer","Open Source","March 2026",TRUE,"2026-05-18 11:01:22 EDT"
2026-03-01,"Henderson","Nevada","Henderson, Nevada","Henderson, NV","Henderson, Nevada","West",343619,"https://nevadacrimestats.nv.gov/public/View/dispview.aspx",1,"State UCR","Open Source","March 2026",TRUE,"2026-05-18 11:01:22 EDT"
2026-03-01,"Hendersonville","Tennessee","Hendersonville, Tennessee","Hendersonville, TN","Hendersonville, Tennessee","South",64126,"https://crimeinsight.tbi.tn.gov/public/View/dispview.aspx",1,"Crime Data Explorer","Open Source","March 2026",TRUE,"2026-05-18 11:01:22 EDT"
2026-03-01,"Henrico County","Virginia","Henrico County, Virginia","Henrico County, VA","Henrico County, Virginia","South",337305,"From VA",1,"State UCR","Provided by State UCR Program","March 2026",TRUE,"2026-05-18 11:01:22 EDT"
2026-03-01,"Henry County","Georgia","Henry County, Georgia","Henry County, GA","Henry County, Georgia","South",170224,"https://cde.ucr.cjis.gov/LATEST/webapp/#/pages/explorer/crime/crime-trend",1,"Crime Data Explorer","Open Source","March 2026",FALSE,"2026-05-18 11:01:22 EDT"
2026-03-01,"Hidalgo County","Texas","Hidalgo County, Texas","Hidalgo County, TX","Hidalgo County, Texas","South",270638,"https://txucr.nibrs.com/SRSReport/CrimeTrends",1,"State UCR","Open Source","March 2026",TRUE,"2026-05-18 11:01:22 EDT"
2026-03-01,"High Point","North Carolina","High Point, North Carolina","High Point, NC","High Point, North Carolina","South",109802,"From NC",1,"State UCR","Provided by State UCR Program","March 2026",TRUE,"2026-05-18 11:01:22 EDT"
2026-03-01,"Hillsboro","Oregon","Hillsboro, Oregon","Hillsboro, OR","Hillsboro, Oregon","West",107978,"https://www.oregon.gov/osp/pages/uniform-crime-reporting-data.aspx",1,"State UCR","Open Source","March 2026",TRUE,"2026-05-18 11:01:22 EDT"
2026-03-01,"Hoboken","New Jersey","Hoboken, New Jersey","Hoboken, NJ","Hoboken, New Jersey","Northeast",57293,"https://cde.ucr.cjis.gov/LATEST/webapp/#/pages/explorer/crime/crime-trend",1,"Crime Data Explorer","Open Source","March 2026",TRUE,"2026-05-18 11:01:22 EDT"
2026-03-01,"Honolulu","Hawaii","Honolulu, Hawaii","Honolulu, HI","Honolulu, Hawaii","West",992973,"https://www.honolulupd.org/dashboard/crime-by-category/",1,"Agency Aggregated","Open Source","March 2026",TRUE,"2026-05-18 11:01:22 EDT"
2026-02-01,"Horry County","South Carolina","Horry County, South Carolina","Horry County, SC","Horry County, South Carolina","South",314658,"https://cde.ucr.cjis.gov/LATEST/webapp/#/pages/explorer/crime/crime-trend",1,"Crime Data Explorer","Open Source","February 2026",FALSE,"2026-05-18 11:01:22 EDT"
2026-03-01,"Houston","Texas","Houston, Texas","Houston, TX","Houston, Texas","South",2269799,"https://txucr.nibrs.com/SRSReport/CrimeTrends",1,"State UCR","Open Source","March 2026",TRUE,"2026-05-18 11:01:22 EDT"
2026-03-01,"Howard County","Maryland","Howard County, Maryland","Howard County, MD","Howard County, Maryland","South",341435,"https://app.powerbigov.us/view?r=eyJrIjoiODhkYzI0OGUtYzUwZi00OWYzLThmNmYtMDhjNTQwMDJiOTc5IiwidCI6IjA1MzgxMzA4LTAzNjYtNGJiNy1hOTViLTk1MzA0YmQxMWE1OCJ9",1,"Agency Aggregated","Open Source","March 2026",TRUE,"2026-05-18 11:01:22 EDT"
2026-03-01,"Huntersville","North Carolina","Huntersville, North Carolina","Huntersville, NC","Huntersville, North Carolina","South",65752,"From NC",1,"State UCR","Provided by State UCR Program","March 2026",TRUE,"2026-05-18 11:01:22 EDT"
2026-03-01,"Idaho Falls","Idaho","Idaho Falls, Idaho","Idaho Falls, ID","Idaho Falls, Idaho","West",68716,"https://nibrs.isp.idaho.gov/CrimeInIdaho/AdvancedSearch/AdvancedSearch",1,"State UCR","Open Source","March 2026",TRUE,"2026-05-18 11:01:22 EDT"
2026-03-01,"Independence","Missouri","Independence, Missouri","Independence, MO","Independence, Missouri","Midwest",120271,"https://showmecrime.mo.gov/",1,"State UCR","Open Source","March 2026",TRUE,"2026-05-18 11:01:22 EDT"
2026-03-01,"Indianapolis","Indiana","Indianapolis, Indiana","Indianapolis, IN","Indianapolis, Indiana","Midwest",890685,"https://www.indy.gov/agency/indianapolis-metropolitan-police-department",1,"Agency Aggregated","Provided by Agency","March 2026",TRUE,"2026-05-18 11:01:22 EDT"
2026-03-01,"Iowa City","Iowa","Iowa City, Iowa","Iowa City, IA","Iowa City, Iowa","Midwest",75934,"From IA",1,"Crime Data Explorer","Provided by Agency","March 2026",TRUE,"2026-05-18 11:01:22 EDT"
2026-03-01,"Iredell County","North Carolina","Iredell County, North Carolina","Iredell County, NC","Iredell County, North Carolina","South",115264,"From NC",1,"State UCR","Provided by State UCR Program","March 2026",TRUE,"2026-05-18 11:01:22 EDT"
2026-03-01,"Irvine","California","Irvine, California","Irvine, CA","Irvine, California","West",316764,"https://cde.ucr.cjis.gov/LATEST/webapp/#/pages/explorer/crime/crime-trend",1,"Crime Data Explorer","Open Source","March 2026",TRUE,"2026-05-18 11:01:22 EDT"
2026-03-01,"Irving","Texas","Irving, Texas","Irving, TX","Irving, Texas","South",257460,"https://txucr.nibrs.com/SRSReport/CrimeTrends",1,"State UCR","Open Source","March 2026",TRUE,"2026-05-18 11:01:22 EDT"
2026-03-01,"Jackson","Tennessee","Jackson, Tennessee","Jackson, TN","Jackson, Tennessee","South",68286,"https://crimeinsight.tbi.tn.gov/public/View/dispview.aspx",1,"Crime Data Explorer","Open Source","March 2026",TRUE,"2026-05-18 11:01:22 EDT"
2026-03-01,"Jacksonville","Florida","Jacksonville, Florida","Jacksonville, FL","Jacksonville, Florida","South",1017014,"https://experience.arcgis.com/experience/19c13ac6071947d2aaacf73586e3886e",1,"Crime Data Explorer","Open Source","March 2026",TRUE,"2026-05-18 11:01:22 EDT"
2026-03-01,"Jacksonville","North Carolina","Jacksonville, North Carolina","Jacksonville, NC","Jacksonville, North Carolina","South",72227,"From NC",1,"State UCR","Provided by State UCR Program","March 2026",FALSE,"2026-05-18 11:01:22 EDT"
2026-03-01,"Janesville","Wisconsin","Janesville, Wisconsin","Janesville, WI","Janesville, Wisconsin","Midwest",66247,"From WI",1,"State UCR","Provided by State UCR Program","March 2026",TRUE,"2026-05-18 11:01:22 EDT"
2026-02-01,"Jefferson County","Colorado","Jefferson County, Colorado","Jefferson County, CO","Jefferson County, Colorado","West",199783,"https://coloradocrimestats.state.co.us/public/View/dispview.aspx",1,"State UCR","Open Source","February 2026",FALSE,"2026-05-18 11:01:22 EDT"
2026-03-01,"Jefferson Parish","Louisiana","Jefferson Parish, Louisiana","Jefferson Parish, LA","Jefferson Parish, Louisiana","South",322846,"https://jpso.com/Archive.aspx?AMID=38",1,"Agency Aggregated","Open Source","March 2026",TRUE,"2026-05-18 11:01:22 EDT"
2026-03-01,"Jefferson County","Missouri","Jefferson County, Missouri","Jefferson County, MO","Jefferson County, Missouri","Midwest",169503,"https://showmecrime.mo.gov/",1,"State UCR","Open Source","March 2026",TRUE,"2026-05-18 11:01:22 EDT"
2025-03-01,"Jeffersonville","Indiana","Jeffersonville, Indiana","Jeffersonville, IN","Jeffersonville, Indiana","Midwest",51804,"https://cde.state.mn.us/",1,"Crime Data Explorer","Open Source","March 2025",FALSE,"2026-05-18 11:01:22 EDT"
2026-03-01,"Jersey City","New Jersey","Jersey City, New Jersey","Jersey City, NJ","Jersey City, New Jersey","Northeast",297922,"https://cde.ucr.cjis.gov/LATEST/webapp/#/pages/explorer/crime/crime-trend",1,"Crime Data Explorer","Open Source","March 2026",TRUE,"2026-05-18 11:01:22 EDT"
2026-03-01,"Johns Creek","Georgia","Johns Creek, Georgia","Johns Creek, GA","Johns Creek, Georgia","South",81056,"https://cde.ucr.cjis.gov/LATEST/webapp/#/pages/explorer/crime/crime-trend",1,"Crime Data Explorer","Open Source","March 2026",TRUE,"2026-05-18 11:01:22 EDT"
2026-03-01,"Johnson City","Tennessee","Johnson City, Tennessee","Johnson City, TN","Johnson City, Tennessee","South",71850,"https://crimeinsight.tbi.tn.gov/public/View/dispview.aspx",1,"Crime Data Explorer","Open Source","March 2026",TRUE,"2026-05-18 11:01:22 EDT"
2026-03-01,"Johnston County","North Carolina","Johnston County, North Carolina","Johnston County, NC","Johnston County, North Carolina","South",184826,"From NC",1,"State UCR","Provided by State UCR Program","March 2026",TRUE,"2026-05-18 11:01:22 EDT"
2026-02-01,"Jonesboro","Arkansas","Jonesboro, Arkansas","Jonesboro, AR","Jonesboro, Arkansas","South",81256,"https://cde.ucr.cjis.gov/LATEST/webapp/#/pages/explorer/crime/crime-trend",1,"Crime Data Explorer","Open Source","February 2026",FALSE,"2026-05-18 11:01:22 EDT"
2026-03-01,"Joplin","Missouri","Joplin, Missouri","Joplin, MO","Joplin, Missouri","Midwest",45692,"https://showmecrime.mo.gov/",1,"State UCR","Open Source","March 2026",TRUE,"2026-05-18 11:01:22 EDT"
2026-03-01,"Kalamazoo","Michigan","Kalamazoo, Michigan","Kalamazoo, MI","Kalamazoo, Michigan","Midwest",73002,"https://www.michigan.gov/msp/divisions/cjic/dashboard-portal/crime-dashboard",1,"State UCR","Open Source","March 2026",TRUE,"2026-05-18 11:01:22 EDT"
2026-03-01,"Kalamazoo County","Michigan","Kalamazoo County, Michigan","Kalamazoo County, MI","Kalamazoo County, Michigan","Midwest",107378,"https://www.michigan.gov/msp/divisions/cjic/dashboard-portal/crime-dashboard",1,"State UCR","Open Source","March 2026",FALSE,"2026-05-18 11:01:22 EDT"
2026-03-01,"Kannapolis","North Carolina","Kannapolis, North Carolina","Kannapolis, NC","Kannapolis, North Carolina","South",49552,"From NC",1,"State UCR","Provided by State UCR Program","March 2026",TRUE,"2026-05-18 11:01:22 EDT"
2026-03-01,"Kansas City","Missouri","Kansas City, Missouri","Kansas City, MO","Kansas City, Missouri","Midwest",314045,"https://showmecrime.mo.gov/",1,"State UCR","Open Source","March 2026",TRUE,"2026-05-18 11:01:22 EDT"
2026-03-01,"Kaufman County","Texas","Kaufman County, Texas","Kaufman County, TX","Kaufman County, Texas","South",115399,"https://txucr.nibrs.com/SRSReport/CrimeTrends",1,"State UCR","Open Source","March 2026",TRUE,"2026-05-18 11:01:22 EDT"
2026-03-01,"Kenosha","Wisconsin","Kenosha, Wisconsin","Kenosha, WI","Kenosha, Wisconsin","Midwest",97652,"From WI",1,"State UCR","Provided by State UCR Program","March 2026",TRUE,"2026-05-18 11:01:22 EDT"
2026-02-01,"Kent County","Michigan","Kent County, Michigan","Kent County, MI","Kent County, Michigan","Midwest",274131,"https://www.michigan.gov/msp/divisions/cjic/dashboard-portal/crime-dashboard",1,"State UCR","Open Source","February 2026",FALSE,"2026-05-18 11:01:22 EDT"
2025-02-01,"Kentwood","Michigan","Kentwood, Michigan","Kentwood, MI","Kentwood, Michigan","Midwest",53891,"https://www.michigan.gov/msp/divisions/cjic/dashboard-portal/crime-dashboard",1,"State UCR","Open Source","February 2025",FALSE,"2026-05-18 11:01:22 EDT"
2026-03-01,"Kettering","Ohio","Kettering, Ohio","Kettering, OH","Kettering, Ohio","Midwest",55834,"https://ocjs.ohio.gov/",1,"State UCR","Provided by State UCR Program","March 2026",FALSE,"2026-05-18 11:01:22 EDT"
2026-02-01,"Killeen","Texas","Killeen, Texas","Killeen, TX","Killeen, Texas","South",161667,"https://txucr.nibrs.com/SRSReport/CrimeTrends",1,"State UCR","Open Source","February 2026",FALSE,"2026-05-18 11:01:22 EDT"
2026-03-01,"Kingsport","Tennessee","Kingsport, Tennessee","Kingsport, TN","Kingsport, Tennessee","South",54345,"https://crimeinsight.tbi.tn.gov/public/View/dispview.aspx",1,"Crime Data Explorer","Open Source","March 2026",TRUE,"2026-05-18 11:01:22 EDT"
2026-03-01,"Knox County","Tennessee","Knox County, Tennessee","Knox County, TN","Knox County, Tennessee","South",309336,"https://crimeinsight.tbi.tn.gov/public/View/dispview.aspx",1,"State UCR","Open Source","March 2026",TRUE,"2026-05-18 11:01:22 EDT"
2026-03-01,"Knoxville","Tennessee","Knoxville, Tennessee","Knoxville, TN","Knoxville, Tennessee","South",200457,"https://crimeinsight.tbi.tn.gov/public/View/dispview.aspx",1,"Crime Data Explorer","Provided by Agency","March 2026",TRUE,"2026-05-18 11:01:22 EDT"
2025-12-01,"Kokomo","Indiana","Kokomo, Indiana","Kokomo, IN","Kokomo, Indiana","Midwest",59995,"https://cde.state.mn.us/",1,"Crime Data Explorer","Open Source","December 2025",FALSE,"2026-05-18 11:01:22 EDT"
2026-03-01,"Kyle","Texas","Kyle, Texas","Kyle, TX","Kyle, Texas","South",69069,"https://txucr.nibrs.com/SRSReport/CrimeTrends",1,"State UCR","Open Source","March 2026",TRUE,"2026-05-18 11:01:22 EDT"
2026-03-01,"La Crosse","Wisconsin","La Crosse, Wisconsin","La Crosse, WI","La Crosse, Wisconsin","Midwest",50893,"From WI",1,"State UCR","Provided by State UCR Program","March 2026",TRUE,"2026-05-18 11:01:22 EDT"
2026-03-01,"La Mesa","California","La Mesa, California","La Mesa, CA","La Mesa, California","West",60352,"https://crimestats.arjis.org/default.aspx",1,"Agency Aggregated","Open Source","March 2026",TRUE,"2026-05-18 11:01:22 EDT"
2026-03-01,"Lafayette","Louisiana","Lafayette, Louisiana","Lafayette, LA","Lafayette, Louisiana","South",121471,"https://cde.ucr.cjis.gov/LATEST/webapp/#/pages/explorer/crime/crime-trend",1,"Crime Data Explorer","Open Source","March 2026",TRUE,"2026-05-18 11:01:22 EDT"
2026-03-01,"Laguna Niguel","California","Laguna Niguel, California","Laguna Niguel, CA","Laguna Niguel, California","West",63502,"https://cde.ucr.cjis.gov/LATEST/webapp/#/pages/explorer/crime/crime-trend",1,"Crime Data Explorer","Open Source","March 2026",TRUE,"2026-05-18 11:01:22 EDT"
2026-03-01,"Lake Charles","Louisiana","Lake Charles, Louisiana","Lake Charles, LA","Lake Charles, Louisiana","South",77982,"https://cde.ucr.cjis.gov/LATEST/webapp/#/pages/explorer/crime/crime-trend",1,"Crime Data Explorer","Open Source","March 2026",TRUE,"2026-05-18 11:01:22 EDT"
2026-01-01,"Lake Havasu City","Arizona","Lake Havasu City, Arizona","Lake Havasu City, AZ","Lake Havasu City, Arizona","West",59898,"https://azcrimestatistics.azdps.gov/",1,"State UCR","Open Source","January 2026",FALSE,"2026-05-18 11:01:22 EDT"
2026-03-01,"Lakeville","Minnesota","Lakeville, Minnesota","Lakeville, MN","Lakeville, Minnesota","Midwest",78436,"https://cde.state.mn.us/",1,"State UCR","Open Source","March 2026",TRUE,"2026-05-18 11:01:22 EDT"
2026-01-01,"Lakewood","Colorado","Lakewood, Colorado","Lakewood, CO","Lakewood, Colorado","West",155868,"https://coloradocrimestats.state.co.us/public/View/dispview.aspx",1,"State UCR","Open Source","January 2026",FALSE,"2026-05-18 11:01:22 EDT"
2026-01-01,"Lakewood","Ohio","Lakewood, Ohio","Lakewood, OH","Lakewood, Ohio","Midwest",49272,"https://ocjs.ohio.gov/",1,"State UCR","Provided by State UCR Program","January 2026",FALSE,"2026-05-18 11:01:22 EDT"
2026-03-01,"Lancaster","Pennsylvania","Lancaster, Pennsylvania","Lancaster, PA","Lancaster, Pennsylvania","Northeast",56890,"https://www.ucr.pa.gov/PAUCRSPUBLIC/SRSReport/CrimeTrends",1,"State UCR","Open Source","March 2026",TRUE,"2026-05-18 11:01:22 EDT"
2026-03-01,"Lancaster County","South Carolina","Lancaster County, South Carolina","Lancaster County, SC","Lancaster County, South Carolina","South",103515,"https://cde.ucr.cjis.gov/LATEST/webapp/#/pages/explorer/crime/crime-trend",1,"Crime Data Explorer","Open Source","March 2026",TRUE,"2026-05-18 11:01:22 EDT"
2026-03-01,"Lansing","Michigan","Lansing, Michigan","Lansing, MI","Lansing, Michigan","Midwest",106901,"https://www.michigan.gov/msp/divisions/cjic/dashboard-portal/crime-dashboard",1,"State UCR","Open Source","March 2026",TRUE,"2026-05-18 11:01:22 EDT"
2026-03-01,"Laredo","Texas","Laredo, Texas","Laredo, TX","Laredo, Texas","South",258311,"https://txucr.nibrs.com/SRSReport/CrimeTrends",1,"State UCR","Open Source","March 2026",TRUE,"2026-05-18 11:01:22 EDT"
2026-03-01,"Las Vegas","Nevada","Las Vegas, Nevada","Las Vegas, NV","Las Vegas, Nevada","West",1716565,"https://opendata-lvmpd.hub.arcgis.com/",1,"Agency RMS","Open Source","March 2026",TRUE,"2026-05-18 11:01:22 EDT"
2026-03-01,"Lawrence","Massachusetts","Lawrence, Massachusetts","Lawrence, MA","Lawrence, Massachusetts","Northeast",89600,"https://www.mass.gov/crime-statistics",1,"State UCR","Provided by State UCR Program","March 2026",TRUE,"2026-05-18 11:01:22 EDT"
2026-03-01,"Layton","Utah","Layton, Utah","Layton, UT","Layton, Utah","West",84017,"https://bci.utah.gov/crime-in-utah-dashboards/",1,"Crime Data Explorer","Open Source","March 2026",TRUE,"2026-05-18 11:01:22 EDT"
2026-03-01,"League City","Texas","League City, Texas","League City, TX","League City, Texas","South",114352,"https://txucr.nibrs.com/SRSReport/CrimeTrends",1,"State UCR","Open Source","March 2026",TRUE,"2026-05-18 11:01:22 EDT"
2026-03-01,"Leander","Texas","Leander, Texas","Leander, TX","Leander, Texas","South",75632,"https://txucr.nibrs.com/SRSReport/CrimeTrends",1,"State UCR","Open Source","March 2026",TRUE,"2026-05-18 11:01:22 EDT"
2026-03-01,"Lee's Summit","Missouri","Lee's Summit, Missouri","Lee's Summit, MO","Lee's Summit, Missouri","Midwest",102349,"https://showmecrime.mo.gov/",1,"State UCR","Open Source","March 2026",FALSE,"2026-05-18 11:01:22 EDT"
2026-03-01,"Lenexa","Kansas","Lenexa, Kansas","Lenexa, KS","Lenexa, Kansas","Midwest",58871,"https://cde.ucr.cjis.gov/LATEST/webapp/#/pages/explorer/crime/crime-trend",1,"Crime Data Explorer","Open Source","March 2026",TRUE,"2026-05-18 11:01:22 EDT"
2026-03-01,"Lewisville","Texas","Lewisville, Texas","Lewisville, TX","Lewisville, Texas","South",134630,"https://txucr.nibrs.com/SRSReport/CrimeTrends",1,"State UCR","Open Source","March 2026",TRUE,"2026-05-18 11:01:22 EDT"
2026-03-01,"Lexington","Kentucky","Lexington, Kentucky","Lexington, KY","Lexington, Kentucky","South",323254,"https://cde.ucr.cjis.gov/LATEST/webapp/#/pages/explorer/crime/crime-trend",1,"Crime Data Explorer","Open Source","March 2026",TRUE,"2026-05-18 11:01:22 EDT"
2026-03-01,"Lexington County","South Carolina","Lexington County, South Carolina","Lexington County, SC","Lexington County, South Carolina","South",236417,"https://cde.ucr.cjis.gov/LATEST/webapp/#/pages/explorer/crime/crime-trend",1,"Crime Data Explorer","Open Source","March 2026",TRUE,"2026-05-18 11:01:22 EDT"
2026-03-01,"Lincoln","California","Lincoln, California","Lincoln, CA","Lincoln, California","West",56152,"https://cde.ucr.cjis.gov/LATEST/webapp/#/pages/explorer/crime/crime-trend",1,"Crime Data Explorer","Open Source","March 2026",TRUE,"2026-05-18 11:01:22 EDT"
2026-03-01,"Lincoln","Nebraska","Lincoln, Nebraska","Lincoln, NE","Lincoln, Nebraska","Midwest",295808,"https://crimestats.ne.gov/public/View/RSReport.aspx?ReportId=1082",1,"State UCR","Open Source","March 2026",TRUE,"2026-05-18 11:01:22 EDT"
2026-03-01,"Little Elm","Texas","Little Elm, Texas","Little Elm, TX","Little Elm, Texas","South",62837,"https://txucr.nibrs.com/SRSReport/CrimeTrends",1,"State UCR","Open Source","March 2026",TRUE,"2026-05-18 11:01:22 EDT"
2026-03-01,"Little Rock","Arkansas","Little Rock, Arkansas","Little Rock, AR","Little Rock, Arkansas","South",204247,"https://www.littlerock.gov/media/21988/part-i-offenses-by-month.pdf",1,"Agency Aggregated","Open Source","March 2026",TRUE,"2026-05-18 11:01:22 EDT"
2026-03-01,"Livermore","California","Livermore, California","Livermore, CA","Livermore, California","West",81316,"https://cde.ucr.cjis.gov/LATEST/webapp/#/pages/explorer/crime/crime-trend",1,"Crime Data Explorer","Open Source","March 2026",TRUE,"2026-05-18 11:01:22 EDT"
2026-02-01,"Livingston County","Michigan","Livingston County, Michigan","Livingston County, MI","Livingston County, Michigan","Midwest",131955,"https://cde.ucr.cjis.gov/LATEST/webapp/#/pages/explorer/crime/crime-trend",1,"Crime Data Explorer","Open Source","February 2026",FALSE,"2026-05-18 11:01:22 EDT"
2026-03-01,"Livingston Parish","Louisiana","Livingston Parish, Louisiana","Livingston Parish, LA","Livingston Parish, Louisiana","South",136545,"https://cde.ucr.cjis.gov/LATEST/webapp/#/pages/explorer/crime/crime-trend",1,"Crime Data Explorer","Open Source","March 2026",TRUE,"2026-05-18 11:01:22 EDT"
2026-03-01,"Livonia","Michigan","Livonia, Michigan","Livonia, MI","Livonia, Michigan","Midwest",91189,"https://www.michigan.gov/msp/divisions/cjic/dashboard-portal/crime-dashboard",1,"Crime Data Explorer","Open Source","March 2026",TRUE,"2026-05-18 11:01:22 EDT"
2026-03-01,"Logan","Utah","Logan, Utah","Logan, UT","Logan, Utah","West",56083,"https://bci.utah.gov/crime-in-utah-dashboards/",1,"Crime Data Explorer","Open Source","March 2026",TRUE,"2026-05-18 11:01:22 EDT"
2026-03-01,"Long Beach","California","Long Beach, California","Long Beach, CA","Long Beach, California","West",444232,"https://www.longbeach.gov/police/crime-info/crime-statistics/",1,"Agency Aggregated","Open Source","March 2026",TRUE,"2026-05-18 11:01:22 EDT"
2025-03-01,"Longmont","Colorado","Longmont, Colorado","Longmont, CO","Longmont, Colorado","West",97152,"https://coloradocrimestats.state.co.us/public/View/dispview.aspx",1,"State UCR","Open Source","March 2025",FALSE,"2026-05-18 11:01:22 EDT"
2026-03-01,"Longview","Texas","Longview, Texas","Longview, TX","Longview, Texas","South",81344,"https://txucr.nibrs.com/SRSReport/CrimeTrends",1,"State UCR","Open Source","March 2026",TRUE,"2026-05-18 11:01:22 EDT"
2026-03-01,"Lorain","Ohio","Lorain, Ohio","Lorain, OH","Lorain, Ohio","Midwest",65374,"https://ocjs.ohio.gov/",1,"State UCR","Provided by State UCR Program","March 2026",TRUE,"2026-05-18 11:01:22 EDT"
2026-03-01,"Los Angeles","California","Los Angeles, California","Los Angeles, CA","Los Angeles, California","West",3796352,"https://cde.ucr.cjis.gov/LATEST/webapp/#/pages/explorer/crime/crime-trend",1,"Crime Data Explorer","Open Source","March 2026",TRUE,"2026-05-18 11:01:22 EDT"
2026-03-01,"Los Angeles County","California","Los Angeles County, California","Los Angeles County, CA","Los Angeles County, California","West",1110752,"https://lasd.org/transparency/part1and2crimedata/#part1",1,"Agency Aggregated","Open Source","March 2026",TRUE,"2026-05-18 11:01:22 EDT"
2026-03-01,"Loudoun County","Virginia","Loudoun County, Virginia","Loudoun County, VA","Loudoun County, Virginia","South",385187,"From VA",1,"State UCR","Provided by State UCR Program","March 2026",TRUE,"2026-05-18 11:01:22 EDT"
2026-03-01,"Louisville","Kentucky","Louisville, Kentucky","Louisville, KY","Louisville, Kentucky","South",676843,"https://data.louisvilleky.gov/search?tags=lmpd",1,"Agency RMS","Open Source","March 2026",TRUE,"2026-05-18 11:01:22 EDT"
2026-03-01,"Loveland","Colorado","Loveland, Colorado","Loveland, CO","Loveland, Colorado","West",80374,"https://coloradocrimestats.state.co.us/public/View/dispview.aspx",1,"State UCR","Open Source","March 2026",TRUE,"2026-05-18 11:01:22 EDT"
2026-03-01,"Lowell","Massachusetts","Lowell, Massachusetts","Lowell, MA","Lowell, Massachusetts","Northeast",116062,"https://www.mass.gov/crime-statistics",1,"State UCR","Provided by State UCR Program","March 2026",FALSE,"2026-05-18 11:01:22 EDT"
2026-03-01,"Lower Merion","Pennsylvania","Lower Merion, Pennsylvania","Lower Merion, PA","Lower Merion, Pennsylvania","Northeast",64290,"https://www.ucr.pa.gov/PAUCRSPUBLIC/SRSReport/CrimeTrends",1,"State UCR","Open Source","March 2026",TRUE,"2026-05-18 11:01:22 EDT"
2026-03-01,"Lower Paxton","Pennsylvania","Lower Paxton, Pennsylvania","Lower Paxton, PA","Lower Paxton, Pennsylvania","Northeast",55174,"https://www.ucr.pa.gov/PAUCRSPUBLIC/SRSReport/CrimeTrends",1,"State UCR","Open Source","March 2026",TRUE,"2026-05-18 11:01:22 EDT"
2026-02-01,"Lubbock","Texas","Lubbock, Texas","Lubbock, TX","Lubbock, Texas","South",269900,"https://txucr.nibrs.com/SRSReport/CrimeTrends",1,"State UCR","Open Source","February 2026",FALSE,"2026-05-18 11:01:22 EDT"
2025-12-01,"Lynchburg","Virginia","Lynchburg, Virginia","Lynchburg, VA","Lynchburg, Virginia","South",80339,"https://vsp.virginia.gov/",1,"Crime Data Explorer","Provided by State UCR Program","December 2025",FALSE,"2026-05-18 11:01:22 EDT"
2026-02-01,"Lynn","Massachusetts","Lynn, Massachusetts","Lynn, MA","Lynn, Massachusetts","Northeast",103200,"https://www.mass.gov/crime-statistics",1,"State UCR","Provided by State UCR Program","February 2026",FALSE,"2026-05-18 11:01:22 EDT"
2026-02-01,"Macomb County","Michigan","Macomb County, Michigan","Macomb County, MI","Macomb County, Michigan","Midwest",200960,"https://www.michigan.gov/msp/divisions/cjic/dashboard-portal/crime-dashboard",1,"State UCR","Open Source","February 2026",FALSE,"2026-05-18 11:01:22 EDT"
2026-03-01,"Madera","California","Madera, California","Madera, CA","Madera, California","West",68607,"https://cde.ucr.cjis.gov/LATEST/webapp/#/pages/explorer/crime/crime-trend",1,"Crime Data Explorer","Open Source","March 2026",TRUE,"2026-05-18 11:01:22 EDT"
2026-03-01,"Madison","Wisconsin","Madison, Wisconsin","Madison, WI","Madison, Wisconsin","Midwest",282045,"From WI",1,"State UCR","Provided by State UCR Program","March 2026",TRUE,"2026-05-18 11:01:22 EDT"
2026-03-01,"Malden","Massachusetts","Malden, Massachusetts","Malden, MA","Malden, Massachusetts","Northeast",66046,"https://www.mass.gov/crime-statistics",1,"State UCR","Provided by State UCR Program","March 2026",TRUE,"2026-05-18 11:01:22 EDT"
2026-03-01,"Manchester","Connecticut","Manchester, Connecticut","Manchester, CT","Manchester, Connecticut","Northeast",59378,"https://ct.beyond2020.com/ct_public/Dim/dimension.aspx",1,"State UCR","Open Source","March 2026",TRUE,"2026-05-18 11:01:22 EDT"
2026-03-01,"Manchester","New Hampshire","Manchester, New Hampshire","Manchester, NH","Manchester, New Hampshire","Northeast",115464,"https://www.manchesternh.gov/Departments/Police/Administrative-Division/Crime-Analysis/Interactive-Data-Dashboards",1,"Agency Aggregated","Open Source","March 2026",TRUE,"2026-05-18 11:01:22 EDT"
2026-03-01,"Mansfield","Texas","Mansfield, Texas","Mansfield, TX","Mansfield, Texas","South",74436,"https://txucr.nibrs.com/SRSReport/CrimeTrends",1,"State UCR","Open Source","March 2026",TRUE,"2026-05-18 11:01:22 EDT"
2026-03-01,"Manteca","California","Manteca, California","Manteca, CA","Manteca, California","West",93538,"https://www.manteca.gov/departments/police-department/crime-information",1,"Agency Aggregated","Open Source","March 2026",TRUE,"2026-05-18 11:01:22 EDT"
2026-03-01,"Maple Grove","Minnesota","Maple Grove, Minnesota","Maple Grove, MN","Maple Grove, Minnesota","Midwest",71622,"https://cde.state.mn.us/",1,"State UCR","Open Source","March 2026",TRUE,"2026-05-18 11:01:22 EDT"
2026-03-01,"Marana","Arizona","Marana, Arizona","Marana, AZ","Marana, Arizona","West",60507,"https://azcrimestatistics.azdps.gov/",1,"State UCR","Open Source","March 2026",TRUE,"2026-05-18 11:01:22 EDT"
2026-03-01,"Maricopa","Arizona","Maricopa, Arizona","Maricopa, AZ","Maricopa, Arizona","West",75614,"https://azcrimestatistics.azdps.gov/",1,"State UCR","Open Source","March 2026",TRUE,"2026-05-18 11:01:22 EDT"
2026-03-01,"Marietta","Georgia","Marietta, Georgia","Marietta, GA","Marietta, Georgia","South",63354,"https://cde.ucr.cjis.gov/LATEST/webapp/#/pages/explorer/crime/crime-trend",1,"Crime Data Explorer","Open Source","March 2026",TRUE,"2026-05-18 11:01:22 EDT"
2026-03-01,"McAllen","Texas","McAllen, Texas","McAllen, TX","McAllen, Texas","South",148017,"https://txucr.nibrs.com/SRSReport/CrimeTrends",1,"State UCR","Open Source","March 2026",TRUE,"2026-05-18 11:01:22 EDT"
2026-03-01,"Mckinney","Texas","Mckinney, Texas","Mckinney, TX","Mckinney, Texas","South",219132,"https://txucr.nibrs.com/SRSReport/CrimeTrends",1,"State UCR","Open Source","March 2026",TRUE,"2026-05-18 11:01:22 EDT"
2026-01-01,"Medford","Massachusetts","Medford, Massachusetts","Medford, MA","Medford, Massachusetts","Northeast",59601,"https://www.mass.gov/crime-statistics",1,"State UCR","Provided by State UCR Program","January 2026",FALSE,"2026-05-18 11:01:22 EDT"
2026-02-01,"Medford","Oregon","Medford, Oregon","Medford, OR","Medford, Oregon","West",84766,"https://www.oregon.gov/osp/pages/uniform-crime-reporting-data.aspx",1,"State UCR","Open Source","February 2026",FALSE,"2026-05-18 11:01:22 EDT"
2026-03-01,"Memphis","Tennessee","Memphis, Tennessee","Memphis, TN","Memphis, Tennessee","South",613207,"https://crimeinsight.tbi.tn.gov/public/View/dispview.aspx",1,"Crime Data Explorer","Open Source","March 2026",TRUE,"2026-05-18 11:01:22 EDT"
2026-03-01,"Merced","California","Merced, California","Merced, CA","Merced, California","West",96077,"https://cde.ucr.cjis.gov/LATEST/webapp/#/pages/explorer/crime/crime-trend",1,"Crime Data Explorer","Open Source","March 2026",TRUE,"2026-05-18 11:01:22 EDT"
2026-03-01,"Meriden","Connecticut","Meriden, Connecticut","Meriden, CT","Meriden, Connecticut","Northeast",59943,"https://ct.beyond2020.com/ct_public/Dim/dimension.aspx",1,"State UCR","Open Source","March 2026",TRUE,"2026-05-18 11:01:22 EDT"
2026-03-01,"Meridian","Idaho","Meridian, Idaho","Meridian, ID","Meridian, Idaho","West",140353,"https://nibrs.isp.idaho.gov/CrimeInIdaho/AdvancedSearch/AdvancedSearch",1,"State UCR","Open Source","March 2026",TRUE,"2026-05-18 11:01:22 EDT"
2026-03-01,"Mesa","Arizona","Mesa, Arizona","Mesa, AZ","Mesa, Arizona","West",513585,"https://azcrimestatistics.azdps.gov/",1,"State UCR","Open Source","March 2026",TRUE,"2026-05-18 11:01:22 EDT"
2026-03-01,"Mesquite","Texas","Mesquite, Texas","Mesquite, TX","Mesquite, Texas","South",148598,"https://txucr.nibrs.com/SRSReport/CrimeTrends",1,"State UCR","Open Source","March 2026",TRUE,"2026-05-18 11:01:22 EDT"
2026-03-01,"Methuen","Massachusetts","Methuen, Massachusetts","Methuen, MA","Methuen, Massachusetts","Northeast",54623,"https://www.mass.gov/crime-statistics",1,"State UCR","Provided by State UCR Program","March 2026",TRUE,"2026-05-18 11:01:22 EDT"
2026-03-01,"Miami Beach","Florida","Miami Beach, Florida","Miami Beach, FL","Miami Beach, Florida","South",78676,"https://www.miamibeachfl.gov/yourmbpd/monthlycrimesdatareport/",1,"Agency Aggregated","Open Source","March 2026",TRUE,"2026-05-18 11:01:22 EDT"
2025-12-01,"Miami","Florida","Miami, Florida","Miami, FL","Miami, Florida","South",460392,"https://www.miami-police.org/Records-Data_Download_Files.html",1,"Agency RMS","Open Source","December 2025",FALSE,"2026-05-18 11:01:22 EDT"
2026-03-01,"Middletown","Ohio","Middletown, Ohio","Middletown, OH","Middletown, Ohio","Midwest",47684,"https://ocjs.ohio.gov/",1,"State UCR","Provided by State UCR Program","March 2026",FALSE,"2026-05-18 11:01:22 EDT"
2026-03-01,"Midland","Texas","Midland, Texas","Midland, TX","Midland, Texas","South",140265,"https://txucr.nibrs.com/SRSReport/CrimeTrends",1,"State UCR","Open Source","March 2026",TRUE,"2026-05-18 11:01:22 EDT"
2026-03-01,"Midwest City","Oklahoma","Midwest City, Oklahoma","Midwest City, OK","Midwest City, Oklahoma","South",57961,"https://cde.ucr.cjis.gov/LATEST/webapp/#/pages/explorer/crime/crime-trend",1,"Crime Data Explorer","Open Source","March 2026",TRUE,"2026-05-18 11:01:22 EDT"
2026-02-01,"Milford","Connecticut","Milford, Connecticut","Milford, CT","Milford, Connecticut","Northeast",53065,"https://ct.beyond2020.com/ct_public/Dim/dimension.aspx",1,"State UCR","Open Source","February 2026",FALSE,"2026-05-18 11:01:22 EDT"
2026-03-01,"Millcreek","Pennsylvania","Millcreek, Pennsylvania","Millcreek, PA","Millcreek, Pennsylvania","Northeast",52803,"https://www.ucr.pa.gov/PAUCRSPUBLIC/SRSReport/CrimeTrends",1,"State UCR","Open Source","March 2026",TRUE,"2026-05-18 11:01:22 EDT"
2026-03-01,"Milpitas","California","Milpitas, California","Milpitas, CA","Milpitas, California","West",76523,"https://www.milpitas.gov/1107/Crime-and-Incident-Data",1,"Agency Aggregated","Open Source","March 2026",TRUE,"2026-05-18 11:01:22 EDT"
2026-02-01,"Milwaukee","Wisconsin","Milwaukee, Wisconsin","Milwaukee, WI","Milwaukee, Wisconsin","Midwest",560416,"https://data.milwaukee.gov/dataset/wibr",1,"State UCR","Open Source","February 2026",FALSE,"2026-05-18 11:01:22 EDT"
2026-03-01,"Minneapolis","Minnesota","Minneapolis, Minnesota","Minneapolis, MN","Minneapolis, Minnesota","Midwest",423282,"https://cde.state.mn.us/",1,"State UCR","Open Source","March 2026",TRUE,"2026-05-18 11:01:22 EDT"
2026-03-01,"Minnetonka","Minnesota","Minnetonka, Minnesota","Minnetonka, MN","Minnetonka, Minnesota","Midwest",51935,"https://cde.state.mn.us/",1,"State UCR","Open Source","March 2026",TRUE,"2026-05-18 11:01:22 EDT"
2026-03-01,"Mission Viejo","California","Mission Viejo, California","Mission Viejo, CA","Mission Viejo, California","West",90944,"https://cde.ucr.cjis.gov/LATEST/webapp/#/pages/explorer/crime/crime-trend",1,"Crime Data Explorer","Open Source","March 2026",TRUE,"2026-05-18 11:01:22 EDT"
2026-03-01,"Mission","Texas","Mission, Texas","Mission, TX","Mission, Texas","South",87777,"https://txucr.nibrs.com/SRSReport/CrimeTrends",1,"State UCR","Open Source","March 2026",FALSE,"2026-05-18 11:01:22 EDT"
2026-03-01,"Missoula","Montana","Missoula, Montana","Missoula, MT","Missoula, Montana","West",78911,"https://cde.ucr.cjis.gov/LATEST/webapp/#/pages/explorer/crime/crime-trend",1,"Crime Data Explorer","Open Source","March 2026",TRUE,"2026-05-18 11:01:22 EDT"
2026-03-01,"Missouri City","Texas","Missouri City, Texas","Missouri City, TX","Missouri City, Texas","South",71653,"https://txucr.nibrs.com/SRSReport/CrimeTrends",1,"State UCR","Open Source","March 2026",TRUE,"2026-05-18 11:01:22 EDT"
2026-03-01,"Mobile","Alabama","Mobile, Alabama","Mobile, AL","Mobile, Alabama","South",237092,"https://cde.ucr.cjis.gov/LATEST/webapp/#/pages/explorer/crime/crime-trend",1,"Crime Data Explorer","Open Source","March 2026",TRUE,"2026-05-18 11:01:22 EDT"
2026-03-01,"Monterey Park","California","Monterey Park, California","Monterey Park, CA","Monterey Park, California","West",56904,"https://cde.ucr.cjis.gov/LATEST/webapp/#/pages/explorer/crime/crime-trend",1,"Crime Data Explorer","Open Source","March 2026",TRUE,"2026-05-18 11:01:22 EDT"
2026-03-01,"Monterey County","California","Monterey County, California","Monterey County, CA","Monterey County, California","West",107372,"https://cde.ucr.cjis.gov/LATEST/webapp/#/pages/explorer/crime/crime-trend",1,"Crime Data Explorer","Open Source","March 2026",TRUE,"2026-05-18 11:01:22 EDT"
2026-02-01,"Montgomery County","Texas","Montgomery County, Texas","Montgomery County, TX","Montgomery County, Texas","South",600014,"https://txucr.nibrs.com/SRSReport/CrimeTrends",1,"State UCR","Open Source","February 2026",FALSE,"2026-05-18 11:01:22 EDT"
2026-03-01,"Montgomery County","Maryland","Montgomery County, Maryland","Montgomery County, MD","Montgomery County, Maryland","South",915053,"https://data.montgomerycountymd.gov/Public-Safety/Crime/icn6-v9z3/explore/query/SELECT%0A%20%20%60incident_id%60%2C%0A%20%20%60offence_code%60%2C%0A%20%20%60case_number%60%2C%0A%20%20%60date%60%2C%0A%20%20%60start_date%60%2C%0A%20%20%60end_date%60%2C%0A%20%20%60nibrs_code%60%2C%0A%20%20%60victims%60%2C%0A%20%20%60crimename1%60%2C%0A%20%20%60crimename2%60%2C%0A%20%20%60crimename3%60%2C%0A%20%20%60district%60%2C%0A%20%20%60location%60%2C%0A%20%20%60city%60%2C%0A%20%20%60state%60%2C%0A%20%20%60zip_code%60%2C%0A%20%20%60agency%60%2C%0A%20%20%60place%60%2C%0A%20%20%60sector%60%2C%0A%20%20%60beat%60%2C%0A%20%20%60pra%60%2C%0A%20%20%60address_number%60%2C%0A%20%20%60street_prefix_dir%60%2C%0A%20%20%60address_street%60%2C%0A%20%20%60street_suffix_dir%60%2C%0A%20%20%60street_type%60%2C%0A%20%20%60latitude%60%2C%0A%20%20%60longitude%60%2C%0A%20%20%60police_district_number%60%2C%0A%20%20%60geolocation%60%0AORDER%20BY%20%60start_date%60%20DESC%20NULL%20FIRST/page/filter",1,"Agency RMS","Open Source","March 2026",TRUE,"2026-05-18 11:01:22 EDT"
2026-03-01,"Moore","Oklahoma","Moore, Oklahoma","Moore, OK","Moore, Oklahoma","South",63609,"https://cde.ucr.cjis.gov/LATEST/webapp/#/pages/explorer/crime/crime-trend",1,"Crime Data Explorer","Open Source","March 2026",TRUE,"2026-05-18 11:01:22 EDT"
2026-03-01,"Mooresville","North Carolina","Mooresville, North Carolina","Mooresville, NC","Mooresville, North Carolina","South",54823,"From NC",1,"State UCR","Provided by State UCR Program","March 2026",TRUE,"2026-05-18 11:01:22 EDT"
2026-03-01,"Mount Pleasant","South Carolina","Mount Pleasant, South Carolina","Mount Pleasant, SC","Mount Pleasant, South Carolina","South",96608,"https://cde.ucr.cjis.gov/LATEST/webapp/#/pages/explorer/crime/crime-trend",1,"Crime Data Explorer","Open Source","March 2026",TRUE,"2026-05-18 11:01:22 EDT"
2026-03-01,"Mount Prospect","Illinois","Mount Prospect, Illinois","Mount Prospect, IL","Mount Prospect, Illinois","Midwest",53523,"https://ilucr.nibrs.com/AdvancedSearch/AdvancedSearch",1,"State UCR","Open Source","March 2026",TRUE,"2026-05-18 11:01:22 EDT"
2026-02-01,"Mount Vernon","New York","Mount Vernon, New York","Mount Vernon, NY","Mount Vernon, New York","Northeast",70390,"https://www.cmvny.com/518/Annual-Reports-Monthly-Crime-Stats-Histo",1,"Crime Data Explorer","Open Source","February 2026",FALSE,"2026-05-18 11:01:22 EDT"
2026-02-01,"Mountain View","California","Mountain View, California","Mountain View, CA","Mountain View, California","West",81461,"https://cde.ucr.cjis.gov/LATEST/webapp/#/pages/explorer/crime/crime-trend",1,"Crime Data Explorer","Open Source","February 2026",FALSE,"2026-05-18 11:01:22 EDT"
2026-03-01,"Muncie","Indiana","Muncie, Indiana","Muncie, IN","Muncie, Indiana","Midwest",65072,"https://cde.state.mn.us/",1,"Crime Data Explorer","Open Source","March 2026",TRUE,"2026-05-18 11:01:22 EDT"
2026-03-01,"Murfreesboro","Tennessee","Murfreesboro, Tennessee","Murfreesboro, TN","Murfreesboro, Tennessee","South",169520,"https://crimeinsight.tbi.tn.gov/public/View/dispview.aspx",1,"Crime Data Explorer","Open Source","March 2026",TRUE,"2026-05-18 11:01:22 EDT"
2026-03-01,"Murrieta","California","Murrieta, California","Murrieta, CA","Murrieta, California","West",112125,"https://www.murrietaca.gov/759/Police-Activity-Reports",1,"Agency Aggregated","Open Source","March 2026",TRUE,"2026-05-18 11:01:22 EDT"
2025-12-01,"Nampa","Idaho","Nampa, Idaho","Nampa, ID","Nampa, Idaho","West",118950,"https://nibrs.isp.idaho.gov/CrimeInIdaho/AdvancedSearch/AdvancedSearch",1,"State UCR","Open Source","December 2025",FALSE,"2026-05-18 11:01:22 EDT"
2026-03-01,"Napa","California","Napa, California","Napa, CA","Napa, California","West",76888,"https://cde.ucr.cjis.gov/LATEST/webapp/#/pages/explorer/crime/crime-trend",1,"Crime Data Explorer","Open Source","March 2026",TRUE,"2026-05-18 11:01:22 EDT"
2025-01-01,"Nashua","New Hampshire","Nashua, New Hampshire","Nashua, NH","Nashua, New Hampshire","Northeast",90938,"https://crimestats.dos.nh.gov/",1,"State UCR","Open Source","January 2025",FALSE,"2026-05-18 11:01:22 EDT"
2026-03-01,"Nashville","Tennessee","Nashville, Tennessee","Nashville, TN","Nashville, Tennessee","South",698987,"https://crimeinsight.tbi.tn.gov/public/View/dispview.aspx",1,"Crime Data Explorer","Open Source","March 2026",TRUE,"2026-05-18 11:01:22 EDT"
2025-12-01,"Nassau County","New York","Nassau County, New York","Nassau County, NY","Nassau County, New York","Northeast",1102071,"From Nassau County",1,"Agency Aggregated","Provided by Agency","December 2025",FALSE,"2026-05-18 11:01:22 EDT"
2026-03-01,"National City","California","National City, California","National City, CA","National City, California","West",54915,"https://crimestats.arjis.org/default.aspx",1,"Agency Aggregated","Open Source","March 2026",TRUE,"2026-05-18 11:01:22 EDT"
2026-03-01,"Full Sample","Nationwide","Full Sample, Nationwide","Full Sample, Nationwide","Full Sample, Nationwide","Other",115395442,"https://ah-datalytics.github.io/rtci/list/list.html",557,"Aggregate","All agencies with complete data through most recent month.","March 2026",FALSE,"2026-05-18 11:01:22 EDT"
2026-03-01,"New Bedford","Massachusetts","New Bedford, Massachusetts","New Bedford, MA","New Bedford, Massachusetts","Northeast",102491,"https://www.mass.gov/crime-statistics",1,"State UCR","Provided by State UCR Program","March 2026",TRUE,"2026-05-18 11:01:22 EDT"
2026-03-01,"New Braunfels","Texas","New Braunfels, Texas","New Braunfels, TX","New Braunfels, Texas","South",91816,"https://txucr.nibrs.com/SRSReport/CrimeTrends",1,"State UCR","Open Source","March 2026",TRUE,"2026-05-18 11:01:22 EDT"
2026-03-01,"New Britain","Connecticut","New Britain, Connecticut","New Britain, CT","New Britain, Connecticut","Northeast",74528,"https://ct.beyond2020.com/ct_public/Dim/dimension.aspx",1,"State UCR","Open Source","March 2026",TRUE,"2026-05-18 11:01:22 EDT"
2026-03-01,"New Hanover County","North Carolina","New Hanover County, North Carolina","New Hanover County, NC","New Hanover County, North Carolina","South",108345,"From NC",1,"State UCR","Provided by State UCR Program","March 2026",TRUE,"2026-05-18 11:01:22 EDT"
2026-02-01,"New Haven","Connecticut","New Haven, Connecticut","New Haven, CT","New Haven, Connecticut","Northeast",137243,"https://ct.beyond2020.com/ct_public/Dim/dimension.aspx",1,"State UCR","Open Source","February 2026",FALSE,"2026-05-18 11:01:22 EDT"
2026-03-01,"New Orleans","Louisiana","New Orleans, Louisiana","New Orleans, LA","New Orleans, Louisiana","South",361802,"https://data.nola.gov/Public-Safety-and-Preparedness/Electronic-Police-Report-2024/c5iy-ew8n/explore/query/SELECT%0A%20%20%60item_number%60%2C%0A%20%20%60district%60%2C%0A%20%20%60location%60%2C%0A%20%20%60disposition%60%2C%0A%20%20%60signal_type%60%2C%0A%20%20%60signal_description%60%2C%0A%20%20%60occurred_date_time%60%2C%0A%20%20%60charge_code%60%2C%0A%20%20%60charge_description%60%2C%0A%20%20%60offender_number%60%2C%0A%20%20%60offenderid%60%2C%0A%20%20%60offenderstatus%60%2C%0A%20%20%60offender_race%60%2C%0A%20%20%60offender_gender%60%2C%0A%20%20%60offender_age%60%2C%0A%20%20%60victim_number%60%2C%0A%20%20%60persontype%60%2C%0A%20%20%60victim_race%60%2C%0A%20%20%60victim_gender%60%2C%0A%20%20%60victim_age%60%2C%0A%20%20%60victim_fatal_status%60%2C%0A%20%20%60hate_crime%60%2C%0A%20%20%60report_type%60/page/filter",1,"Agency RMS","Open Source","March 2026",TRUE,"2026-05-18 11:01:22 EDT"
2026-03-01,"New Rochelle","New York","New Rochelle, New York","New Rochelle, NY","New Rochelle, New York","Northeast",84960,"https://cde.ucr.cjis.gov/LATEST/webapp/#/pages/explorer/crime/crime-trend",1,"Crime Data Explorer","Open Source","March 2026",TRUE,"2026-05-18 11:01:22 EDT"
2026-03-01,"New York City","New York","New York City, New York","New York City, NY","New York City, New York","Northeast",8299271,"https://compstat.nypdonline.org/",1,"Agency Aggregated","Open Source","March 2026",TRUE,"2026-05-18 11:01:22 EDT"
2026-02-01,"Newark","Ohio","Newark, Ohio","Newark, OH","Newark, Ohio","Midwest",51394,"https://ocjs.ohio.gov/",1,"State UCR","Provided by State UCR Program","February 2026",FALSE,"2026-05-18 11:01:22 EDT"
2026-03-01,"Newark","New Jersey","Newark, New Jersey","Newark, NJ","Newark, New Jersey","Northeast",309708,"https://www.newarkpublicsafety.org/npd/crime-statistics/",1,"Crime Data Explorer","Open Source","March 2026",TRUE,"2026-05-18 11:01:22 EDT"
2026-03-01,"Newport Beach","California","Newport Beach, California","Newport Beach, CA","Newport Beach, California","West",81811,"https://cde.ucr.cjis.gov/LATEST/webapp/#/pages/explorer/crime/crime-trend",1,"Crime Data Explorer","Open Source","March 2026",TRUE,"2026-05-18 11:01:22 EDT"
2026-02-01,"Newport News","Virginia","Newport News, Virginia","Newport News, VA","Newport News, Virginia","South",183563,"https://vsp.virginia.gov/",1,"Crime Data Explorer","Provided by State UCR Program","February 2026",FALSE,"2026-05-18 11:01:22 EDT"
2026-02-01,"Newton","Massachusetts","Newton, Massachusetts","Newton, MA","Newton, Massachusetts","Northeast",89935,"https://www.mass.gov/crime-statistics",1,"State UCR","Provided by State UCR Program","February 2026",FALSE,"2026-05-18 11:01:22 EDT"
2026-03-01,"Noblesville","Indiana","Noblesville, Indiana","Noblesville, IN","Noblesville, Indiana","Midwest",75216,"https://cde.state.mn.us/",1,"Crime Data Explorer","Open Source","March 2026",TRUE,"2026-05-18 11:01:22 EDT"
2026-01-01,"Norfolk","Virginia","Norfolk, Virginia","Norfolk, VA","Norfolk, Virginia","South",230460,"https://vsp.virginia.gov/",1,"Crime Data Explorer","Provided by State UCR Program","January 2026",FALSE,"2026-05-18 11:01:22 EDT"
2026-03-01,"Normal","Illinois","Normal, Illinois","Normal, IL","Normal, Illinois","Midwest",52573,"https://ilucr.nibrs.com/AdvancedSearch/AdvancedSearch",1,"State UCR","Open Source","March 2026",TRUE,"2026-05-18 11:01:22 EDT"
2025-12-01,"Norman","Oklahoma","Norman, Oklahoma","Norman, OK","Norman, Oklahoma","South",130681,"https://www.normanok.gov/public-safety/police-department/open-data-portal/offenses",1,"Agency RMS","Open Source","December 2025",FALSE,"2026-05-18 11:01:22 EDT"
2026-03-01,"North Bergen Township","New Jersey","North Bergen Township, New Jersey","North Bergen Township, NJ","North Bergen Township, New Jersey","Northeast",59532,"http://www.northbergenpolice.com/report/datasets/crime-statistics/",1,"Agency Aggregated","Open Source","March 2026",TRUE,"2026-05-18 11:01:22 EDT"
2026-01-01,"North Charleston","South Carolina","North Charleston, South Carolina","North Charleston, SC","North Charleston, South Carolina","South",93223,"https://cde.ucr.cjis.gov/LATEST/webapp/#/pages/explorer/crime/crime-trend",1,"Crime Data Explorer","Open Source","January 2026",FALSE,"2026-05-18 11:01:22 EDT"
2026-03-01,"North Las Vegas","Nevada","North Las Vegas, Nevada","North Las Vegas, NV","North Las Vegas, Nevada","West",293100,"https://nevadacrimestats.nv.gov/public/View/dispview.aspx",1,"State UCR","Open Source","March 2026",TRUE,"2026-05-18 11:01:22 EDT"
2026-03-01,"North Little Rock","Arkansas","North Little Rock, Arkansas","North Little Rock, AR","North Little Rock, Arkansas","South",64487,"https://cde.ucr.cjis.gov/LATEST/webapp/#/pages/explorer/crime/crime-trend",1,"Crime Data Explorer","Open Source","March 2026",TRUE,"2026-05-18 11:01:22 EDT"
2026-03-01,"North Richland Hills","Texas","North Richland Hills, Texas","North Richland Hills, TX","North Richland Hills, Texas","South",70780,"https://txucr.nibrs.com/SRSReport/CrimeTrends",1,"State UCR","Open Source","March 2026",TRUE,"2026-05-18 11:01:22 EDT"
2026-01-01,"Norwalk","Connecticut","Norwalk, Connecticut","Norwalk, CT","Norwalk, Connecticut","Northeast",92987,"https://ct.beyond2020.com/ct_public/Dim/dimension.aspx",1,"State UCR","Open Source","January 2026",FALSE,"2026-05-18 11:01:22 EDT"
2026-03-01,"Novato","California","Novato, California","Novato, CA","Novato, California","West",51258,"https://cde.ucr.cjis.gov/LATEST/webapp/#/pages/explorer/crime/crime-trend",1,"Crime Data Explorer","Open Source","March 2026",FALSE,"2026-05-18 11:01:22 EDT"
2026-03-01,"Novi","Michigan","Novi, Michigan","Novi, MI","Novi, Michigan","Midwest",66366,"https://www.michigan.gov/msp/divisions/cjic/dashboard-portal/crime-dashboard",1,"Crime Data Explorer","Open Source","March 2026",TRUE,"2026-05-18 11:01:22 EDT"
2026-03-01,"O'Fallon","Missouri","O'Fallon, Missouri","O'Fallon, MO","O'Fallon, Missouri","Midwest",94911,"https://showmecrime.mo.gov/",1,"State UCR","Open Source","March 2026",TRUE,"2026-05-18 11:01:22 EDT"
2026-03-01,"Oak Lawn","Illinois","Oak Lawn, Illinois","Oak Lawn, IL","Oak Lawn, Illinois","Midwest",54953,"https://ilucr.nibrs.com/AdvancedSearch/AdvancedSearch",1,"State UCR","Open Source","March 2026",TRUE,"2026-05-18 11:01:22 EDT"
2026-03-01,"Oceanside","California","Oceanside, California","Oceanside, CA","Oceanside, California","West",168725,"https://crimestats.arjis.org/default.aspx",1,"Agency Aggregated","Open Source","March 2026",TRUE,"2026-05-18 11:01:22 EDT"
2026-03-01,"Odessa","Texas","Odessa, Texas","Odessa, TX","Odessa, Texas","South",111867,"https://txucr.nibrs.com/SRSReport/CrimeTrends",1,"State UCR","Open Source","March 2026",TRUE,"2026-05-18 11:01:22 EDT"
2026-03-01,"Ogden","Utah","Ogden, Utah","Ogden, UT","Ogden, Utah","West",87258,"https://bci.utah.gov/crime-in-utah-dashboards/",1,"Crime Data Explorer","Open Source","March 2026",TRUE,"2026-05-18 11:01:22 EDT"
2026-03-01,"Oklahoma City","Oklahoma","Oklahoma City, Oklahoma","Oklahoma City, OK","Oklahoma City, Oklahoma","South",537406,"https://cde.ucr.cjis.gov/LATEST/webapp/#/pages/explorer/crime/crime-trend",1,"Crime Data Explorer","Open Source","March 2026",TRUE,"2026-05-18 11:01:22 EDT"
2026-03-01,"Omaha","Nebraska","Omaha, Nebraska","Omaha, NE","Omaha, Nebraska","Midwest",480235,"https://police.cityofomaha.org/opd-crime-statistics",1,"Agency Aggregated","Open Source","March 2026",TRUE,"2026-05-18 11:01:22 EDT"
2026-01-01,"Onslow County","North Carolina","Onslow County, North Carolina","Onslow County, NC","Onslow County, North Carolina","South",131244,"From NC",1,"State UCR","Provided by State UCR Program","January 2026",FALSE,"2026-05-18 11:01:22 EDT"
2026-03-01,"Orem","Utah","Orem, Utah","Orem, UT","Orem, Utah","West",94571,"https://bci.utah.gov/crime-in-utah-dashboards/",1,"Crime Data Explorer","Open Source","March 2026",TRUE,"2026-05-18 11:01:22 EDT"
2026-03-01,"Oshkosh","Wisconsin","Oshkosh, Wisconsin","Oshkosh, WI","Oshkosh, Wisconsin","Midwest",65994,"https://www.oshkoshpd.com/MonthlyCrimeStats/Default.aspx",1,"State UCR","Open Source","March 2026",TRUE,"2026-05-18 11:01:22 EDT"
2025-12-01,"Ottawa County","Michigan","Ottawa County, Michigan","Ottawa County, MI","Ottawa County, Michigan","Midwest",265659,"https://www.michigan.gov/msp/divisions/cjic/dashboard-portal/crime-dashboard",1,"State UCR","Open Source","December 2025",FALSE,"2026-05-18 11:01:22 EDT"
2026-03-01,"Owensboro","Kentucky","Owensboro, Kentucky","Owensboro, KY","Owensboro, Kentucky","South",60096,"https://cde.ucr.cjis.gov/LATEST/webapp/#/pages/explorer/crime/crime-trend",1,"Crime Data Explorer","Open Source","March 2026",TRUE,"2026-05-18 11:01:22 EDT"
2026-03-01,"Oxnard","California","Oxnard, California","Oxnard, CA","Oxnard, California","West",197361,"https://cde.ucr.cjis.gov/LATEST/webapp/#/pages/explorer/crime/crime-trend",1,"Crime Data Explorer","Open Source","March 2026",TRUE,"2026-05-18 11:01:22 EDT"
2026-03-01,"Palatine","Illinois","Palatine, Illinois","Palatine, IL","Palatine, Illinois","Midwest",63960,"https://ilucr.nibrs.com/AdvancedSearch/AdvancedSearch",1,"State UCR","Open Source","March 2026",TRUE,"2026-05-18 11:01:22 EDT"
2026-03-01,"Palo Alto","California","Palo Alto, California","Palo Alto, CA","Palo Alto, California","West",65079,"https://cde.ucr.cjis.gov/LATEST/webapp/#/pages/explorer/crime/crime-trend",1,"Crime Data Explorer","Open Source","March 2026",TRUE,"2026-05-18 11:01:22 EDT"
2026-02-01,"Parker","Colorado","Parker, Colorado","Parker, CO","Parker, Colorado","West",64088,"https://coloradocrimestats.state.co.us/public/View/dispview.aspx",1,"State UCR","Open Source","February 2026",FALSE,"2026-05-18 11:01:22 EDT"
2026-03-01,"Parker County","Texas","Parker County, Texas","Parker County, TX","Parker County, Texas","South",120283,"https://txucr.nibrs.com/SRSReport/CrimeTrends",1,"State UCR","Open Source","March 2026",TRUE,"2026-05-18 11:01:22 EDT"
2025-12-01,"Parma","Ohio","Parma, Ohio","Parma, OH","Parma, Ohio","Midwest",78967,"https://ocjs.ohio.gov/",1,"State UCR","Provided by State UCR Program","December 2025",FALSE,"2026-05-18 11:01:22 EDT"
2026-03-01,"Pasadena","California","Pasadena, California","Pasadena, CA","Pasadena, California","West",131966,"https://cde.ucr.cjis.gov/LATEST/webapp/#/pages/explorer/crime/crime-trend",1,"Crime Data Explorer","Open Source","March 2026",TRUE,"2026-05-18 11:01:22 EDT"
2026-03-01,"Pasadena","Texas","Pasadena, Texas","Pasadena, TX","Pasadena, Texas","South",145199,"https://txucr.nibrs.com/SRSReport/CrimeTrends",1,"State UCR","Open Source","March 2026",TRUE,"2026-05-18 11:01:22 EDT"
2026-03-01,"Paterson","New Jersey","Paterson, New Jersey","Paterson, NJ","Paterson, New Jersey","Northeast",158903,"https://cde.ucr.cjis.gov/LATEST/webapp/#/pages/explorer/crime/crime-trend",1,"Crime Data Explorer","Open Source","March 2026",TRUE,"2026-05-18 11:01:22 EDT"
2026-03-01,"Paulding County","Georgia","Paulding County, Georgia","Paulding County, GA","Paulding County, Georgia","South",167762,"https://cde.ucr.cjis.gov/LATEST/webapp/#/pages/explorer/crime/crime-trend",1,"Crime Data Explorer","Open Source","March 2026",TRUE,"2026-05-18 11:01:22 EDT"
2026-03-01,"Pawtucket","Rhode Island","Pawtucket, Rhode Island","Pawtucket, RI","Pawtucket, Rhode Island","Northeast",76400,"https://riucr.nibrs.com/AdvancedSearch/AdvancedSearch",1,"State UCR","Open Source","March 2026",TRUE,"2026-05-18 11:01:22 EDT"
2026-03-01,"Peabody","Massachusetts","Peabody, Massachusetts","Peabody, MA","Peabody, Massachusetts","Northeast",54964,"https://www.mass.gov/crime-statistics",1,"State UCR","Provided by State UCR Program","March 2026",TRUE,"2026-05-18 11:01:22 EDT"
2026-03-01,"Pearland","Texas","Pearland, Texas","Pearland, TX","Pearland, Texas","South",114299,"https://txucr.nibrs.com/SRSReport/CrimeTrends",1,"State UCR","Open Source","March 2026",TRUE,"2026-05-18 11:01:22 EDT"
2025-12-01,"Peoria","Arizona","Peoria, Arizona","Peoria, AZ","Peoria, Arizona","West",201056,"https://azcrimestatistics.azdps.gov/",1,"State UCR","Open Source","December 2025",FALSE,"2026-05-18 11:01:22 EDT"
2026-03-01,"Petaluma","California","Petaluma, California","Petaluma, CA","Petaluma, California","West",58493,"https://cde.ucr.cjis.gov/LATEST/webapp/#/pages/explorer/crime/crime-trend",1,"Crime Data Explorer","Open Source","March 2026",TRUE,"2026-05-18 11:01:22 EDT"
2026-03-01,"Pflugerville","Texas","Pflugerville, Texas","Pflugerville, TX","Pflugerville, Texas","South",65056,"https://txucr.nibrs.com/SRSReport/CrimeTrends",1,"State UCR","Open Source","March 2026",TRUE,"2026-05-18 11:01:22 EDT"
2026-03-01,"Pharr","Texas","Pharr, Texas","Pharr, TX","Pharr, Texas","South",80604,"https://txucr.nibrs.com/SRSReport/CrimeTrends",1,"State UCR","Open Source","March 2026",TRUE,"2026-05-18 11:01:22 EDT"
2026-03-01,"Philadelphia","Pennsylvania","Philadelphia, Pennsylvania","Philadelphia, PA","Philadelphia, Pennsylvania","Northeast",1549259,"https://www.ucr.pa.gov/PAUCRSPUBLIC/SRSReport/CrimeTrends",1,"State UCR","Open Source","March 2026",TRUE,"2026-05-18 11:01:22 EDT"
2026-03-01,"Phoenix","Arizona","Phoenix, Arizona","Phoenix, AZ","Phoenix, Arizona","West",1662809,"https://www.phoenix.gov/administration/departments/police/crime-stats-data/crime-stats-maps.html",1,"Agency RMS","Open Source","March 2026",TRUE,"2026-05-18 11:01:22 EDT"
2026-03-01,"Pima County","Arizona","Pima County, Arizona","Pima County, AZ","Pima County, Arizona","West",379189,"https://azcrimestatistics.azdps.gov/",1,"State UCR","Open Source","March 2026",TRUE,"2026-05-18 11:01:22 EDT"
2026-03-01,"Pinal County","Arizona","Pinal County, Arizona","Pinal County, AZ","Pinal County, Arizona","West",241417,"https://azcrimestatistics.azdps.gov/",1,"State UCR","Open Source","March 2026",TRUE,"2026-05-18 11:01:22 EDT"
2026-03-01,"Pittsburgh","Pennsylvania","Pittsburgh, Pennsylvania","Pittsburgh, PA","Pittsburgh, Pennsylvania","Northeast",317177,"https://data.wprdc.org/dataset/monthly-criminal-activity-dashboard/resource/bd41992a-987a-4cca-8798-fbe1cd946b07",1,"Agency RMS","Open Source","March 2026",TRUE,"2026-05-18 11:01:22 EDT"
2026-02-01,"Pittsfield","Massachusetts","Pittsfield, Massachusetts","Pittsfield, MA","Pittsfield, Massachusetts","Northeast",42835,"From Pittsfield PD",1,"Agency Aggregated","Provided by Agency","February 2026",FALSE,"2026-05-18 11:01:22 EDT"
2026-03-01,"Placer County","California","Placer County, California","Placer County, CA","Placer County, California","West",130016,"https://cde.ucr.cjis.gov/LATEST/webapp/#/pages/explorer/crime/crime-trend",1,"Crime Data Explorer","Open Source","March 2026",TRUE,"2026-05-18 11:01:22 EDT"
2026-03-01,"Plano","Texas","Plano, Texas","Plano, TX","Plano, Texas","South",285765,"https://txucr.nibrs.com/SRSReport/CrimeTrends",1,"State UCR","Open Source","March 2026",TRUE,"2026-05-18 11:01:22 EDT"
2026-03-01,"Pleasanton","California","Pleasanton, California","Pleasanton, CA","Pleasanton, California","West",73054,"https://cde.ucr.cjis.gov/LATEST/webapp/#/pages/explorer/crime/crime-trend",1,"Crime Data Explorer","Open Source","March 2026",TRUE,"2026-05-18 11:01:22 EDT"
2026-03-01,"Plymouth","Massachusetts","Plymouth, Massachusetts","Plymouth, MA","Plymouth, Massachusetts","Northeast",68195,"https://www.mass.gov/crime-statistics",1,"State UCR","Provided by State UCR Program","March 2026",TRUE,"2026-05-18 11:01:22 EDT"
2026-03-01,"Plymouth","Minnesota","Plymouth, Minnesota","Plymouth, MN","Plymouth, Minnesota","Midwest",76577,"https://cde.state.mn.us/",1,"State UCR","Open Source","March 2026",TRUE,"2026-05-18 11:01:22 EDT"
2026-02-01,"Pocatello","Idaho","Pocatello, Idaho","Pocatello, ID","Pocatello, Idaho","West",58618,"https://nibrs.isp.idaho.gov/CrimeInIdaho/AdvancedSearch/AdvancedSearch",1,"State UCR","Open Source","February 2026",FALSE,"2026-05-18 11:01:22 EDT"
2026-03-01,"Pomona","California","Pomona, California","Pomona, CA","Pomona, California","West",143726,"https://cde.ucr.cjis.gov/LATEST/webapp/#/pages/explorer/crime/crime-trend",1,"Crime Data Explorer","Open Source","March 2026",TRUE,"2026-05-18 11:01:22 EDT"
2026-03-01,"Pontiac","Michigan","Pontiac, Michigan","Pontiac, MI","Pontiac, Michigan","Midwest",61871,"https://cde.ucr.cjis.gov/LATEST/webapp/#/pages/explorer/crime/crime-trend",1,"Crime Data Explorer","Open Source","March 2026",TRUE,"2026-05-18 11:01:22 EDT"
2026-03-01,"Port Arthur","Texas","Port Arthur, Texas","Port Arthur, TX","Port Arthur, Texas","South",55313,"https://txucr.nibrs.com/SRSReport/CrimeTrends",1,"State UCR","Open Source","March 2026",TRUE,"2026-05-18 11:01:22 EDT"
2026-03-01,"Port St Lucie","Florida","Port St Lucie, Florida","Port St Lucie, FL","Port St Lucie, Florida","South",260194,"Sent by Port St Lucie",1,"Agency RMS","Agency RMS","March 2026",TRUE,"2026-05-18 11:01:22 EDT"
2026-03-01,"Porterville","California","Porterville, California","Porterville, CA","Porterville, California","West",62891,"https://cde.ucr.cjis.gov/LATEST/webapp/#/pages/explorer/crime/crime-trend",1,"Crime Data Explorer","Open Source","March 2026",TRUE,"2026-05-18 11:01:22 EDT"
2026-03-01,"Portland","Oregon","Portland, Oregon","Portland, OR","Portland, Oregon","West",620630,"https://public.tableau.com/app/profile/portlandpolicebureau/viz/New_Monthly_Neighborhood/MonthlyOffenseTotals",1,"Agency Aggregated","Open Source","March 2026",TRUE,"2026-05-18 11:01:22 EDT"
2026-03-01,"Portsmouth","Virginia","Portsmouth, Virginia","Portsmouth, VA","Portsmouth, Virginia","South",97156,"https://vsp.virginia.gov/",1,"Crime Data Explorer","Provided by State UCR Program","March 2026",TRUE,"2026-05-18 11:01:22 EDT"
2026-03-01,"Prescott Valley","Arizona","Prescott Valley, Arizona","Prescott Valley, AZ","Prescott Valley, Arizona","West",51116,"https://azcrimestatistics.azdps.gov/",1,"State UCR","Open Source","March 2026",TRUE,"2026-05-18 11:01:22 EDT"
2026-03-01,"Prince George's County","Maryland","Prince George's County, Maryland","Prince George's County, MD","Prince George's County, Maryland","South",737317,"https://data.princegeorgescountymd.gov/browse?category=Public+Safety&sortBy=relevance&page=1&pageSize=20",1,"Agency RMS","Open Source","March 2026",TRUE,"2026-05-18 11:01:22 EDT"
2026-02-01,"Prince William County","Virginia","Prince William County, Virginia","Prince William County, VA","Prince William County, Virginia","South",486544,"From VA",1,"State UCR","Provided by State UCR Program","February 2026",FALSE,"2026-05-18 11:01:22 EDT"
2026-01-01,"Providence","Rhode Island","Providence, Rhode Island","Providence, RI","Providence, Rhode Island","Northeast",193679,"https://riucr.nibrs.com/AdvancedSearch/AdvancedSearch",1,"State UCR","Open Source","January 2026",FALSE,"2026-05-18 11:01:22 EDT"
2026-02-01,"Provo","Utah","Provo, Utah","Provo, UT","Provo, Utah","West",112763,"https://bci.utah.gov/crime-in-utah-dashboards/",1,"Crime Data Explorer","Open Source","February 2026",FALSE,"2026-05-18 11:01:22 EDT"
2025-12-01,"Pueblo","Colorado","Pueblo, Colorado","Pueblo, CO","Pueblo, Colorado","West",110805,"https://coloradocrimestats.state.co.us/public/View/dispview.aspx",1,"State UCR","Open Source","December 2025",FALSE,"2026-05-18 11:01:22 EDT"
2026-03-01,"Quincy","Massachusetts","Quincy, Massachusetts","Quincy, MA","Quincy, Massachusetts","Northeast",103550,"https://www.mass.gov/crime-statistics",1,"State UCR","Provided by State UCR Program","March 2026",TRUE,"2026-05-18 11:01:22 EDT"
2026-03-01,"Racine","Wisconsin","Racine, Wisconsin","Racine, WI","Racine, Wisconsin","Midwest",76243,"From WI",1,"State UCR","Provided by State UCR Program","March 2026",TRUE,"2026-05-18 11:01:22 EDT"
2026-03-01,"Raleigh","North Carolina","Raleigh, North Carolina","Raleigh, NC","Raleigh, North Carolina","South",486464,"From NC",1,"State UCR","Provided by State UCR Program","March 2026",TRUE,"2026-05-18 11:01:22 EDT"
2026-03-01,"Rapid City","South Dakota","Rapid City, South Dakota","Rapid City, SD","Rapid City, South Dakota","Midwest",80957,"https://sdcrime.nibrs.com/AdvancedSearch/AdvancedSearch",1,"State UCR","Open Source","March 2026",TRUE,"2026-05-18 11:01:22 EDT"
2026-03-01,"Reading","Pennsylvania","Reading, Pennsylvania","Reading, PA","Reading, Pennsylvania","Northeast",97868,"https://www.ucr.pa.gov/PAUCRSPUBLIC/SRSReport/CrimeTrends",1,"State UCR","Open Source","March 2026",TRUE,"2026-05-18 11:01:22 EDT"
2026-02-01,"Redlands","California","Redlands, California","Redlands, CA","Redlands, California","West",72331,"https://www.cityofredlands.org/police",1,"Agency Aggregated","Provided by Agency","February 2026",FALSE,"2026-05-18 11:01:22 EDT"
2026-01-01,"Redmond","Washington","Redmond, Washington","Redmond, WA","Redmond, Washington","West",82746,"https://cde.ucr.cjis.gov/LATEST/webapp/#/pages/explorer/crime/crime-trend",1,"Crime Data Explorer","Open Source","January 2026",FALSE,"2026-05-18 11:01:22 EDT"
2026-03-01,"Redondo Beach","California","Redondo Beach, California","Redondo Beach, CA","Redondo Beach, California","West",66593,"https://cde.ucr.cjis.gov/LATEST/webapp/#/pages/explorer/crime/crime-trend",1,"Crime Data Explorer","Open Source","March 2026",TRUE,"2026-05-18 11:01:22 EDT"
2026-03-01,"Redwood City","California","Redwood City, California","Redwood City, CA","Redwood City, California","West",80060,"https://cde.ucr.cjis.gov/LATEST/webapp/#/pages/explorer/crime/crime-trend",1,"Crime Data Explorer","Open Source","March 2026",TRUE,"2026-05-18 11:01:22 EDT"
2026-01-01,"Reno","Nevada","Reno, Nevada","Reno, NV","Reno, Nevada","West",278313,"https://nevadacrimestats.nv.gov/public/View/dispview.aspx",1,"State UCR","Open Source","January 2026",FALSE,"2026-05-18 11:01:22 EDT"
2026-03-01,"Revere","Massachusetts","Revere, Massachusetts","Revere, MA","Revere, Massachusetts","Northeast",57779,"https://www.mass.gov/crime-statistics",1,"State UCR","Provided by State UCR Program","March 2026",TRUE,"2026-05-18 11:01:22 EDT"
2026-03-01,"Richardson","Texas","Richardson, Texas","Richardson, TX","Richardson, Texas","South",75353,"https://txucr.nibrs.com/SRSReport/CrimeTrends",1,"State UCR","Open Source","March 2026",TRUE,"2026-05-18 11:01:22 EDT"
2026-03-01,"Richland","Washington","Richland, Washington","Richland, WA","Richland, Washington","West",64736,"https://cde.ucr.cjis.gov/LATEST/webapp/#/pages/explorer/crime/crime-trend",1,"Crime Data Explorer","Open Source","March 2026",TRUE,"2026-05-18 11:01:22 EDT"
2026-03-01,"Richmond","California","Richmond, California","Richmond, CA","Richmond, California","West",113418,"https://www.ci.richmond.ca.us/4010/Crime-Statistics-Reports",1,"Agency Aggregated","Open Source","March 2026",TRUE,"2026-05-18 11:01:22 EDT"
2026-03-01,"Richmond","Virginia","Richmond, Virginia","Richmond, VA","Richmond, Virginia","South",231805,"https://apps.richmondgov.com/applications/CrimeInfo",1,"Agency RMS","Open Source","March 2026",TRUE,"2026-05-18 11:01:22 EDT"
2026-03-01,"Riverside","California","Riverside, California","Riverside, CA","Riverside, California","West",320148,"https://cde.ucr.cjis.gov/LATEST/webapp/#/pages/explorer/crime/crime-trend",1,"Crime Data Explorer","Open Source","March 2026",TRUE,"2026-05-18 11:01:22 EDT"
2026-03-01,"Roanoke","Virginia","Roanoke, Virginia","Roanoke, VA","Roanoke, Virginia","South",97027,"https://vsp.virginia.gov/",1,"Crime Data Explorer","Provided by State UCR Program","March 2026",TRUE,"2026-05-18 11:01:22 EDT"
2026-03-01,"Rochester Hills","Michigan","Rochester Hills, Michigan","Rochester Hills, MI","Rochester Hills, Michigan","Midwest",75845,"https://cde.ucr.cjis.gov/LATEST/webapp/#/pages/explorer/crime/crime-trend",1,"Crime Data Explorer","Open Source","March 2026",TRUE,"2026-05-18 11:01:22 EDT"
2026-03-01,"Rochester","Minnesota","Rochester, Minnesota","Rochester, MN","Rochester, Minnesota","Midwest",122694,"https://cde.state.mn.us/",1,"State UCR","Open Source","March 2026",TRUE,"2026-05-18 11:01:22 EDT"
2026-03-01,"Rochester","New York","Rochester, New York","Rochester, NY","Rochester, New York","Northeast",206093,"https://data-rpdny.opendata.arcgis.com/datasets/rpdny::rpd-part-i-crime-2011-to-present/explore",1,"Agency RMS","Open Source","March 2026",TRUE,"2026-05-18 11:01:22 EDT"
2026-03-01,"Rock Hill","South Carolina","Rock Hill, South Carolina","Rock Hill, SC","Rock Hill, South Carolina","South",75975,"https://cde.ucr.cjis.gov/LATEST/webapp/#/pages/explorer/crime/crime-trend",1,"Crime Data Explorer","Open Source","March 2026",TRUE,"2026-05-18 11:01:22 EDT"
2026-03-01,"Rockford","Illinois","Rockford, Illinois","Rockford, IL","Rockford, Illinois","Midwest",145280,"https://ilucr.nibrs.com/AdvancedSearch/AdvancedSearch",1,"State UCR","Open Source","March 2026",TRUE,"2026-05-18 11:01:22 EDT"
2026-03-01,"Rocklin","California","Rocklin, California","Rocklin, CA","Rocklin, California","West",74048,"https://cde.ucr.cjis.gov/LATEST/webapp/#/pages/explorer/crime/crime-trend",1,"Crime Data Explorer","Open Source","March 2026",TRUE,"2026-05-18 11:01:22 EDT"
2026-03-01,"Rockwall","Texas","Rockwall, Texas","Rockwall, TX","Rockwall, Texas","South",54765,"https://txucr.nibrs.com/SRSReport/CrimeTrends",1,"State UCR","Open Source","March 2026",TRUE,"2026-05-18 11:01:22 EDT"
2026-03-01,"Rocky Mount","North Carolina","Rocky Mount, North Carolina","Rocky Mount, NC","Rocky Mount, North Carolina","South",39008,"From NC",1,"State UCR","Provided by State UCR Program","March 2026",TRUE,"2026-05-18 11:01:22 EDT"
2026-03-01,"Roseville","California","Roseville, California","Roseville, CA","Roseville, California","West",162841,"https://cde.ucr.cjis.gov/LATEST/webapp/#/pages/explorer/crime/crime-trend",1,"Crime Data Explorer","Open Source","March 2026",TRUE,"2026-05-18 11:01:22 EDT"
2026-03-01,"Roswell","Georgia","Roswell, Georgia","Roswell, GA","Roswell, Georgia","South",91789,"https://cde.ucr.cjis.gov/LATEST/webapp/#/pages/explorer/crime/crime-trend",1,"Crime Data Explorer","Open Source","March 2026",TRUE,"2026-05-18 11:01:22 EDT"
2026-03-01,"Round Rock","Texas","Round Rock, Texas","Round Rock, TX","Round Rock, Texas","South",131980,"https://txucr.nibrs.com/SRSReport/CrimeTrends",1,"State UCR","Open Source","March 2026",TRUE,"2026-05-18 11:01:22 EDT"
2026-03-01,"Rowlett","Texas","Rowlett, Texas","Rowlett, TX","Rowlett, Texas","South",60558,"https://txucr.nibrs.com/SRSReport/CrimeTrends",1,"State UCR","Open Source","March 2026",TRUE,"2026-05-18 11:01:22 EDT"
2026-03-01,"Royal Oak","Michigan","Royal Oak, Michigan","Royal Oak, MI","Royal Oak, Michigan","Midwest",57257,"https://www.michigan.gov/msp/divisions/cjic/dashboard-portal/crime-dashboard",1,"Crime Data Explorer","Open Source","March 2026",TRUE,"2026-05-18 11:01:22 EDT"
2026-03-01,"Rutherford County","Tennessee","Rutherford County, Tennessee","Rutherford County, TN","Rutherford County, Tennessee","South",107845,"https://crimeinsight.tbi.tn.gov/public/View/dispview.aspx",1,"State UCR","Open Source","March 2026",TRUE,"2026-05-18 11:01:22 EDT"
2026-03-01,"Sacramento","California","Sacramento, California","Sacramento, CA","Sacramento, California","West",526670,"https://experience.arcgis.com/experience/cb5a65e7a67743778cd277c7e3761b5a",1,"Agency RMS","Open Source","March 2026",TRUE,"2026-05-18 11:01:22 EDT"
2026-03-01,"Sacramento County","California","Sacramento County, California","Sacramento County, CA","Sacramento County, California","West",621675,"https://cde.ucr.cjis.gov/LATEST/webapp/#/pages/explorer/crime/crime-trend",1,"Crime Data Explorer","Open Source","March 2026",TRUE,"2026-05-18 11:01:22 EDT"
2026-03-01,"Salem","Oregon","Salem, Oregon","Salem, OR","Salem, Oregon","West",147346,"https://www.oregon.gov/osp/pages/uniform-crime-reporting-data.aspx",1,"State UCR","Open Source","March 2026",TRUE,"2026-05-18 11:01:22 EDT"
2026-02-01,"Salt Lake City","Utah","Salt Lake City, Utah","Salt Lake City, UT","Salt Lake City, Utah","West",212675,"https://slcpd.com/open-data/crimestatistics/",1,"Agency Aggregated","Open Source","February 2026",FALSE,"2026-05-18 11:01:22 EDT"
2026-03-01,"San Angelo","Texas","San Angelo, Texas","San Angelo, TX","San Angelo, Texas","South",98996,"https://txucr.nibrs.com/SRSReport/CrimeTrends",1,"State UCR","Open Source","March 2026",TRUE,"2026-05-18 11:01:22 EDT"
2026-03-01,"San Antonio","Texas","San Antonio, Texas","San Antonio, TX","San Antonio, Texas","South",1514448,"https://txucr.nibrs.com/SRSReport/CrimeTrends",1,"State UCR","Open Source","March 2026",TRUE,"2026-05-18 11:01:22 EDT"
2026-03-01,"San Bernardino","California","San Bernardino, California","San Bernardino, CA","San Bernardino, California","West",224283,"https://www.sbcity.org/city_hall/police_department/crime_statistics/about_ucr_statistics/crime_statistics",1,"Agency Aggregated","Open Source","March 2026",FALSE,"2026-05-18 11:01:22 EDT"
2026-03-01,"San Diego","California","San Diego, California","San Diego, CA","San Diego, California","West",1389024,"https://crimestats.arjis.org/default.aspx",1,"Agency Aggregated","Open Source","March 2026",TRUE,"2026-05-18 11:01:22 EDT"
2026-03-01,"San Diego County","California","San Diego County, California","San Diego County, CA","San Diego County, California","West",558533,"https://crimestats.arjis.org/default.aspx",1,"Agency Aggregated","Open Source","March 2026",TRUE,"2026-05-18 11:01:22 EDT"
2026-03-01,"San Francisco","California","San Francisco, California","San Francisco, CA","San Francisco, California","West",802856,"https://www.sanfranciscopolice.org/stay-safe/crime-data/crime-dashboard",1,"Agency Aggregated","Open Source","March 2026",TRUE,"2026-05-18 11:01:22 EDT"
2026-03-01,"San Jose","California","San Jose, California","San Jose, CA","San Jose, California","West",956840,"https://cde.ucr.cjis.gov/LATEST/webapp/#/pages/explorer/crime/crime-trend",1,"Crime Data Explorer","Open Source","March 2026",TRUE,"2026-05-18 11:01:22 EDT"
2026-03-01,"San Marcos","Texas","San Marcos, Texas","San Marcos, TX","San Marcos, Texas","South",72722,"https://txucr.nibrs.com/SRSReport/CrimeTrends",1,"State UCR","Open Source","March 2026",TRUE,"2026-05-18 11:01:22 EDT"
2026-03-01,"San Mateo","California","San Mateo, California","San Mateo, CA","San Mateo, California","West",99929,"https://cde.ucr.cjis.gov/LATEST/webapp/#/pages/explorer/crime/crime-trend",1,"Crime Data Explorer","Open Source","March 2026",TRUE,"2026-05-18 11:01:22 EDT"
2026-03-01,"San Mateo County","California","San Mateo County, California","San Mateo County, CA","San Mateo County, California","West",136062,"https://cde.ucr.cjis.gov/LATEST/webapp/#/pages/explorer/crime/crime-trend",1,"Crime Data Explorer","Open Source","March 2026",TRUE,"2026-05-18 11:01:22 EDT"
2026-03-01,"San Rafael","California","San Rafael, California","San Rafael, CA","San Rafael, California","West",59037,"https://cde.ucr.cjis.gov/LATEST/webapp/#/pages/explorer/crime/crime-trend",1,"Crime Data Explorer","Open Source","March 2026",TRUE,"2026-05-18 11:01:22 EDT"
2025-09-01,"Sandy","Utah","Sandy, Utah","Sandy, UT","Sandy, Utah","West",90341,"https://bci.utah.gov/crime-in-utah-dashboards/",1,"Crime Data Explorer","Open Source","September 2025",FALSE,"2026-05-18 11:01:22 EDT"
2026-03-01,"Santa Clara","California","Santa Clara, California","Santa Clara, CA","Santa Clara, California","West",131901,"https://cde.ucr.cjis.gov/LATEST/webapp/#/pages/explorer/crime/crime-trend",1,"Crime Data Explorer","Open Source","March 2026",TRUE,"2026-05-18 11:01:22 EDT"
2026-02-01,"Santa Cruz","California","Santa Cruz, California","Santa Cruz, CA","Santa Cruz, California","West",61346,"https://cde.ucr.cjis.gov/LATEST/webapp/#/pages/explorer/crime/crime-trend",1,"Crime Data Explorer","Open Source","February 2026",FALSE,"2026-05-18 11:01:22 EDT"
2026-03-01,"Santa Cruz County","California","Santa Cruz County, California","Santa Cruz County, CA","Santa Cruz County, California","West",130041,"https://cde.ucr.cjis.gov/LATEST/webapp/#/pages/explorer/crime/crime-trend",1,"Crime Data Explorer","Open Source","March 2026",TRUE,"2026-05-18 11:01:22 EDT"
2026-03-01,"Santa Fe","New Mexico","Santa Fe, New Mexico","Santa Fe, NM","Santa Fe, New Mexico","West",89652,"https://santafenm.gov/police/police-criminal-investigations/police-crime-analyst",1,"Agency Aggregated","Open Source","March 2026",TRUE,"2026-05-18 11:01:22 EDT"
2026-03-01,"Santa Maria","California","Santa Maria, California","Santa Maria, CA","Santa Maria, California","West",110056,"https://cde.ucr.cjis.gov/LATEST/webapp/#/pages/explorer/crime/crime-trend",1,"Crime Data Explorer","Open Source","March 2026",TRUE,"2026-05-18 11:01:22 EDT"
2026-03-01,"Santa Monica","California","Santa Monica, California","Santa Monica, CA","Santa Monica, California","West",88948,"From Santa Monica PD",1,"Agency Aggregated","Provided by Agency","March 2026",TRUE,"2026-05-18 11:01:22 EDT"
2026-03-01,"Santa Rosa","California","Santa Rosa, California","Santa Rosa, CA","Santa Rosa, California","West",175147,"https://cde.ucr.cjis.gov/LATEST/webapp/#/pages/explorer/crime/crime-trend",1,"Crime Data Explorer","Open Source","March 2026",TRUE,"2026-05-18 11:01:22 EDT"
2026-03-01,"Sarasota County","Florida","Sarasota County, Florida","Sarasota County, FL","Sarasota County, Florida","South",302725,"https://www.sarasotasheriff.org/news/crime_crash_statistics/uniform_crime_reporting_statistics.php#revize_document_center_rz1986",1,"Agency Aggregated","Open Source","March 2026",TRUE,"2026-05-18 11:01:22 EDT"
2026-03-01,"Saratoga Springs","Utah","Saratoga Springs, Utah","Saratoga Springs, UT","Saratoga Springs, Utah","West",58400,"https://cde.ucr.cjis.gov/LATEST/webapp/#/pages/explorer/crime/crime-trend",1,"Crime Data Explorer","Open Source","March 2026",TRUE,"2026-05-18 11:01:22 EDT"
2026-03-01,"Saratoga County","New York","Saratoga County, New York","Saratoga County, NY","Saratoga County, New York","Northeast",187249,"https://cde.ucr.cjis.gov/LATEST/webapp/#/pages/explorer/crime/crime-trend",1,"Crime Data Explorer","Open Source","March 2026",TRUE,"2026-05-18 11:01:22 EDT"
2026-03-01,"Sarpy County","Nebraska","Sarpy County, Nebraska","Sarpy County, NE","Sarpy County, Nebraska","Midwest",101805,"https://crimestats.ne.gov/public/View/RSReport.aspx?ReportId=1082",1,"State UCR","Agency Aggregated","March 2026",TRUE,"2026-05-18 11:01:22 EDT"
2026-03-01,"Schaumburg","Illinois","Schaumburg, Illinois","Schaumburg, IL","Schaumburg, Illinois","Midwest",74882,"https://ilucr.nibrs.com/AdvancedSearch/AdvancedSearch",1,"State UCR","Open Source","March 2026",TRUE,"2026-05-18 11:01:22 EDT"
2026-02-01,"Schenectady","New York","Schenectady, New York","Schenectady, NY","Schenectady, New York","Northeast",68610,"https://cde.ucr.cjis.gov/LATEST/webapp/#/pages/explorer/crime/crime-trend",1,"Crime Data Explorer","Open Source","February 2026",FALSE,"2026-05-18 11:01:22 EDT"
2026-02-01,"Scottsdale","Arizona","Scottsdale, Arizona","Scottsdale, AZ","Scottsdale, Arizona","West",245237,"https://azcrimestatistics.azdps.gov/",1,"State UCR","Open Source","February 2026",FALSE,"2026-05-18 11:01:22 EDT"
2026-03-01,"Scranton","Pennsylvania","Scranton, Pennsylvania","Scranton, PA","Scranton, Pennsylvania","Northeast",75683,"https://www.ucr.pa.gov/PAUCRSPUBLIC/SRSReport/CrimeTrends",1,"State UCR","Open Source","March 2026",TRUE,"2026-05-18 11:01:22 EDT"
2026-03-01,"Seattle","Washington","Seattle, Washington","Seattle, WA","Seattle, Washington","West",760058,"https://data.seattle.gov/resource/tazs-3rd5.json",1,"Agency Aggregated","Open Source","March 2026",TRUE,"2026-05-18 11:01:22 EDT"
2026-03-01,"Shawnee","Kansas","Shawnee, Kansas","Shawnee, KS","Shawnee, Kansas","Midwest",70089,"https://cde.ucr.cjis.gov/LATEST/webapp/#/pages/explorer/crime/crime-trend",1,"Crime Data Explorer","Open Source","March 2026",TRUE,"2026-05-18 11:01:22 EDT"
2026-03-01,"Shelby Township","Michigan","Shelby Township, Michigan","Shelby Township, MI","Shelby Township, Michigan","Midwest",79985,"https://www.michigan.gov/msp/divisions/cjic/dashboard-portal/crime-dashboard",1,"Crime Data Explorer","Open Source","March 2026",TRUE,"2026-05-18 11:01:22 EDT"
2026-03-01,"Shelby County","Tennessee","Shelby County, Tennessee","Shelby County, TN","Shelby County, Tennessee","South",135769,"https://crimeinsight.tbi.tn.gov/public/View/dispview.aspx",1,"State UCR","Open Source","March 2026",TRUE,"2026-05-18 11:01:22 EDT"
2026-03-01,"Shreveport","Louisiana","Shreveport, Louisiana","Shreveport, LA","Shreveport, Louisiana","South",172292,"https://cde.ucr.cjis.gov/LATEST/webapp/#/pages/explorer/crime/crime-trend",1,"Crime Data Explorer","Open Source","March 2026",TRUE,"2026-05-18 11:01:22 EDT"
2026-03-01,"Simi Valley","California","Simi Valley, California","Simi Valley, CA","Simi Valley, California","West",124707,"https://cde.ucr.cjis.gov/LATEST/webapp/#/pages/explorer/crime/crime-trend",1,"Crime Data Explorer","Open Source","March 2026",TRUE,"2026-05-18 11:01:22 EDT"
2026-03-01,"Sioux City","Iowa","Sioux City, Iowa","Sioux City, IA","Sioux City, Iowa","Midwest",85708,"From IA",1,"Crime Data Explorer","Provided by Agency","March 2026",TRUE,"2026-05-18 11:01:22 EDT"
2026-02-01,"Sioux Falls","South Dakota","Sioux Falls, South Dakota","Sioux Falls, SD","Sioux Falls, South Dakota","Midwest",170102,"https://sdcrime.nibrs.com/AdvancedSearch/AdvancedSearch",1,"State UCR","Open Source","February 2026",FALSE,"2026-05-18 11:01:22 EDT"
2026-03-01,"Skokie","Illinois","Skokie, Illinois","Skokie, IL","Skokie, Illinois","Midwest",64047,"https://ilucr.nibrs.com/AdvancedSearch/AdvancedSearch",1,"State UCR","Open Source","March 2026",TRUE,"2026-05-18 11:01:22 EDT"
2026-03-01,"Smith County","Texas","Smith County, Texas","Smith County, TX","Smith County, Texas","South",114593,"https://txucr.nibrs.com/SRSReport/CrimeTrends",1,"State UCR","Open Source","March 2026",TRUE,"2026-05-18 11:01:22 EDT"
2026-03-01,"Smyrna","Tennessee","Smyrna, Tennessee","Smyrna, TN","Smyrna, Tennessee","South",58791,"https://crimeinsight.tbi.tn.gov/public/View/dispview.aspx",1,"Crime Data Explorer","Open Source","March 2026",TRUE,"2026-05-18 11:01:22 EDT"
2025-12-01,"Somerville","Massachusetts","Somerville, Massachusetts","Somerville, MA","Somerville, Massachusetts","Northeast",81766,"https://www.mass.gov/crime-statistics",1,"State UCR","Provided by State UCR Program","December 2025",FALSE,"2026-05-18 11:01:22 EDT"
2026-03-01,"Sonoma County","California","Sonoma County, California","Sonoma County, CA","Sonoma County, California","West",138566,"https://data.sonomacounty.ca.gov/Public-Safety/Sonoma-County-Sheriff-s-Office-Incident-Data/3rsj-iche/explore/query/SELECT%0A%20%20%60id%60%2C%0A%20%20%60agency_code%60%2C%0A%20%20%60agency%60%2C%0A%20%20%60incident_number%60%2C%0A%20%20%60date_time%60%2C%0A%20%20%60incident_type%60%2C%0A%20%20%60location_type%60%2C%0A%20%20%60city%60%2C%0A%20%20%60intersection%60%2C%0A%20%20%60location%60%2C%0A%20%20%60upload%60/page/filter",1,"Agency RMS","Open Source","March 2026",TRUE,"2026-05-18 11:01:22 EDT"
2026-03-01,"South Bend","Indiana","South Bend, Indiana","South Bend, IN","South Bend, Indiana","Midwest",103415,"https://southbendin.gov/transparency-and-performance/police-transparency-hub/particrimes/",1,"Agency Aggregated","Open Source","March 2026",TRUE,"2026-05-18 11:01:22 EDT"
2026-03-01,"South Jordan","Utah","South Jordan, Utah","South Jordan, UT","South Jordan, Utah","West",86846,"https://bci.utah.gov/crime-in-utah-dashboards/",1,"Crime Data Explorer","Open Source","March 2026",TRUE,"2026-05-18 11:01:22 EDT"
2026-03-01,"South San Francisco","California","South San Francisco, California","South San Francisco, CA","South San Francisco, California","West",62229,"https://cde.ucr.cjis.gov/LATEST/webapp/#/pages/explorer/crime/crime-trend",1,"Crime Data Explorer","Open Source","March 2026",TRUE,"2026-05-18 11:01:22 EDT"
2026-03-01,"Southaven","Mississippi","Southaven, Mississippi","Southaven, MS","Southaven, Mississippi","South",57537,"https://mscrimestats.dps.ms.gov/public/View/dispview.aspx",1,"State UCR","Open Source","March 2026",TRUE,"2026-05-18 11:01:22 EDT"
2026-03-01,"Southfield","Michigan","Southfield, Michigan","Southfield, MI","Southfield, Michigan","Midwest",75454,"https://www.michigan.gov/msp/divisions/cjic/dashboard-portal/crime-dashboard",1,"Crime Data Explorer","Open Source","March 2026",TRUE,"2026-05-18 11:01:22 EDT"
2026-03-01,"Sparks","Nevada","Sparks, Nevada","Sparks, NV","Sparks, Nevada","West",110807,"https://nevadacrimestats.nv.gov/public/View/dispview.aspx",1,"State UCR","Open Source","March 2026",TRUE,"2026-05-18 11:01:22 EDT"
2026-03-01,"Spokane Valley","Washington","Spokane Valley, Washington","Spokane Valley, WA","Spokane Valley, Washington","West",109852,"https://cde.ucr.cjis.gov/LATEST/webapp/#/pages/explorer/crime/crime-trend",1,"Crime Data Explorer","Open Source","March 2026",TRUE,"2026-05-18 11:01:22 EDT"
2026-02-01,"Spokane","Washington","Spokane, Washington","Spokane, WA","Spokane, Washington","West",229529,"https://my.spokanecity.org/police/",1,"Agency RMS","Provided by Agency","February 2026",FALSE,"2026-05-18 11:01:22 EDT"
2026-01-01,"Spotsylvania County","Virginia","Spotsylvania County, Virginia","Spotsylvania County, VA","Spotsylvania County, Virginia","South",153892,"From VA",1,"State UCR","Provided by State UCR Program","January 2026",FALSE,"2026-05-18 11:01:22 EDT"
2026-03-01,"Spring Hill","Tennessee","Spring Hill, Tennessee","Spring Hill, TN","Spring Hill, Tennessee","South",39373,"https://crimeinsight.tbi.tn.gov/public/View/dispview.aspx",1,"Crime Data Explorer","Open Source","March 2026",TRUE,"2026-05-18 11:01:22 EDT"
2026-02-01,"Springfield","Massachusetts","Springfield, Massachusetts","Springfield, MA","Springfield, Massachusetts","Northeast",155491,"https://www.mass.gov/crime-statistics",1,"State UCR","Provided by State UCR Program","February 2026",FALSE,"2026-05-18 11:01:22 EDT"
2026-02-01,"Springfield","Ohio","Springfield, Ohio","Springfield, OH","Springfield, Ohio","Midwest",57911,"https://ocjs.ohio.gov/",1,"State UCR","Provided by State UCR Program","February 2026",FALSE,"2026-05-18 11:01:22 EDT"
2026-03-01,"Springfield","Illinois","Springfield, Illinois","Springfield, IL","Springfield, Illinois","Midwest",111965,"https://ilucr.nibrs.com/AdvancedSearch/AdvancedSearch",1,"State UCR","Open Source","March 2026",TRUE,"2026-05-18 11:01:22 EDT"
2026-03-01,"Springfield","Missouri","Springfield, Missouri","Springfield, MO","Springfield, Missouri","Midwest",170526,"https://showmecrime.mo.gov/",1,"State UCR","Open Source","March 2026",TRUE,"2026-05-18 11:01:22 EDT"
2026-03-01,"Springfield","Oregon","Springfield, Oregon","Springfield, OR","Springfield, Oregon","West",60830,"https://www.oregon.gov/osp/pages/uniform-crime-reporting-data.aspx",1,"State UCR","Open Source","March 2026",TRUE,"2026-05-18 11:01:22 EDT"
2026-03-01,"St Charles","Missouri","St Charles, Missouri","St Charles, MO","St Charles, Missouri","Midwest",72143,"https://showmecrime.mo.gov/",1,"State UCR","Open Source","March 2026",TRUE,"2026-05-18 11:01:22 EDT"
2026-03-01,"St Charles County","Missouri","St Charles County, Missouri","St Charles County, MO","St Charles County, Missouri","Midwest",119176,"https://showmecrime.mo.gov/",1,"State UCR","Open Source","March 2026",FALSE,"2026-05-18 11:01:22 EDT"
2026-02-01,"St Joseph County","Indiana","St Joseph County, Indiana","St Joseph County, IN","St Joseph County, Indiana","Midwest",111095,"https://cde.state.mn.us/",1,"Crime Data Explorer","Open Source","February 2026",FALSE,"2026-05-18 11:01:22 EDT"
2026-03-01,"St Joseph","Missouri","St Joseph, Missouri","St Joseph, MO","St Joseph, Missouri","Midwest",70139,"https://showmecrime.mo.gov/",1,"State UCR","Open Source","March 2026",TRUE,"2026-05-18 11:01:22 EDT"
2026-03-01,"St Louis","Missouri","St Louis, Missouri","St Louis, MO","St Louis, Missouri","Midwest",277294,"https://showmecrime.mo.gov/",1,"State UCR","Open Source","March 2026",TRUE,"2026-05-18 11:01:22 EDT"
2026-03-01,"St Louis County","Missouri","St Louis County, Missouri","St Louis County, MO","St Louis County, Missouri","Midwest",402510,"https://showmecrime.mo.gov/",1,"State UCR","Open Source","March 2026",TRUE,"2026-05-18 11:01:22 EDT"
2026-03-01,"St Peters","Missouri","St Peters, Missouri","St Peters, MO","St Peters, Missouri","Midwest",59993,"https://showmecrime.mo.gov/",1,"State UCR","Open Source","March 2026",TRUE,"2026-05-18 11:01:22 EDT"
2026-03-01,"St. Clair Shores","Michigan","St. Clair Shores, Michigan","St. Clair Shores, MI","St. Clair Shores, Michigan","Midwest",57157,"https://www.michigan.gov/msp/divisions/cjic/dashboard-portal/crime-dashboard",1,"Crime Data Explorer","Open Source","March 2026",TRUE,"2026-05-18 11:01:22 EDT"
2026-03-01,"St. Cloud","Minnesota","St. Cloud, Minnesota","St. Cloud, MN","St. Cloud, Minnesota","Midwest",56509,"https://cde.state.mn.us/",1,"State UCR","Open Source","March 2026",TRUE,"2026-05-18 11:01:22 EDT"
2026-03-01,"St. George","Utah","St. George, Utah","St. George, UT","St. George, Utah","West",107595,"https://bci.utah.gov/crime-in-utah-dashboards/",1,"State UCR","Open Source","March 2026",TRUE,"2026-05-18 11:01:22 EDT"
2026-03-01,"St. Mary's County","Maryland","St. Mary's County, Maryland","St. Mary's County, MD","St. Mary's County, Maryland","South",117210,"https://cde.ucr.cjis.gov/LATEST/webapp/#/pages/explorer/crime/crime-trend",1,"Crime Data Explorer","Open Source","March 2026",TRUE,"2026-05-18 11:01:22 EDT"
2026-03-01,"St. Paul","Minnesota","St. Paul, Minnesota","St. Paul, MN","St. Paul, Minnesota","Midwest",304051,"https://cde.state.mn.us/",1,"State UCR","Open Source","March 2026",TRUE,"2026-05-18 11:01:22 EDT"
2025-12-01,"Stafford County","Virginia","Stafford County, Virginia","Stafford County, VA","Stafford County, Virginia","South",169369,"From VA",1,"State UCR","Provided by State UCR Program","December 2025",FALSE,"2026-05-18 11:01:22 EDT"
2026-03-01,"Stamford","Connecticut","Stamford, Connecticut","Stamford, CT","Stamford, Connecticut","Northeast",136483,"https://ct.beyond2020.com/ct_public/Dim/dimension.aspx",1,"State UCR","Open Source","March 2026",TRUE,"2026-05-18 11:01:22 EDT"
2026-03-01,"Stark County","Ohio","Stark County, Ohio","Stark County, OH","Stark County, Ohio","Midwest",115327,"From OH",1,"State UCR","Provided by State UCR Program","March 2026",TRUE,"2026-05-18 11:01:22 EDT"
2026-03-01,"State College","Pennsylvania","State College, Pennsylvania","State College, PA","State College, Pennsylvania","Northeast",57580,"https://www.ucr.pa.gov/PAUCRSPUBLIC/SRSReport/CrimeTrends",1,"State UCR","Open Source","March 2026",TRUE,"2026-05-18 11:01:22 EDT"
2026-03-01,"Sterling Heights","Michigan","Sterling Heights, Michigan","Sterling Heights, MI","Sterling Heights, Michigan","Midwest",133058,"https://www.michigan.gov/msp/divisions/cjic/dashboard-portal/crime-dashboard",1,"Crime Data Explorer","Open Source","March 2026",TRUE,"2026-05-18 11:01:22 EDT"
2026-03-01,"Stockton","California","Stockton, California","Stockton, CA","Stockton, California","West",319069,"https://www.stocktonca.gov/services/police_department/police_news___information/statistical_reports.php#outer-629",1,"Agency Aggregated","Open Source","March 2026",TRUE,"2026-05-18 11:01:22 EDT"
2026-03-01,"Stratford","Connecticut","Stratford, Connecticut","Stratford, CT","Stratford, Connecticut","Northeast",52531,"https://ct.beyond2020.com/ct_public/Dim/dimension.aspx",1,"State UCR","Open Source","March 2026",TRUE,"2026-05-18 11:01:22 EDT"
2025-12-01,"Suffolk","Virginia","Suffolk, Virginia","Suffolk, VA","Suffolk, Virginia","South",103506,"https://vsp.virginia.gov/",1,"Crime Data Explorer","Provided by State UCR Program","December 2025",FALSE,"2026-05-18 11:01:22 EDT"
2026-03-01,"Sugar Land","Texas","Sugar Land, Texas","Sugar Land, TX","Sugar Land, Texas","South",107757,"https://txucr.nibrs.com/SRSReport/CrimeTrends",1,"State UCR","Open Source","March 2026",TRUE,"2026-05-18 11:01:22 EDT"
2026-02-01,"Sunnyvale","California","Sunnyvale, California","Sunnyvale, CA","Sunnyvale, California","West",150893,"https://cde.ucr.cjis.gov/LATEST/webapp/#/pages/explorer/crime/crime-trend",1,"Crime Data Explorer","Open Source","February 2026",FALSE,"2026-05-18 11:01:22 EDT"
2026-02-01,"Surprise","Arizona","Surprise, Arizona","Surprise, AZ","Surprise, Arizona","West",163202,"https://azcrimestatistics.azdps.gov/",1,"State UCR","Open Source","February 2026",FALSE,"2026-05-18 11:01:22 EDT"
2026-02-01,"Tacoma","Washington","Tacoma, Washington","Tacoma, WA","Tacoma, Washington","West",223980,"https://public.tableau.com/app/profile/city.of.tacoma/viz/TacomaPoliceCrimeDashboard/CrimeDashboard-IntroPage",1,"Agency Aggregated","Open Source","February 2026",FALSE,"2026-05-18 11:01:22 EDT"
2026-03-01,"Taunton","Massachusetts","Taunton, Massachusetts","Taunton, MA","Taunton, Massachusetts","Northeast",61874,"https://www.mass.gov/crime-statistics",1,"State UCR","Provided by State UCR Program","March 2026",TRUE,"2026-05-18 11:01:22 EDT"
2026-03-01,"Taylor","Michigan","Taylor, Michigan","Taylor, MI","Taylor, Michigan","Midwest",60602,"https://www.michigan.gov/msp/divisions/cjic/dashboard-portal/crime-dashboard",1,"Crime Data Explorer","Open Source","March 2026",TRUE,"2026-05-18 11:01:22 EDT"
2026-03-01,"Tempe","Arizona","Tempe, Arizona","Tempe, AZ","Tempe, Arizona","West",191376,"https://azcrimestatistics.azdps.gov/",1,"State UCR","Open Source","March 2026",TRUE,"2026-05-18 11:01:22 EDT"
2025-01-01,"Temple","Texas","Temple, Texas","Temple, TX","Temple, Texas","South",96862,"https://txucr.nibrs.com/SRSReport/CrimeTrends",1,"State UCR","Open Source","January 2025",FALSE,"2026-05-18 11:01:22 EDT"
2026-02-01,"Terre Haute","Indiana","Terre Haute, Indiana","Terre Haute, IN","Terre Haute, Indiana","Midwest",58536,"https://cde.state.mn.us/",1,"Crime Data Explorer","Open Source","February 2026",FALSE,"2026-05-18 11:01:22 EDT"
2026-03-01,"Texas City","Texas","Texas City, Texas","Texas City, TX","Texas City, Texas","South",58130,"https://txucr.nibrs.com/SRSReport/CrimeTrends",1,"State UCR","Open Source","March 2026",TRUE,"2026-05-18 11:01:22 EDT"
2026-03-01,"Thornton","Colorado","Thornton, Colorado","Thornton, CO","Thornton, Colorado","West",145847,"https://coloradocrimestats.state.co.us/public/View/dispview.aspx",1,"State UCR","Open Source","March 2026",TRUE,"2026-05-18 11:01:22 EDT"
2026-03-01,"Thousand Oaks","California","Thousand Oaks, California","Thousand Oaks, CA","Thousand Oaks, California","West",122363,"https://cde.ucr.cjis.gov/LATEST/webapp/#/pages/explorer/crime/crime-trend",1,"Crime Data Explorer","Open Source","March 2026",TRUE,"2026-05-18 11:01:22 EDT"
2025-12-01,"Thurston County","Washington","Thurston County, Washington","Thurston County, WA","Thurston County, Washington","West",149364,"https://cde.ucr.cjis.gov/LATEST/webapp/#/pages/explorer/crime/crime-trend",1,"Crime Data Explorer","Open Source","December 2025",FALSE,"2026-05-18 11:01:22 EDT"
2026-03-01,"Tigard","Oregon","Tigard, Oregon","Tigard, OR","Tigard, Oregon","West",55784,"https://www.oregon.gov/osp/pages/uniform-crime-reporting-data.aspx",1,"State UCR","Open Source","March 2026",TRUE,"2026-05-18 11:01:22 EDT"
2026-03-01,"Tinley Park","Illinois","Tinley Park, Illinois","Tinley Park, IL","Tinley Park, Illinois","Midwest",45688,"https://ilucr.nibrs.com/AdvancedSearch/AdvancedSearch",1,"State UCR","Open Source","March 2026",TRUE,"2026-05-18 11:01:22 EDT"
2025-12-01,"Toledo","Ohio","Toledo, Ohio","Toledo, OH","Toledo, Ohio","Midwest",263668,"https://ocjs.ohio.gov/",1,"State UCR","Provided by State UCR Program","December 2025",FALSE,"2026-05-18 11:01:22 EDT"
2026-03-01,"Torrance","California","Torrance, California","Torrance, CA","Torrance, California","West",136899,"https://cde.ucr.cjis.gov/LATEST/webapp/#/pages/explorer/crime/crime-trend",1,"Crime Data Explorer","Open Source","March 2026",TRUE,"2026-05-18 11:01:22 EDT"
2026-03-01,"Tracy","California","Tracy, California","Tracy, CA","Tracy, California","West",99519,"https://tracypd.com/crime-mapping",1,"Agency Aggregated","Open Source","March 2026",TRUE,"2026-05-18 11:01:22 EDT"
2026-03-01,"Travis County","Texas","Travis County, Texas","Travis County, TX","Travis County, Texas","South",292283,"https://txucr.nibrs.com/SRSReport/CrimeTrends",1,"State UCR","Open Source","March 2026",TRUE,"2026-05-18 11:01:22 EDT"
2026-03-01,"Troy","Michigan","Troy, Michigan","Troy, MI","Troy, Michigan","Midwest",87422,"https://www.michigan.gov/msp/divisions/cjic/dashboard-portal/crime-dashboard",1,"Crime Data Explorer","Open Source","March 2026",TRUE,"2026-05-18 11:01:22 EDT"
2026-03-01,"Tucson","Arizona","Tucson, Arizona","Tucson, AZ","Tucson, Arizona","West",548789,"https://app.powerbigov.us/view?r=eyJrIjoiY2ViZmNiYzAtMDQ5ZC00OTMwLTliMTgtYjM1ZjAwYjJlMTkzIiwidCI6ImQyMWU1OWVjLWMyMDgtNDNlYi1hYWYxLWNmMDZkOWExOTZlMCJ9&pageName=ReportSectionccd6be2a1a0db780dadd",1,"Agency Aggregated","Open Source","March 2026",TRUE,"2026-05-18 11:01:22 EDT"
2026-02-01,"Tulare County","California","Tulare County, California","Tulare County, CA","Tulare County, California","West",141574,"https://cde.ucr.cjis.gov/LATEST/webapp/#/pages/explorer/crime/crime-trend",1,"Crime Data Explorer","Open Source","February 2026",FALSE,"2026-05-18 11:01:22 EDT"
2026-03-01,"Tulare","California","Tulare, California","Tulare, CA","Tulare, California","West",71689,"https://cde.ucr.cjis.gov/LATEST/webapp/#/pages/explorer/crime/crime-trend",1,"Crime Data Explorer","Open Source","March 2026",TRUE,"2026-05-18 11:01:22 EDT"
2026-03-01,"Tulsa","Oklahoma","Tulsa, Oklahoma","Tulsa, OK","Tulsa, Oklahoma","South",405482,"https://cde.ucr.cjis.gov/LATEST/webapp/#/pages/explorer/crime/crime-trend",1,"Crime Data Explorer","Open Source","March 2026",TRUE,"2026-05-18 11:01:22 EDT"
2026-02-01,"Tustin","California","Tustin, California","Tustin, CA","Tustin, California","West",76985,"https://cde.ucr.cjis.gov/LATEST/webapp/#/pages/explorer/crime/crime-trend",1,"Crime Data Explorer","Open Source","February 2026",FALSE,"2026-05-18 11:01:22 EDT"
2026-03-01,"Twin Falls","Idaho","Twin Falls, Idaho","Twin Falls, ID","Twin Falls, Idaho","West",55932,"https://nibrs.isp.idaho.gov/CrimeInIdaho/AdvancedSearch/AdvancedSearch",1,"State UCR","Open Source","March 2026",TRUE,"2026-05-18 11:01:22 EDT"
2026-03-01,"Tyler","Texas","Tyler, Texas","Tyler, TX","Tyler, Texas","South",111714,"https://txucr.nibrs.com/SRSReport/CrimeTrends",1,"State UCR","Open Source","March 2026",TRUE,"2026-05-18 11:01:22 EDT"
2026-02-01,"Union County","North Carolina","Union County, North Carolina","Union County, NC","Union County, North Carolina","South",177205,"From NC",1,"State UCR","Provided by State UCR Program","February 2026",FALSE,"2026-05-18 11:01:22 EDT"
2026-03-01,"Upper Darby","Pennsylvania","Upper Darby, Pennsylvania","Upper Darby, PA","Upper Darby, Pennsylvania","Northeast",84668,"https://www.ucr.pa.gov/PAUCRSPUBLIC/SRSReport/CrimeTrends",1,"State UCR","Open Source","March 2026",TRUE,"2026-05-18 11:01:22 EDT"
2026-03-01,"Utica","New York","Utica, New York","Utica, NY","Utica, New York","Northeast",63098,"https://cde.ucr.cjis.gov/LATEST/webapp/#/pages/explorer/crime/crime-trend",1,"Crime Data Explorer","Open Source","March 2026",TRUE,"2026-05-18 11:01:22 EDT"
2026-02-01,"Vacaville","California","Vacaville, California","Vacaville, CA","Vacaville, California","West",102672,"https://cde.ucr.cjis.gov/LATEST/webapp/#/pages/explorer/crime/crime-trend",1,"Crime Data Explorer","Open Source","February 2026",FALSE,"2026-05-18 11:01:22 EDT"
2026-03-01,"Vallejo","California","Vallejo, California","Vallejo, CA","Vallejo, California","West",121795,"https://www.vallejopd.net/public_information/crime_data/operations_bureau_reports/operations_bureau_2024_reports",1,"Agency Aggregated","Open Source","March 2026",TRUE,"2026-05-18 11:01:22 EDT"
2026-03-01,"Ventura","California","Ventura, California","Ventura, CA","Ventura, California","West",108543,"https://cde.ucr.cjis.gov/LATEST/webapp/#/pages/explorer/crime/crime-trend",1,"Crime Data Explorer","Open Source","March 2026",TRUE,"2026-05-18 11:01:22 EDT"
2026-03-01,"Victoria","Texas","Victoria, Texas","Victoria, TX","Victoria, Texas","South",65893,"https://txucr.nibrs.com/SRSReport/CrimeTrends",1,"State UCR","Open Source","March 2026",TRUE,"2026-05-18 11:01:22 EDT"
2026-01-01,"Virginia Beach","Virginia","Virginia Beach, Virginia","Virginia Beach, VA","Virginia Beach, Virginia","South",455155,"https://vsp.virginia.gov/",1,"Crime Data Explorer","Provided by State UCR Program","January 2026",FALSE,"2026-05-18 11:01:22 EDT"
2026-03-01,"Visalia","California","Visalia, California","Visalia, CA","Visalia, California","West",146090,"https://cde.ucr.cjis.gov/LATEST/webapp/#/pages/explorer/crime/crime-trend",1,"Crime Data Explorer","Open Source","March 2026",TRUE,"2026-05-18 11:01:22 EDT"
2026-03-01,"Waco","Texas","Waco, Texas","Waco, TX","Waco, Texas","South",146270,"https://txucr.nibrs.com/SRSReport/CrimeTrends",1,"State UCR","Open Source","March 2026",TRUE,"2026-05-18 11:01:22 EDT"
2026-03-01,"Wake Forest","North Carolina","Wake Forest, North Carolina","Wake Forest, NC","Wake Forest, North Carolina","South",52921,"From NC",1,"State UCR","Provided by State UCR Program","March 2026",TRUE,"2026-05-18 11:01:22 EDT"
2026-03-01,"Wake County","North Carolina","Wake County, North Carolina","Wake County, NC","Wake County, North Carolina","South",202553,"From NC",1,"State UCR","Provided by State UCR Program","March 2026",TRUE,"2026-05-18 11:01:22 EDT"
2026-02-01,"Walnut Creek","California","Walnut Creek, California","Walnut Creek, CA","Walnut Creek, California","West",68808,"https://cde.ucr.cjis.gov/LATEST/webapp/#/pages/explorer/crime/crime-trend",1,"Crime Data Explorer","Open Source","February 2026",FALSE,"2026-05-18 11:01:22 EDT"
2026-03-01,"Waltham","Massachusetts","Waltham, Massachusetts","Waltham, MA","Waltham, Massachusetts","Northeast",65488,"https://www.mass.gov/crime-statistics",1,"State UCR","Provided by State UCR Program","March 2026",TRUE,"2026-05-18 11:01:22 EDT"
2026-03-01,"Warner Robins","Georgia","Warner Robins, Georgia","Warner Robins, GA","Warner Robins, Georgia","South",85285,"https://cde.ucr.cjis.gov/LATEST/webapp/#/pages/explorer/crime/crime-trend",1,"Crime Data Explorer","Open Source","March 2026",TRUE,"2026-05-18 11:01:22 EDT"
2026-02-01,"Warren County","Ohio","Warren County, Ohio","Warren County, OH","Warren County, Ohio","Midwest",105026,"From OH",1,"State UCR","Provided by State UCR Program","February 2026",FALSE,"2026-05-18 11:01:22 EDT"
2026-03-01,"Warren","Michigan","Warren, Michigan","Warren, MI","Warren, Michigan","Midwest",135843,"https://www.michigan.gov/msp/divisions/cjic/dashboard-portal/crime-dashboard",1,"Crime Data Explorer","Open Source","March 2026",TRUE,"2026-05-18 11:01:22 EDT"
2026-03-01,"Warwick","Rhode Island","Warwick, Rhode Island","Warwick, RI","Warwick, Rhode Island","Northeast",84297,"https://riucr.nibrs.com/AdvancedSearch/AdvancedSearch",1,"State UCR","Open Source","March 2026",TRUE,"2026-05-18 11:01:22 EDT"
2026-03-01,"Washington","District of Columbia","Washington, District of Columbia","Washington, DC","Washington, District of Columbia","South",702250,"https://crimecards.dc.gov/",1,"Agency RMS","Open Source","March 2026",TRUE,"2026-05-18 11:01:22 EDT"
2026-03-01,"Washington County","Maryland","Washington County, Maryland","Washington County, MD","Washington County, Maryland","South",106052,"https://washcosheriff.com/crime/crime-statistics/",1,"Agency Aggregated","Open Source","March 2026",TRUE,"2026-05-18 11:01:22 EDT"
2026-03-01,"Washington County","Oregon","Washington County, Oregon","Washington County, OR","Washington County, Oregon","West",244557,"https://www.oregon.gov/osp/pages/uniform-crime-reporting-data.aspx",1,"State UCR","Open Source","March 2026",TRUE,"2026-05-18 11:01:22 EDT"
2026-03-01,"Washoe County","Nevada","Washoe County, Nevada","Washoe County, NV","Washoe County, Nevada","West",119654,"https://nevadacrimestats.nv.gov/public/View/dispview.aspx",1,"State UCR","Open Source","March 2026",TRUE,"2026-05-18 11:01:22 EDT"
2026-03-01,"Washtenaw County","Michigan","Washtenaw County, Michigan","Washtenaw County, MI","Washtenaw County, Michigan","Midwest",164745,"https://www.michigan.gov/msp/divisions/cjic/dashboard-portal/crime-dashboard",1,"State UCR","Open Source","March 2026",TRUE,"2026-05-18 11:01:22 EDT"
2026-03-01,"Waterbury","Connecticut","Waterbury, Connecticut","Waterbury, CT","Waterbury, Connecticut","Northeast",115363,"https://ct.beyond2020.com/ct_public/Dim/dimension.aspx",1,"State UCR","Open Source","March 2026",TRUE,"2026-05-18 11:01:22 EDT"
2026-03-01,"Waterford Township","Michigan","Waterford Township, Michigan","Waterford Township, MI","Waterford Township, Michigan","Midwest",69066,"https://www.michigan.gov/msp/divisions/cjic/dashboard-portal/crime-dashboard",1,"Crime Data Explorer","Open Source","March 2026",TRUE,"2026-05-18 11:01:22 EDT"
2026-03-01,"Waterloo","Iowa","Waterloo, Iowa","Waterloo, IA","Waterloo, Iowa","Midwest",66385,"From IA",1,"Crime Data Explorer","Provided by Agency","March 2026",TRUE,"2026-05-18 11:01:22 EDT"
2026-03-01,"Waukesha","Wisconsin","Waukesha, Wisconsin","Waukesha, WI","Waukesha, Wisconsin","Midwest",70202,"From WI",1,"State UCR","Provided by State UCR Program","March 2026",TRUE,"2026-05-18 11:01:22 EDT"
2026-03-01,"Wayne Township","New Jersey","Wayne Township, New Jersey","Wayne Township, NJ","Wayne Township, New Jersey","Northeast",53295,"https://cde.ucr.cjis.gov/LATEST/webapp/#/pages/explorer/crime/crime-trend",1,"Crime Data Explorer","Open Source","March 2026",FALSE,"2026-05-18 11:01:22 EDT"
2026-02-01,"West Allis","Wisconsin","West Allis, Wisconsin","West Allis, WI","West Allis, Wisconsin","Midwest",58862,"From WI",1,"State UCR","Provided by State UCR Program","February 2026",FALSE,"2026-05-18 11:01:22 EDT"
2026-03-01,"West Bloomfield Township","Michigan","West Bloomfield Township, Michigan","West Bloomfield Township, MI","West Bloomfield Township, Michigan","Midwest",64892,"https://www.michigan.gov/msp/divisions/cjic/dashboard-portal/crime-dashboard",1,"Crime Data Explorer","Open Source","March 2026",TRUE,"2026-05-18 11:01:22 EDT"
2026-03-01,"West Chester Township","Ohio","West Chester Township, Ohio","West Chester Township, OH","West Chester Township, Ohio","Midwest",63335,"https://ocjs.ohio.gov/",1,"State UCR","Provided by State UCR Program","March 2026",TRUE,"2026-05-18 11:01:22 EDT"
2026-03-01,"West Covina","California","West Covina, California","West Covina, CA","West Covina, California","West",104467,"https://cde.ucr.cjis.gov/LATEST/webapp/#/pages/explorer/crime/crime-trend",1,"Crime Data Explorer","Open Source","March 2026",TRUE,"2026-05-18 11:01:22 EDT"
2026-03-01,"West Des Moines","Iowa","West Des Moines, Iowa","West Des Moines, IA","West Des Moines, Iowa","Midwest",48315,"From IA",1,"Crime Data Explorer","Provided by Agency","March 2026",TRUE,"2026-05-18 11:01:22 EDT"
2026-03-01,"West Hartford","Connecticut","West Hartford, Connecticut","West Hartford, CT","West Hartford, Connecticut","Northeast",64093,"https://ct.beyond2020.com/ct_public/Dim/dimension.aspx",1,"State UCR","Open Source","March 2026",TRUE,"2026-05-18 11:01:22 EDT"
2026-03-01,"West Haven","Connecticut","West Haven, Connecticut","West Haven, CT","West Haven, Connecticut","Northeast",54598,"https://ct.beyond2020.com/ct_public/Dim/dimension.aspx",1,"State UCR","Open Source","March 2026",TRUE,"2026-05-18 11:01:22 EDT"
2026-03-01,"West Jordan","Utah","West Jordan, Utah","West Jordan, UT","West Jordan, Utah","West",114211,"https://bci.utah.gov/crime-in-utah-dashboards/",1,"Crime Data Explorer","Open Source","March 2026",TRUE,"2026-05-18 11:01:22 EDT"
2026-03-01,"West New York","New Jersey","West New York, New Jersey","West New York, NJ","West New York, New Jersey","Northeast",51260,"https://cde.ucr.cjis.gov/LATEST/webapp/#/pages/explorer/crime/crime-trend",1,"Crime Data Explorer","Open Source","March 2026",TRUE,"2026-05-18 11:01:22 EDT"
2026-03-01,"West Valley","Utah","West Valley, Utah","West Valley, UT","West Valley, Utah","West",132686,"https://bci.utah.gov/crime-in-utah-dashboards/",1,"Crime Data Explorer","Open Source","March 2026",TRUE,"2026-05-18 11:01:22 EDT"
2026-03-01,"Westfield","Indiana","Westfield, Indiana","Westfield, IN","Westfield, Indiana","Midwest",61845,"https://cde.state.mn.us/",1,"Crime Data Explorer","Open Source","March 2026",TRUE,"2026-05-18 11:01:22 EDT"
2026-03-01,"Westland","Michigan","Westland, Michigan","Westland, MI","Westland, Michigan","Midwest",81727,"https://www.michigan.gov/msp/divisions/cjic/dashboard-portal/crime-dashboard",1,"Crime Data Explorer","Open Source","March 2026",TRUE,"2026-05-18 11:01:22 EDT"
2026-03-01,"Westminster","California","Westminster, California","Westminster, CA","Westminster, California","West",88026,"https://www.westminster-ca.gov/departments/police/services/investigations-bureau/crime-analysis/crime-statistics",1,"Agency Aggregated","Open Source","March 2026",TRUE,"2026-05-18 11:01:22 EDT"
2026-03-01,"Westminster","Colorado","Westminster, Colorado","Westminster, CO","Westminster, Colorado","West",68877,"https://coloradocrimestats.state.co.us/public/View/dispview.aspx",1,"State UCR","Open Source","March 2026",TRUE,"2026-05-18 11:01:22 EDT"
2026-03-01,"Weymouth","Massachusetts","Weymouth, Massachusetts","Weymouth, MA","Weymouth, Massachusetts","Northeast",60802,"https://www.mass.gov/crime-statistics",1,"State UCR","Provided by State UCR Program","March 2026",TRUE,"2026-05-18 11:01:22 EDT"
2026-03-01,"Wichita Falls","Texas","Wichita Falls, Texas","Wichita Falls, TX","Wichita Falls, Texas","South",102761,"https://txucr.nibrs.com/SRSReport/CrimeTrends",1,"State UCR","Open Source","March 2026",TRUE,"2026-05-18 11:01:22 EDT"
2026-03-01,"Will County","Illinois","Will County, Illinois","Will County, IL","Will County, Illinois","Midwest",114176,"https://ilucr.nibrs.com/Report/CrimeTrends",1,"State UCR","Open Source","March 2026",TRUE,"2026-05-18 11:01:22 EDT"
2026-03-01,"Williamson County","Texas","Williamson County, Texas","Williamson County, TX","Williamson County, Texas","South",219339,"https://txucr.nibrs.com/SRSReport/CrimeTrends",1,"State UCR","Open Source","March 2026",TRUE,"2026-05-18 11:01:22 EDT"
2026-03-01,"Wilmington","North Carolina","Wilmington, North Carolina","Wilmington, NC","Wilmington, North Carolina","South",125101,"From NC",1,"State UCR","Provided by State UCR Program","March 2026",TRUE,"2026-05-18 11:01:22 EDT"
2025-12-01,"Winston-Salem","North Carolina","Winston-Salem, North Carolina","Winston-Salem, NC","Winston-Salem, North Carolina","South",254041,"From NC",1,"State UCR","Provided by State UCR Program","December 2025",FALSE,"2026-05-18 11:01:22 EDT"
2026-03-01,"Woodbury","Minnesota","Woodbury, Minnesota","Woodbury, MN","Woodbury, Minnesota","Midwest",80940,"https://cde.state.mn.us/",1,"State UCR","Open Source","March 2026",TRUE,"2026-05-18 11:01:22 EDT"
2024-12-01,"Worcester","Massachusetts","Worcester, Massachusetts","Worcester, MA","Worcester, Massachusetts","Northeast",212425,"https://www.mass.gov/crime-statistics",1,"State UCR","Provided by State UCR Program","December 2024",FALSE,"2026-05-18 11:01:22 EDT"
2026-03-01,"Wright County","Minnesota","Wright County, Minnesota","Wright County, MN","Wright County, Minnesota","Midwest",133209,"https://cde.state.mn.us/CrimesAgainstPerson/CrimesAgainstPerson",1,"State UCR","Open Source","March 2026",TRUE,"2026-05-18 11:01:22 EDT"
2026-01-01,"Wylie","Texas","Wylie, Texas","Wylie, TX","Wylie, Texas","South",59065,"https://txucr.nibrs.com/SRSReport/CrimeTrends",1,"State UCR","Open Source","January 2026",FALSE,"2026-05-18 11:01:22 EDT"
2026-03-01,"Wyoming","Michigan","Wyoming, Michigan","Wyoming, MI","Wyoming, Michigan","Midwest",77684,"https://www.michigan.gov/msp/divisions/cjic/dashboard-portal/crime-dashboard",1,"Crime Data Explorer","Open Source","March 2026",TRUE,"2026-05-18 11:01:22 EDT"
2026-01-01,"Yakima","Washington","Yakima, Washington","Yakima, WA","Yakima, Washington","West",96646,"https://cde.ucr.cjis.gov/LATEST/webapp/#/pages/explorer/crime/crime-trend",1,"Crime Data Explorer","Open Source","January 2026",FALSE,"2026-05-18 11:01:22 EDT"
2026-02-01,"Yavapai County","Arizona","Yavapai County, Arizona","Yavapai County, AZ","Yavapai County, Arizona","West",101292,"https://azcrimestatistics.azdps.gov/",1,"State UCR","Agency Aggregated","February 2026",FALSE,"2026-05-18 11:01:22 EDT"
2026-03-01,"Yorba Linda","California","Yorba Linda, California","Yorba Linda, CA","Yorba Linda, California","West",65469,"https://cde.ucr.cjis.gov/LATEST/webapp/#/pages/explorer/crime/crime-trend",1,"Crime Data Explorer","Open Source","March 2026",TRUE,"2026-05-18 11:01:22 EDT"
2025-05-01,"Youngstown","Ohio","Youngstown, Ohio","Youngstown, OH","Youngstown, Ohio","Midwest",58849,"https://ocjs.ohio.gov/",1,"State UCR","Provided by State UCR Program","May 2025",FALSE,"2026-05-18 11:01:22 EDT"
2026-03-01,"Yuma","Arizona","Yuma, Arizona","Yuma, AZ","Yuma, Arizona","West",101989,"https://azcrimestatistics.azdps.gov/",1,"State UCR","Open Source","March 2026",TRUE,"2026-05-18 11:01:22 EDT"
