"city_state_id","ori.x","Agency Name","Murder","Rape","Robbery","Aggravated Assault","Burglary","Theft","Motor Vehicle Theft","Year","Month","Type","city_state.x","Agency_Type.x","vio_crime","prop_crime","Agency","Source.Link","Source.Type","Source.Method","pop23","Latitude","Longitude","Comment","X","ori.y","pub_agency_name","state_abbr","region_name","division_name","population","population_1","pop_diff","city_state.y","Agency_Type.y","State_ref","State"
"Abilene,TX,City","TX2210100","Abilene",0,4,11,24,72,255,18,2017,1,"City","Abilene,TX","City",39,345,"Abilene","https://txucr.nibrs.com/SRSReport/CrimeTrends","State UCR","Open Source",128387,NA,NA,"","","TX2210100","Abilene",NA,"South","West South Central",128387,125981,2406,"Abilene, TX","City","TX","TX"
"Abington,PA,City","PA0460100","Abington",0,0,3,0,7,85,2,2017,1,"City","Abington,PA","City",3,94,"Abington","https://www.ucr.pa.gov/PAUCRSPUBLIC/SRSReport/CrimeTrends","State UCR","Open Source",58433,NA,NA,"","","PA0460100","Abington",NA,"Northeast","Middle Atlantic",58433,59217,-784,"Abington, PA","City","PA","PA"
"Ada,ID,County","ID0010000","Ada",0,7,0,20,6,27,2,2017,1,"County","Ada,ID","County",27,35,"Ada","https://nibrs.isp.idaho.gov/CrimeInIdaho/Report/CrimeTrends","State UCR","Open Source",138487,NA,NA,"","","ID0010000","Ada",NA,"West","Mountain",138487,145483,-6996,"Ada, ID","County","ID","ID"
"Adams,CO,County","CO0010000","Adams",0,8,11,30,39,166,113,2017,1,"County","Adams,CO","County",49,318,"Adams","https://coloradocrimestats.state.co.us/public/View/dispview.aspx","State UCR","Open Source",100798,NA,NA,"","","CO0010000","Adams",NA,"West","Mountain",100798,101425,-627,"Adams, CO","County","CO","CO"
"Aiken,SC,County","SC0020000","Aiken",0,8,8,34,61,160,32,2017,1,"County","Aiken,SC","County",50,253,"Aiken","https://cde.ucr.cjis.gov/LATEST/webapp/#/pages/explorer/crime/crime-trend","Crime Data Explorer","Open Source",110756,NA,NA,"","","SC0020000","Aiken",NA,"South","South Atlantic",110756,113812,-3056,"Aiken, SC","County","SC","SC"
"Alameda,CA,City","CA0010100","Alameda",0,2,8,3,14,147,37,2017,1,"City","Alameda,CA","City",13,198,"Alameda","https://cde.ucr.cjis.gov/LATEST/webapp/#/pages/explorer/crime/crime-trend","Crime Data Explorer","Open Source",75061,NA,NA,"","","CA0010100","Alameda",NA,"West","Pacific",75061,78978,-3917,"Alameda, CA","City","CA","CA"
"Alameda,CA,County","CA0010000","Alameda",1,1,16,29,36,82,73,2017,1,"County","Alameda,CA","County",47,191,"Alameda","https://cde.ucr.cjis.gov/LATEST/webapp/#/pages/explorer/crime/crime-trend","Crime Data Explorer","Open Source",148466,NA,NA,"","","CA0010000","Alameda",NA,"West","Pacific",148466,139564,8902,"Alameda, CA","County","CA","CA"
"Albany,GA,City","GA0470100","Albany",2,2,16,44,103,192,10,2017,1,"City","Albany,GA","City",64,305,"Albany","https://www.albanyga.gov/crime-statistics","Agency Aggregated","Open Source",66281,NA,NA,"","","GA0470100","Albany",NA,"South","South Atlantic",66281,66132,149,"Albany, GA","City","GA","GA"
"Albany,OR,City","OR0220100","Albany",0,1,2,2,15,90,10,2017,1,"City","Albany,OR","City",5,115,"Albany","https://www.oregon.gov/osp/pages/uniform-crime-reporting-data.aspx","State UCR","Open Source",57002,NA,NA,"","","OR0220100","Albany",NA,"West","Pacific",57002,47877,9125,"Albany, OR","City","OR","OR"
"Albemarle,VA,County","VA0020300","Albemarle",1,5,0,2,20,78,8,2017,1,"County","Albemarle,VA","County",8,106,"Albemarle","From VA","State UCR","Provided by State UCR Program",115659,NA,NA,"","","VA0020300","Albemarle",NA,"South","South Atlantic",115659,118847,-3188,"Albemarle, VA","County","VA","VA"
"Albuquerque,NM,City","NM0010100","Albuquerque",6,NA,NA,NA,NA,NA,NA,2017,1,"City","Albuquerque,NM","City",6,0,"Albuquerque","https://www.cabq.gov/police/crime-statistics","Agency Aggregated","Open Source",559094,NA,NA,"FBI data for 2017 and Aug-Dec 2018. Agency data all other months. ","","NM0010100","Albuquerque",NA,"West","Mountain",559094,559192,-98,"Albuquerque, NM","City","NM","NM"
"Alhambra,CA,City","CA0190100","Alhambra",1,2,13,5,37,129,39,2017,1,"City","Alhambra,CA","City",21,205,"Alhambra","https://www.cityofalhambra.org/271/Crime-Statistics","Agency Aggregated","Open Source",79087,NA,NA,"","","CA0190100","Alhambra",NA,"West","Pacific",79087,79699,-612,"Alhambra, CA","City","CA","CA"
"Aliso Viejo,CA,City","CA030490X","Aliso Viejo",0,0,1,3,8,34,3,2017,1,"City","Aliso Viejo,CA","City",4,45,"Aliso Viejo","https://cde.ucr.cjis.gov/LATEST/webapp/#/pages/explorer/crime/crime-trend","Crime Data Explorer","Open Source",49674,NA,NA,"","","CA030490X","Aliso Viejo",NA,"West","Pacific",50736,50736,NA,"Aliso Viejo, CA","City","CA","CA"
"Allen,TX,City","TX0430100","Allen",0,5,5,5,11,67,4,2017,1,"City","Allen,TX","City",15,82,"Allen","https://txucr.nibrs.com/SRSReport/CrimeTrends","State UCR","Open Source",114696,NA,NA,"Inferred Jan-Mar 2022 from annual average","","TX0430100","Allen",NA,"South","West South Central",114696,115905,-1209,"Allen, TX","City","TX","TX"
"Allentown,PA,City","PA0390100","Allentown",2,8,36,24,50,190,15,2017,1,"City","Allentown,PA","City",70,255,"Allentown","https://www.ucr.pa.gov/PAUCRSPUBLIC/SRSReport/CrimeTrends","State UCR","Open Source",124782,NA,NA,"","","PA0390100","Allentown",NA,"Northeast","Middle Atlantic",124782,127494,-2712,"Allentown, PA","City","PA","PA"
"Alpharetta,GA,City","GA0600400","Alpharetta",0,0,3,0,4,119,1,2017,1,"City","Alpharetta,GA","City",3,124,"Alpharetta","https://cde.ucr.cjis.gov/LATEST/webapp/#/pages/explorer/crime/crime-trend","Crime Data Explorer","Open Source",67788,NA,NA,"","","GA0600400","Alpharetta",NA,"South","South Atlantic",68139,67702,437,"Alpharetta, GA","City","GA","GA"
"Anaheim,CA,City","CA0300100","Anaheim",4,12,23,51,125,576,133,2017,1,"City","Anaheim,CA","City",90,834,"Anaheim","https://cde.ucr.cjis.gov/LATEST/webapp/#/pages/explorer/crime/crime-trend","Crime Data Explorer","Open Source",343147,NA,NA,"","","CA0300100","Anaheim",NA,"West","Pacific",343147,344040,-893,"Anaheim, CA","City","CA","CA"
"Anderson,SC,County","SC0040000","Anderson",2,14,7,45,105,323,55,2017,1,"County","Anderson,SC","County",68,483,"Anderson","https://cde.ucr.cjis.gov/LATEST/webapp/#/pages/explorer/crime/crime-trend","Crime Data Explorer","Open Source",164574,NA,NA,"","","SC0040000","Anderson",NA,"South","South Atlantic",164574,174915,-10341,"Anderson, SC","County","SC","SC"
"Ankeny,IA,City","IA0770100","Ankeny",0,1,2,4,17,52,2,2017,1,"City","Ankeny,IA","City",7,71,"Ankeny","From IA","Crime Data Explorer","Provided by Agency",74233,NA,NA,"","","IA0770100","Ankeny",NA,"Midwest","West North Central",74233,78916,-4683,"Ankeny, IA","City","IA","IA"
"Ann Arbor,MI,City","MI8121800","Ann Arbor",0,7,6,9,13,130,3,2017,1,"City","Ann Arbor,MI","City",22,146,"Ann Arbor","https://www.michigan.gov/msp/divisions/cjic/dashboard-portal/crime-dashboard","Crime Data Explorer","Open Source",118072,NA,NA,"","","MI8121800","Ann Arbor",NA,"Midwest","East North Central",118072,122740,-4668,"Ann Arbor, MI","City","MI","MI"
"Antioch,CA,City","CA0070100","Antioch",1,4,30,25,56,160,80,2017,1,"City","Antioch,CA","City",60,296,"Antioch","https://www.antiochca.gov/police/crime-statistics/","Agency Aggregated","Open Source",115271,NA,NA,"","","CA0070100","Antioch",NA,"West","Pacific",115271,119234,-3963,"Antioch, CA","City","CA","CA"
"Apex,NC,City","NC0920200","Apex",0,0,0,0,7,32,3,2017,1,"City","Apex,NC","City",0,42,"Apex","From NC","State UCR","Provided by State UCR Program",74105,NA,NA,"","","NC0920200","Apex",NA,"South","South Atlantic",74105,78906,-4801,"Apex, NC","City","NC","NC"
"Apple Valley,MN,City","MN0191000","Apple Valley",0,6,4,2,5,63,3,2017,1,"City","Apple Valley,MN","City",12,71,"Apple Valley","https://cde.state.mn.us/","State UCR","Open Source",54995,NA,NA,"","","MN0191000","Apple Valley",NA,"Midwest","West North Central",54995,55025,-30,"Apple Valley, MN","City","MN","MN"
"Appleton,WI,City","WI0450100","Appleton",0,4,2,11,20,68,2,2017,1,"City","Appleton,WI","City",17,90,"Appleton","From WI","State UCR","Provided by State UCR Program",73921,NA,NA,"","","WI0450100","Appleton",NA,"Midwest","East North Central",73921,63196,10725,"Appleton, WI","City","WI","WI"
"Arcadia,CA,City","CA0190200","Arcadia",0,0,7,1,51,88,6,2017,1,"City","Arcadia,CA","City",8,145,"Arcadia","https://cde.ucr.cjis.gov/LATEST/webapp/#/pages/explorer/crime/crime-trend","Crime Data Explorer","Open Source",53397,NA,NA,"","","CA0190200","Arcadia",NA,"West","Pacific",54071,53974,97,"Arcadia, CA","City","CA","CA"
"Arlington Heights,IL,City","IL0160200","Arlington Heights",0,1,2,3,7,58,2,2017,1,"City","Arlington Heights,IL","City",6,67,"Arlington Heights","https://ilucr.nibrs.com/AdvancedSearch/AdvancedSearch","State UCR","Open Source",74094,NA,NA,"","","IL0160200","Arlington Heights",NA,"Midwest","East North Central",74094,75155,-1061,"Arlington Heights, IL","City","IL","IL"
"Arlington,TX,City","TX2200100","Arlington",3,43,44,79,159,755,106,2017,1,"City","Arlington,TX","City",169,1020,"Arlington","https://txucr.nibrs.com/SRSReport/CrimeTrends","State UCR","Open Source",394799,NA,NA,"","","TX2200100","Arlington",NA,"South","West South Central",394799,406035,-11236,"Arlington, TX","City","TX","TX"
"Arlington,VA,County","VA0070100","Arlington",1,5,3,15,17,196,12,2017,1,"County","Arlington,VA","County",24,225,"Arlington","From VA","State UCR","Provided by State UCR Program",231844,NA,NA,"","","VA0070100","Arlington",NA,"South","South Atlantic",231844,240716,-8872,"Arlington, VA","County","VA","VA"
"Asheville,NC,City","NC0110100","Asheville",2,5,16,24,52,245,24,2017,1,"City","Asheville,NC","City",47,321,"Asheville","From NC","State UCR","Provided by State UCR Program",93471,NA,NA,"","","NC0110100","Asheville",NA,"South","South Atlantic",93471,95155,-1684,"Asheville, NC","City","NC","NC"
"Atlanta,GA,City","GAAPD0000","Atlanta",12,NA,130,145,317,1224,267,2017,1,"City","Atlanta,GA","City",287,1808,"Atlanta","https://experience.arcgis.com/experience/d5dd2be2977d40acb340ef42f80671b8/","Agency RMS","Open Source",500212,NA,NA,"","","GAAPD0000","Atlanta",NA,"South","South Atlantic",500212,483291,16921,"Atlanta, GA","City","GA","GA"
"Aurora,CO,City","CO0010100","Aurora",0,1,3,17,26,181,28,2017,1,"City","Aurora,CO","City",21,235,"Aurora","https://coloradocrimestats.state.co.us/public/View/dispview.aspx","State UCR","Open Source",396976,NA,NA,"","","CO0010100","Aurora",NA,"West","Mountain",396976,342167,54809,"Aurora, CO","City","CO","CO"
"Austin,TX,City","TX2270100","Austin",1,67,69,180,414,2165,177,2017,1,"City","Austin,TX","City",317,2756,"Austin","https://data.austintexas.gov/Public-Safety/Crime-Reports/fdj4-gpfu/explore/query/SELECT%0A%20%20%60incident_report_number%60%2C%0A%20%20%60crime_type%60%2C%0A%20%20%60ucr_code%60%2C%0A%20%20%60family_violence%60%2C%0A%20%20%60occ_date_time%60%2C%0A%20%20%60occ_date%60%2C%0A%20%20%60occ_time%60%2C%0A%20%20%60rep_date_time%60%2C%0A%20%20%60rep_date%60%2C%0A%20%20%60rep_time%60%2C%0A%20%20%60location_type%60%2C%0A%20%20%60council_district%60%2C%0A%20%20%60sector%60%2C%0A%20%20%60district%60%2C%0A%20%20%60clearance_status%60%2C%0A%20%20%60clearance_date%60%2C%0A%20%20%60ucr_category%60%2C%0A%20%20%60category_description%60%2C%0A%20%20%60census_block_group%60%0AWHERE%20caseless_ne%28%60ucr_category%60%2C%20%22%22%29/page/filter","State UCR","Open Source",978816,NA,NA,"","","TX2270100","Austin",NA,"South","West South Central",978816,926822,51994,"Austin, TX","City","TX","TX"
"Avondale,AZ,City","AZ0070100","Avondale",0,4,8,12,50,208,17,2017,1,"City","Avondale,AZ","City",24,275,"Avondale","https://azcrimestatistics.azdps.gov/","State UCR","Open Source",92661,NA,NA,"","","AZ0070100","Avondale",NA,"West","Mountain",92661,98457,-5796,"Avondale, AZ","City","AZ","AZ"
"Bakersfield,CA,City","CA0150200","Bakersfield",1,4,61,74,285,967,284,2017,1,"City","Bakersfield,CA","City",140,1536,"Bakersfield","https://www.bakersfieldcity.us/","Agency Aggregated","Provided by Agency",413409,NA,NA,"","","CA0150200","Bakersfield",NA,"West","Pacific",413409,420589,-7180,"Bakersfield, CA","City","CA","CA"
"Baldwin Park,CA,City","CA0190600","Baldwin Park",0,4,8,16,37,77,30,2017,1,"City","Baldwin Park,CA","City",28,144,"Baldwin Park","https://cde.ucr.cjis.gov/LATEST/webapp/#/pages/explorer/crime/crime-trend","Crime Data Explorer","Open Source",67791,NA,NA,"","","CA0190600","Baldwin Park",NA,"West","Pacific",68230,68586,-356,"Baldwin Park, CA","City","CA","CA"
"Baltimore,MD,City","MDBPD0000","Baltimore",32,31,586,580,736,1453,498,2017,1,"City","Baltimore,MD","City",1229,2687,"Baltimore","https://data.baltimorecity.gov/datasets/part-1-crime-data/explore","Agency RMS","Open Source",565192,NA,NA,"","","MDBPD0000","Baltimore",NA,"South","South Atlantic",565192,562811,2381,"Baltimore, MD","City","MD","MD"
"Baltimore,MD,County","MD0030100","Baltimore",2,24,174,214,363,1473,189,2017,1,"County","Baltimore,MD","County",414,2025,"Baltimore","https://opendata.baltimorecountymd.gov/pages/dash","Agency Aggregated","Open Source",845222,NA,NA,"","","MD0030100","Baltimore",NA,"South","South Atlantic",845222,849486,-4264,"Baltimore, MD","County","MD","MD"
"Bartlett,TN,City","TN0790600","Bartlett",0,1,1,15,7,56,4,2017,1,"City","Bartlett,TN","City",17,67,"Bartlett","https://crimeinsight.tbi.tn.gov/public/View/dispview.aspx","Crime Data Explorer","Open Source",56324,NA,NA,"","","TN0790600","Bartlett",NA,"South","East South Central",56324,56471,-147,"Bartlett, TN","City","TN","TN"
"Baton Rouge,LA,City","LA0170200","Baton Rouge",5,14,109,102,247,672,68,2017,1,"City","Baton Rouge,LA","City",230,987,"Baton Rouge","https://data.brla.gov/Public-Safety/Baton-Rouge-Police-Crime-Incidents/pbin-pcm7/explore/query/SELECT%0A%20%20%60incident_number%60%2C%0A%20%20%60charge_id%60%2C%0A%20%20%60charge_date%60%2C%0A%20%20%60report_date%60%2C%0A%20%20%60approved_date%60%2C%0A%20%20%60attempted_committed%60%2C%0A%20%20%60street%60%2C%0A%20%20%60street_2%60%2C%0A%20%20%60city%60%2C%0A%20%20%60state%60%2C%0A%20%20%60postal_code%60%2C%0A%20%20%60district%60%2C%0A%20%20%60zone%60%2C%0A%20%20%60sub_zone%60%2C%0A%20%20%60statute_title%60%2C%0A%20%20%60statute_description%60%2C%0A%20%20%60statute_category%60%2C%0A%20%20%60crime_against%60%2C%0A%20%20%60nibrs_code%60%2C%0A%20%20%60offense_description%60%2C%0A%20%20%60census_block_group%60%2C%0A%20%20%60council_district%60%2C%0A%20%20%60crime_prevention_district%60%2C%0A%20%20%60neighborhood%60%2C%0A%20%20%60longitude%60%2C%0A%20%20%60latitude%60%2C%0A%20%20%60geolocation%60%2C%0A%20%20%60%3A%40computed_region_jrqt_zu77%60%2C%0A%20%20%60%3A%40computed_region_ntzg_c2w3%60%2C%0A%20%20%60%3A%40computed_region_uvg4_nwq8%60%0AWHERE%0A%20%20caseless_one_of%28%0A%20%20%20%20%60nibrs_code%60%2C%0A%20%20%20%20%2209A%22%2C%0A%20%20%20%20%2211A%22%2C%0A%20%20%20%20%2213A%22%2C%0A%20%20%20%20%22120%22%2C%0A%20%20%20%20%22220%22%2C%0A%20%20%20%20%22240%22%2C%0A%20%20%20%20%2223A%22%2C%0A%20%20%20%20%2223B%22%2C%0A%20%20%20%20%2223C%22%2C%0A%20%20%20%20%2223D%22%2C%0A%20%20%20%20%2223E%22%2C%0A%20%20%20%20%2223F%22%2C%0A%20%20%20%20%2223G%22%2C%0A%20%20%20%20%2223H%22%0A%20%20%29%0A%20%20AND%20%28%60report_date%60%20%3E%20%222024-01-01T00%3A00%3A00%22%20%3A%3A%20floating_timestamp%29%0AORDER%20BY%20%60report_date%60%20DESC%20NULL%20FIRST/page/filter","Agency RMS","Open Source",219086,NA,NA,"","","LA0170200","Baton Rouge",NA,"South","West South Central",219086,219587,-501,"Baton Rouge, LA","City","LA","LA"
"Battle Creek,MI,City","MI1323700","Battle Creek",0,9,9,32,39,109,9,2017,1,"City","Battle Creek,MI","City",50,157,"Battle Creek","https://www.michigan.gov/msp/divisions/cjic/dashboard-portal/crime-dashboard","Crime Data Explorer","Open Source",60969,NA,NA,"","","MI1323700","Battle Creek",NA,"Midwest","East North Central",60969,61225,-256,"Battle Creek, MI","City","MI","MI"
"Baytown,TX,City","TX1010100","Baytown",0,3,18,10,44,160,29,2017,1,"City","Baytown,TX","City",31,233,"Baytown","https://txucr.nibrs.com/SRSReport/CrimeTrends","State UCR","Open Source",83809,NA,NA,"","","TX1010100","Baytown",NA,"South","West South Central",83809,81064,2745,"Baytown, TX","City","TX","TX"
"Beaufort,SC,County","SC0070000","Beaufort",0,4,5,15,24,101,13,2017,1,"County","Beaufort,SC","County",24,138,"Beaufort","https://cde.ucr.cjis.gov/LATEST/webapp/#/pages/explorer/crime/crime-trend","Crime Data Explorer","Open Source",132948,NA,NA,"","","SC0070000","Beaufort",NA,"South","South Atlantic",132948,135071,-2123,"Beaufort, SC","County","SC","SC"
"Beaumont,CA,City","CA0330200","Beaumont",0,2,0,7,10,55,11,2017,1,"City","Beaumont,CA","City",9,76,"Beaumont","https://cde.ucr.cjis.gov/LATEST/webapp/#/pages/explorer/crime/crime-trend","Crime Data Explorer","Open Source",60294,NA,NA,"","","CA0330200","Beaumont",NA,"West","Pacific",57819,61160,-3341,"Beaumont, CA","City","CA","CA"
"Beaumont,TX,City","TX1230100","Beaumont",2,11,38,58,132,293,24,2017,1,"City","Beaumont,TX","City",109,449,"Beaumont","https://txucr.nibrs.com/SRSReport/CrimeTrends","State UCR","Open Source",110671,NA,NA,"","","TX1230100","Beaumont",NA,"South","West South Central",110671,112404,-1733,"Beaumont, TX","City","TX","TX"
"Bellevue,NE,City","NB0770100","Bellevue",0,3,0,1,9,41,11,2017,1,"City","Bellevue,NE","City",4,61,"Bellevue","https://crimestats.ne.gov/public/View/RSReport.aspx?ReportId=1082","State UCR","Open Source",62372,NA,NA,"","","NB0770100","Bellevue",NA,"Midwest","West North Central",62372,64686,-2314,"Bellevue, NE","City","NE","NE"
"Bellingham,WA,City","WA0370100","Bellingham",0,NA,7,NA,NA,273,17,2017,1,"City","Bellingham,WA","City",7,290,"Bellingham","https://cob.org/gov/dept/police/news-police/crime-stats","Agency Aggregated","Open Source",94968,NA,NA,"","","WA0370100","Bellingham",NA,"West","Pacific",94968,96902,-1934,"Bellingham, WA","City","WA","WA"
"Bend,OR,City","OR0090100","Bend",0,4,3,6,28,158,12,2017,1,"City","Bend,OR","City",13,198,"Bend","https://www.oregon.gov/osp/pages/uniform-crime-reporting-data.aspx","State UCR","Open Source",105099,NA,NA,"","","OR0090100","Bend",NA,"West","Pacific",105099,108819,-3720,"Bend, OR","City","OR","OR"
"Bensalem,PA,City","PA0090100","Bensalem",0,0,4,1,16,102,11,2017,1,"City","Bensalem,PA","City",5,129,"Bensalem","https://www.ucr.pa.gov/PAUCRSPUBLIC/SRSReport/CrimeTrends","State UCR","Open Source",62595,NA,NA,"","","PA0090100","Bensalem",NA,"Northeast","Middle Atlantic",62595,63183,-588,"Bensalem, PA","City","PA","PA"
"Bentonville,AR,City","AR0040100","Bentonville",2,5,1,5,5,52,6,2017,1,"City","Bentonville,AR","City",13,63,"Bentonville","https://cde.ucr.cjis.gov/LATEST/webapp/#/pages/explorer/crime/crime-trend","Crime Data Explorer","Open Source",61109,NA,NA,"","","AR0040100","Bentonville",NA,"South","West South Central",59465,63670,-4205,"Bentonville, AR","City","AR","AR"
"Berkeley,SC,County","SC0080000","Berkeley",0,13,9,27,48,166,42,2017,1,"County","Berkeley,SC","County",49,256,"Berkeley","https://cde.ucr.cjis.gov/LATEST/webapp/#/pages/explorer/crime/crime-trend","Crime Data Explorer","Open Source",142756,NA,NA,"","","SC0080000","Berkeley",NA,"South","South Atlantic",142756,155402,-12646,"Berkeley, SC","County","SC","SC"
"Bethlehem,PA,City","PA0480300","Bethlehem",0,1,8,35,18,90,3,2017,1,"City","Bethlehem,PA","City",44,111,"Bethlehem","https://www.ucr.pa.gov/PAUCRSPUBLIC/SRSReport/CrimeTrends","State UCR","Open Source",78606,NA,NA,"Inferred Dec 2019 from annual average","","PA0480300","Bethlehem",NA,"Northeast","Middle Atlantic",78606,59881,18725,"Bethlehem, PA","City","PA","PA"
"Billings,MT,City","MT0560100","Billings",0,7,6,25,44,358,40,2017,1,"City","Billings,MT","City",38,442,"Billings","https://cde.ucr.cjis.gov/LATEST/webapp/#/pages/explorer/crime/crime-trend","Crime Data Explorer","Open Source",121365,NA,NA,"","","MT0560100","Billings",NA,"West","Mountain",121365,122571,-1206,"Billings, MT","City","MT","MT"
"Birmingham,AL,City","AL0010200","Birmingham",5,NA,NA,NA,NA,NA,NA,2017,1,"City","Birmingham,AL","City",5,0,"Birmingham","https://cde.ucr.cjis.gov/LATEST/webapp/#/pages/explorer/crime/crime-trend","Crime Data Explorer","Open Source",195224,NA,NA,"","","AL0010200","Birmingham",NA,"South","East South Central",195224,193432,1792,"Birmingham, AL","City","AL","AL"
"Bismarck,ND,City","ND0080100","Bismarck",0,4,2,27,34,119,26,2017,1,"City","Bismarck,ND","City",33,179,"Bismarck","https://crimestats.nd.gov/public/View/RSReport.aspx?ReportId=94","State UCR","Open Source",74802,NA,NA,"","","ND0080100","Bismarck",NA,"Midwest","West North Central",74802,78814,-4012,"Bismarck, ND","City","ND","ND"
"Blaine,MN,City","MN0020200","Blaine",0,1,1,5,13,124,3,2017,1,"City","Blaine,MN","City",7,140,"Blaine","https://cde.state.mn.us/","State UCR","Open Source",72384,NA,NA,"","","MN0020200","Blaine",NA,"Midwest","West North Central",72384,76398,-4014,"Blaine, MN","City","MN","MN"
"Bloomfield,NJ,City","NJ0070200","Bloomfield",0,0,2,1,8,44,10,2017,1,"City","Bloomfield,NJ","City",3,62,"Bloomfield","https://cde.ucr.cjis.gov/LATEST/webapp/#/pages/explorer/crime/crime-trend","Crime Data Explorer","Open Source",55161,NA,NA,"Inferred Jan - Mar 2021 from annual total","","NJ0070200","Bloomfield",NA,"Northeast","Middle Atlantic",53181,56009,-2828,"Bloomfield, NJ","City","NJ","NJ"
"Bloomington,MN,City","MN0270100","Bloomington",0,5,5,6,16,211,15,2017,1,"City","Bloomington,MN","City",16,242,"Bloomington","https://cde.state.mn.us/","State UCR","Open Source",86793,NA,NA,"","","MN0270100","Bloomington",NA,"Midwest","West North Central",86793,87974,-1181,"Bloomington, MN","City","MN","MN"
"Blue Springs,MO,City","MO0480100","Blue Springs",0,1,0,8,13,109,7,2017,1,"City","Blue Springs,MO","City",9,129,"Blue Springs","https://showmecrime.mo.gov/","State UCR","Open Source",59896,NA,NA,"","","MO0480100","Blue Springs",NA,"Midwest","West North Central",59896,61854,-1958,"Blue Springs, MO","City","MO","MO"
"Bolingbrook,IL,City","IL0990200","Bolingbrook",0,0,2,11,7,56,10,2017,1,"City","Bolingbrook,IL","City",13,73,"Bolingbrook","https://ilucr.nibrs.com/AdvancedSearch/AdvancedSearch","State UCR","Open Source",74138,NA,NA,"","","IL0990200","Bolingbrook",NA,"Midwest","East North Central",74138,73492,646,"Bolingbrook, IL","City","IL","IL"
"Boone,KY,County","KY0080000","Boone",0,4,2,2,11,54,8,2017,1,"County","Boone,KY","County",8,73,"Boone","https://cde.ucr.cjis.gov/LATEST/webapp/#/pages/explorer/crime/crime-trend","Crime Data Explorer","Open Source",107867,NA,NA,"","","KY0080000","Boone",NA,"South","East South Central",107867,111845,-3978,"Boone, KY","County","KY","KY"
"Bossier City,LA,City","LA0080100","Bossier City",0,2,4,38,43,189,21,2017,1,"City","Bossier City,LA","City",44,253,"Bossier City","https://cde.ucr.cjis.gov/LATEST/webapp/#/pages/explorer/crime/crime-trend","Crime Data Explorer","Open Source",62750,NA,NA,"","","LA0080100","Bossier City",NA,"South","West South Central",62602,63346,-744,"Bossier City, LA","City","LA","LA"
"Boston,MA,City","MA0130100","Boston",5,34,152,219,169,940,131,2017,1,"City","Boston,MA","City",410,1240,"Boston","https://www.mass.gov/crime-statistics","State UCR","Provided by State UCR Program",642823,NA,NA,"","","MA0130100","Boston",NA,"Northeast","New England",642823,671262,-28439,"Boston, MA","City","MA","MA"
"Boulder,CO,City","CO0070100","Boulder",0,3,5,17,34,197,29,2017,1,"City","Boulder,CO","City",25,260,"Boulder","https://coloradocrimestats.state.co.us/public/View/dispview.aspx","State UCR","Open Source",104232,NA,NA,"","","CO0070100","Boulder",NA,"West","Mountain",104232,106426,-2194,"Boulder, CO","City","CO","CO"
"Bowling Green,KY,City","KY1140100","Bowling Green",0,12,8,14,51,195,11,2017,1,"City","Bowling Green,KY","City",34,257,"Bowling Green","https://cde.ucr.cjis.gov/LATEST/webapp/#/pages/explorer/crime/crime-trend","Crime Data Explorer","Open Source",77503,NA,NA,"","","KY1140100","Bowling Green",NA,"South","East South Central",76194,80821,-4627,"Bowling Green, KY","City","KY","KY"
"Bozeman,MT,City","MT0160100","Bozeman",0,4,1,9,3,115,14,2017,1,"City","Bozeman,MT","City",14,132,"Bozeman","https://cde.ucr.cjis.gov/LATEST/webapp/#/pages/explorer/crime/crime-trend","Crime Data Explorer","Open Source",58509,NA,NA,"","","MT0160100","Bozeman",NA,"West","Mountain",57424,58949,-1525,"Bozeman, MT","City","MT","MT"
"Brazoria,TX,County","TX0200000","Brazoria",0,4,5,7,34,53,13,2017,1,"County","Brazoria,TX","County",16,100,"Brazoria","https://txucr.nibrs.com/SRSReport/CrimeTrends","State UCR","Open Source",132229,NA,NA,"","","TX0200000","Brazoria",NA,"South","West South Central",132229,143180,-10951,"Brazoria, TX","County","TX","TX"
"Brentwood,CA,City","CA0070200","Brentwood",0,3,5,10,32,99,9,2017,1,"City","Brentwood,CA","City",18,140,"Brentwood","https://cde.ucr.cjis.gov/LATEST/webapp/#/pages/explorer/crime/crime-trend","Crime Data Explorer","Open Source",66976,NA,NA,"","","CA0070200","Brentwood",NA,"West","Pacific",66976,66753,223,"Brentwood, CA","City","CA","CA"
"Bridgeport,CT,City","CT0001500","Bridgeport",2,9,51,46,59,162,70,2017,1,"City","Bridgeport,CT","City",108,291,"Bridgeport","https://ct.beyond2020.com/ct_public/Dim/dimension.aspx","State UCR","Open Source",148483,NA,NA,"","","CT0001500","Bridgeport",NA,"Northeast","New England",148483,152588,-4105,"Bridgeport, CT","City","CT","CT"
"Bristol,CT,City","CT0001700","Bristol",1,0,1,2,14,38,6,2017,1,"City","Bristol,CT","City",4,58,"Bristol","https://ct.beyond2020.com/ct_public/Dim/dimension.aspx","State UCR","Open Source",61609,NA,NA,"","","CT0001700","Bristol",NA,"Northeast","New England",61609,62563,-954,"Bristol, CT","City","CT","CT"
"Brockton,MA,City","MA0120300","Brockton",2,10,12,53,37,132,20,2017,1,"City","Brockton,MA","City",77,189,"Brockton","https://www.mass.gov/crime-statistics","State UCR","Provided by State UCR Program",108938,NA,NA,"","","MA0120300","Brockton",NA,"Northeast","New England",108938,105571,3367,"Brockton, MA","City","MA","MA"
"Broken Arrow,OK,City","OK0720100","Broken Arrow",0,2,5,6,43,140,16,2017,1,"City","Broken Arrow,OK","City",13,199,"Broken Arrow","https://cde.ucr.cjis.gov/LATEST/webapp/#/pages/explorer/crime/crime-trend","Crime Data Explorer","Open Source",98264,NA,NA,"","","OK0720100","Broken Arrow",NA,"South","West South Central",119959,101688,18271,"Broken Arrow, OK","City","OK","OK"
"Brookhaven,GA,City","GA0447200","Brookhaven",0,2,7,3,22,75,8,2017,1,"City","Brookhaven,GA","City",12,105,"Brookhaven","https://cde.ucr.cjis.gov/LATEST/webapp/#/pages/explorer/crime/crime-trend","Crime Data Explorer","Open Source",58329,NA,NA,"","","GA0447200","Brookhaven",NA,"South","South Atlantic",58507,60038,-1531,"Brookhaven, GA","City","GA","GA"
"Brooklyn Park,MN,City","MN0270300","Brooklyn Park",0,6,5,13,21,137,8,2017,1,"City","Brooklyn Park,MN","City",24,166,"Brooklyn Park","https://cde.state.mn.us/","State UCR","Open Source",81920,NA,NA,"","","MN0270300","Brooklyn Park",NA,"Midwest","West North Central",81920,82087,-167,"Brooklyn Park, MN","City","MN","MN"
"Broomfield,CO,City","CO0640100","Broomfield",0,2,1,3,8,102,10,2017,1,"City","Broomfield,CO","City",6,120,"Broomfield","https://coloradocrimestats.state.co.us/public/View/dispview.aspx","State UCR","Open Source",77072,NA,NA,"","","CO0640100","Broomfield",NA,"West","Mountain",77072,79451,-2379,"Broomfield, CO","City","CO","CO"
"Brownsville,TX,City","TX0310100","Brownsville",1,4,9,12,58,424,18,2017,1,"City","Brownsville,TX","City",26,500,"Brownsville","https://txucr.nibrs.com/SRSReport/CrimeTrends","State UCR","Open Source",190590,NA,NA,"","","TX0310100","Brownsville",NA,"South","West South Central",190590,193321,-2731,"Brownsville, TX","City","TX","TX"
"Buckeye,AZ,City","AZ0070300","Buckeye",1,5,1,4,19,80,6,2017,1,"City","Buckeye,AZ","City",11,105,"Buckeye","https://azcrimestatistics.azdps.gov/","State UCR","Open Source",112048,NA,NA,"","","AZ0070300","Buckeye",NA,"West","Mountain",112048,120174,-8126,"Buckeye, AZ","City","AZ","AZ"
"Buena Park,CA,City","CA0300300","Buena Park",0,1,7,8,25,205,41,2017,1,"City","Buena Park,CA","City",16,271,"Buena Park","https://cde.ucr.cjis.gov/LATEST/webapp/#/pages/explorer/crime/crime-trend","Crime Data Explorer","Open Source",81753,NA,NA,"","","CA0300300","Buena Park",NA,"West","Pacific",81753,82300,-547,"Buena Park, CA","City","CA","CA"
"Buffalo,NY,City","NY0140100","Buffalo",8,15,75,94,165,496,63,2017,1,"City","Buffalo,NY","City",192,724,"Buffalo","https://data.buffalony.gov/Public-Safety/Monthly-Uniform-Crime-Reporting-UCR-Program-Statis/xxu9-yrhd/data","Agency Aggregated","Open Source",275922,NA,NA,"","","NY0140100","Buffalo",NA,"Northeast","Middle Atlantic",275922,276384,-462,"Buffalo, NY","City","NY","NY"
"Buncombe,NC,County","NC0110000","Buncombe",0,1,4,10,51,99,11,2017,1,"County","Buncombe,NC","County",15,161,"Buncombe","From NC","State UCR","Provided by State UCR Program",158547,NA,NA,"","","NC0110000","Buncombe",NA,"South","South Atlantic",158547,162165,-3618,"Buncombe, NC","County","NC","NC"
"Burbank,CA,City","CA0191200","Burbank",0,0,7,13,33,247,27,2017,1,"City","Burbank,CA","City",20,307,"Burbank","https://www.burbankpd.org/crime-information/crime-statistics/","Crime Data Explorer","Open Source",102345,NA,NA,"","","CA0191200","Burbank",NA,"West","Pacific",102345,102684,-339,"Burbank, CA","City","CA","CA"
"Burleson,TX,City","TX1260200","Burleson",1,1,0,5,9,48,10,2017,1,"City","Burleson,TX","City",7,67,"Burleson","https://txucr.nibrs.com/SRSReport/CrimeTrends","State UCR","Open Source",56307,NA,NA,"","","TX1260200","Burleson",NA,"South","West South Central",56307,47697,8610,"Burleson, TX","City","TX","TX"
"Burlington,NC,City","NC0010100","Burlington",0,2,8,42,33,130,6,2017,1,"City","Burlington,NC","City",52,169,"Burlington","From NC","State UCR","Provided by State UCR Program",60156,NA,NA,"","","NC0010100","Burlington",NA,"South","South Atlantic",60156,59483,673,"Burlington, NC","City","NC","NC"
"Burnsville,MN,City","MN0190100","Burnsville",0,0,4,2,9,105,5,2017,1,"City","Burnsville,MN","City",6,119,"Burnsville","https://cde.state.mn.us/","State UCR","Open Source",63650,NA,NA,"","","MN0190100","Burnsville",NA,"Midwest","West North Central",63650,64952,-1302,"Burnsville, MN","City","MN","MN"
"Caldwell,ID,City","ID0140100","Caldwell",0,0,1,13,18,35,25,2017,1,"City","Caldwell,ID","City",14,78,"Caldwell","https://nibrs.isp.idaho.gov/CrimeInIdaho/AdvancedSearch/AdvancedSearch","State UCR","Open Source",68731,NA,NA,"","","ID0140100","Caldwell",NA,"West","Mountain",68731,76553,-7822,"Caldwell, ID","City","ID","ID"
"Camarillo,CA,City","CA0560100","Camarillo",0,0,3,6,14,75,7,2017,1,"City","Camarillo,CA","City",9,96,"Camarillo","https://cde.ucr.cjis.gov/LATEST/webapp/#/pages/explorer/crime/crime-trend","Crime Data Explorer","Open Source",70010,NA,NA,"","","CA0560100","Camarillo",NA,"West","Pacific",70010,69673,337,"Camarillo, CA","City","CA","CA"
"Cambridge,MA,City","MA0091100","Cambridge",0,0,4,18,32,99,7,2017,1,"City","Cambridge,MA","City",22,138,"Cambridge","https://www.mass.gov/crime-statistics","State UCR","Provided by State UCR Program",118960,NA,NA,"","","MA0091100","Cambridge",NA,"Northeast","New England",118960,121634,-2674,"Cambridge, MA","City","MA","MA"
"Cameron,TX,County","TX0310000","Cameron",0,1,0,11,35,40,2,2017,1,"County","Cameron,TX","County",12,77,"Cameron","https://txucr.nibrs.com/SRSReport/CrimeTrends","State UCR","Agency Aggregated",100581,NA,NA,"","","TX0310000","Cameron",NA,"South","West South Central",95894,95770,124,"Cameron, TX","County","TX","TX"
"Canton Township,MI,City","MI8290800","Canton Township",0,4,2,6,7,69,3,2017,1,"City","Canton Township,MI","City",12,79,"Canton Township","https://www.michigan.gov/msp/divisions/cjic/dashboard-portal/crime-dashboard","Crime Data Explorer","Open Source",98915,NA,NA,"","","MI8290800","Canton Township",NA,"Midwest","East North Central",98915,100042,-1127,"Canton Township, MI","City","MI","MI"
"Canton,OH,City","OH0760400","Canton",0,12,9,31,83,213,21,2017,1,"City","Canton,OH","City",52,317,"Canton","https://ocjs.ohio.gov/","State UCR","Provided by State UCR Program",69164,NA,NA,"","","OH0760400","Canton",NA,"Midwest","East North Central",69164,68866,298,"Canton, OH","City","OH","OH"
"Cary,NC,City","NC0920300","Cary",0,3,10,8,26,122,4,2017,1,"City","Cary,NC","City",21,152,"Cary","From NC","State UCR","Provided by State UCR Program",182878,NA,NA,"","","NC0920300","Cary",NA,"South","South Atlantic",182878,180581,2297,"Cary, NC","City","NC","NC"
"Casa Grande,AZ,City","AZ0110100","Casa Grande",0,2,4,15,16,96,9,2017,1,"City","Casa Grande,AZ","City",21,121,"Casa Grande","https://azcrimestatistics.azdps.gov/","State UCR","Open Source",63228,NA,NA,"","","AZ0110100","Casa Grande",NA,"West","Mountain",63228,73225,-9997,"Casa Grande, AZ","City","AZ","AZ"
"Cedar Park,TX,City","TX2460900","Cedar Park",0,4,1,3,9,60,1,2017,1,"City","Cedar Park,TX","City",8,70,"Cedar Park","https://txucr.nibrs.com/SRSReport/CrimeTrends","State UCR","Open Source",77464,NA,NA,"","","TX2460900","Cedar Park",NA,"South","West South Central",77464,71892,5572,"Cedar Park, TX","City","TX","TX"
"Cedar Rapids,IA,City","IA0570100","Cedar Rapids",0,6,9,15,64,272,27,2017,1,"City","Cedar Rapids,IA","City",30,363,"Cedar Rapids","From IA","Crime Data Explorer","Provided by Agency",135777,NA,NA,"","","IA0570100","Cedar Rapids",NA,"Midwest","West North Central",135777,137918,-2141,"Cedar Rapids, IA","City","IA","IA"
"Champaign,IL,City","IL0100100","Champaign",0,5,12,36,66,177,16,2017,1,"City","Champaign,IL","City",53,259,"Champaign","https://ilucr.nibrs.com/AdvancedSearch/AdvancedSearch","State UCR","Open Source",89687,NA,NA,"","","IL0100100","Champaign",NA,"Midwest","East North Central",89687,92875,-3188,"Champaign, IL","City","IL","IL"
"Chandler,AZ,City","AZ0070500","Chandler",0,8,15,18,61,423,49,2017,1,"City","Chandler,AZ","City",41,533,"Chandler","https://azcrimestatistics.azdps.gov/","State UCR","Open Source",282419,NA,NA,"","","AZ0070500","Chandler",NA,"West","Mountain",282419,282191,228,"Chandler, AZ","City","AZ","AZ"
"Chapel Hill,NC,City","NC0680100","Chapel Hill",0,0,3,3,26,95,4,2017,1,"City","Chapel Hill,NC","City",6,125,"Chapel Hill","From NC","State UCR","Provided by State UCR Program",65066,NA,NA,"","","NC0680100","Chapel Hill",NA,"South","South Atlantic",65066,62990,2076,"Chapel Hill, NC","City","NC","NC"
"Charleston,SC,City","SC0100100","Charleston",0,6,8,21,46,187,12,2017,1,"City","Charleston,SC","City",35,245,"Charleston","https://cde.ucr.cjis.gov/LATEST/webapp/#/pages/explorer/crime/crime-trend","Crime Data Explorer","Open Source",155159,NA,NA,"","","SC0100100","Charleston",NA,"South","South Atlantic",155159,142716,12443,"Charleston, SC","City","SC","SC"
"Charlotte,NC,City","NC0600100","Charlotte",9,25,198,353,583,2153,253,2017,1,"City","Charlotte,NC","City",585,2989,"Charlotte","From NC","State UCR","Provided by State UCR Program",979304,NA,NA,"","","NC0600100","Charlotte",NA,"South","South Atlantic",979304,1035037,-55733,"Charlotte, NC","City","NC","NC"
"Chattanooga,TN,City","TN0330100","Chattanooga",2,3,43,98,135,567,81,2017,1,"City","Chattanooga,TN","City",146,783,"Chattanooga","https://crimeinsight.tbi.tn.gov/public/View/dispview.aspx","Crime Data Explorer","Open Source",185370,NA,NA,"","","TN0330100","Chattanooga",NA,"South","East South Central",185370,193881,-8511,"Chattanooga, TN","City","TN","TN"
"Cherry Hill Township,NJ,City","NJ0041200","Cherry Hill Township",0,1,2,4,12,135,1,2017,1,"City","Cherry Hill Township,NJ","City",7,148,"Cherry Hill Township","https://cde.ucr.cjis.gov/LATEST/webapp/#/pages/explorer/crime/crime-trend","Crime Data Explorer","Open Source",79950,NA,NA,"Inferred Jan - Feb 2021 & Mar - May 2023 from annual average","","NJ0041200","Cherry Hill Township",NA,"Northeast","Middle Atlantic",78082,80020,-1938,"Cherry Hill Township, NJ","City","NJ","NJ"
"Chesapeake,VA,City","VA1030000","Chesapeake",2,9,25,54,56,367,23,2017,1,"City","Chesapeake,VA","City",90,446,"Chesapeake","https://vsp.virginia.gov/","Crime Data Explorer","Provided by State UCR Program",254051,NA,NA,"","","VA1030000","Chesapeake",NA,"South","South Atlantic",254051,257012,-2961,"Chesapeake, VA","City","VA","VA"
"Chicago,IL,City","ILCPD0000","Chicago",54,163,1075,953,1274,4957,1173,2017,1,"City","Chicago,IL","City",2245,7404,"Chicago","https://data.cityofchicago.org/Public-Safety/Crimes-2001-to-Present/ijzp-q8t2/explore/query/SELECT%0A%20%20%60id%60%2C%0A%20%20%60case_number%60%2C%0A%20%20%60date%60%2C%0A%20%20%60block%60%2C%0A%20%20%60iucr%60%2C%0A%20%20%60primary_type%60%2C%0A%20%20%60description%60%2C%0A%20%20%60location_description%60%2C%0A%20%20%60arrest%60%2C%0A%20%20%60domestic%60%2C%0A%20%20%60beat%60%2C%0A%20%20%60district%60%2C%0A%20%20%60ward%60%2C%0A%20%20%60community_area%60%2C%0A%20%20%60fbi_code%60%2C%0A%20%20%60x_coordinate%60%2C%0A%20%20%60y_coordinate%60%2C%0A%20%20%60year%60%2C%0A%20%20%60updated_on%60%2C%0A%20%20%60latitude%60%2C%0A%20%20%60longitude%60%2C%0A%20%20%60location%60%2C%0A%20%20%60%3A%40computed_region_awaf_s7ux%60%2C%0A%20%20%60%3A%40computed_region_6mkv_f3dw%60%2C%0A%20%20%60%3A%40computed_region_vrxf_vc4k%60%2C%0A%20%20%60%3A%40computed_region_bdys_3d7i%60%2C%0A%20%20%60%3A%40computed_region_43wa_7qmu%60%2C%0A%20%20%60%3A%40computed_region_rpca_8um6%60%2C%0A%20%20%60%3A%40computed_region_d9mm_jgwp%60%2C%0A%20%20%60%3A%40computed_region_d3ds_rm58%60%2C%0A%20%20%60%3A%40computed_region_8hcu_yrd4%60%0AORDER%20BY%20%60date%60%20DESC%20NULL%20FIRST/page/filter","Agency RMS","Open Source",2628298,NA,NA,"","","ILCPD0000","Chicago",NA,"Midwest","East North Central",2628298,2715488,-87190,"Chicago, IL","City","IL","IL"
"Chico,CA,City","CA0040200","Chico",0,4,5,9,43,192,46,2017,1,"City","Chico,CA","City",18,281,"Chico","https://cde.ucr.cjis.gov/LATEST/webapp/#/pages/explorer/crime/crime-trend","Crime Data Explorer","Open Source",100896,NA,NA,"","","CA0040200","Chico",NA,"West","Pacific",100896,102829,-1933,"Chico, CA","City","CA","CA"
"Chicopee,MA,City","MA0070500","Chicopee",0,3,4,16,26,83,13,2017,1,"City","Chicopee,MA","City",23,122,"Chicopee","https://www.mass.gov/crime-statistics","State UCR","Provided by State UCR Program",55043,NA,NA,"","","MA0070500","Chicopee",NA,"Northeast","New England",55043,55222,-179,"Chicopee, MA","City","MA","MA"
"Chino,CA,City","CA0360200","Chino",2,0,7,10,34,127,37,2017,1,"City","Chino,CA","City",19,198,"Chino","https://cde.ucr.cjis.gov/LATEST/webapp/#/pages/explorer/crime/crime-trend","Crime Data Explorer","Open Source",94162,NA,NA,"","","CA0360200","Chino",NA,"West","Pacific",94162,94769,-607,"Chino, CA","City","CA","CA"
"Chula Vista,CA,City","CA0370200","Chula Vista",0,4,28,26,45,238,74,2017,1,"City","Chula Vista,CA","City",58,357,"Chula Vista","https://crimestats.arjis.org/default.aspx","Agency Aggregated","Open Source",280748,NA,NA,"","","CA0370200","Chula Vista",NA,"West","Pacific",280748,279237,1511,"Chula Vista, CA","City","CA","CA"
"Cincinnati,OH,City","OHCIP0000","Cincinnati",6,24,100,98,293,847,147,2017,1,"City","Cincinnati,OH","City",228,1287,"Cincinnati","https://ocjs.ohio.gov/","State UCR","Provided by State UCR Program",309484,NA,NA,"","","OHCIP0000","Cincinnati",NA,"Midwest","East North Central",309484,316260,-6776,"Cincinnati, OH","City","OH","OH"
"Citrus Heights,CA,City","CA0349600","Citrus Heights",1,3,9,26,39,213,42,2017,1,"City","Citrus Heights,CA","City",39,294,"Citrus Heights","https://cde.ucr.cjis.gov/LATEST/webapp/#/pages/explorer/crime/crime-trend","Crime Data Explorer","Open Source",85894,NA,NA,"","","CA0349600","Citrus Heights",NA,"West","Pacific",85894,86751,-857,"Citrus Heights, CA","City","CA","CA"
"Clarksville,TN,City","TN0630100","Clarksville",1,14,18,65,71,269,21,2017,1,"City","Clarksville,TN","City",98,361,"Clarksville","https://crimeinsight.tbi.tn.gov/public/View/dispview.aspx","Crime Data Explorer","Open Source",181916,NA,NA,"","","TN0630100","Clarksville",NA,"South","East South Central",181916,190532,-8616,"Clarksville, TN","City","TN","TN"
"Clifton,NJ,City","NJ0160200","Clifton",0,0,5,9,17,120,8,2017,1,"City","Clifton,NJ","City",14,145,"Clifton","https://cde.ucr.cjis.gov/LATEST/webapp/#/pages/explorer/crime/crime-trend","Crime Data Explorer","Open Source",89870,NA,NA,"Inferred Jan - Feb 2021 & Feb - Mar 2023 from annual average","","NJ0160200","Clifton",NA,"Northeast","Middle Atlantic",88361,90406,-2045,"Clifton, NJ","City","NJ","NJ"
"Clinton Township,MI,City","MI5084900","Clinton Township",0,3,4,17,28,85,16,2017,1,"City","Clinton Township,MI","City",24,129,"Clinton Township","https://www.michigan.gov/msp/divisions/cjic/dashboard-portal/crime-dashboard","State UCR","Open Source",99012,NA,NA,"","","MI5084900","Clinton Township",NA,"Midwest","East North Central",99012,101593,-2581,"Clinton Township, MI","City","MI","MI"
"Coeur D Alene,ID,City","ID0280100","Coeur D Alene",0,3,1,6,14,69,8,2017,1,"City","Coeur D Alene,ID","City",10,91,"Coeur D Alene","https://nibrs.isp.idaho.gov/CrimeInIdaho/AdvancedSearch/AdvancedSearch","State UCR","Open Source",57653,NA,NA,"","","ID0280100","Coeur D Alene",NA,"West","Mountain",57653,57973,-320,"Coeur D Alene, ID","City","ID","ID"
"Colerain Township,OH,City","OH0314200","Colerain Township",0,2,2,6,11,147,3,2017,1,"City","Colerain Township,OH","City",10,161,"Colerain Township","https://ocjs.ohio.gov/","State UCR","Provided by State UCR Program",58268,NA,NA,"","","OH0314200","Colerain Township",NA,"Midwest","East North Central",58268,59366,-1098,"Colerain Township, OH","City","OH","OH"
"College Station,TX,City","TX0210200","College Station",0,4,11,8,50,144,8,2017,1,"City","College Station,TX","City",23,202,"College Station","https://txucr.nibrs.com/SRSReport/CrimeTrends","State UCR","Open Source",126136,NA,NA,"","","TX0210200","College Station",NA,"South","West South Central",126136,129902,-3766,"College Station, TX","City","TX","TX"
"Collierville,TN,City","TN0790100","Collierville",0,1,0,2,6,53,2,2017,1,"City","Collierville,TN","City",3,61,"Collierville","https://crimeinsight.tbi.tn.gov/public/View/dispview.aspx","Crime Data Explorer","Open Source",51686,NA,NA,"","","TN0790100","Collierville",NA,"South","East South Central",51686,52107,-421,"Collierville, TN","City","TN","TN"
"Collin,TX,County","TX0430000","Collin",0,4,0,4,6,27,0,2017,1,"County","Collin,TX","County",8,33,"Collin","https://txucr.nibrs.com/SRSReport/CrimeTrends","State UCR","Agency Aggregated",118730,NA,NA,"","","TX0430000","Collin",NA,"South","West South Central",95286,95732,-446,"Collin, TX","County","TX","TX"
"Colonie Town,NY,City","NY0015300","Colonie Town",0,0,2,6,8,136,3,2017,1,"City","Colonie Town,NY","City",8,147,"Colonie Town","https://cde.ucr.cjis.gov/LATEST/webapp/#/pages/explorer/crime/crime-trend","Crime Data Explorer","Open Source",81226,NA,NA,"","","NY0015300","Colonie Town",NA,"Northeast","Middle Atlantic",80724,82328,-1604,"Colonie Town, NY","City","NY","NY"
"Colorado Springs,CO,City","CO0210100","Colorado Springs",5,74,29,123,184,965,146,2017,1,"City","Colorado Springs,CO","City",231,1295,"Colorado Springs","https://coloradocrimestats.state.co.us/public/View/dispview.aspx","State UCR","Open Source",489254,NA,NA,"","","CO0210100","Colorado Springs",NA,"West","Mountain",489254,496560,-7306,"Colorado Springs, CO","City","CO","CO"
"Columbia,MO,City","MO0100200","Columbia",0,15,11,37,45,189,27,2017,1,"City","Columbia,MO","City",63,261,"Columbia","https://showmecrime.mo.gov/","State UCR","Open Source",129602,NA,NA,"","","MO0100200","Columbia",NA,"Midwest","West North Central",129602,132072,-2470,"Columbia, MO","City","MO","MO"
"Columbus,OH,City","OHCOP0000","Columbus",9,134,156,116,576,1932,391,2017,1,"City","Columbus,OH","City",415,2899,"Columbus","https://ocjs.ohio.gov/","State UCR","Provided by State UCR Program",908834,NA,NA,"","","OHCOP0000","Columbus",NA,"Midwest","East North Central",908834,912232,-3398,"Columbus, OH","City","OH","OH"
"Comal,TX,County","TX0460000","Comal",0,2,0,2,16,33,6,2017,1,"County","Comal,TX","County",4,55,"Comal","https://txucr.nibrs.com/SRSReport/CrimeTrends","State UCR","Agency Aggregated",100029,NA,NA,"","","TX0460000","Comal",NA,"South","West South Central",94653,99619,-4966,"Comal, TX","County","TX","TX"
"Concord,NC,City","NC0130100","Concord",0,0,5,8,43,139,4,2017,1,"City","Concord,NC","City",13,186,"Concord","From NC","State UCR","Provided by State UCR Program",111915,NA,NA,"","","NC0130100","Concord",NA,"South","South Atlantic",111915,114348,-2433,"Concord, NC","City","NC","NC"
"Conroe,TX,City","TX1700100","Conroe",0,3,8,7,33,156,15,2017,1,"City","Conroe,TX","City",18,204,"Conroe","https://txucr.nibrs.com/SRSReport/CrimeTrends","State UCR","Open Source",106904,NA,NA,"","","TX1700100","Conroe",NA,"South","West South Central",106904,121302,-14398,"Conroe, TX","City","TX","TX"
"Conway,AR,City","AR0230100","Conway",0,6,9,30,33,209,18,2017,1,"City","Conway,AR","City",45,260,"Conway","https://cde.ucr.cjis.gov/LATEST/webapp/#/pages/explorer/crime/crime-trend","Crime Data Explorer","Open Source",71417,NA,NA,"","","AR0230100","Conway",NA,"South","West South Central",69315,72394,-3079,"Conway, AR","City","AR","AR"
"Coon Rapids,MN,City","MN0020500","Coon Rapids",0,2,1,4,18,110,5,2017,1,"City","Coon Rapids,MN","City",7,133,"Coon Rapids","https://cde.state.mn.us/","State UCR","Open Source",62391,NA,NA,"","","MN0020500","Coon Rapids",NA,"Midwest","West North Central",62391,63860,-1469,"Coon Rapids, MN","City","MN","MN"
"Corona,CA,City","CA0331500","Corona",0,2,7,4,82,198,57,2017,1,"City","Corona,CA","City",13,337,"Corona","https://cde.ucr.cjis.gov/LATEST/webapp/#/pages/explorer/crime/crime-trend","Crime Data Explorer","Open Source",160590,NA,NA,"","","CA0331500","Corona",NA,"West","Pacific",160590,162606,-2016,"Corona, CA","City","CA","CA"
"Council Bluffs,IA,City","IA0780100","Council Bluffs",0,2,9,6,22,194,31,2017,1,"City","Council Bluffs,IA","City",17,247,"Council Bluffs","From IA","Crime Data Explorer","Provided by Agency",62214,NA,NA,"","","IA0780100","Council Bluffs",NA,"Midwest","West North Central",62214,62635,-421,"Council Bluffs, IA","City","IA","IA"
"Cranston,RI,City","RI0040200","Cranston",0,0,1,8,12,76,10,2017,1,"City","Cranston,RI","City",9,98,"Cranston","https://riucr.nibrs.com/AdvancedSearch/AdvancedSearch","State UCR","Open Source",82484,NA,NA,"","","RI0040200","Cranston",NA,"Northeast","New England",82484,84734,-2250,"Cranston, RI","City","RI","RI"
"Dallas,TX,City","TXDPD0000","Dallas",16,58,403,419,943,2164,700,2017,1,"City","Dallas,TX","City",896,3807,"Dallas","https://txucr.nibrs.com/SRSReport/CrimeTrends","State UCR","Open Source",1304989,NA,NA,"","","TXDPD0000","Dallas",NA,"South","West South Central",1304989,1246336,58653,"Dallas, TX","City","TX","TX"
"Davenport,IA,City","IA0820200","Davenport",1,11,13,29,82,289,42,2017,1,"City","Davenport,IA","City",54,413,"Davenport","From IA","Crime Data Explorer","Provided by Agency",99911,NA,NA,"","","IA0820200","Davenport",NA,"Midwest","West North Central",99911,100761,-850,"Davenport, IA","City","IA","IA"
"Davis,CA,City","CA0570100","Davis",0,0,5,3,15,117,11,2017,1,"City","Davis,CA","City",8,143,"Davis","https://cde.ucr.cjis.gov/LATEST/webapp/#/pages/explorer/crime/crime-trend","Crime Data Explorer","Open Source",67193,NA,NA,"","","CA0570100","Davis",NA,"West","Pacific",67193,67181,12,"Davis, CA","City","CA","CA"
"Dayton,OH,City","OH0570200","Dayton",2,12,45,53,173,304,57,2017,1,"City","Dayton,OH","City",112,534,"Dayton","https://ocjs.ohio.gov/","State UCR","Provided by State UCR Program",135181,NA,NA,"","","OH0570200","Dayton",NA,"Midwest","East North Central",135181,136047,-866,"Dayton, OH","City","OH","OH"
"Dearborn Heights,MI,City","MI8234400","Dearborn Heights",0,1,4,18,26,50,14,2017,1,"City","Dearborn Heights,MI","City",23,90,"Dearborn Heights","https://www.michigan.gov/msp/divisions/cjic/dashboard-portal/crime-dashboard","Crime Data Explorer","Open Source",61420,NA,NA,"","","MI8234400","Dearborn Heights",NA,"Midwest","East North Central",61420,60548,872,"Dearborn Heights, MI","City","MI","MI"
"Dearborn,MI,City","MI8234300","Dearborn",0,0,3,15,30,158,31,2017,1,"City","Dearborn,MI","City",18,219,"Dearborn","https://www.michigan.gov/msp/divisions/cjic/dashboard-portal/crime-dashboard","Crime Data Explorer","Open Source",106747,NA,NA,"","","MI8234300","Dearborn",NA,"Midwest","East North Central",106747,105599,1148,"Dearborn, MI","City","MI","MI"
"Decatur,IL,City","IL0580200","Decatur",0,1,8,19,61,125,6,2017,1,"City","Decatur,IL","City",28,192,"Decatur","https://ilucr.nibrs.com/AdvancedSearch/AdvancedSearch","State UCR","Open Source",68301,NA,NA,"","","IL0580200","Decatur",NA,"Midwest","East North Central",68301,68221,80,"Decatur, IL","City","IL","IL"
"Denton,TX,City","TX0610200","Denton",0,12,3,21,51,170,20,2017,1,"City","Denton,TX","City",36,241,"Denton","https://txucr.nibrs.com/SRSReport/CrimeTrends","State UCR","Open Source",155215,NA,NA,"","","TX0610200","Denton",NA,"South","West South Central",155215,172882,-17667,"Denton, TX","City","TX","TX"
"Denton,TX,County","TX0610000","Denton",0,1,0,4,9,24,5,2017,1,"County","Denton,TX","County",5,38,"Denton","https://txucr.nibrs.com/SRSReport/CrimeTrends","State UCR","Open Source",160587,NA,NA,"","","TX0610000","Denton",NA,"South","West South Central",160587,151930,8657,"Denton, TX","County","TX","TX"
"Denver,CO,City","CODPD0000","Denver",5,68,113,214,334,1252,410,2017,1,"City","Denver,CO","City",400,1996,"Denver","https://coloradocrimestats.state.co.us/public/View/dispview.aspx","State UCR","Open Source",712222,NA,NA,"","","CODPD0000","Denver",NA,"West","Mountain",712222,733212,-20990,"Denver, CO","City","CO","CO"
"Des Moines,IA,City","IA0770300","Des Moines",4,9,25,68,168,474,92,2017,1,"City","Des Moines,IA","City",106,734,"Des Moines","From IA","Crime Data Explorer","Provided by Agency",209658,NA,NA,"Inferred Sep - Dec 2018 and Jan - Apr 2022 from annual average","","IA0770300","Des Moines",NA,"Midwest","West North Central",209658,212737,-3079,"Des Moines, IA","City","IA","IA"
"Desoto,TX,City","TX0570800","Desoto",1,6,9,10,39,97,21,2017,1,"City","Desoto,TX","City",26,157,"Desoto","https://txucr.nibrs.com/SRSReport/CrimeTrends","State UCR","Open Source",56257,NA,NA,"","","TX0570800","Desoto",NA,"South","West South Central",56257,56851,-594,"Desoto, TX","City","TX","TX"
"Detroit,MI,City","MI8234900","Detroit",22,80,239,665,770,1118,841,2017,1,"City","Detroit,MI","City",1006,2729,"Detroit","https://data.detroitmi.gov/datasets/rms-crime-incidents","Agency RMS","Open Source",615501,NA,NA,"","","MI8234900","Detroit",NA,"Midwest","East North Central",615501,642155,-26654,"Detroit, MI","City","MI","MI"
"Douglas,CO,County","CO0180000","Douglas",1,26,1,10,43,133,23,2017,1,"County","Douglas,CO","County",38,199,"Douglas","https://coloradocrimestats.state.co.us/public/View/dispview.aspx","State UCR","Open Source",219477,NA,NA,"","","CO0180000","Douglas",NA,"West","Mountain",219477,231244,-11767,"Douglas, CO","County","CO","CO"
"Douglas,NE,County","NB0280000","Douglas",0,4,0,12,13,28,2,2017,1,"County","Douglas,NE","County",16,43,"Douglas","https://crimestats.ne.gov/public/View/RSReport.aspx?ReportId=1082","State UCR","Agency Aggregated",103973,NA,NA,"Inferred April, June, July and December 2017 from annual average","","NB0280000","Douglas",NA,"Midwest","West North Central",94490,103800,-9310,"Douglas, NE","County","NE","NE"
"Draper,UT,City","UT0181200","Draper",0,0,1,5,9,93,10,2017,1,"City","Draper,UT","City",6,112,"Draper","https://bci.utah.gov/crime-in-utah-dashboards/","Crime Data Explorer","Open Source",50588,NA,NA,"","","UT0181200","Draper",NA,"West","Mountain",50588,46435,4153,"Draper, UT","City","UT","UT"
"Dublin,OH,City","OH0250300","Dublin",0,0,0,2,8,37,1,2017,1,"City","Dublin,OH","City",2,46,"Dublin","https://ocjs.ohio.gov/","State UCR","Provided by State UCR Program",48799,NA,NA,"","","OH0250300","Dublin",NA,"Midwest","East North Central",48827,40725,8102,"Dublin, OH","City","OH","OH"
"Duluth,MN,City","MN0690600","Duluth",0,6,7,18,34,226,13,2017,1,"City","Duluth,MN","City",31,273,"Duluth","https://cde.state.mn.us/","State UCR","Open Source",86570,NA,NA,"","","MN0690600","Duluth",NA,"Midwest","West North Central",86570,88307,-1737,"Duluth, MN","City","MN","MN"
"Dunwoody,GA,City","GA0447100","Dunwoody",0,1,0,3,9,138,14,2017,1,"City","Dunwoody,GA","City",4,161,"Dunwoody","https://www.dunwoodyga.gov/police/crime-info-stats/crime-comparison","Agency Aggregated","Open Source",52505,NA,NA,"","","GA0447100","Dunwoody",NA,"South","South Atlantic",52505,51850,655,"Dunwoody, GA","City","GA","GA"
"Durham,NC,City","NC0320100","Durham",2,6,111,165,216,562,71,2017,1,"City","Durham,NC","City",284,849,"Durham","From NC","State UCR","Provided by State UCR Program",295788,NA,NA,"","","NC0320100","Durham",NA,"South","South Atlantic",295788,306696,-10908,"Durham, NC","City","NC","NC"
"East Hartford,CT,City","CT0004300","East Hartford",0,3,9,2,8,62,21,2017,1,"City","East Hartford,CT","City",14,91,"East Hartford","https://ct.beyond2020.com/ct_public/Dim/dimension.aspx","State UCR","Open Source",50625,NA,NA,"","","CT0004300","East Hartford",NA,"Northeast","New England",50625,51190,-565,"East Hartford, CT","City","CT","CT"
"Eau Claire,WI,City","WI0180100","Eau Claire",0,2,8,8,20,97,3,2017,1,"City","Eau Claire,WI","City",18,120,"Eau Claire","From WI","State UCR","Provided by State UCR Program",69859,NA,NA,"","","WI0180100","Eau Claire",NA,"Midwest","East North Central",69859,70653,-794,"Eau Claire, WI","City","WI","WI"
"Eden Prairie,MN,City","MN0272600","Eden Prairie",0,0,0,0,0,37,2,2017,1,"City","Eden Prairie,MN","City",0,39,"Eden Prairie","https://cde.state.mn.us/","State UCR","Open Source",61645,NA,NA,"","","MN0272600","Eden Prairie",NA,"Midwest","West North Central",61645,62593,-948,"Eden Prairie, MN","City","MN","MN"
"Edina,MN,City","MN0270600","Edina",0,0,1,0,5,52,1,2017,1,"City","Edina,MN","City",1,58,"Edina","https://cde.state.mn.us/","State UCR","Open Source",51980,NA,NA,"","","MN0270600","Edina",NA,"Midwest","West North Central",51980,53617,-1637,"Edina, MN","City","MN","MN"
"Edinburg,TX,City","TX1080400","Edinburg",0,9,1,9,37,254,20,2017,1,"City","Edinburg,TX","City",19,311,"Edinburg","https://txucr.nibrs.com/SRSReport/CrimeTrends","State UCR","Open Source",106137,NA,NA,"","","TX1080400","Edinburg",NA,"South","West South Central",106137,110822,-4685,"Edinburg, TX","City","TX","TX"
"Edmond,OK,City","OK0550300","Edmond",1,0,1,16,7,80,5,2017,1,"City","Edmond,OK","City",18,92,"Edmond","https://cde.ucr.cjis.gov/LATEST/webapp/#/pages/explorer/crime/crime-trend","Crime Data Explorer","Open Source",97063,NA,NA,"","","OK0550300","Edmond",NA,"South","West South Central",97063,100144,-3081,"Edmond, OK","City","OK","OK"
"El Cajon,CA,City","CA0370500","El Cajon",0,5,12,18,54,140,52,2017,1,"City","El Cajon,CA","City",35,246,"El Cajon","https://crimestats.arjis.org/default.aspx","Agency Aggregated","Open Source",103569,NA,NA,"","","CA0370500","El Cajon",NA,"West","Pacific",103569,102604,965,"El Cajon, CA","City","CA","CA"
"El Dorado,CA,County","CA0090000","El Dorado",1,2,1,20,51,121,5,2017,1,"County","El Dorado,CA","County",24,177,"El Dorado","https://cde.ucr.cjis.gov/LATEST/webapp/#/pages/explorer/crime/crime-trend","Crime Data Explorer","Open Source",162436,NA,NA,"","","CA0090000","El Dorado",NA,"West","Pacific",162436,161044,1392,"El Dorado, CA","County","CA","CA"
"El Monte,CA,City","CA0192200","El Monte",0,3,16,21,69,121,65,2017,1,"City","El Monte,CA","City",40,255,"El Monte","https://cde.ucr.cjis.gov/LATEST/webapp/#/pages/explorer/crime/crime-trend","Crime Data Explorer","Open Source",102088,NA,NA,"","","CA0192200","El Monte",NA,"West","Pacific",103463,103551,-88,"El Monte, CA","City","CA","CA"
"El Paso,CO,County","CO0210000","El Paso",0,24,1,20,35,162,18,2017,1,"County","El Paso,CO","County",45,215,"El Paso","https://coloradocrimestats.state.co.us/public/View/dispview.aspx","State UCR","Open Source",207095,NA,NA,"","","CO0210000","El Paso",NA,"West","Mountain",207095,210336,-3241,"El Paso, CO","County","CO","CO"
"El Paso,TX,City","TX0710200","El Paso",3,28,36,153,91,894,71,2017,1,"City","El Paso,TX","City",220,1056,"El Paso","https://txucr.nibrs.com/SRSReport/CrimeTrends","State UCR","Open Source",676665,NA,NA,"","","TX0710200","El Paso",NA,"South","West South Central",676665,682310,-5645,"El Paso, TX","City","TX","TX"
"El Paso,TX,County","TX0710000","El Paso",0,6,1,18,22,43,6,2017,1,"County","El Paso,TX","County",25,71,"El Paso","https://txucr.nibrs.com/SRSReport/CrimeTrends","State UCR","Open Source",116599,NA,NA,"","","TX0710000","El Paso",NA,"South","West South Central",116599,111217,5382,"El Paso, TX","County","TX","TX"
"Elizabeth,NJ,City","NJ0200400","Elizabeth",0,3,43,36,41,206,81,2017,1,"City","Elizabeth,NJ","City",82,328,"Elizabeth","https://cde.ucr.cjis.gov/LATEST/webapp/#/pages/explorer/crime/crime-trend","Crime Data Explorer","Open Source",138500,NA,NA,"","","NJ0200400","Elizabeth",NA,"Northeast","Middle Atlantic",133578,141194,-7616,"Elizabeth, NJ","City","NJ","NJ"
"Elk Grove,CA,City","CA0340H00","Elk Grove",0,1,10,29,33,179,21,2017,1,"City","Elk Grove,CA","City",40,233,"Elk Grove","https://cde.ucr.cjis.gov/LATEST/webapp/#/pages/explorer/crime/crime-trend","Crime Data Explorer","Open Source",177976,NA,NA,"","","CA0340H00","Elk Grove",NA,"West","Pacific",177976,184388,-6412,"Elk Grove, CA","City","CA","CA"
"Elyria,OH,City","OH0470400","Elyria",0,6,7,6,13,53,5,2017,1,"City","Elyria,OH","City",19,71,"Elyria","https://ocjs.ohio.gov/","State UCR","Provided by State UCR Program",53024,NA,NA,"","","OH0470400","Elyria",NA,"Midwest","East North Central",53024,53836,-812,"Elyria, OH","City","OH","OH"
"Enid,OK,City","OK0240100","Enid",0,1,3,8,28,81,11,2017,1,"City","Enid,OK","City",12,120,"Enid","https://cde.ucr.cjis.gov/LATEST/webapp/#/pages/explorer/crime/crime-trend","Crime Data Explorer","Open Source",50382,NA,NA,"","","OK0240100","Enid",NA,"South","West South Central",50168,50360,-192,"Enid, OK","City","OK","OK"
"Erie,PA,City","PA0250200","Erie",2,3,11,15,30,109,11,2017,1,"City","Erie,PA","City",31,150,"Erie","https://www.ucr.pa.gov/PAUCRSPUBLIC/SRSReport/CrimeTrends","State UCR","Open Source",92920,NA,NA,"","","PA0250200","Erie",NA,"Northeast","Middle Atlantic",92920,92461,459,"Erie, PA","City","PA","PA"
"Escondido,CA,City","CA0370600","Escondido",0,4,22,38,36,174,38,2017,1,"City","Escondido,CA","City",64,248,"Escondido","https://crimestats.arjis.org/default.aspx","Agency Aggregated","Open Source",149837,NA,NA,"","","CA0370600","Escondido",NA,"West","Pacific",149837,148303,1534,"Escondido, CA","City","CA","CA"
"Eugene,OR,City","OR0200200","Eugene",1,11,10,16,94,360,47,2017,1,"City","Eugene,OR","City",38,501,"Eugene","https://www.oregon.gov/osp/pages/uniform-crime-reporting-data.aspx","State UCR","Open Source",178191,NA,NA,"","","OR0200200","Eugene",NA,"West","Pacific",178191,178886,-695,"Eugene, OR","City","OR","OR"
"Euless,TX,City","TX2200900","Euless",0,0,2,2,12,71,22,2017,1,"City","Euless,TX","City",4,105,"Euless","https://txucr.nibrs.com/SRSReport/CrimeTrends","State UCR","Open Source",59722,NA,NA,"","","TX2200900","Euless",NA,"South","West South Central",59722,59746,-24,"Euless, TX","City","TX","TX"
"Evanston,IL,City","IL0163200","Evanston",0,0,0,2,27,96,6,2017,1,"City","Evanston,IL","City",2,129,"Evanston","https://ilucr.nibrs.com/AdvancedSearch/AdvancedSearch","State UCR","Open Source",74413,NA,NA,"","","IL0163200","Evanston",NA,"Midwest","East North Central",74413,75562,-1149,"Evanston, IL","City","IL","IL"
"Fairfield,CA,City","CA0480300","Fairfield",0,2,18,24,44,166,38,2017,1,"City","Fairfield,CA","City",44,248,"Fairfield","https://cde.ucr.cjis.gov/LATEST/webapp/#/pages/explorer/crime/crime-trend","Crime Data Explorer","Open Source",119071,NA,NA,"","","CA0480300","Fairfield",NA,"West","Pacific",119071,123346,-4275,"Fairfield, CA","City","CA","CA"
"Fairfield,CT,City","CT0005100","Fairfield",0,3,1,0,1,32,8,2017,1,"City","Fairfield,CT","City",4,41,"Fairfield","https://ct.beyond2020.com/ct_public/Dim/dimension.aspx","State UCR","Open Source",63588,NA,NA,"","","CT0005100","Fairfield",NA,"Northeast","New England",63588,66290,-2702,"Fairfield, CT","City","CT","CT"
"Fall River,MA,City","MA0030800","Fall River",0,5,17,53,39,80,20,2017,1,"City","Fall River,MA","City",75,139,"Fall River","https://www.mass.gov/crime-statistics","State UCR","Provided by State UCR Program",93879,NA,NA,"","","MA0030800","Fall River",NA,"Northeast","New England",93879,94628,-749,"Fall River, MA","City","MA","MA"
"Fargo,ND,City","ND0090200","Fargo",0,11,8,15,28,225,34,2017,1,"City","Fargo,ND","City",34,287,"Fargo","https://crimestats.nd.gov/public/View/RSReport.aspx?ReportId=94","State UCR","Open Source",134268,NA,NA,"","","ND0090200","Fargo",NA,"Midwest","West North Central",134268,138990,-4722,"Fargo, ND","City","ND","ND"
"Farmington Hills,MI,City","MI6338900","Farmington Hills",0,1,0,4,11,55,7,2017,1,"City","Farmington Hills,MI","City",5,73,"Farmington Hills","https://www.michigan.gov/msp/divisions/cjic/dashboard-portal/crime-dashboard","Crime Data Explorer","Open Source",82223,NA,NA,"","","MI6338900","Farmington Hills",NA,"Midwest","East North Central",82223,84262,-2039,"Farmington Hills, MI","City","MI","MI"
"Fayetteville,AR,City","AR0720100","Fayetteville",0,8,6,22,32,236,20,2017,1,"City","Fayetteville,AR","City",36,288,"Fayetteville","https://cde.ucr.cjis.gov/LATEST/webapp/#/pages/explorer/crime/crime-trend","Crime Data Explorer","Open Source",101624,NA,NA,"","","AR0720100","Fayetteville",NA,"South","West South Central",101624,105335,-3711,"Fayetteville, AR","City","AR","AR"
"Fishers,IN,City","IN0290700","Fishers",0,1,3,1,6,48,2,2017,1,"City","Fishers,IN","City",5,56,"Fishers","https://cde.state.mn.us/","Crime Data Explorer","Open Source",103247,NA,NA,"","","IN0290700","Fishers",NA,"Midwest","East North Central",103247,105143,-1896,"Fishers, IN","City","IN","IN"
"Flower Mound,TX,City","TX0611200","Flower Mound",0,1,1,3,3,40,0,2017,1,"City","Flower Mound,TX","City",5,43,"Flower Mound","https://txucr.nibrs.com/SRSReport/CrimeTrends","State UCR","Open Source",79513,NA,NA,"","","TX0611200","Flower Mound",NA,"South","West South Central",79513,80200,-687,"Flower Mound, TX","City","TX","TX"
"Folsom,CA,City","CA0340100","Folsom",0,1,1,2,12,76,12,2017,1,"City","Folsom,CA","City",4,100,"Folsom","https://cde.ucr.cjis.gov/LATEST/webapp/#/pages/explorer/crime/crime-trend","Crime Data Explorer","Open Source",84559,NA,NA,"","","CA0340100","Folsom",NA,"West","Pacific",84559,89999,-5440,"Folsom, CA","City","CA","CA"
"Fontana,CA,City","CA0360400","Fontana",4,NA,13,NA,83,200,75,2017,1,"City","Fontana,CA","City",17,358,"Fontana","https://www.fontanaca.gov/CivicAlerts.aspx?CID=32","Agency Aggregated","Open Source",214429,NA,NA,"","","CA0360400","Fontana",NA,"West","Pacific",214429,220837,-6408,"Fontana, CA","City","CA","CA"
"Forsyth,GA,County","GA0580000","Forsyth",1,2,2,1,27,97,0,2017,1,"County","Forsyth,GA","County",6,124,"Forsyth","https://cde.ucr.cjis.gov/LATEST/webapp/#/pages/explorer/crime/crime-trend","Crime Data Explorer","Open Source",267417,NA,NA,"","","GA0580000","Forsyth",NA,"South","South Atlantic",267417,276364,-8947,"Forsyth, GA","County","GA","GA"
"Forsyth,NC,County","NC0340000","Forsyth",0,0,1,15,39,168,12,2017,1,"County","Forsyth,NC","County",16,219,"Forsyth","From NC","State UCR","Provided by State UCR Program",111773,NA,NA,"Inferred Dec 2018 - Jun 2019 from 2018 average","","NC0340000","Forsyth",NA,"South","South Atlantic",111773,114329,-2556,"Forsyth, NC","County","NC","NC"
"Fort Bend,TX,County","TX0790000","Fort Bend",1,7,14,48,75,257,13,2017,1,"County","Fort Bend,TX","County",70,345,"Fort Bend","https://txucr.nibrs.com/SRSReport/CrimeTrends","State UCR","Open Source",578695,NA,NA,"","","TX0790000","Fort Bend",NA,"South","West South Central",578695,637444,-58749,"Fort Bend, TX","County","TX","TX"
"Fort Collins,CO,City","CO0350300","Fort Collins",0,4,2,14,46,266,22,2017,1,"City","Fort Collins,CO","City",20,334,"Fort Collins","https://coloradocrimestats.state.co.us/public/View/dispview.aspx","State UCR","Open Source",168886,NA,NA,"","","CO0350300","Fort Collins",NA,"West","Mountain",168886,171159,-2273,"Fort Collins, CO","City","CO","CO"
"Fort Smith,AR,City","AR0660100","Fort Smith",1,5,6,49,70,270,32,2017,1,"City","Fort Smith,AR","City",61,372,"Fort Smith","https://cde.ucr.cjis.gov/LATEST/webapp/#/pages/explorer/crime/crime-trend","Crime Data Explorer","Open Source",89977,NA,NA,"","","AR0660100","Fort Smith",NA,"South","West South Central",90417,90848,-431,"Fort Smith, AR","City","AR","AR"
"Fort Worth,TX,City","TX2201200","Fort Worth",10,71,154,231,449,1568,229,2017,1,"City","Fort Worth,TX","City",466,2246,"Fort Worth","https://txucr.nibrs.com/SRSReport/CrimeTrends","State UCR","Open Source",973722,NA,NA,"","","TX2201200","Fort Worth",NA,"South","West South Central",973722,1009136,-35414,"Fort Worth, TX","City","TX","TX"
"Fountain Valley,CA,City","CA0300700","Fountain Valley",0,0,4,2,15,109,13,2017,1,"City","Fountain Valley,CA","City",6,137,"Fountain Valley","https://cde.ucr.cjis.gov/LATEST/webapp/#/pages/explorer/crime/crime-trend","Crime Data Explorer","Open Source",55419,NA,NA,"","","CA0300700","Fountain Valley",NA,"West","Pacific",55419,55805,-386,"Fountain Valley, CA","City","CA","CA"
"Franklin,TN,City","TN0940100","Franklin",0,3,2,14,6,86,3,2017,1,"City","Franklin,TN","City",19,95,"Franklin","https://crimeinsight.tbi.tn.gov/public/View/dispview.aspx","Crime Data Explorer","Open Source",88315,NA,NA,"","","TN0940100","Franklin",NA,"South","East South Central",88315,90436,-2121,"Franklin, TN","City","TN","TN"
"Fresno,CA,City","CA0100500","Fresno",4,16,90,164,381,1272,291,2017,1,"City","Fresno,CA","City",274,1944,"Fresno","https://cde.ucr.cjis.gov/LATEST/webapp/#/pages/explorer/crime/crime-trend","Crime Data Explorer","Open Source",546722,NA,NA,"","","CA0100500","Fresno",NA,"West","Pacific",547134,551969,-4835,"Fresno, CA","City","CA","CA"
"Frisco,TX,City","TX0430400","Frisco",0,5,4,6,39,153,2,2017,1,"City","Frisco,TX","City",15,194,"Frisco","https://txucr.nibrs.com/SRSReport/CrimeTrends","State UCR","Open Source",228527,NA,NA,"","","TX0430400","Frisco",NA,"South","West South Central",228527,145026,83501,"Frisco, TX","City","TX","TX"
"Fullerton,CA,City","CA0300800","Fullerton",0,1,4,16,40,259,45,2017,1,"City","Fullerton,CA","City",21,344,"Fullerton","https://cde.ucr.cjis.gov/LATEST/webapp/#/pages/explorer/crime/crime-trend","Crime Data Explorer","Open Source",139131,NA,NA,"","","CA0300800","Fullerton",NA,"West","Pacific",139131,139237,-106,"Fullerton, CA","City","CA","CA"
"Galveston,TX,City","TX0840400","Galveston",0,6,5,4,36,87,8,2017,1,"City","Galveston,TX","City",15,131,"Galveston","https://txucr.nibrs.com/SRSReport/CrimeTrends","State UCR","Open Source",52810,NA,NA,"","","TX0840400","Galveston",NA,"South","West South Central",52810,53510,-700,"Galveston, TX","City","TX","TX"
"Gardena,CA,City","CA0192400","Gardena",0,1,19,10,32,55,27,2017,1,"City","Gardena,CA","City",30,114,"Gardena","https://cde.ucr.cjis.gov/LATEST/webapp/#/pages/explorer/crime/crime-trend","Crime Data Explorer","Open Source",57584,NA,NA,"","","CA0192400","Gardena",NA,"West","Pacific",57853,58456,-603,"Gardena, CA","City","CA","CA"
"Garland,TX,City","TX0571100","Garland",3,5,39,27,125,491,71,2017,1,"City","Garland,TX","City",74,687,"Garland","https://txucr.nibrs.com/SRSReport/CrimeTrends","State UCR","Open Source",240051,NA,NA,"","","TX0571100","Garland",NA,"South","West South Central",240051,251165,-11114,"Garland, TX","City","TX","TX"
"Gastonia,NC,City","NC0360600","Gastonia",0,2,14,26,61,262,21,2017,1,"City","Gastonia,NC","City",42,344,"Gastonia","From NC","State UCR","Provided by State UCR Program",83739,NA,NA,"","","NC0360600","Gastonia",NA,"South","South Atlantic",83739,86826,-3087,"Gastonia, NC","City","NC","NC"
"Georgetown,TX,City","TX2460200","Georgetown",0,3,0,3,4,37,3,2017,1,"City","Georgetown,TX","City",6,44,"Georgetown","https://txucr.nibrs.com/SRSReport/CrimeTrends","State UCR","Open Source",87871,NA,NA,"","","TX2460200","Georgetown",NA,"South","West South Central",87871,111743,-23872,"Georgetown, TX","City","TX","TX"
"Gilbert,AZ,City","AZ0071100","Gilbert",0,8,2,10,35,230,10,2017,1,"City","Gilbert,AZ","City",20,275,"Gilbert","https://azcrimestatistics.azdps.gov/","State UCR","Open Source",278495,NA,NA,"","","AZ0071100","Gilbert",NA,"West","Mountain",278495,293851,-15356,"Gilbert, AZ","City","AZ","AZ"
"Gilroy,CA,City","CA0430400","Gilroy",0,2,3,6,21,82,21,2017,1,"City","Gilroy,CA","City",11,124,"Gilroy","https://cde.ucr.cjis.gov/LATEST/webapp/#/pages/explorer/crime/crime-trend","Crime Data Explorer","Open Source",57331,NA,NA,"","","CA0430400","Gilroy",NA,"West","Pacific",57331,60649,-3318,"Gilroy, CA","City","CA","CA"
"Glendale,CA,City","CA0192500","Glendale",0,2,9,18,61,208,32,2017,1,"City","Glendale,CA","City",29,301,"Glendale","https://cde.ucr.cjis.gov/LATEST/webapp/#/pages/explorer/crime/crime-trend","Agency Aggregated","Open Source",185923,NA,NA,"","","CA0192500","Glendale",NA,"West","Pacific",185923,185849,74,"Glendale, CA","City","CA","CA"
"Goodyear,AZ,City","AZ0071500","Goodyear",0,2,4,12,38,146,12,2017,1,"City","Goodyear,AZ","City",18,196,"Goodyear","https://azcrimestatistics.azdps.gov/","State UCR","Open Source",109929,NA,NA,"","","AZ0071500","Goodyear",NA,"West","Mountain",109929,123911,-13982,"Goodyear, AZ","City","AZ","AZ"
"Grand Forks,ND,City","ND0180100","Grand Forks",0,2,0,5,28,95,10,2017,1,"City","Grand Forks,ND","City",7,133,"Grand Forks","https://crimestats.nd.gov/public/View/RSReport.aspx?ReportId=94","State UCR","Open Source",58470,NA,NA,"","","ND0180100","Grand Forks",NA,"Midwest","West North Central",58470,60024,-1554,"Grand Forks, ND","City","ND","ND"
"Grand Island,NE,City","NB0400100","Grand Island",0,5,2,17,20,83,5,2017,1,"City","Grand Island,NE","City",24,108,"Grand Island","https://crimestats.ne.gov/public/View/RSReport.aspx?ReportId=1082","State UCR","Open Source",52264,NA,NA,"","","NB0400100","Grand Island",NA,"Midwest","West North Central",52264,53307,-1043,"Grand Island, NE","City","NE","NE"
"Grand Junction,CO,City","CO0390100","Grand Junction",0,6,2,24,30,186,11,2017,1,"City","Grand Junction,CO","City",32,227,"Grand Junction","https://coloradocrimestats.state.co.us/public/View/dispview.aspx","State UCR","Open Source",69240,NA,NA,"","","CO0390100","Grand Junction",NA,"West","Mountain",69240,71807,-2567,"Grand Junction, CO","City","CO","CO"
"Grand Prairie,TX,City","TX0571200","Grand Prairie",0,11,17,8,79,289,55,2017,1,"City","Grand Prairie,TX","City",36,423,"Grand Prairie","https://txucr.nibrs.com/SRSReport/CrimeTrends","State UCR","Open Source",205487,NA,NA,"","","TX0571200","Grand Prairie",NA,"South","West South Central",205487,133275,72212,"Grand Prairie, TX","City","TX","TX"
"Grand Rapids,MI,City","MI4143600","Grand Rapids",1,11,16,89,41,289,82,2017,1,"City","Grand Rapids,MI","City",117,412,"Grand Rapids","https://grpd-grandrapids.hub.arcgis.com/","Crime Data Explorer","Open Source",196019,NA,NA,"","","MI4143600","Grand Rapids",NA,"Midwest","East North Central",196019,200467,-4448,"Grand Rapids, MI","City","MI","MI"
"Grapevine,TX,City","TX2201300","Grapevine",0,0,1,7,8,100,12,2017,1,"City","Grapevine,TX","City",8,120,"Grapevine","https://txucr.nibrs.com/SRSReport/CrimeTrends","State UCR","Open Source",51458,NA,NA,"","","TX2201300","Grapevine",NA,"South","West South Central",51458,51460,-2,"Grapevine, TX","City","TX","TX"
"Great Falls,MT,City","MT0070100","Great Falls",0,0,1,9,23,156,16,2017,1,"City","Great Falls,MT","City",10,195,"Great Falls","https://cde.ucr.cjis.gov/LATEST/webapp/#/pages/explorer/crime/crime-trend","Crime Data Explorer","Open Source",60414,NA,NA,"","","MT0070100","Great Falls",NA,"West","Mountain",60358,59904,454,"Great Falls, MT","City","MT","MT"
"Green Bay,WI,City","WI0050200","Green Bay",0,7,5,24,16,138,4,2017,1,"City","Green Bay,WI","City",36,158,"Green Bay","From WI","State UCR","Provided by State UCR Program",105521,NA,NA,"","","WI0050200","Green Bay",NA,"Midwest","East North Central",105521,106069,-548,"Green Bay, WI","City","WI","WI"
"Green Township,OH,City","OH0314400","Green Township",0,0,6,0,10,67,0,2017,1,"City","Green Township,OH","City",6,77,"Green Township","https://ocjs.ohio.gov/","State UCR","Provided by State UCR Program",59277,NA,NA,"","","OH0314400","Green Township",NA,"Midwest","East North Central",59277,60370,-1093,"Green Township, OH","City","OH","OH"
"Greenville,NC,City","NC0740300","Greenville",0,1,12,15,99,233,10,2017,1,"City","Greenville,NC","City",28,342,"Greenville","From NC","State UCR","Provided by State UCR Program",90048,NA,NA,"","","NC0740300","Greenville",NA,"South","South Atlantic",90048,96214,-6166,"Greenville, NC","City","NC","NC"
"Greenville,SC,City","SC0230200","Greenville",0,2,12,21,47,177,21,2017,1,"City","Greenville,SC","City",35,245,"Greenville","https://cde.ucr.cjis.gov/LATEST/webapp/#/pages/explorer/crime/crime-trend","Crime Data Explorer","Open Source",73405,NA,NA,"","","SC0230200","Greenville",NA,"South","South Atlantic",72961,75127,-2166,"Greenville, SC","City","SC","SC"
"Greenville,SC,County","SC0230000","Greenville",3,21,24,71,189,520,84,2017,1,"County","Greenville,SC","County",119,793,"Greenville","https://cde.ucr.cjis.gov/LATEST/webapp/#/pages/explorer/crime/crime-trend","Crime Data Explorer","Open Source",379428,NA,NA,"","","SC0230000","Greenville",NA,"South","South Atlantic",379428,390870,-11442,"Greenville, SC","County","SC","SC"
"Greenwood,IN,City","IN0410300","Greenwood",1,0,1,24,10,117,9,2017,1,"City","Greenwood,IN","City",26,136,"Greenwood","https://cde.ucr.cjis.gov/LATEST/webapp/#/pages/explorer/crime/crime-trend","Crime Data Explorer","Open Source",67086,NA,NA,"","","IN0410300","Greenwood",NA,"Midwest","East North Central",66131,69268,-3137,"Greenwood, IN","City","IN","IN"
"Gresham,OR,City","OR0260100","Gresham",1,8,12,15,25,218,119,2017,1,"City","Gresham,OR","City",36,362,"Gresham","https://www.oregon.gov/osp/pages/uniform-crime-reporting-data.aspx","State UCR","Open Source",110225,NA,NA,"","","OR0260100","Gresham",NA,"West","Pacific",110225,110776,-551,"Gresham, OR","City","OR","OR"
"Guilford,NC,County","NC0410000","Guilford",0,0,2,11,50,68,5,2017,1,"County","Guilford,NC","County",13,123,"Guilford","From NC","State UCR","Provided by State UCR Program",130423,NA,NA,"","","NC0410000","Guilford",NA,"South","South Atlantic",130423,132642,-2219,"Guilford, NC","County","NC","NC"
"Hall,GA,County","GA0690000","Hall",0,3,1,12,30,89,11,2017,1,"County","Hall,GA","County",16,130,"Hall","https://cde.ucr.cjis.gov/LATEST/webapp/#/pages/explorer/crime/crime-trend","Crime Data Explorer","Open Source",148922,NA,NA,"","","GA0690000","Hall",NA,"South","South Atlantic",148922,152703,-3781,"Hall, GA","County","GA","GA"
"Hamilton,OH,City","OH0090200","Hamilton",0,4,11,4,49,163,0,2017,1,"City","Hamilton,OH","City",19,212,"Hamilton","https://ocjs.ohio.gov/","State UCR","Provided by State UCR Program",62705,NA,NA,"","","OH0090200","Hamilton",NA,"Midwest","East North Central",62705,64088,-1383,"Hamilton, OH","City","OH","OH"
"Hamilton,TN,County","TN0330000","Hamilton",0,2,1,19,39,74,3,2017,1,"County","Hamilton,TN","County",22,116,"Hamilton","https://crimeinsight.tbi.tn.gov/public/View/dispview.aspx","State UCR","Open Source",124372,NA,NA,"","","TN0330000","Hamilton",NA,"South","East South Central",124372,127498,-3126,"Hamilton, TN","County","TN","TN"
"Harlingen,TX,City","TX0310300","Harlingen",0,1,3,15,44,233,9,2017,1,"City","Harlingen,TX","City",19,286,"Harlingen","https://txucr.nibrs.com/SRSReport/CrimeTrends","State UCR","Open Source",71581,NA,NA,"","","TX0310300","Harlingen",NA,"South","West South Central",71581,72282,-701,"Harlingen, TX","City","TX","TX"
"Harris,TX,County","TX1010000","Harris",11,44,321,449,738,2524,505,2017,1,"County","Harris,TX","County",825,3767,"Harris","https://txucr.nibrs.com/SRSReport/CrimeTrends","State UCR","Open Source",2057899,NA,NA,"","","TX1010000","Harris",NA,"South","West South Central",2057899,2178104,-120205,"Harris, TX","County","TX","TX"
"Harrisburg,PA,City","PA0220200","Harrisburg",0,6,15,17,41,67,24,2017,1,"City","Harrisburg,PA","City",38,132,"Harrisburg","https://www.ucr.pa.gov/PAUCRSPUBLIC/SRSReport/CrimeTrends","State UCR","Open Source",50229,NA,NA,"","","PA0220200","Harrisburg",NA,"Northeast","Middle Atlantic",50229,50789,-560,"Harrisburg, PA","City","PA","PA"
"Harrisonburg,VA,City","VA1120000","Harrisonburg",0,2,0,4,17,59,3,2017,1,"City","Harrisonburg,VA","City",6,79,"Harrisonburg","https://vsp.virginia.gov/","Crime Data Explorer","Provided by State UCR Program",50928,NA,NA,"","","VA1120000","Harrisonburg",NA,"South","South Atlantic",50928,51165,-237,"Harrisonburg, VA","City","VA","VA"
"Haverford,PA,City","PA0231400","Haverford",0,0,2,0,6,33,-1,2017,1,"City","Haverford,PA","City",2,38,"Haverford","https://www.ucr.pa.gov/PAUCRSPUBLIC/SRSReport/CrimeTrends","State UCR","Open Source",50505,NA,NA,"","","PA0231400","Haverford",NA,"Northeast","Middle Atlantic",50505,51486,-981,"Haverford, PA","City","PA","PA"
"Haverhill,MA,City","MA0051100","Haverhill",0,0,5,38,18,60,16,2017,1,"City","Haverhill,MA","City",43,94,"Haverhill","https://www.mass.gov/crime-statistics","State UCR","Provided by State UCR Program",67133,NA,NA,"","","MA0051100","Haverhill",NA,"Northeast","New England",67133,68267,-1134,"Haverhill, MA","City","MA","MA"
"Hays,TX,County","TX1050000","Hays",1,4,2,8,11,40,3,2017,1,"County","Hays,TX","County",15,54,"Hays","https://txucr.nibrs.com/SRSReport/CrimeTrends","State UCR","Open Source",130433,NA,NA,"","","TX1050000","Hays",NA,"South","West South Central",130433,138997,-8564,"Hays, TX","County","TX","TX"
"Hayward,CA,City","CA0010600","Hayward",0,3,23,11,50,244,167,2017,1,"City","Hayward,CA","City",37,461,"Hayward","https://cde.ucr.cjis.gov/LATEST/webapp/#/pages/explorer/crime/crime-trend","Crime Data Explorer","Open Source",153914,NA,NA,"","","CA0010600","Hayward",NA,"West","Pacific",153914,157399,-3485,"Hayward, CA","City","CA","CA"
"Hempstead Village,NY,City","NY0290600","Hempstead Village",0,1,17,14,7,28,18,2017,1,"City","Hempstead Village,NY","City",32,53,"Hempstead Village","https://cde.ucr.cjis.gov/LATEST/webapp/#/pages/explorer/crime/crime-trend","Crime Data Explorer","Open Source",58013,NA,NA,"","","NY0290600","Hempstead Village",NA,"Northeast","Middle Atlantic",58071,59748,-1677,"Hempstead Village, NY","City","NY","NY"
"Henderson,NV,City","NV0020300","Henderson",0,9,17,20,106,320,50,2017,1,"City","Henderson,NV","City",46,476,"Henderson","https://nevadacrimestats.nv.gov/public/View/dispview.aspx","State UCR","Open Source",337794,NA,NA,"","","NV0020300","Henderson",NA,"West","Mountain",337794,358366,-20572,"Henderson, NV","City","NV","NV"
"Hendersonville,TN,City","TN0830400","Hendersonville",0,0,2,5,8,69,4,2017,1,"City","Hendersonville,TN","City",7,81,"Hendersonville","https://crimeinsight.tbi.tn.gov/public/View/dispview.aspx","Crime Data Explorer","Open Source",63291,NA,NA,"","","TN0830400","Hendersonville",NA,"South","East South Central",63291,64413,-1122,"Hendersonville, TN","City","TN","TN"
"Henrico,VA,County","VA0430100","Henrico",3,6,22,28,101,450,55,2017,1,"County","Henrico,VA","County",59,606,"Henrico","From VA","State UCR","Provided by State UCR Program",334046,NA,NA,"","","VA0430100","Henrico",NA,"South","South Atlantic",334046,340544,-6498,"Henrico, VA","County","VA","VA"
"Hidalgo,TX,County","TX1080000","Hidalgo",3,15,15,37,120,237,27,2017,1,"County","Hidalgo,TX","County",70,384,"Hidalgo","https://txucr.nibrs.com/SRSReport/CrimeTrends","State UCR","Open Source",260352,NA,NA,"","","TX1080000","Hidalgo",NA,"South","West South Central",260352,260330,22,"Hidalgo, TX","County","TX","TX"
"High Point,NC,City","NC0410300","High Point",1,2,20,44,92,263,25,2017,1,"City","High Point,NC","City",67,380,"High Point","From NC","State UCR","Provided by State UCR Program",115490,NA,NA,"","","NC0410300","High Point",NA,"South","South Atlantic",115490,111595,3895,"High Point, NC","City","NC","NC"
"Hillsboro,OR,City","OR0340300","Hillsboro",0,8,3,15,18,136,25,2017,1,"City","Hillsboro,OR","City",26,179,"Hillsboro","https://www.oregon.gov/osp/pages/uniform-crime-reporting-data.aspx","State UCR","Open Source",107459,NA,NA,"","","OR0340300","Hillsboro",NA,"West","Pacific",107459,111167,-3708,"Hillsboro, OR","City","OR","OR"
"Hoboken,NJ,City","NJ0090500","Hoboken",1,2,0,5,5,59,2,2017,1,"City","Hoboken,NJ","City",8,66,"Hoboken","https://cde.ucr.cjis.gov/LATEST/webapp/#/pages/explorer/crime/crime-trend","Crime Data Explorer","Open Source",57293,NA,NA,"","","NJ0090500","Hoboken",NA,"Northeast","Middle Atlantic",56832,58889,-2057,"Hoboken, NJ","City","NJ","NJ"
"Honolulu,HI,City","HI0020000","Honolulu",4,25,78,82,252,1782,332,2017,1,"City","Honolulu,HI","City",189,2366,"Honolulu","https://www.honolulupd.org/dashboard/crime-by-category/","Agency Aggregated","Open Source",987546,NA,NA,"","","HI0020000","Honolulu",NA,"West","Pacific",987546,987000,546,"Honolulu, HI","City","HI","HI"
"Houston,TX,City","TXHPD0000","Houston",22,92,937,1168,1510,6136,1065,2017,1,"City","Houston,TX","City",2219,8711,"Houston","https://txucr.nibrs.com/SRSReport/CrimeTrends","State UCR","Open Source",2304406,NA,NA,"","","TXHPD0000","Houston",NA,"South","West South Central",2304406,2362928,-58522,"Houston, TX","City","TX","TX"
"Howard,MD,County","MD0140100","Howard",1,6,31,49,93,345,22,2017,1,"County","Howard,MD","County",87,460,"Howard","https://app.powerbigov.us/view?r=eyJrIjoiODhkYzI0OGUtYzUwZi00OWYzLThmNmYtMDhjNTQwMDJiOTc5IiwidCI6IjA1MzgxMzA4LTAzNjYtNGJiNy1hOTViLTk1MzA0YmQxMWE1OCJ9","Agency Aggregated","Open Source",337780,NA,NA,"","","MD0140100","Howard",NA,"South","South Atlantic",337780,340315,-2535,"Howard, MD","County","MD","MD"
"Huntersville,NC,City","NC0600600","Huntersville",0,0,2,3,9,99,3,2017,1,"City","Huntersville,NC","City",5,111,"Huntersville","From NC","State UCR","Provided by State UCR Program",63781,NA,NA,"","","NC0600600","Huntersville",NA,"South","South Atlantic",63781,68534,-4753,"Huntersville, NC","City","NC","NC"
"Idaho Falls,ID,City","ID0100200","Idaho Falls",2,2,1,25,22,47,2,2017,1,"City","Idaho Falls,ID","City",30,71,"Idaho Falls","https://nibrs.isp.idaho.gov/CrimeInIdaho/AdvancedSearch/AdvancedSearch","State UCR","Open Source",68662,NA,NA,"","","ID0100200","Idaho Falls",NA,"West","Mountain",68662,70454,-1792,"Idaho Falls, ID","City","ID","ID"
"Independence,MO,City","MO0480600","Independence",2,3,20,38,56,375,90,2017,1,"City","Independence,MO","City",63,521,"Independence","https://showmecrime.mo.gov/","State UCR","Open Source",120326,NA,NA,"","","MO0480600","Independence",NA,"Midwest","West North Central",120326,121329,-1003,"Independence, MO","City","MO","MO"
"Indianapolis,IN,City","INIPD0000","Indianapolis",9,45,379,974,989,2324,496,2017,1,"City","Indianapolis,IN","City",1407,3809,"Indianapolis","https://www.indy.gov/agency/indianapolis-metropolitan-police-department","Agency Aggregated","Provided by Agency",887131,NA,NA,"","","IN0494900","Indianapolis",NA,"Midwest","East North Central",887131,887131,NA,"Indianapolis, IN","City","IN","IN"
"Iowa City,IA,City","IA0520200","Iowa City",0,4,9,7,27,83,8,2017,1,"City","Iowa City,IA","City",20,118,"Iowa City","From IA","Crime Data Explorer","Provided by Agency",75396,NA,NA,"","","IA0520200","Iowa City",NA,"Midwest","West North Central",75396,77166,-1770,"Iowa City, IA","City","IA","IA"
"Iredell,NC,County","NC0490000","Iredell",2,0,3,19,35,72,10,2017,1,"County","Iredell,NC","County",24,117,"Iredell","From NC","State UCR","Provided by State UCR Program",111895,NA,NA,"","","NC0490000","Iredell",NA,"South","South Atlantic",111895,120444,-8549,"Iredell, NC","County","NC","NC"
"Irvine,CA,City","CA0302600","Irvine",2,0,5,3,61,226,15,2017,1,"City","Irvine,CA","City",10,302,"Irvine","https://cde.ucr.cjis.gov/LATEST/webapp/#/pages/explorer/crime/crime-trend","Crime Data Explorer","Open Source",316132,NA,NA,"","","CA0302600","Irvine",NA,"West","Pacific",316132,321339,-5207,"Irvine, CA","City","CA","CA"
"Irving,TX,City","TX0571500","Irving",1,3,13,24,86,371,56,2017,1,"City","Irving,TX","City",41,513,"Irving","https://txucr.nibrs.com/SRSReport/CrimeTrends","State UCR","Open Source",255203,NA,NA,"","","TX0571500","Irving",NA,"South","West South Central",255203,258220,-3017,"Irving, TX","City","TX","TX"
"Jackson,TN,City","TN0570100","Jackson",0,3,5,29,48,208,13,2017,1,"City","Jackson,TN","City",37,269,"Jackson","https://crimeinsight.tbi.tn.gov/public/View/dispview.aspx","Crime Data Explorer","Open Source",68470,NA,NA,"","","TN0570100","Jackson",NA,"South","East South Central",68470,69583,-1113,"Jackson, TN","City","TN","TN"
"Jacksonville,FL,City","FL0160000","Jacksonville",13,NA,NA,NA,NA,NA,NA,2017,1,"City","Jacksonville,FL","City",13,0,"Jacksonville","https://experience.arcgis.com/experience/19c13ac6071947d2aaacf73586e3886e","Crime Data Explorer","Open Source",920508,NA,NA,"","","FL0160000","Jacksonville",NA,"South","South Atlantic",983663,1008920,-25257,"Jacksonville, FL","City","FL","FL"
"Janesville,WI,City","WI0540200","Janesville",0,5,3,11,22,130,6,2017,1,"City","Janesville,WI","City",19,158,"Janesville","From WI","State UCR","Provided by State UCR Program",66033,NA,NA,"","","WI0540200","Janesville",NA,"Midwest","East North Central",66033,66624,-591,"Janesville, WI","City","WI","WI"
"Jefferson,LA,County","LA0260000","Jefferson",6,2,47,79,135,696,74,2017,1,"County","Jefferson,LA","County",134,905,"Jefferson","https://jpso.com/Archive.aspx?AMID=38","Agency Aggregated","Open Source",321980,NA,NA,"","","LA0260000","Jefferson",NA,"South","West South Central",321980,327213,-5233,"Jefferson, LA","County","LA","LA"
"Jefferson,MO,County","MO0500000","Jefferson",2,1,1,28,31,145,28,2017,1,"County","Jefferson,MO","County",32,204,"Jefferson","https://showmecrime.mo.gov/","State UCR","Open Source",167018,NA,NA,"","","MO0500000","Jefferson",NA,"Midwest","West North Central",167018,168412,-1394,"Jefferson, MO","County","MO","MO"
"Jersey City,NJ,City","NJ0090600","Jersey City",3,11,38,54,76,304,55,2017,1,"City","Jersey City,NJ","City",106,435,"Jersey City","https://cde.ucr.cjis.gov/LATEST/webapp/#/pages/explorer/crime/crime-trend","Crime Data Explorer","Open Source",297922,NA,NA,"","","NJ0090600","Jersey City",NA,"Northeast","Middle Atlantic",285117,305249,-20132,"Jersey City, NJ","City","NJ","NJ"
"Johns Creek,GA,City","GA0605800","Johns Creek",0,0,0,1,18,35,1,2017,1,"City","Johns Creek,GA","City",1,54,"Johns Creek","https://cde.ucr.cjis.gov/LATEST/webapp/#/pages/explorer/crime/crime-trend","Crime Data Explorer","Open Source",81056,NA,NA,"Inferred Jun - Jul 2019 from annual average","","GA0605800","Johns Creek",NA,"South","South Atlantic",82646,80930,1716,"Johns Creek, GA","City","GA","GA"
"Johnson City,TN,City","TN0900100","Johnson City",0,0,3,15,31,219,12,2017,1,"City","Johnson City,TN","City",18,262,"Johnson City","https://crimeinsight.tbi.tn.gov/public/View/dispview.aspx","Crime Data Explorer","Open Source",73225,NA,NA,"","","TN0900100","Johnson City",NA,"South","East South Central",73225,72020,1205,"Johnson City, TN","City","TN","TN"
"Johnston,NC,County","NC0510000","Johnston",0,2,3,7,66,66,14,2017,1,"County","Johnston,NC","County",12,146,"Johnston","From NC","State UCR","Provided by State UCR Program",177923,NA,NA,"","","NC0510000","Johnston",NA,"South","South Atlantic",177923,188715,-10792,"Johnston, NC","County","NC","NC"
"Joplin,MO,City","MO0490700","Joplin",1,4,6,18,29,212,23,2017,1,"City","Joplin,MO","City",29,264,"Joplin","https://showmecrime.mo.gov/","State UCR","Open Source",52881,NA,NA,"","","MO0490700","Joplin",NA,"Midwest","West North Central",52881,46093,6788,"Joplin, MO","City","MO","MO"
"Kalamazoo,MI,City","MI3949900","Kalamazoo",0,13,10,33,48,143,26,2017,1,"City","Kalamazoo,MI","City",56,217,"Kalamazoo","https://www.michigan.gov/msp/divisions/cjic/dashboard-portal/crime-dashboard","State UCR","Open Source",72565,NA,NA,"","","MI3949900","Kalamazoo",NA,"Midwest","East North Central",72565,73244,-679,"Kalamazoo, MI","City","MI","MI"
"Kannapolis,NC,City","NC0130200","Kannapolis",0,1,2,1,17,69,3,2017,1,"City","Kannapolis,NC","City",4,89,"Kannapolis","From NC","State UCR","Provided by State UCR Program",56479,NA,NA,"","","NC0130200","Kannapolis",NA,"South","South Atlantic",56479,50384,6095,"Kannapolis, NC","City","NC","NC"
"Kansas City,MO,City","MOKPD0000","Kansas City",13,40,173,452,434,1026,365,2017,1,"City","Kansas City,MO","City",678,1825,"Kansas City","https://showmecrime.mo.gov/","State UCR","Open Source",509855,NA,NA,"","","MOKPD0000","Kansas City",NA,"Midwest","West North Central",509855,317692,192163,"Kansas City, MO","City","MO","MO"
"Kaufman,TX,County","TX1290000","Kaufman",0,2,1,11,16,31,6,2017,1,"County","Kaufman,TX","County",14,53,"Kaufman","https://txucr.nibrs.com/SRSReport/CrimeTrends","State UCR","Open Source",111179,NA,NA,"","","TX1290000","Kaufman",NA,"South","West South Central",111179,117526,-6347,"Kaufman, TX","County","TX","TX"
"Kenosha,WI,City","WI0300100","Kenosha",0,5,4,11,25,100,8,2017,1,"City","Kenosha,WI","City",20,133,"Kenosha","From WI","State UCR","Provided by State UCR Program",97786,NA,NA,"","","WI0300100","Kenosha",NA,"Midwest","East North Central",97786,99483,-1697,"Kenosha, WI","City","WI","WI"
"Kingsport,TN,City","TN0820200","Kingsport",2,2,8,25,25,165,18,2017,1,"City","Kingsport,TN","City",37,208,"Kingsport","https://crimeinsight.tbi.tn.gov/public/View/dispview.aspx","Crime Data Explorer","Open Source",56522,NA,NA,"","","TN0820200","Kingsport",NA,"South","East South Central",56522,54621,1901,"Kingsport, TN","City","TN","TN"
"Knox,TN,County","TN0470000","Knox",0,2,5,45,70,197,27,2017,1,"County","Knox,TN","County",52,294,"Knox","https://crimeinsight.tbi.tn.gov/public/View/dispview.aspx","State UCR","Open Source",304331,NA,NA,"","","TN0470000","Knox",NA,"South","East South Central",304331,313481,-9150,"Knox, TN","County","TN","TN"
"Knoxville,TN,City","TN0470100","Knoxville",2,13,48,94,133,623,93,2017,1,"City","Knoxville,TN","City",157,849,"Knoxville","https://crimeinsight.tbi.tn.gov/public/View/dispview.aspx","Crime Data Explorer","Provided by Agency",198132,NA,NA,"","","TN0470100","Knoxville",NA,"South","East South Central",198132,200645,-2513,"Knoxville, TN","City","TN","TN"
"Kyle,TX,City","TX1050700","Kyle",0,1,1,4,12,26,3,2017,1,"City","Kyle,TX","City",6,41,"Kyle","https://txucr.nibrs.com/SRSReport/CrimeTrends","State UCR","Open Source",63931,NA,NA,"","","TX1050700","Kyle",NA,"South","West South Central",63931,71858,-7927,"Kyle, TX","City","TX","TX"
"La Crosse,WI,City","WI0320100","La Crosse",0,2,4,5,24,133,6,2017,1,"City","La Crosse,WI","City",11,163,"La Crosse","From WI","State UCR","Provided by State UCR Program",50759,NA,NA,"","","WI0320100","La Crosse",NA,"Midwest","East North Central",50759,50663,96,"La Crosse, WI","City","WI","WI"
"La Mesa,CA,City","CA0370800","La Mesa",0,2,4,12,23,95,18,2017,1,"City","La Mesa,CA","City",18,136,"La Mesa","https://crimestats.arjis.org/default.aspx","Agency Aggregated","Open Source",60008,NA,NA,"","","CA0370800","La Mesa",NA,"West","Pacific",60008,60686,-678,"La Mesa, CA","City","CA","CA"
"Lafayette,LA,City","LA0280300","Lafayette",0,2,24,39,115,386,34,2017,1,"City","Lafayette,LA","City",65,535,"Lafayette","https://cde.ucr.cjis.gov/LATEST/webapp/#/pages/explorer/crime/crime-trend","Crime Data Explorer","Open Source",121361,NA,NA,"","","LA0280300","Lafayette",NA,"South","West South Central",121361,122489,-1128,"Lafayette, LA","City","LA","LA"
"Laguna Niguel,CA,City","CA030390X","Laguna Niguel",0,1,1,4,10,39,8,2017,1,"City","Laguna Niguel,CA","City",6,57,"Laguna Niguel","https://cde.ucr.cjis.gov/LATEST/webapp/#/pages/explorer/crime/crime-trend","Crime Data Explorer","Open Source",63502,NA,NA,"","","CA030390X","Laguna Niguel",NA,"West","Pacific",63502,63502,NA,"Laguna Niguel, CA","City","CA","CA"
"Lake Charles,LA,City","LA0100200","Lake Charles",0,5,15,41,125,95,16,2017,1,"City","Lake Charles,LA","City",61,236,"Lake Charles","https://cde.ucr.cjis.gov/LATEST/webapp/#/pages/explorer/crime/crime-trend","Crime Data Explorer","Open Source",77982,NA,NA,"","","LA0100200","Lake Charles",NA,"South","West South Central",76393,80280,-3887,"Lake Charles, LA","City","LA","LA"
"Lakeville,MN,City","MN0191100","Lakeville",0,1,2,5,9,42,2,2017,1,"City","Lakeville,MN","City",8,53,"Lakeville","https://cde.state.mn.us/","State UCR","Open Source",76929,NA,NA,"","","MN0191100","Lakeville",NA,"Midwest","West North Central",76929,80095,-3166,"Lakeville, MN","City","MN","MN"
"Lancaster,PA,City","PA0360500","Lancaster",0,13,12,20,16,124,8,2017,1,"City","Lancaster,PA","City",45,148,"Lancaster","https://www.ucr.pa.gov/PAUCRSPUBLIC/SRSReport/CrimeTrends","State UCR","Open Source",57213,NA,NA,"","","PA0360500","Lancaster",NA,"Northeast","Middle Atlantic",57213,58569,-1356,"Lancaster, PA","City","PA","PA"
"Lancaster,SC,County","SC0290000","Lancaster",0,0,6,19,29,114,10,2017,1,"County","Lancaster,SC","County",25,153,"Lancaster","https://cde.ucr.cjis.gov/LATEST/webapp/#/pages/explorer/crime/crime-trend","Crime Data Explorer","Open Source",100080,NA,NA,"","","SC0290000","Lancaster",NA,"South","South Atlantic",100080,106128,-6048,"Lancaster, SC","County","SC","SC"
"Lansing,MI,City","MI3351900","Lansing",2,8,34,86,111,156,39,2017,1,"City","Lansing,MI","City",130,306,"Lansing","https://www.michigan.gov/msp/divisions/cjic/dashboard-portal/crime-dashboard","State UCR","Open Source",112529,NA,NA,"","","MI3351900","Lansing",NA,"Midwest","East North Central",112529,109672,2857,"Lansing, MI","City","MI","MI"
"Laredo,TX,City","TX2400100","Laredo",1,7,27,49,72,533,25,2017,1,"City","Laredo,TX","City",84,630,"Laredo","https://txucr.nibrs.com/SRSReport/CrimeTrends","State UCR","Open Source",256542,NA,NA,"","","TX2400100","Laredo",NA,"South","West South Central",256542,262723,-6181,"Laredo, TX","City","TX","TX"
"Las Vegas,NV,City","NV0020100","Las Vegas",11,NA,357,395,1248,2461,678,2017,1,"City","Las Vegas,NV","City",763,4387,"Las Vegas","https://opendata-lvmpd.hub.arcgis.com/","Agency RMS","Open Source",1670226,NA,NA,"","","NV0020100","Las Vegas",NA,"West","Mountain",1670226,1712136,-41910,"Las Vegas, NV","City","NV","NV"
"Lawrence,MA,City","MA0051300","Lawrence",1,1,18,28,28,67,51,2017,1,"City","Lawrence,MA","City",48,146,"Lawrence","https://www.mass.gov/crime-statistics","State UCR","Provided by State UCR Program",87806,NA,NA,"","","MA0051300","Lawrence",NA,"Northeast","New England",87806,89201,-1395,"Lawrence, MA","City","MA","MA"
"Layton,UT,City","UT0060300","Layton",1,3,0,6,20,105,9,2017,1,"City","Layton,UT","City",10,134,"Layton","https://bci.utah.gov/crime-in-utah-dashboards/","Crime Data Explorer","Open Source",82887,NA,NA,"","","UT0060300","Layton",NA,"West","Mountain",82887,84936,-2049,"Layton, UT","City","UT","UT"
"League City,TX,City","TX0840800","League City",1,1,3,5,17,96,12,2017,1,"City","League City,TX","City",10,125,"League City","https://txucr.nibrs.com/SRSReport/CrimeTrends","State UCR","Open Source",115791,NA,NA,"","","TX0840800","League City",NA,"South","West South Central",115791,116779,-988,"League City, TX","City","TX","TX"
"Leander,TX,City","TX2461700","Leander",0,1,1,4,6,28,4,2017,1,"City","Leander,TX","City",6,38,"Leander","https://txucr.nibrs.com/SRSReport/CrimeTrends","State UCR","Open Source",82228,NA,NA,"","","TX2461700","Leander",NA,"South","West South Central",82228,82879,-651,"Leander, TX","City","TX","TX"
"Lenexa,KS,City","KS0461000","Lenexa",0,3,2,5,8,61,9,2017,1,"City","Lenexa,KS","City",10,78,"Lenexa","https://cde.ucr.cjis.gov/LATEST/webapp/#/pages/explorer/crime/crime-trend","Crime Data Explorer","Open Source",58871,NA,NA,"","","KS0461000","Lenexa",NA,"Midwest","West North Central",59161,59913,-752,"Lenexa, KS","City","KS","KS"
"Lewisville,TX,City","TX0610600","Lewisville",0,8,10,14,34,137,12,2017,1,"City","Lewisville,TX","City",32,183,"Lewisville","https://txucr.nibrs.com/SRSReport/CrimeTrends","State UCR","Open Source",133694,NA,NA,"","","TX0610600","Lewisville",NA,"South","West South Central",133694,137042,-3348,"Lewisville, TX","City","TX","TX"
"Lexington,KY,City","KY0340200","Lexington",2,30,46,27,233,704,110,2017,1,"City","Lexington,KY","City",105,1047,"Lexington","https://cde.ucr.cjis.gov/LATEST/webapp/#/pages/explorer/crime/crime-trend","Crime Data Explorer","Open Source",323254,NA,NA,"","","KY0340200","Lexington",NA,"South","East South Central",319994,330994,-11000,"Lexington, KY","City","KY","KY"
"Lexington,SC,County","SC0320000","Lexington",4,7,4,32,51,254,55,2017,1,"County","Lexington,SC","County",47,360,"Lexington","https://cde.ucr.cjis.gov/LATEST/webapp/#/pages/explorer/crime/crime-trend","Crime Data Explorer","Open Source",232613,NA,NA,"","","SC0320000","Lexington",NA,"South","South Atlantic",232613,238755,-6142,"Lexington, SC","County","SC","SC"
"Lincoln,CA,City","CA0310300","Lincoln",0,0,0,0,14,41,8,2017,1,"City","Lincoln,CA","City",0,63,"Lincoln","https://cde.ucr.cjis.gov/LATEST/webapp/#/pages/explorer/crime/crime-trend","Crime Data Explorer","Open Source",53950,NA,NA,"","","CA0310300","Lincoln",NA,"West","Pacific",53950,57962,-4012,"Lincoln, CA","City","CA","CA"
"Lincoln,NE,City","NB0550100","Lincoln",0,17,21,51,88,519,23,2017,1,"City","Lincoln,NE","City",89,630,"Lincoln","https://crimestats.ne.gov/public/View/RSReport.aspx?ReportId=1082","State UCR","Open Source",293155,NA,NA,"","","NB0550100","Lincoln",NA,"Midwest","West North Central",293155,302860,-9705,"Lincoln, NE","City","NE","NE"
"Little Elm,TX,City","TX0611300","Little Elm",1,1,1,2,5,22,3,2017,1,"City","Little Elm,TX","City",5,30,"Little Elm","https://txucr.nibrs.com/SRSReport/CrimeTrends","State UCR","Open Source",59954,NA,NA,"","","TX0611300","Little Elm",NA,"South","West South Central",59954,65337,-5383,"Little Elm, TX","City","TX","TX"
"Little Rock,AR,City","AR0600200","Little Rock",3,14,55,231,173,858,119,2017,1,"City","Little Rock,AR","City",303,1150,"Little Rock","https://www.littlerock.gov/media/21988/part-i-offenses-by-month.pdf","Agency Aggregated","Open Source",202986,NA,NA,"","","AR0600200","Little Rock",NA,"South","West South Central",202986,205320,-2334,"Little Rock, AR","City","AR","AR"
"Livermore,CA,City","CA0010700","Livermore",0,0,6,8,27,166,42,2017,1,"City","Livermore,CA","City",14,235,"Livermore","https://cde.ucr.cjis.gov/LATEST/webapp/#/pages/explorer/crime/crime-trend","Crime Data Explorer","Open Source",83155,NA,NA,"","","CA0010700","Livermore",NA,"West","Pacific",83155,84137,-982,"Livermore, CA","City","CA","CA"
"Livingston,LA,County","LA0320000","Livingston",1,3,1,24,95,190,1,2017,1,"County","Livingston,LA","County",29,286,"Livingston","https://cde.ucr.cjis.gov/LATEST/webapp/#/pages/explorer/crime/crime-trend","Crime Data Explorer","Open Source",134038,NA,NA,"","","LA0320000","Livingston",NA,"South","West South Central",134038,138874,-4836,"Livingston, LA","County","LA","LA"
"Livonia,MI,City","MI8253800","Livonia",0,6,2,6,10,87,6,2017,1,"City","Livonia,MI","City",14,103,"Livonia","https://www.michigan.gov/msp/divisions/cjic/dashboard-portal/crime-dashboard","Crime Data Explorer","Open Source",93042,NA,NA,"","","MI8253800","Livonia",NA,"Midwest","East North Central",93042,92547,495,"Livonia, MI","City","MI","MI"
"Logan,UT,City","UT0030100","Logan",0,1,0,2,3,36,5,2017,1,"City","Logan,UT","City",3,44,"Logan","https://bci.utah.gov/crime-in-utah-dashboards/","Crime Data Explorer","Open Source",55645,NA,NA,"","","UT0030100","Logan",NA,"West","Mountain",55645,57792,-2147,"Logan, UT","City","UT","UT"
"Long Beach,CA,City","CA0194100","Long Beach",4,10,85,100,257,678,265,2017,1,"City","Long Beach,CA","City",199,1200,"Long Beach","https://www.longbeach.gov/police/crime-info/crime-statistics/","Agency Aggregated","Open Source",444415,NA,NA,"","","CA0194100","Long Beach",NA,"West","Pacific",444415,447317,-2902,"Long Beach, CA","City","CA","CA"
"Longview,TX,City","TX0920500","Longview",0,5,10,19,68,194,26,2017,1,"City","Longview,TX","City",34,288,"Longview","https://txucr.nibrs.com/SRSReport/CrimeTrends","State UCR","Open Source",82981,NA,NA,"","","TX0920500","Longview",NA,"South","West South Central",82981,81717,1264,"Longview, TX","City","TX","TX"
"Lorain,OH,City","OH0470500","Lorain",0,2,4,15,73,107,10,2017,1,"City","Lorain,OH","City",21,190,"Lorain","https://ocjs.ohio.gov/","State UCR","Provided by State UCR Program",65436,NA,NA,"","","OH0470500","Lorain",NA,"Midwest","East North Central",65436,65882,-446,"Lorain, OH","City","OH","OH"
"Los Angeles,CA,City","CA0194200","Los Angeles",33,189,894,1264,1496,5776,1825,2017,1,"City","Los Angeles,CA","City",2380,9097,"Los Angeles","https://cde.ucr.cjis.gov/LATEST/webapp/#/pages/explorer/crime/crime-trend","Crime Data Explorer","Open Source",3786018,NA,NA,"","","CA0194200","Los Angeles",NA,"West","Pacific",3786018,3874484,-88466,"Los Angeles, CA","City","CA","CA"
"Los Angeles,CA,County","CA0190000","Los Angeles",9,57,467,775,1276,3359,1147,2017,1,"County","Los Angeles,CA","County",1308,5782,"Los Angeles","https://lasd.org/transparency/part1and2crimedata/#part1","Agency Aggregated","Open Source",1008018,NA,NA,"","","CA0190000","Los Angeles",NA,"West","Pacific",1008018,945223,62795,"Los Angeles, CA","County","CA","CA"
"Loudoun,VA,County","VA0530000","Loudoun",0,7,2,14,18,186,6,2017,1,"County","Loudoun,VA","County",23,210,"Loudoun","From VA","State UCR","Provided by State UCR Program",378299,NA,NA,"","","VA0530000","Loudoun",NA,"South","South Atlantic",378299,390033,-11734,"Loudoun, VA","County","VA","VA"
"Louisville,KY,City","KY0568000","Louisville",6,39,112,209,539,1757,382,2017,1,"City","Louisville,KY","City",366,2678,"Louisville","https://data.louisvilleky.gov/search?tags=lmpd","Agency RMS","Open Source",669468,NA,NA,"","","KY0568000","Louisville",NA,"South","East South Central",669468,691630,-22162,"Louisville, KY","City","KY","KY"
"Loveland,CO,City","CO0350400","Loveland",0,3,1,9,7,107,10,2017,1,"City","Loveland,CO","City",13,124,"Loveland","https://coloradocrimestats.state.co.us/public/View/dispview.aspx","State UCR","Open Source",78656,NA,NA,"","","CO0350400","Loveland",NA,"West","Mountain",78656,82330,-3674,"Loveland, CO","City","CO","CO"
"Lower Merion,PA,City","PA0461400","Lower Merion",0,1,5,3,9,75,2,2017,1,"City","Lower Merion,PA","City",9,86,"Lower Merion","https://www.ucr.pa.gov/PAUCRSPUBLIC/SRSReport/CrimeTrends","State UCR","Open Source",64350,NA,NA,"","","PA0461400","Lower Merion",NA,"Northeast","Middle Atlantic",64350,64974,-624,"Lower Merion, PA","City","PA","PA"
"Lower Paxton,PA,City","PA0220400","Lower Paxton",0,2,4,4,3,37,1,2017,1,"City","Lower Paxton,PA","City",10,41,"Lower Paxton","https://www.ucr.pa.gov/PAUCRSPUBLIC/SRSReport/CrimeTrends","State UCR","Open Source",55204,NA,NA,"","","PA0220400","Lower Paxton",NA,"Northeast","Middle Atlantic",55204,55909,-705,"Lower Paxton, PA","City","PA","PA"
"Madera,CA,City","CA0200200","Madera",0,6,14,27,41,102,33,2017,1,"City","Madera,CA","City",47,176,"Madera","https://cde.ucr.cjis.gov/LATEST/webapp/#/pages/explorer/crime/crime-trend","Crime Data Explorer","Open Source",68607,NA,NA,"","","CA0200200","Madera",NA,"West","Pacific",68862,69753,-891,"Madera, CA","City","CA","CA"
"Madison,WI,City","WI0130100","Madison",0,12,17,69,86,430,34,2017,1,"City","Madison,WI","City",98,550,"Madison","From WI","State UCR","Provided by State UCR Program",274234,NA,NA,"","","WI0130100","Madison",NA,"Midwest","East North Central",274234,287992,-13758,"Madison, WI","City","WI","WI"
"Malden,MA,City","MA0092700","Malden",0,0,1,12,10,38,11,2017,1,"City","Malden,MA","City",13,59,"Malden","https://www.mass.gov/crime-statistics","State UCR","Provided by State UCR Program",64291,NA,NA,"","","MA0092700","Malden",NA,"Northeast","New England",64291,66677,-2386,"Malden, MA","City","MA","MA"
"Manchester,CT,City","CT0007700","Manchester",0,0,1,4,14,99,8,2017,1,"City","Manchester,CT","City",5,121,"Manchester","https://ct.beyond2020.com/ct_public/Dim/dimension.aspx","State UCR","Open Source",59408,NA,NA,"","","CT0007700","Manchester",NA,"Northeast","New England",59408,60061,-653,"Manchester, CT","City","CT","CT"
"Manchester,NH,City","NH0063400","Manchester",0,9,16,39,45,157,12,2017,1,"City","Manchester,NH","City",64,214,"Manchester","https://www.manchesternh.gov/Departments/Police/Administrative-Division/Crime-Analysis/Interactive-Data-Dashboards","Agency Aggregated","Open Source",114963,NA,NA,"","","NH0063400","Manchester",NA,"Northeast","New England",114963,116606,-1643,"Manchester, NH","City","NH","NH"
"Mansfield,TX,City","TX2202000","Mansfield",0,0,1,2,12,43,4,2017,1,"City","Mansfield,TX","City",3,59,"Mansfield","https://txucr.nibrs.com/SRSReport/CrimeTrends","State UCR","Open Source",78788,NA,NA,"","","TX2202000","Mansfield",NA,"South","West South Central",78788,76661,2127,"Mansfield, TX","City","TX","TX"
"Manteca,CA,City","CA0390300","Manteca",1,0,8,3,26,149,31,2017,1,"City","Manteca,CA","City",12,206,"Manteca","https://www.manteca.gov/departments/police-department/crime-information","Agency Aggregated","Open Source",88518,NA,NA,"","","CA0390300","Manteca",NA,"West","Pacific",88518,97039,-8521,"Manteca, CA","City","CA","CA"
"Maple Grove,MN,City","MN0272700","Maple Grove",0,0,1,3,8,79,6,2017,1,"City","Maple Grove,MN","City",4,93,"Maple Grove","https://cde.state.mn.us/","State UCR","Open Source",70729,NA,NA,"","","MN0272700","Maple Grove",NA,"Midwest","West North Central",70729,73363,-2634,"Maple Grove, MN","City","MN","MN"
"Marana,AZ,City","AZ0100900","Marana",0,0,1,1,4,94,5,2017,1,"City","Marana,AZ","City",2,103,"Marana","https://azcrimestatistics.azdps.gov/","State UCR","Open Source",57718,NA,NA,"","","AZ0100900","Marana",NA,"West","Mountain",57718,65094,-7376,"Marana, AZ","City","AZ","AZ"
"Maricopa,AZ,City","AZ0111700","Maricopa",0,1,0,2,13,59,9,2017,1,"City","Maricopa,AZ","City",3,81,"Maricopa","https://azcrimestatistics.azdps.gov/","State UCR","Open Source",70355,NA,NA,"","","AZ0111700","Maricopa",NA,"West","Mountain",70355,81890,-11535,"Maricopa, AZ","City","AZ","AZ"
"Marietta,GA,City","GA0330300","Marietta",0,1,14,2,29,138,17,2017,1,"City","Marietta,GA","City",17,184,"Marietta","https://cde.ucr.cjis.gov/LATEST/webapp/#/pages/explorer/crime/crime-trend","Crime Data Explorer","Open Source",63354,NA,NA,"","","GA0330300","Marietta",NA,"South","South Atlantic",63407,63657,-250,"Marietta, GA","City","GA","GA"
"McAllen,TX,City","TX1080800","McAllen",2,2,4,15,16,316,4,2017,1,"City","McAllen,TX","City",23,336,"McAllen","https://txucr.nibrs.com/SRSReport/CrimeTrends","State UCR","Open Source",145684,NA,NA,"","","TX1080800","McAllen",NA,"South","West South Central",145684,150422,-4738,"McAllen, TX","City","TX","TX"
"Mckinney,TX,City","TX0430500","Mckinney",0,7,7,7,23,163,22,2017,1,"City","Mckinney,TX","City",21,208,"Mckinney","https://txucr.nibrs.com/SRSReport/CrimeTrends","State UCR","Open Source",212716,NA,NA,"","","TX0430500","Mckinney",NA,"South","West South Central",212716,235731,-23015,"Mckinney, TX","City","TX","TX"
"Memphis,TN,City","TNMPD0000","Memphis",18,61,335,668,802,2132,394,2017,1,"City","Memphis,TN","City",1082,3328,"Memphis","https://crimeinsight.tbi.tn.gov/public/View/dispview.aspx","Crime Data Explorer","Open Source",616061,NA,NA,"","","TNMPD0000","Memphis",NA,"South","East South Central",616061,606629,9432,"Memphis, TN","City","TN","TN"
"Merced,CA,City","CA0240600","Merced",0,2,19,28,67,133,50,2017,1,"City","Merced,CA","City",49,250,"Merced","https://cde.ucr.cjis.gov/LATEST/webapp/#/pages/explorer/crime/crime-trend","Crime Data Explorer","Open Source",94125,NA,NA,"","","CA0240600","Merced",NA,"West","Pacific",94125,98482,-4357,"Merced, CA","City","CA","CA"
"Meriden,CT,City","CT0008000","Meriden",0,0,5,12,24,66,8,2017,1,"City","Meriden,CT","City",17,98,"Meriden","https://ct.beyond2020.com/ct_public/Dim/dimension.aspx","State UCR","Open Source",60054,NA,NA,"","","CT0008000","Meriden",NA,"Northeast","New England",60054,60906,-852,"Meriden, CT","City","CT","CT"
"Meridian,ID,City","ID0010300","Meridian",0,4,2,11,3,39,4,2017,1,"City","Meridian,ID","City",17,46,"Meridian","https://nibrs.isp.idaho.gov/CrimeInIdaho/AdvancedSearch/AdvancedSearch","State UCR","Open Source",135239,NA,NA,"","","ID0010300","Meridian",NA,"West","Mountain",135239,145320,-10081,"Meridian, ID","City","ID","ID"
"Mesa,AZ,City","AZ0071700","Mesa",0,25,36,80,199,748,90,2017,1,"City","Mesa,AZ","City",141,1037,"Mesa","https://azcrimestatistics.azdps.gov/","State UCR","Open Source",515848,NA,NA,"","","AZ0071700","Mesa",NA,"West","Mountain",515848,519990,-4142,"Mesa, AZ","City","AZ","AZ"
"Mesquite,TX,City","TX0571800","Mesquite",1,5,25,20,90,343,82,2017,1,"City","Mesquite,TX","City",51,515,"Mesquite","https://txucr.nibrs.com/SRSReport/CrimeTrends","State UCR","Open Source",147926,NA,NA,"","","TX0571800","Mesquite",NA,"South","West South Central",147926,149974,-2048,"Mesquite, TX","City","TX","TX"
"Methuen,MA,City","MA0051900","Methuen",0,0,1,3,8,51,4,2017,1,"City","Methuen,MA","City",4,63,"Methuen","https://www.mass.gov/crime-statistics","State UCR","Provided by State UCR Program",53558,NA,NA,"","","MA0051900","Methuen",NA,"Northeast","New England",53558,54591,-1033,"Methuen, MA","City","MA","MA"
"Miami Beach,FL,City","FL0130700","Miami Beach",0,8,25,21,47,603,39,2017,1,"City","Miami Beach,FL","City",54,689,"Miami Beach","https://www.miamibeachfl.gov/yourmbpd/monthlycrimesdatareport/","Agency Aggregated","Open Source",78824,NA,NA,"Population via FBI CIUS 2020","","FL0130700","Miami Beach",NA,"South","South Atlantic",78824,83453,-4629,"Miami Beach, FL","City","FL","FL"
"Midland,TX,City","TX1650100","Midland",0,3,7,22,37,156,21,2017,1,"City","Midland,TX","City",32,214,"Midland","https://txucr.nibrs.com/SRSReport/CrimeTrends","State UCR","Open Source",135253,NA,NA,"Inferred Jul-Dec 2021 from police reported annual total","","TX1650100","Midland",NA,"South","West South Central",135253,146395,-11142,"Midland, TX","City","TX","TX"
"Midwest City,OK,City","OK0550400","Midwest City",3,4,10,7,34,121,11,2017,1,"City","Midwest City,OK","City",24,166,"Midwest City","https://cde.ucr.cjis.gov/LATEST/webapp/#/pages/explorer/crime/crime-trend","Crime Data Explorer","Open Source",57961,NA,NA,"","","OK0550400","Midwest City",NA,"South","West South Central",57696,58515,-819,"Midwest City, OK","City","OK","OK"
"Millcreek,PA,City","PA0250300","Millcreek",0,2,0,10,8,32,1,2017,1,"City","Millcreek,PA","City",12,41,"Millcreek","https://www.ucr.pa.gov/PAUCRSPUBLIC/SRSReport/CrimeTrends","State UCR","Open Source",53119,NA,NA,"Erie County","","PA0250300","Millcreek",NA,"Northeast","Middle Atlantic",53119,52826,293,"Millcreek, PA","City","PA","PA"
"Milpitas,CA,City","CA0430800","Milpitas",0,NA,3,3,22,143,24,2017,1,"City","Milpitas,CA","City",6,189,"Milpitas","https://www.milpitas.gov/1107/Crime-and-Incident-Data","Agency Aggregated","Open Source",76573,NA,NA,"","","CA0430800","Milpitas",NA,"West","Pacific",76573,79749,-3176,"Milpitas, CA","City","CA","CA"
"Minneapolis,MN,City","MN0271100","Minneapolis",5,45,139,168,230,909,235,2017,1,"City","Minneapolis,MN","City",357,1374,"Minneapolis","https://cde.state.mn.us/","State UCR","Open Source",422341,NA,NA,"","","MN0271100","Minneapolis",NA,"Midwest","West North Central",422341,428057,-5716,"Minneapolis, MN","City","MN","MN"
"Minnetonka,MN,City","MN0271200","Minnetonka",0,0,1,1,9,58,2,2017,1,"City","Minnetonka,MN","City",2,69,"Minnetonka","https://cde.state.mn.us/","State UCR","Open Source",51791,NA,NA,"","","MN0271200","Minnetonka",NA,"Midwest","West North Central",51791,52294,-503,"Minnetonka, MN","City","MN","MN"
"Mission Viejo,CA,City","CA030350X","Mission Viejo",0,1,4,4,19,75,6,2017,1,"City","Mission Viejo,CA","City",9,100,"Mission Viejo","https://cde.ucr.cjis.gov/LATEST/webapp/#/pages/explorer/crime/crime-trend","Crime Data Explorer","Open Source",89699,NA,NA,"","","CA030350X","Mission Viejo",NA,"West","Pacific",90944,90944,NA,"Mission Viejo, CA","City","CA","CA"
"Missoula,MT,City","MT0320100","Missoula",0,5,1,16,22,155,11,2017,1,"City","Missoula,MT","City",22,188,"Missoula","https://cde.ucr.cjis.gov/LATEST/webapp/#/pages/explorer/crime/crime-trend","Crime Data Explorer","Open Source",78911,NA,NA,"","","MT0320100","Missoula",NA,"West","Mountain",78269,79184,-915,"Missoula, MT","City","MT","MT"
"Missouri City,TX,City","TX0790100","Missouri City",0,0,8,11,18,83,7,2017,1,"City","Missouri City,TX","City",19,108,"Missouri City","https://txucr.nibrs.com/SRSReport/CrimeTrends","State UCR","Open Source",77560,NA,NA,"","","TX0790100","Missouri City",NA,"South","West South Central",77560,73502,4058,"Missouri City, TX","City","TX","TX"
"Mobile,AL,City","AL0020100","Mobile",3,NA,NA,NA,NA,NA,NA,2017,1,"City","Mobile,AL","City",3,0,"Mobile","https://cde.ucr.cjis.gov/LATEST/webapp/#/pages/explorer/crime/crime-trend","Crime Data Explorer","Open Source",237469,NA,NA,"","","AL0020100","Mobile",NA,"South","East South Central",237469,255927,-18458,"Mobile, AL","City","AL","AL"
"Monterey Park,CA,City","CA0194800","Monterey Park",0,2,5,2,31,99,18,2017,1,"City","Monterey Park,CA","City",9,148,"Monterey Park","https://cde.ucr.cjis.gov/LATEST/webapp/#/pages/explorer/crime/crime-trend","Crime Data Explorer","Open Source",57419,NA,NA,"","","CA0194800","Monterey Park",NA,"West","Pacific",57419,57293,126,"Monterey Park, CA","City","CA","CA"
"Monterey,CA,County","CA0270000","Monterey",2,2,1,10,33,70,4,2017,1,"County","Monterey,CA","County",15,107,"Monterey","https://cde.ucr.cjis.gov/LATEST/webapp/#/pages/explorer/crime/crime-trend","Crime Data Explorer","Open Source",103695,NA,NA,"","","CA0270000","Monterey",NA,"West","Pacific",103695,101058,2637,"Monterey, CA","County","CA","CA"
"Montgomery,MD,County","MD0160400","Montgomery",3,37,76,61,168,984,87,2017,1,"County","Montgomery,MD","County",177,1239,"Montgomery","https://data.montgomerycountymd.gov/Public-Safety/Crime/icn6-v9z3/explore/query/SELECT%0A%20%20%60incident_id%60%2C%0A%20%20%60offence_code%60%2C%0A%20%20%60case_number%60%2C%0A%20%20%60date%60%2C%0A%20%20%60start_date%60%2C%0A%20%20%60end_date%60%2C%0A%20%20%60nibrs_code%60%2C%0A%20%20%60victims%60%2C%0A%20%20%60crimename1%60%2C%0A%20%20%60crimename2%60%2C%0A%20%20%60crimename3%60%2C%0A%20%20%60district%60%2C%0A%20%20%60location%60%2C%0A%20%20%60city%60%2C%0A%20%20%60state%60%2C%0A%20%20%60zip_code%60%2C%0A%20%20%60agency%60%2C%0A%20%20%60place%60%2C%0A%20%20%60sector%60%2C%0A%20%20%60beat%60%2C%0A%20%20%60pra%60%2C%0A%20%20%60address_number%60%2C%0A%20%20%60street_prefix_dir%60%2C%0A%20%20%60address_street%60%2C%0A%20%20%60street_suffix_dir%60%2C%0A%20%20%60street_type%60%2C%0A%20%20%60latitude%60%2C%0A%20%20%60longitude%60%2C%0A%20%20%60police_district_number%60%2C%0A%20%20%60geolocation%60%0AORDER%20BY%20%60start_date%60%20DESC%20NULL%20FIRST/page/filter","Agency RMS","Open Source",896963,NA,NA,"","","MD0160400","Montgomery",NA,"South","South Atlantic",896963,924573,-27610,"Montgomery, MD","County","MD","MD"
"Moore,OK,City","OK0140100","Moore",0,2,1,3,17,72,9,2017,1,"City","Moore,OK","City",6,98,"Moore","https://cde.ucr.cjis.gov/LATEST/webapp/#/pages/explorer/crime/crime-trend","Crime Data Explorer","Open Source",63609,NA,NA,"","","OK0140100","Moore",NA,"South","West South Central",63311,64044,-733,"Moore, OK","City","OK","OK"
"Mooresville,NC,City","NC0490100","Mooresville",0,1,1,6,18,113,4,2017,1,"City","Mooresville,NC","City",8,135,"Mooresville","From NC","State UCR","Provided by State UCR Program",53767,NA,NA,"","","NC0490100","Mooresville",NA,"South","South Atlantic",53767,53489,278,"Mooresville, NC","City","NC","NC"
"Mount Pleasant,SC,City","SC0100300","Mount Pleasant",0,3,4,12,16,85,7,2017,1,"City","Mount Pleasant,SC","City",19,108,"Mount Pleasant","https://cde.ucr.cjis.gov/LATEST/webapp/#/pages/explorer/crime/crime-trend","Crime Data Explorer","Open Source",96608,NA,NA,"","","SC0100300","Mount Pleasant",NA,"South","South Atlantic",96320,96727,-407,"Mount Pleasant, SC","City","SC","SC"
"Mount Prospect,IL,City","IL0167200","Mount Prospect",0,0,1,0,4,50,4,2017,1,"City","Mount Prospect,IL","City",1,58,"Mount Prospect","https://ilucr.nibrs.com/AdvancedSearch/AdvancedSearch","State UCR","Open Source",53932,NA,NA,"Inferred Jan-Mar 2021 counts from annual average","","IL0167200","Mount Prospect",NA,"Midwest","East North Central",53932,55157,-1225,"Mount Prospect, IL","City","IL","IL"
"Muncie,IN,City","IN0180100","Muncie",0,3,7,8,42,172,18,2017,1,"City","Muncie,IN","City",18,232,"Muncie","https://cde.state.mn.us/","Crime Data Explorer","Open Source",65065,NA,NA,"","","IN0180100","Muncie",NA,"Midwest","East North Central",65065,65375,-310,"Muncie, IN","City","IN","IN"
"Murfreesboro,TN,City","TN0750100","Murfreesboro",0,10,10,49,46,266,23,2017,1,"City","Murfreesboro,TN","City",69,335,"Murfreesboro","https://crimeinsight.tbi.tn.gov/public/View/dispview.aspx","Crime Data Explorer","Open Source",166916,NA,NA,"","","TN0750100","Murfreesboro",NA,"South","East South Central",166916,172248,-5332,"Murfreesboro, TN","City","TN","TN"
"Murrieta,CA,City","CA0334200","Murrieta",0,2,3,2,25,108,20,2017,1,"City","Murrieta,CA","City",7,153,"Murrieta","https://www.murrietaca.gov/759/Police-Activity-Reports","Agency Aggregated","Open Source",115037,NA,NA,"","","CA0334200","Murrieta",NA,"West","Pacific",115037,112892,2145,"Murrieta, CA","City","CA","CA"
"Napa,CA,City","CA0280200","Napa",0,5,2,13,31,97,19,2017,1,"City","Napa,CA","City",20,147,"Napa","https://cde.ucr.cjis.gov/LATEST/webapp/#/pages/explorer/crime/crime-trend","Crime Data Explorer","Open Source",77956,NA,NA,"","","CA0280200","Napa",NA,"West","Pacific",77956,76328,1628,"Napa, CA","City","CA","CA"
"Nashville,TN,City","TN0190100","Nashville",9,42,192,459,345,1537,238,2017,1,"City","Nashville,TN","City",702,2120,"Nashville","https://crimeinsight.tbi.tn.gov/public/View/dispview.aspx","Crime Data Explorer","Open Source",690495,NA,NA,"","","TN0190100","Nashville",NA,"South","East South Central",690495,718499,-28004,"Nashville, TN","City","TN","TN"
"National City,CA,City","CA0370900","National City",0,1,8,19,11,73,44,2017,1,"City","National City,CA","City",28,128,"National City","https://crimestats.arjis.org/default.aspx","Agency Aggregated","Open Source",55270,NA,NA,"","","CA0370900","National City",NA,"West","Pacific",55270,57748,-2478,"National City, CA","City","CA","CA"
"New Bedford,MA,City","MA0031100","New Bedford",1,0,22,23,47,150,22,2017,1,"City","New Bedford,MA","City",46,219,"New Bedford","https://www.mass.gov/crime-statistics","State UCR","Provided by State UCR Program",100876,NA,NA,"","","MA0031100","New Bedford",NA,"Northeast","New England",100876,101139,-263,"New Bedford, MA","City","MA","MA"
"New Braunfels,TX,City","TX0460100","New Braunfels",0,3,2,9,17,92,9,2017,1,"City","New Braunfels,TX","City",14,118,"New Braunfels","https://txucr.nibrs.com/SRSReport/CrimeTrends","State UCR","Open Source",111942,NA,NA,"","","TX0460100","New Braunfels",NA,"South","West South Central",111942,96032,15910,"New Braunfels, TX","City","TX","TX"
"New Britain,CT,City","CT0008900","New Britain",0,4,7,7,49,88,23,2017,1,"City","New Britain,CT","City",18,160,"New Britain","https://ct.beyond2020.com/ct_public/Dim/dimension.aspx","State UCR","Open Source",74609,NA,NA,"","","CT0008900","New Britain",NA,"Northeast","New England",74609,76622,-2013,"New Britain, CT","City","CT","CT"
"New Hanover,NC,County","NC0650000","New Hanover",0,0,4,8,38,112,5,2017,1,"County","New Hanover,NC","County",12,155,"New Hanover","From NC","State UCR","Provided by State UCR Program",105363,NA,NA,"","","NC0650000","New Hanover",NA,"South","South Atlantic",105363,108399,-3036,"New Hanover, NC","County","NC","NC"
"New Orleans,LA,City","LANPD0000","New Orleans",23,NA,NA,NA,NA,NA,NA,2017,1,"City","New Orleans,LA","City",23,0,"New Orleans","https://data.nola.gov/Public-Safety-and-Preparedness/Electronic-Police-Report-2024/c5iy-ew8n/explore/query/SELECT%0A%20%20%60item_number%60%2C%0A%20%20%60district%60%2C%0A%20%20%60location%60%2C%0A%20%20%60disposition%60%2C%0A%20%20%60signal_type%60%2C%0A%20%20%60signal_description%60%2C%0A%20%20%60occurred_date_time%60%2C%0A%20%20%60charge_code%60%2C%0A%20%20%60charge_description%60%2C%0A%20%20%60offender_number%60%2C%0A%20%20%60offenderid%60%2C%0A%20%20%60offenderstatus%60%2C%0A%20%20%60offender_race%60%2C%0A%20%20%60offender_gender%60%2C%0A%20%20%60offender_age%60%2C%0A%20%20%60victim_number%60%2C%0A%20%20%60persontype%60%2C%0A%20%20%60victim_race%60%2C%0A%20%20%60victim_gender%60%2C%0A%20%20%60victim_age%60%2C%0A%20%20%60victim_fatal_status%60%2C%0A%20%20%60hate_crime%60%2C%0A%20%20%60report_type%60/page/filter","Agency RMS","Open Source",364197,NA,NA,"","","LANPD0000","New Orleans",NA,"South","West South Central",364197,360272,3925,"New Orleans, LA","City","LA","LA"
"New Rochelle,NY,City","NY0590400","New Rochelle",0,0,2,10,11,84,3,2017,1,"City","New Rochelle,NY","City",12,98,"New Rochelle","https://cde.ucr.cjis.gov/LATEST/webapp/#/pages/explorer/crime/crime-trend","Crime Data Explorer","Open Source",84960,NA,NA,"","","NY0590400","New Rochelle",NA,"Northeast","Middle Atlantic",83357,86892,-3535,"New Rochelle, NY","City","NY","NY"
"New York City,NY,City","NY0303000","New York City",24,112,1246,1646,1097,3580,462,2017,1,"City","New York City,NY","City",3028,5139,"New York City","https://compstat.nypdonline.org/","Agency Aggregated","Open Source",8184044,NA,NA,"","","NY0303000","New York City",NA,"Northeast","Middle Atlantic",8184044,8496850,-312806,"New York City, NY","City","NY","NY"
"Newark,NJ,City","NJNPD0000","Newark",3,10,80,75,79,245,179,2017,1,"City","Newark,NJ","City",168,503,"Newark","https://www.newarkpublicsafety.org/npd/crime-statistics/","Crime Data Explorer","Open Source",303827,NA,NA,"","","NJNPD0000","Newark",NA,"Northeast","Middle Atlantic",303827,318638,-14811,"Newark, NJ","City","NJ","NJ"
"Newport Beach,CA,City","CA0301400","Newport Beach",0,3,0,9,43,109,10,2017,1,"City","Newport Beach,CA","City",12,162,"Newport Beach","https://cde.ucr.cjis.gov/LATEST/webapp/#/pages/explorer/crime/crime-trend","Crime Data Explorer","Open Source",83392,NA,NA,"","","CA0301400","Newport Beach",NA,"West","Pacific",83392,82431,961,"Newport Beach, CA","City","CA","CA"
"Noblesville,IN,City","IN0290200","Noblesville",0,0,1,4,4,56,1,2017,1,"City","Noblesville,IN","City",5,61,"Noblesville","https://cde.state.mn.us/","Crime Data Explorer","Open Source",74211,NA,NA,"Inferred Nov-Dec 2022","","IN0290200","Noblesville",NA,"Midwest","East North Central",74211,76565,-2354,"Noblesville, IN","City","IN","IN"
"Normal,IL,City","IL0570200","Normal",0,5,0,3,8,68,5,2017,1,"City","Normal,IL","City",8,81,"Normal","https://ilucr.nibrs.com/AdvancedSearch/AdvancedSearch","State UCR","Open Source",52883,NA,NA,"","","IL0570200","Normal",NA,"Midwest","East North Central",52883,53374,-491,"Normal, IL","City","IL","IL"
"North Bergen Township,NJ,City","NJ0090800","North Bergen Township",0,0,3,5,6,27,3,2017,1,"City","North Bergen Township,NJ","City",8,36,"North Bergen Township","http://www.northbergenpolice.com/report/datasets/crime-statistics/","Agency Aggregated","Open Source",59147,NA,NA,"","","NJ0090800","North Bergen Township",NA,"Northeast","Middle Atlantic",59147,61290,-2143,"North Bergen Township, NJ","City","NJ","NJ"
"North Las Vegas,NV,City","NV0020200","North Las Vegas",1,7,41,145,152,236,109,2017,1,"City","North Las Vegas,NV","City",194,497,"North Las Vegas","https://nevadacrimestats.nv.gov/public/View/dispview.aspx","State UCR","Open Source",290751,NA,NA,"","","NV0020200","North Las Vegas",NA,"West","Mountain",290751,302881,-12130,"North Las Vegas, NV","City","NV","NV"
"North Little Rock,AR,City","AR0600300","North Little Rock",2,2,6,34,65,162,58,2017,1,"City","North Little Rock,AR","City",44,285,"North Little Rock","https://cde.ucr.cjis.gov/LATEST/webapp/#/pages/explorer/crime/crime-trend","Crime Data Explorer","Open Source",64487,NA,NA,"","","AR0600300","North Little Rock",NA,"South","West South Central",64612,64455,157,"North Little Rock, AR","City","AR","AR"
"North Richland Hills,TX,City","TX2202100","North Richland Hills",0,3,4,5,18,96,14,2017,1,"City","North Richland Hills,TX","City",12,128,"North Richland Hills","https://txucr.nibrs.com/SRSReport/CrimeTrends","State UCR","Open Source",70853,NA,NA,"","","TX2202100","North Richland Hills",NA,"South","West South Central",70853,71725,-872,"North Richland Hills, TX","City","TX","TX"
"Novi,MI,City","MI6362700","Novi",0,1,0,5,4,45,1,2017,1,"City","Novi,MI","City",6,50,"Novi","https://www.michigan.gov/msp/divisions/cjic/dashboard-portal/crime-dashboard","Crime Data Explorer","Open Source",66482,NA,NA,"","","MI6362700","Novi",NA,"Midwest","East North Central",66482,68068,-1586,"Novi, MI","City","MI","MI"
"O'Fallon,MO,City","MO0920100","O'Fallon",0,2,1,5,2,81,4,2017,1,"City","O'Fallon,MO","City",8,87,"O'Fallon","https://showmecrime.mo.gov/","State UCR","Open Source",94702,NA,NA,"","","MO0920100","O'Fallon",NA,"Midwest","West North Central",94702,96304,-1602,"O'Fallon, MO","City","MO","MO"
"Oak Lawn,IL,City","IL0168000","Oak Lawn",1,0,3,1,9,38,1,2017,1,"City","Oak Lawn,IL","City",5,48,"Oak Lawn","https://ilucr.nibrs.com/AdvancedSearch/AdvancedSearch","State UCR","Open Source",55368,NA,NA,"Inferred Jan 2021 counts from annual average","","IL0168000","Oak Lawn",NA,"Midwest","East North Central",55368,56136,-768,"Oak Lawn, IL","City","IL","IL"
"Oceanside,CA,City","CA0371000","Oceanside",0,6,15,32,60,287,38,2017,1,"City","Oceanside,CA","City",53,385,"Oceanside","https://crimestats.arjis.org/default.aspx","Agency Aggregated","Open Source",171348,NA,NA,"","","CA0371000","Oceanside",NA,"West","Pacific",171348,170168,1180,"Oceanside, CA","City","CA","CA"
"Odessa,TX,City","TX0680200","Odessa",1,4,10,43,45,201,14,2017,1,"City","Odessa,TX","City",58,260,"Odessa","https://txucr.nibrs.com/SRSReport/CrimeTrends","State UCR","Open Source",111922,NA,NA,"","","TX0680200","Odessa",NA,"South","West South Central",111922,116665,-4743,"Odessa, TX","City","TX","TX"
"Ogden,UT,City","UT0290100","Ogden",1,3,9,30,36,199,24,2017,1,"City","Ogden,UT","City",43,259,"Ogden","https://bci.utah.gov/crime-in-utah-dashboards/","Crime Data Explorer","Open Source",86593,NA,NA,"","","UT0290100","Ogden",NA,"West","Mountain",86593,89001,-2408,"Ogden, UT","City","UT","UT"
"Oklahoma City,OK,City","OK0550600","Oklahoma City",10,51,109,268,535,1460,271,2017,1,"City","Oklahoma City,OK","City",438,2266,"Oklahoma City","https://cde.ucr.cjis.gov/LATEST/webapp/#/pages/explorer/crime/crime-trend","Crime Data Explorer","Open Source",537406,NA,NA,"","","OK0550600","Oklahoma City",NA,"South","West South Central",700764,543998,156766,"Oklahoma City, OK","City","OK","OK"
"Omaha,NE,City","NB0280200","Omaha",4,28,66,130,147,823,224,2017,1,"City","Omaha,NE","City",228,1194,"Omaha","https://police.cityofomaha.org/opd-crime-statistics","Agency Aggregated","Open Source",481471,NA,NA,"","","NB0280200","Omaha",NA,"Midwest","West North Central",481471,488395,-6924,"Omaha, NE","City","NE","NE"
"Orem,UT,City","UT0250300","Orem",0,0,2,2,14,118,17,2017,1,"City","Orem,UT","City",4,149,"Orem","https://bci.utah.gov/crime-in-utah-dashboards/","Crime Data Explorer","Open Source",94682,NA,NA,"","","UT0250300","Orem",NA,"West","Mountain",94682,96209,-1527,"Orem, UT","City","UT","UT"
"Oshkosh,WI,City","WI0710300","Oshkosh",0,1,4,11,13,77,5,2017,1,"City","Oshkosh,WI","City",16,95,"Oshkosh","https://www.oshkoshpd.com/MonthlyCrimeStats/Default.aspx","State UCR","Open Source",65548,NA,NA,"","","WI0710300","Oshkosh",NA,"Midwest","East North Central",65548,67327,-1779,"Oshkosh, WI","City","WI","WI"
"Owensboro,KY,City","KY0300100","Owensboro",0,8,8,10,47,145,12,2017,1,"City","Owensboro,KY","City",26,204,"Owensboro","https://cde.ucr.cjis.gov/LATEST/webapp/#/pages/explorer/crime/crime-trend","Crime Data Explorer","Open Source",60096,NA,NA,"","","KY0300100","Owensboro",NA,"South","East South Central",59937,60774,-837,"Owensboro, KY","City","KY","KY"
"Oxnard,CA,City","CA0560400","Oxnard",2,5,42,34,83,362,54,2017,1,"City","Oxnard,CA","City",83,499,"Oxnard","https://cde.ucr.cjis.gov/LATEST/webapp/#/pages/explorer/crime/crime-trend","Crime Data Explorer","Open Source",199508,NA,NA,"","","CA0560400","Oxnard",NA,"West","Pacific",199508,200296,-788,"Oxnard, CA","City","CA","CA"
"Palatine,IL,City","IL0168400","Palatine",0,0,2,1,3,36,1,2017,1,"City","Palatine,IL","City",3,40,"Palatine","https://ilucr.nibrs.com/AdvancedSearch/AdvancedSearch","State UCR","Open Source",64407,NA,NA,"Inferred Jan-Mar 2021 counts from annual average","","IL0168400","Palatine",NA,"Midwest","East North Central",64407,65532,-1125,"Palatine, IL","City","IL","IL"
"Palo Alto,CA,City","CA0431200","Palo Alto",0,0,5,2,20,191,11,2017,1,"City","Palo Alto,CA","City",7,222,"Palo Alto","https://cde.ucr.cjis.gov/LATEST/webapp/#/pages/explorer/crime/crime-trend","Crime Data Explorer","Open Source",64855,NA,NA,"","","CA0431200","Palo Alto",NA,"West","Pacific",64855,67491,-2636,"Palo Alto, CA","City","CA","CA"
"Parker,TX,County","TX1840000","Parker",0,4,1,3,13,39,5,2017,1,"County","Parker,TX","County",8,57,"Parker","https://txucr.nibrs.com/SRSReport/CrimeTrends","State UCR","Open Source",114776,NA,NA,"","","TX1840000","Parker",NA,"South","West South Central",114776,121108,-6332,"Parker, TX","County","TX","TX"
"Pasadena,CA,City","CA0195300","Pasadena",2,4,21,22,89,174,56,2017,1,"City","Pasadena,CA","City",49,319,"Pasadena","https://cde.ucr.cjis.gov/LATEST/webapp/#/pages/explorer/crime/crime-trend","Crime Data Explorer","Open Source",132210,NA,NA,"","","CA0195300","Pasadena",NA,"West","Pacific",132210,136663,-4453,"Pasadena, CA","City","CA","CA"
"Pasadena,TX,City","TX1011500","Pasadena",0,6,16,39,55,247,35,2017,1,"City","Pasadena,TX","City",61,337,"Pasadena","https://txucr.nibrs.com/SRSReport/CrimeTrends","State UCR","Open Source",145850,NA,NA,"","","TX1011500","Pasadena",NA,"South","West South Central",145850,149168,-3318,"Pasadena, TX","City","TX","TX"
"Paterson,NJ,City","NJ0160800","Paterson",2,2,73,41,108,146,75,2017,1,"City","Paterson,NJ","City",118,329,"Paterson","https://cde.ucr.cjis.gov/LATEST/webapp/#/pages/explorer/crime/crime-trend","Crime Data Explorer","Open Source",158903,NA,NA,"","Inferred Jun - Dec 2021 from annual total","NJ0160800","Paterson",NA,"Northeast","Middle Atlantic",155991,160567,-4576,"Paterson, NJ","City","NJ","NJ"
"Paulding,GA,County","GA1100000","Paulding",2,0,2,17,45,154,33,2017,1,"County","Paulding,GA","County",21,232,"Paulding","https://cde.ucr.cjis.gov/LATEST/webapp/#/pages/explorer/crime/crime-trend","Crime Data Explorer","Open Source",162740,NA,NA,"","","GA1100000","Paulding",NA,"South","South Atlantic",162740,172495,-9755,"Paulding, GA","County","GA","GA"
"Pawtucket,RI,City","RI0040800","Pawtucket",0,1,2,23,41,104,12,2017,1,"City","Pawtucket,RI","City",26,157,"Pawtucket","https://riucr.nibrs.com/AdvancedSearch/AdvancedSearch","State UCR","Open Source",75100,NA,NA,"","","RI0040800","Pawtucket",NA,"Northeast","New England",75100,77252,-2152,"Pawtucket, RI","City","RI","RI"
"Peabody,MA,City","MA0052500","Peabody",0,3,1,12,1,41,0,2017,1,"City","Peabody,MA","City",16,42,"Peabody","https://www.mass.gov/crime-statistics","State UCR","Provided by State UCR Program",53841,NA,NA,"","","MA0052500","Peabody",NA,"Northeast","New England",53841,55523,-1682,"Peabody, MA","City","MA","MA"
"Pearland,TX,City","TX0201000","Pearland",1,3,1,9,26,158,8,2017,1,"City","Pearland,TX","City",14,192,"Pearland","https://txucr.nibrs.com/SRSReport/CrimeTrends","State UCR","Open Source",127433,NA,NA,"","","TX0201000","Pearland",NA,"South","West South Central",127433,116191,11242,"Pearland, TX","City","TX","TX"
"Petaluma,CA,City","CA0490800","Petaluma",0,6,4,21,24,65,9,2017,1,"City","Petaluma,CA","City",31,98,"Petaluma","https://cde.ucr.cjis.gov/LATEST/webapp/#/pages/explorer/crime/crime-trend","Crime Data Explorer","Open Source",58099,NA,NA,"","","CA0490800","Petaluma",NA,"West","Pacific",58099,59305,-1206,"Petaluma, CA","City","CA","CA"
"Pflugerville,TX,City","TX2270900","Pflugerville",0,4,2,5,10,79,2,2017,1,"City","Pflugerville,TX","City",11,91,"Pflugerville","https://txucr.nibrs.com/SRSReport/CrimeTrends","State UCR","Open Source",65599,NA,NA,"","","TX2270900","Pflugerville",NA,"South","West South Central",65599,66958,-1359,"Pflugerville, TX","City","TX","TX"
"Pharr,TX,City","TX1081100","Pharr",0,2,8,6,21,106,1,2017,1,"City","Pharr,TX","City",16,128,"Pharr","https://txucr.nibrs.com/SRSReport/CrimeTrends","State UCR","Open Source",80359,NA,NA,"","","TX1081100","Pharr",NA,"South","West South Central",80359,81470,-1111,"Pharr, TX","City","TX","TX"
"Philadelphia,PA,City","PAPEP0000","Philadelphia",30,111,582,591,544,2785,464,2017,1,"City","Philadelphia,PA","City",1314,3793,"Philadelphia","https://www.ucr.pa.gov/PAUCRSPUBLIC/SRSReport/CrimeTrends","State UCR","Open Source",1550843,NA,NA,"","","PAPEP0000","Philadelphia",NA,"Northeast","Middle Atlantic",1550843,1562379,-11536,"Philadelphia, PA","City","PA","PA"
"Phoenix,AZ,City","AZ0072300","Phoenix",9,80,282,524,1170,3265,700,2017,1,"City","Phoenix,AZ","City",895,5135,"Phoenix","https://www.phoenix.gov/administration/departments/police/crime-stats-data/crime-stats-maps.html","Agency RMS","Open Source",1660686,NA,NA,"","","AZ0072300","Phoenix",NA,"West","Mountain",1660686,1688662,-27976,"Phoenix, AZ","City","AZ","AZ"
"Pima,AZ,County","AZ0100000","Pima",2,4,12,23,173,546,68,2017,1,"County","Pima,AZ","County",41,787,"Pima","https://azcrimestatistics.azdps.gov/","State UCR","Open Source",365222,NA,NA,"Inferred Jan-Feb 2019 from annual average","","AZ0100000","Pima",NA,"West","Mountain",365222,366196,-974,"Pima, AZ","County","AZ","AZ"
"Pinal,AZ,County","AZ0110000","Pinal",3,3,2,10,48,123,13,2017,1,"County","Pinal,AZ","County",18,184,"Pinal","https://azcrimestatistics.azdps.gov/","State UCR","Open Source",229832,NA,NA,"","","AZ0110000","Pinal",NA,"West","Mountain",229832,245258,-15426,"Pinal, AZ","County","AZ","AZ"
"Pittsburgh,PA,City","PAPPD0000","Pittsburgh",4,9,91,105,167,695,69,2017,1,"City","Pittsburgh,PA","City",209,931,"Pittsburgh","https://data.wprdc.org/dataset/monthly-criminal-activity-dashboard/resource/bd41992a-987a-4cca-8798-fbe1cd946b07","Agency RMS","Open Source",304825,NA,NA,"","","PAPPD0000","Pittsburgh",NA,"Northeast","Middle Atlantic",304825,306794,-1969,"Pittsburgh, PA","City","PA","PA"
"Placer,CA,County","CA0310000","Placer",0,3,0,18,44,101,5,2017,1,"County","Placer,CA","County",21,150,"Placer","https://cde.ucr.cjis.gov/LATEST/webapp/#/pages/explorer/crime/crime-trend","Crime Data Explorer","Open Source",125007,NA,NA,"","","CA0310000","Placer",NA,"West","Pacific",125007,125475,-468,"Placer, CA","County","CA","CA"
"Plano,TX,City","TX0430600","Plano",1,9,9,20,59,363,37,2017,1,"City","Plano,TX","City",39,459,"Plano","https://txucr.nibrs.com/SRSReport/CrimeTrends","State UCR","Open Source",291140,NA,NA,"","","TX0430600","Plano",NA,"South","West South Central",291140,289301,1839,"Plano, TX","City","TX","TX"
"Pleasanton,CA,City","CA0011100","Pleasanton",0,1,2,2,27,134,11,2017,1,"City","Pleasanton,CA","City",5,172,"Pleasanton","https://cde.ucr.cjis.gov/LATEST/webapp/#/pages/explorer/crime/crime-trend","Crime Data Explorer","Open Source",75238,NA,NA,"","","CA0011100","Pleasanton",NA,"West","Pacific",75238,74698,540,"Pleasanton, CA","City","CA","CA"
"Plymouth,MA,City","MA0122000","Plymouth",0,0,0,6,10,30,1,2017,1,"City","Plymouth,MA","City",6,41,"Plymouth","https://www.mass.gov/crime-statistics","State UCR","Provided by State UCR Program",68771,NA,NA,"","","MA0122000","Plymouth",NA,"Northeast","New England",68771,67967,804,"Plymouth, MA","City","MA","MA"
"Plymouth,MN,City","MN0271700","Plymouth",0,2,1,2,16,62,3,2017,1,"City","Plymouth,MN","City",5,81,"Plymouth","https://cde.state.mn.us/","State UCR","Open Source",77576,NA,NA,"","","MN0271700","Plymouth",NA,"Midwest","West North Central",77576,77963,-387,"Plymouth, MN","City","MN","MN"
"Pomona,CA,City","CA0195500","Pomona",2,7,34,34,74,238,136,2017,1,"City","Pomona,CA","City",77,448,"Pomona","https://cde.ucr.cjis.gov/LATEST/webapp/#/pages/explorer/crime/crime-trend","Crime Data Explorer","Open Source",199508,NA,NA,"","","CA0195500","Pomona",NA,"West","Pacific",143578,147214,-3636,"Pomona, CA","City","CA","CA"
"Pontiac,MI,City","MI631900X","Pontiac",1,7,9,50,41,57,9,2017,1,"City","Pontiac,MI","City",67,107,"Pontiac","https://cde.ucr.cjis.gov/LATEST/webapp/#/pages/explorer/crime/crime-trend","Crime Data Explorer","Open Source",61871,NA,NA,"","","MI631900X","Pontiac",NA,"Midwest","East North Central",61871,61871,NA,"Pontiac, MI","City","MI","MI"
"Port Arthur,TX,City","TX1230700","Port Arthur",1,0,11,20,51,95,15,2017,1,"City","Port Arthur,TX","City",32,161,"Port Arthur","https://txucr.nibrs.com/SRSReport/CrimeTrends","State UCR","Open Source",55371,NA,NA,"","","TX1230700","Port Arthur",NA,"South","West South Central",55371,55661,-290,"Port Arthur, TX","City","TX","TX"
"Port St Lucie,FL,City","FL0560200","Port St Lucie",0,1,3,8,38,177,8,2017,1,"City","Port St Lucie,FL","City",12,223,"Port St Lucie","Sent by Port St Lucie","Agency RMS","Agency RMS",260194,NA,NA,"","",NA,NA,NA,NA,NA,260194,260194,NA,"Port St Lucie, FL","City","FL","FL"
"Porterville,CA,City","CA0540500","Porterville",1,1,5,12,30,73,31,2017,1,"City","Porterville,CA","City",19,134,"Porterville","https://cde.ucr.cjis.gov/LATEST/webapp/#/pages/explorer/crime/crime-trend","Crime Data Explorer","Open Source",62891,NA,NA,"Inferred Jun 2021 from annual average","","CA0540500","Porterville",NA,"West","Pacific",63165,63646,-481,"Porterville, CA","City","CA","CA"
"Portland,OR,City","OR0260200","Portland",0,21,77,121,321,1822,670,2017,1,"City","Portland,OR","City",219,2813,"Portland","https://public.tableau.com/app/profile/portlandpolicebureau/viz/New_Monthly_Neighborhood/MonthlyOffenseTotals","Agency Aggregated","Open Source",626146,NA,NA,"","","OR0260200","Portland",NA,"West","Pacific",626146,628991,-2845,"Portland, OR","City","OR","OR"
"Portsmouth,VA,City","VA1200000","Portsmouth",3,2,21,21,112,274,44,2017,1,"City","Portsmouth,VA","City",47,430,"Portsmouth","https://vsp.virginia.gov/","Crime Data Explorer","Provided by State UCR Program",96649,NA,NA,"","","VA1200000","Portsmouth",NA,"South","South Atlantic",96649,96362,287,"Portsmouth, VA","City","VA","VA"
"Prescott Valley,AZ,City","AZ0131100","Prescott Valley",0,2,0,6,10,84,3,2017,1,"City","Prescott Valley,AZ","City",8,97,"Prescott Valley","https://azcrimestatistics.azdps.gov/","State UCR","Open Source",50166,NA,NA,"","","AZ0131100","Prescott Valley",NA,"West","Mountain",50166,52622,-2456,"Prescott Valley, AZ","City","AZ","AZ"
"Prince George's,MD,County","MD0172100","Prince George's",3,9,95,113,198,918,226,2017,1,"County","Prince George's,MD","County",220,1342,"Prince George's","https://data.princegeorgescountymd.gov/browse?category=Public+Safety&sortBy=relevance&page=1&pageSize=20","Agency RMS","Open Source",725229,NA,NA,"Used FBI data for Jan & Feb 2017, agency data since","","MD0172100","Prince George's",NA,"South","South Atlantic",725229,741477,-16248,"Prince George's, MD","County","MD","MD"
"Quincy,MA,City","MA0112000","Quincy",0,6,11,16,28,112,9,2017,1,"City","Quincy,MA","City",33,149,"Quincy","https://www.mass.gov/crime-statistics","State UCR","Provided by State UCR Program",102465,NA,NA,"","","MA0112000","Quincy",NA,"Northeast","New England",102465,103649,-1184,"Quincy, MA","City","MA","MA"
"Racine,WI,City","WI0520200","Racine",0,4,14,36,42,95,14,2017,1,"City","Racine,WI","City",54,151,"Racine","From WI","State UCR","Provided by State UCR Program",75858,NA,NA,"","","WI0520200","Racine",NA,"Midwest","East North Central",75858,78032,-2174,"Racine, WI","City","WI","WI"
"Raleigh,NC,City","NC0920100","Raleigh",0,10,46,84,189,664,64,2017,1,"City","Raleigh,NC","City",140,917,"Raleigh","From NC","State UCR","Provided by State UCR Program",482842,NA,NA,"","","NC0920100","Raleigh",NA,"South","South Atlantic",482842,507048,-24206,"Raleigh, NC","City","NC","NC"
"Rapid City,SD,City","SD0510100","Rapid City",3,6,5,23,22,179,29,2017,1,"City","Rapid City,SD","City",37,230,"Rapid City","https://sdcrime.nibrs.com/AdvancedSearch/AdvancedSearch","State UCR","Open Source",80850,NA,NA,"","","SD0510100","Rapid City",NA,"Midwest","West North Central",80850,81185,-335,"Rapid City, SD","City","SD","SD"
"Reading,PA,City","PA0061400","Reading",0,1,17,13,59,118,13,2017,1,"City","Reading,PA","City",31,190,"Reading","https://www.ucr.pa.gov/PAUCRSPUBLIC/SRSReport/CrimeTrends","State UCR","Open Source",97790,NA,NA,"","","PA0061400","Reading",NA,"Northeast","Middle Atlantic",97790,99299,-1509,"Reading, PA","City","PA","PA"
"Redondo Beach,CA,City","CA0195600","Redondo Beach",0,0,4,4,44,78,10,2017,1,"City","Redondo Beach,CA","City",8,132,"Redondo Beach","https://cde.ucr.cjis.gov/LATEST/webapp/#/pages/explorer/crime/crime-trend","Crime Data Explorer","Open Source",67742,NA,NA,"","","CA0195600","Redondo Beach",NA,"West","Pacific",67742,67280,462,"Redondo Beach, CA","City","CA","CA"
"Redwood City,CA,City","CA0411300","Redwood City",0,3,8,5,17,96,15,2017,1,"City","Redwood City,CA","City",16,128,"Redwood City","https://cde.ucr.cjis.gov/LATEST/webapp/#/pages/explorer/crime/crime-trend","Crime Data Explorer","Open Source",78765,NA,NA,"","","CA0411300","Redwood City",NA,"West","Pacific",78765,82769,-4004,"Redwood City, CA","City","CA","CA"
"Revere,MA,City","MA0130400","Revere",0,1,2,14,21,68,7,2017,1,"City","Revere,MA","City",17,96,"Revere","https://www.mass.gov/crime-statistics","State UCR","Provided by State UCR Program",57132,NA,NA,"","","MA0130400","Revere",NA,"Northeast","New England",57132,60265,-3133,"Revere, MA","City","MA","MA"
"Richardson,TX,City","TX0572000","Richardson",0,4,8,4,36,125,20,2017,1,"City","Richardson,TX","City",16,181,"Richardson","https://txucr.nibrs.com/SRSReport/CrimeTrends","State UCR","Open Source",119008,NA,NA,"","","TX0572000","Richardson",NA,"South","West South Central",119008,75187,43821,"Richardson, TX","City","TX","TX"
"Richland,WA,City","WA0030200","Richland",0,2,2,0,9,61,4,2017,1,"City","Richland,WA","City",4,74,"Richland","https://cde.ucr.cjis.gov/LATEST/webapp/#/pages/explorer/crime/crime-trend","Crime Data Explorer","Open Source",64736,NA,NA,"","","WA0030200","Richland",NA,"West","Pacific",63816,65273,-1457,"Richland, WA","City","WA","WA"
"Richmond,CA,City","CA0071000","Richmond",1,6,35,58,63,214,122,2017,1,"City","Richmond,CA","City",100,399,"Richmond","https://www.ci.richmond.ca.us/4010/Crime-Statistics-Reports","Agency Aggregated","Open Source",113282,NA,NA,"","","CA0071000","Richmond",NA,"West","Pacific",113282,115149,-1867,"Richmond, CA","City","CA","CA"
"Richmond,VA,City","VA1220000","Richmond",9,3,47,54,146,527,119,2017,1,"City","Richmond,VA","City",113,792,"Richmond","https://apps.richmondgov.com/applications/CrimeInfo","Agency RMS","Open Source",230789,NA,NA,"","","VA1220000","Richmond",NA,"South","South Atlantic",230789,235995,-5206,"Richmond, VA","City","VA","VA"
"Riverside,CA,City","CA0331300","Riverside",0,14,53,78,165,611,166,2017,1,"City","Riverside,CA","City",145,942,"Riverside","https://cde.ucr.cjis.gov/LATEST/webapp/#/pages/explorer/crime/crime-trend","Crime Data Explorer","Open Source",323473,NA,NA,"","","CA0331300","Riverside",NA,"West","Pacific",323473,325858,-2385,"Riverside, CA","City","CA","CA"
"Roanoke,VA,City","VA1230000","Roanoke",1,4,9,20,36,317,21,2017,1,"City","Roanoke,VA","City",34,374,"Roanoke","https://vsp.virginia.gov/","Crime Data Explorer","Provided by State UCR Program",96925,NA,NA,"","","VA1230000","Roanoke",NA,"South","South Atlantic",96925,97682,-757,"Roanoke, VA","City","VA","VA"
"Rochester Hills,MI,City","MI631910X","Rochester Hills",0,1,0,2,3,42,1,2017,1,"City","Rochester Hills,MI","City",3,46,"Rochester Hills","https://cde.ucr.cjis.gov/LATEST/webapp/#/pages/explorer/crime/crime-trend","Crime Data Explorer","Open Source",75845,NA,NA,"","","MI631910X","Rochester Hills",NA,"Midwest","East North Central",75845,75845,NA,"Rochester Hills, MI","City","MI","MI"
"Rochester,MN,City","MN0550100","Rochester",0,7,1,11,33,158,8,2017,1,"City","Rochester,MN","City",19,199,"Rochester","https://cde.state.mn.us/","State UCR","Open Source",122035,NA,NA,"","","MN0550100","Rochester",NA,"Midwest","West North Central",122035,124142,-2107,"Rochester, MN","City","MN","MN"
"Rochester,NY,City","NY0270100","Rochester",0,NA,70,39,105,480,37,2017,1,"City","Rochester,NY","City",109,622,"Rochester","https://data-rpdny.opendata.arcgis.com/datasets/rpdny::rpd-part-i-crime-2011-to-present/explore","Agency RMS","Open Source",208452,NA,NA,"","","NY0270100","Rochester",NA,"Northeast","Middle Atlantic",208452,206391,2061,"Rochester, NY","City","NY","NY"
"Rock Hill,SC,City","SC0460300","Rock Hill",2,11,9,24,35,206,14,2017,1,"City","Rock Hill,SC","City",46,255,"Rock Hill","https://cde.ucr.cjis.gov/LATEST/webapp/#/pages/explorer/crime/crime-trend","Crime Data Explorer","Open Source",75975,NA,NA,"","","SC0460300","Rock Hill",NA,"South","South Atlantic",75681,76087,-406,"Rock Hill, SC","City","SC","SC"
"Rockford,IL,City","IL1010400","Rockford",1,5,48,184,142,258,48,2017,1,"City","Rockford,IL","City",238,448,"Rockford","https://ilucr.nibrs.com/AdvancedSearch/AdvancedSearch","State UCR","Open Source",145873,NA,NA,"","","IL1010400","Rockford",NA,"Midwest","East North Central",145873,147184,-1311,"Rockford, IL","City","IL","IL"
"Rocklin,CA,City","CA0310400","Rocklin",0,2,1,3,16,110,13,2017,1,"City","Rocklin,CA","City",6,139,"Rocklin","https://cde.ucr.cjis.gov/LATEST/webapp/#/pages/explorer/crime/crime-trend","Crime Data Explorer","Open Source",74876,NA,NA,"","","CA0310400","Rocklin",NA,"West","Pacific",74876,75993,-1117,"Rocklin, CA","City","CA","CA"
"Rockwall,TX,City","TX1990100","Rockwall",0,6,0,4,5,59,8,2017,1,"City","Rockwall,TX","City",10,72,"Rockwall","https://txucr.nibrs.com/SRSReport/CrimeTrends","State UCR","Open Source",53433,NA,NA,"","","TX1990100","Rockwall",NA,"South","West South Central",53433,55108,-1675,"Rockwall, TX","City","TX","TX"
"Rocky Mount,NC,City","NC0330100","Rocky Mount",0,0,12,15,46,101,10,2017,1,"City","Rocky Mount,NC","City",27,157,"Rocky Mount","From NC","State UCR","Provided by State UCR Program",53865,NA,NA,"","","NC0330100","Rocky Mount",NA,"South","South Atlantic",53865,39283,14582,"Rocky Mount, NC","City","NC","NC"
"Roseville,CA,City","CA0310500","Roseville",0,2,4,13,37,248,32,2017,1,"City","Roseville,CA","City",19,317,"Roseville","https://cde.ucr.cjis.gov/LATEST/webapp/#/pages/explorer/crime/crime-trend","Crime Data Explorer","Open Source",158084,NA,NA,"","","CA0310500","Roseville",NA,"West","Pacific",158084,167225,-9141,"Roseville, CA","City","CA","CA"
"Roswell,GA,City","GA0600500","Roswell",1,0,4,9,25,105,2,2017,1,"City","Roswell,GA","City",14,132,"Roswell","https://cde.ucr.cjis.gov/LATEST/webapp/#/pages/explorer/crime/crime-trend","Crime Data Explorer","Open Source",91789,NA,NA,"","","GA0600500","Roswell",NA,"South","South Atlantic",93241,92178,1063,"Roswell, GA","City","GA","GA"
"Round Rock,TX,City","TX2460500","Round Rock",0,2,4,4,15,215,1,2017,1,"City","Round Rock,TX","City",10,231,"Round Rock","https://txucr.nibrs.com/SRSReport/CrimeTrends","State UCR","Open Source",129898,NA,NA,"","","TX2460500","Round Rock",NA,"South","West South Central",129898,137413,-7515,"Round Rock, TX","City","TX","TX"
"Rowlett,TX,City","TX0573300","Rowlett",0,0,3,3,5,58,3,2017,1,"City","Rowlett,TX","City",6,66,"Rowlett","https://txucr.nibrs.com/SRSReport/CrimeTrends","State UCR","Open Source",66671,NA,NA,"","","TX0573300","Rowlett",NA,"South","West South Central",66671,60831,5840,"Rowlett, TX","City","TX","TX"
"Royal Oak,MI,City","MI6371400","Royal Oak",0,0,1,2,2,35,5,2017,1,"City","Royal Oak,MI","City",3,42,"Royal Oak","https://www.michigan.gov/msp/divisions/cjic/dashboard-portal/crime-dashboard","Crime Data Explorer","Open Source",57233,NA,NA,"","","MI6371400","Royal Oak",NA,"Midwest","East North Central",57233,58300,-1067,"Royal Oak, MI","City","MI","MI"
"Rutherford,TN,County","TN0750000","Rutherford",0,3,1,24,23,45,10,2017,1,"County","Rutherford,TN","County",28,78,"Rutherford","https://crimeinsight.tbi.tn.gov/public/View/dispview.aspx","State UCR","Open Source",104616,NA,NA,"","","TN0750000","Rutherford",NA,"South","East South Central",104616,108849,-4233,"Rutherford, TN","County","TN","TN"
"Sacramento,CA,City","CA0340400","Sacramento",3,7,92,166,274,867,297,2017,1,"City","Sacramento,CA","City",268,1438,"Sacramento","https://experience.arcgis.com/experience/cb5a65e7a67743778cd277c7e3761b5a","Agency RMS","Open Source",529172,NA,NA,"","","CA0340400","Sacramento",NA,"West","Pacific",529172,538389,-9217,"Sacramento, CA","City","CA","CA"
"Sacramento,CA,County","CA0340000","Sacramento",0,10,69,147,245,642,14,2017,1,"County","Sacramento,CA","County",226,901,"Sacramento","https://cde.ucr.cjis.gov/LATEST/webapp/#/pages/explorer/crime/crime-trend","Crime Data Explorer","Open Source",604738,NA,NA,"","","CA0340000","Sacramento",NA,"West","Pacific",604738,602628,2110,"Sacramento, CA","County","CA","CA"
"Salem,OR,City","OR0240200","Salem",0,2,10,31,79,431,58,2017,1,"City","Salem,OR","City",43,568,"Salem","https://www.oregon.gov/osp/pages/uniform-crime-reporting-data.aspx","State UCR","Open Source",178276,NA,NA,"","","OR0240200","Salem",NA,"West","Pacific",178276,150898,27378,"Salem, OR","City","OR","OR"
"San Angelo,TX,City","TX2260100","San Angelo",0,8,10,13,75,279,24,2017,1,"City","San Angelo,TX","City",31,378,"San Angelo","https://txucr.nibrs.com/SRSReport/CrimeTrends","State UCR","Open Source",98642,NA,NA,"","","TX2260100","San Angelo",NA,"South","West South Central",98642,100184,-1542,"San Angelo, TX","City","TX","TX"
"San Antonio,TX,City","TXSPD0000","San Antonio",15,96,228,643,1171,5106,690,2017,1,"City","San Antonio,TX","City",982,6967,"San Antonio","https://txucr.nibrs.com/SRSReport/CrimeTrends","State UCR","Open Source",1490047,NA,NA,"","","TXSPD0000","San Antonio",NA,"South","West South Central",1490047,1549295,-59248,"San Antonio, TX","City","TX","TX"
"San Diego,CA,City","CA0371100","San Diego",2,39,127,246,402,1365,571,2017,1,"City","San Diego,CA","City",414,2338,"San Diego","https://crimestats.arjis.org/default.aspx","Agency Aggregated","Open Source",1378349,NA,NA,"","","CA0371100","San Diego",NA,"West","Pacific",1378349,1409432,-31083,"San Diego, CA","City","CA","CA"
"San Diego,CA,County","CA0370000","San Diego",4,29,46,153,226,541,135,2017,1,"County","San Diego,CA","County",232,902,"San Diego","https://crimestats.arjis.org/default.aspx","Agency Aggregated","Open Source",519218,NA,NA,"See County Sheriff","","CA0370000","San Diego",NA,"West","Pacific",519218,498387,20831,"San Diego, CA","County","CA","CA"
"San Francisco,CA,City","CA0380100","San Francisco",6,45,241,232,433,3666,409,2017,1,"City","San Francisco,CA","City",524,4508,"San Francisco","https://www.sanfranciscopolice.org/stay-safe/crime-data/crime-dashboard","Agency Aggregated","Open Source",782846,NA,NA,"","","CA0380100","San Francisco",NA,"West","Pacific",782846,815330,-32484,"San Francisco, CA","City","CA","CA"
"San Jose,CA,City","CA0431300","San Jose",4,50,101,157,373,1194,877,2017,1,"City","San Jose,CA","City",312,2444,"San Jose","https://cde.ucr.cjis.gov/LATEST/webapp/#/pages/explorer/crime/crime-trend","Crime Data Explorer","Open Source",952530,NA,NA,"","","CA0431300","San Jose",NA,"West","Pacific",952530,994435,-41905,"San Jose, CA","City","CA","CA"
"San Marcos,TX,City","TX1050100","San Marcos",0,6,7,7,26,128,17,2017,1,"City","San Marcos,TX","City",20,171,"San Marcos","https://txucr.nibrs.com/SRSReport/CrimeTrends","State UCR","Open Source",71413,NA,NA,"","","TX1050100","San Marcos",NA,"South","West South Central",71413,75924,-4511,"San Marcos, TX","City","TX","TX"
"San Mateo,CA,City","CA0411600","San Mateo",0,0,3,19,65,111,13,2017,1,"City","San Mateo,CA","City",22,189,"San Mateo","https://cde.ucr.cjis.gov/LATEST/webapp/#/pages/explorer/crime/crime-trend","Crime Data Explorer","Open Source",98883,NA,NA,"","","CA0411600","San Mateo",NA,"West","Pacific",98883,102362,-3479,"San Mateo, CA","City","CA","CA"
"San Mateo,CA,County","CA0410000","San Mateo",0,6,4,23,43,203,26,2017,1,"County","San Mateo,CA","County",33,272,"San Mateo","https://cde.ucr.cjis.gov/LATEST/webapp/#/pages/explorer/crime/crime-trend","Crime Data Explorer","Open Source",127963,NA,NA,"","","CA0410000","San Mateo",NA,"West","Pacific",127963,127999,-36,"San Mateo, CA","County","CA","CA"
"San Rafael,CA,City","CA0210900","San Rafael",0,2,10,9,27,108,25,2017,1,"City","San Rafael,CA","City",21,160,"San Rafael","https://cde.ucr.cjis.gov/LATEST/webapp/#/pages/explorer/crime/crime-trend","Crime Data Explorer","Open Source",59400,NA,NA,"","","CA0210900","San Rafael",NA,"West","Pacific",59400,59670,-270,"San Rafael, CA","City","CA","CA"
"Santa Clara,CA,City","CA0431400","Santa Clara",0,4,3,10,44,235,30,2017,1,"City","Santa Clara,CA","City",17,309,"Santa Clara","https://cde.ucr.cjis.gov/LATEST/webapp/#/pages/explorer/crime/crime-trend","Crime Data Explorer","Open Source",126452,NA,NA,"","","CA0431400","Santa Clara",NA,"West","Pacific",126452,134290,-7838,"Santa Clara, CA","City","CA","CA"
"Santa Cruz,CA,County","CA0440000","Santa Cruz",0,4,1,10,43,135,2,2017,1,"County","Santa Cruz,CA","County",15,180,"Santa Cruz","https://cde.ucr.cjis.gov/LATEST/webapp/#/pages/explorer/crime/crime-trend","Crime Data Explorer","Open Source",128246,NA,NA,"","","CA0440000","Santa Cruz",NA,"West","Pacific",128246,125144,3102,"Santa Cruz, CA","County","CA","CA"
"Santa Fe,NM,City","NM0260100","Santa Fe",0,NA,2,NA,127,147,18,2017,1,"City","Santa Fe,NM","City",2,292,"Santa Fe","https://santafenm.gov/police/police-criminal-investigations/police-crime-analyst","Agency Aggregated","Open Source",89657,NA,NA,"Inferred Jun - Dec 2020 from annual average","","NM0260100","Santa Fe",NA,"West","Mountain",89657,91268,-1611,"Santa Fe, NM","City","NM","NM"
"Santa Maria,CA,City","CA0420400","Santa Maria",0,8,9,16,28,108,54,2017,1,"City","Santa Maria,CA","City",33,190,"Santa Maria","https://cde.ucr.cjis.gov/LATEST/webapp/#/pages/explorer/crime/crime-trend","Crime Data Explorer","Open Source",110056,NA,NA,"Inferred Aug - Oct 2019 & Feb 2021 from annual average","","CA0420400","Santa Maria",NA,"West","Pacific",110317,111741,-1424,"Santa Maria, CA","City","CA","CA"
"Santa Monica,CA,City","CA0196500","Santa Monica",0,3,14,29,52,281,22,2017,1,"City","Santa Monica,CA","City",46,355,"Santa Monica","From Santa Monica PD","Agency Aggregated","Provided by Agency",88552,NA,NA,"","","CA0196500","Santa Monica",NA,"West","Pacific",88552,90193,-1641,"Santa Monica, CA","City","CA","CA"
"Santa Rosa,CA,City","CA0490500","Santa Rosa",0,6,8,52,41,192,39,2017,1,"City","Santa Rosa,CA","City",66,272,"Santa Rosa","https://cde.ucr.cjis.gov/LATEST/webapp/#/pages/explorer/crime/crime-trend","Crime Data Explorer","Open Source",176855,NA,NA,"","","CA0490500","Santa Rosa",NA,"West","Pacific",176855,177414,-559,"Santa Rosa, CA","City","CA","CA"
"Sarasota,FL,County","FL0580000","Sarasota",0,2,6,28,62,308,22,2017,1,"County","Sarasota,FL","County",36,392,"Sarasota","https://www.sarasotasheriff.org/news/crime_crash_statistics/uniform_crime_reporting_statistics.php#revize_document_center_rz1986","Agency Aggregated","Open Source",294526,NA,NA,"","","FL0580000","Sarasota",NA,"South","South Atlantic",294526,287365,7161,"Sarasota, FL","County","FL","FL"
"Saratoga Springs,UT,City","UT0252200","Saratoga Springs",0,1,0,0,5,10,2,2017,1,"City","Saratoga Springs,UT","City",1,17,"Saratoga Springs","https://cde.ucr.cjis.gov/LATEST/webapp/#/pages/explorer/crime/crime-trend","Crime Data Explorer","Open Source",56039,NA,NA,"","","UT0252200","Saratoga Springs",NA,"West","Mountain",56039,63550,-7511,"Saratoga Springs, UT","City","UT","UT"
"Saratoga,NY,County","NY0450000","Saratoga",0,1,1,5,10,64,1,2017,1,"County","Saratoga,NY","County",7,75,"Saratoga","https://cde.ucr.cjis.gov/LATEST/webapp/#/pages/explorer/crime/crime-trend","Crime Data Explorer","Open Source",183036,NA,NA,"","","NY0450000","Saratoga",NA,"Northeast","Middle Atlantic",183036,185003,-1967,"Saratoga, NY","County","NY","NY"
"Sarpy,NE,County","NB0770000","Sarpy",0,0,1,2,2,39,6,2017,1,"County","Sarpy,NE","County",3,47,"Sarpy","https://crimestats.ne.gov/public/View/RSReport.aspx?ReportId=1082","State UCR","Agency Aggregated",101805,NA,NA,"","","NB0770000","Sarpy",NA,"Midwest","West North Central",98019,102219,-4200,"Sarpy, NE","County","NE","NE"
"Schaumburg,IL,City","IL0162A00","Schaumburg",0,1,5,1,6,92,4,2017,1,"City","Schaumburg,IL","City",7,102,"Schaumburg","https://ilucr.nibrs.com/AdvancedSearch/AdvancedSearch","State UCR","Open Source",75140,NA,NA,"Inferred Jan-Mar 2021 from annual average","","IL0162A00","Schaumburg",NA,"Midwest","East North Central",75140,76773,-1633,"Schaumburg, IL","City","IL","IL"
"Scranton,PA,City","PA0350400","Scranton",0,1,9,3,38,84,12,2017,1,"City","Scranton,PA","City",13,134,"Scranton","https://www.ucr.pa.gov/PAUCRSPUBLIC/SRSReport/CrimeTrends","State UCR","Open Source",75687,NA,NA,"","","PA0350400","Scranton",NA,"Northeast","Middle Atlantic",75687,75837,-150,"Scranton, PA","City","PA","PA"
"Seattle,WA,City","WASPD0000","Seattle",2,33,114,181,673,2312,310,2017,1,"City","Seattle,WA","City",330,3295,"Seattle","https://data.seattle.gov/resource/tazs-3rd5.json","Agency Aggregated","Open Source",753786,NA,NA,"","","WASPD0000","Seattle",NA,"West","Pacific",753786,791503,-37717,"Seattle, WA","City","WA","WA"
"Shawnee,KS,City","KS0460900","Shawnee",0,1,1,2,7,58,8,2017,1,"City","Shawnee,KS","City",4,73,"Shawnee","https://cde.ucr.cjis.gov/LATEST/webapp/#/pages/explorer/crime/crime-trend","Crime Data Explorer","Open Source",70089,NA,NA,"","","KS0460900","Shawnee",NA,"Midwest","West North Central",70098,70311,-213,"Shawnee, KS","City","KS","KS"
"Shelby Township,MI,City","MI5074000","Shelby Township",1,4,1,6,5,37,1,2017,1,"City","Shelby Township,MI","City",12,43,"Shelby Township","https://www.michigan.gov/msp/divisions/cjic/dashboard-portal/crime-dashboard","Crime Data Explorer","Open Source",79545,NA,NA,"","","MI5074000","Shelby Township",NA,"Midwest","East North Central",79545,80698,-1153,"Shelby Township, MI","City","MI","MI"
"Shelby,TN,County","TN0790000","Shelby",0,4,8,54,51,144,31,2017,1,"County","Shelby,TN","County",66,226,"Shelby","https://crimeinsight.tbi.tn.gov/public/View/dispview.aspx","State UCR","Open Source",136188,NA,NA,"","","TN0790000","Shelby",NA,"South","East South Central",136188,140049,-3861,"Shelby, TN","County","TN","TN"
"Shreveport,LA,City","LA0090100","Shreveport",5,16,48,89,270,749,104,2017,1,"City","Shreveport,LA","City",158,1123,"Shreveport","https://cde.ucr.cjis.gov/LATEST/webapp/#/pages/explorer/crime/crime-trend","Crime Data Explorer","Open Source",172292,NA,NA,"","","LA0090100","Shreveport",NA,"South","West South Central",176906,171284,5622,"Shreveport, LA","City","LA","LA"
"Simi Valley,CA,City","CA0560900","Simi Valley",0,0,1,11,31,128,8,2017,1,"City","Simi Valley,CA","City",12,167,"Simi Valley","https://cde.ucr.cjis.gov/LATEST/webapp/#/pages/explorer/crime/crime-trend","Crime Data Explorer","Open Source",123443,NA,NA,"","","CA0560900","Simi Valley",NA,"West","Pacific",123443,125637,-2194,"Simi Valley, CA","City","CA","CA"
"Sioux City,IA,City","IA0970100","Sioux City",0,7,1,10,37,169,29,2017,1,"City","Sioux City,IA","City",18,235,"Sioux City","From IA","Crime Data Explorer","Provided by Agency",85365,NA,NA,"","","IA0970100","Sioux City",NA,"Midwest","West North Central",85365,87123,-1758,"Sioux City, IA","City","IA","IA"
"Skokie,IL,City","IL0164A00","Skokie",0,3,2,14,18,102,2,2017,1,"City","Skokie,IL","City",19,122,"Skokie","https://ilucr.nibrs.com/AdvancedSearch/AdvancedSearch","State UCR","Open Source",64417,NA,NA,"","","IL0164A00","Skokie",NA,"Midwest","East North Central",64417,65401,-984,"Skokie, IL","City","IL","IL"
"Smith,TX,County","TX2120000","Smith",1,0,5,8,62,119,23,2017,1,"County","Smith,TX","County",14,204,"Smith","https://txucr.nibrs.com/SRSReport/CrimeTrends","State UCR","Open Source",111489,NA,NA,"","","TX2120000","Smith",NA,"South","West South Central",111489,112051,-562,"Smith, TX","County","TX","TX"
"Smyrna,TN,City","TN0750200","Smyrna",0,4,8,5,9,93,11,2017,1,"City","Smyrna,TN","City",17,113,"Smyrna","https://crimeinsight.tbi.tn.gov/public/View/dispview.aspx","Crime Data Explorer","Open Source",58096,NA,NA,"","","TN0750200","Smyrna",NA,"South","East South Central",58096,62133,-4037,"Smyrna, TN","City","TN","TN"
"Sonoma,CA,County","CA0490000","Sonoma",0,11,7,29,55,36,3,2017,1,"County","Sonoma,CA","County",47,94,"Sonoma","https://data.sonomacounty.ca.gov/Public-Safety/Sonoma-County-Sheriff-s-Office-Incident-Data/3rsj-iche/explore/query/SELECT%0A%20%20%60id%60%2C%0A%20%20%60agency_code%60%2C%0A%20%20%60agency%60%2C%0A%20%20%60incident_number%60%2C%0A%20%20%60date_time%60%2C%0A%20%20%60incident_type%60%2C%0A%20%20%60location_type%60%2C%0A%20%20%60city%60%2C%0A%20%20%60intersection%60%2C%0A%20%20%60location%60%2C%0A%20%20%60upload%60/page/filter","Agency RMS","Open Source",131522,NA,NA,"","","CA0490000","Sonoma",NA,"West","Pacific",131522,131223,299,"Sonoma, CA","County","CA","CA"
"South Bend,IN,City","IN0710200","South Bend",0,5,42,29,126,248,52,2017,1,"City","South Bend,IN","City",76,426,"South Bend","https://southbendin.gov/transparency-and-performance/police-transparency-hub/particrimes/","Agency Aggregated","Open Source",102999,NA,NA,"Inferred Apr-Nov 2021 from annual state total","","IN0710200","South Bend",NA,"Midwest","East North Central",102999,103804,-805,"South Bend, IN","City","IN","IN"
"South Jordan,UT,City","UT0181800","South Jordan",0,0,0,1,27,106,15,2017,1,"City","South Jordan,UT","City",1,148,"South Jordan","https://bci.utah.gov/crime-in-utah-dashboards/","Crime Data Explorer","Open Source",86444,NA,NA,"","","UT0181800","South Jordan",NA,"West","Mountain",86444,88346,-1902,"South Jordan, UT","City","UT","UT"
"South San Francisco,CA,City","CA0411700","South San Francisco",0,0,9,3,17,86,20,2017,1,"City","South San Francisco,CA","City",12,123,"South San Francisco","https://cde.ucr.cjis.gov/LATEST/webapp/#/pages/explorer/crime/crime-trend","Crime Data Explorer","Open Source",62205,NA,NA,"","","CA0411700","South San Francisco",NA,"West","Pacific",62205,64363,-2158,"South San Francisco, CA","City","CA","CA"
"Southaven,MS,City","MS0170100","Southaven",3,2,4,2,22,126,3,2017,1,"City","Southaven,MS","City",11,151,"Southaven","https://mscrimestats.dps.ms.gov/public/View/dispview.aspx","State UCR","Open Source",57135,NA,NA,"","","MS0170100","Southaven",NA,"South","East South Central",57135,58174,-1039,"Southaven, MS","City","MS","MS"
"Southfield,MI,City","MI6375100","Southfield",1,3,4,5,18,100,21,2017,1,"City","Southfield,MI","City",13,139,"Southfield","https://www.michigan.gov/msp/divisions/cjic/dashboard-portal/crime-dashboard","Crime Data Explorer","Open Source",74960,NA,NA,"","","MI6375100","Southfield",NA,"Midwest","East North Central",74960,76992,-2032,"Southfield, MI","City","MI","MI"
"Sparks,NV,City","NV0160200","Sparks",1,5,11,23,50,159,44,2017,1,"City","Sparks,NV","City",40,253,"Sparks","https://nevadacrimestats.nv.gov/public/View/dispview.aspx","State UCR","Open Source",109403,NA,NA,"","","NV0160200","Sparks",NA,"West","Mountain",109403,112191,-2788,"Sparks, NV","City","NV","NV"
"Spokane Valley,WA,City","WA0321500","Spokane Valley",0,12,3,19,49,294,44,2017,1,"City","Spokane Valley,WA","City",34,387,"Spokane Valley","https://cde.ucr.cjis.gov/LATEST/webapp/#/pages/explorer/crime/crime-trend","Crime Data Explorer","Open Source",109278,NA,NA,"","","WA0321500","Spokane Valley",NA,"West","Pacific",109278,109455,-177,"Spokane Valley, WA","City","WA","WA"
"Spring Hill,TN,City","TN0600300","Spring Hill",0,0,0,8,5,30,1,2017,1,"City","Spring Hill,TN","City",8,36,"Spring Hill","https://crimeinsight.tbi.tn.gov/public/View/dispview.aspx","Crime Data Explorer","Open Source",58200,NA,NA,"","","TN0600300","Spring Hill",NA,"South","East South Central",58200,40468,17732,"Spring Hill, TN","City","TN","TN"
"Springfield,IL,City","IL0840200","Springfield",0,10,17,57,80,286,22,2017,1,"City","Springfield,IL","City",84,388,"Springfield","https://ilucr.nibrs.com/AdvancedSearch/AdvancedSearch","State UCR","Open Source",112781,NA,NA,"","","IL0840200","Springfield",NA,"Midwest","East North Central",112781,112595,186,"Springfield, IL","City","IL","IL"
"Springfield,MO,City","MO0390300","Springfield",2,26,48,99,179,912,180,2017,1,"City","Springfield,MO","City",175,1271,"Springfield","https://showmecrime.mo.gov/","State UCR","Open Source",170521,NA,NA,"","","MO0390300","Springfield",NA,"Midwest","West North Central",170521,170956,-435,"Springfield, MO","City","MO","MO"
"Springfield,OR,City","OR0200600","Springfield",0,1,3,11,19,197,11,2017,1,"City","Springfield,OR","City",15,227,"Springfield","https://www.oregon.gov/osp/pages/uniform-crime-reporting-data.aspx","State UCR","Open Source",61185,NA,NA,"","","OR0200600","Springfield",NA,"West","Pacific",61185,61013,172,"Springfield, OR","City","OR","OR"
"St Charles,MO,City","MO0920300","St Charles",0,4,0,6,50,123,13,2017,1,"City","St Charles,MO","City",10,186,"St Charles","https://showmecrime.mo.gov/","State UCR","Open Source",71408,NA,NA,"","","MO0920300","St Charles",NA,"Midwest","West North Central",71408,72881,-1473,"St Charles, MO","City","MO","MO"
"St Joseph,MO,City","MO0110100","St Joseph",0,5,11,16,41,290,65,2017,1,"City","St Joseph,MO","City",32,396,"St Joseph","https://showmecrime.mo.gov/","State UCR","Open Source",69925,NA,NA,"","","MO0110100","St Joseph",NA,"Midwest","West North Central",69925,70838,-913,"St Joseph, MO","City","MO","MO"
"St Louis,MO,City","MOSPD0000","St Louis",16,22,144,268,288,1000,247,2017,1,"City","St Louis,MO","City",450,1535,"St Louis","https://showmecrime.mo.gov/","State UCR","Open Source",280108,NA,NA,"","","MOSPD0000","St Louis",NA,"Midwest","West North Central",280108,274819,5289,"St Louis, MO","City","MO","MO"
"St Louis,MO,County","MO0950000","St Louis",1,11,44,107,147,502,92,2017,1,"County","St Louis,MO","County",163,741,"St Louis","https://showmecrime.mo.gov/","State UCR","Open Source",398969,NA,NA,"","","MO0950000","St Louis",NA,"Midwest","West North Central",398969,400341,-1372,"St Louis, MO","County","MO","MO"
"St Peters,MO,City","MO0920400","St Peters",0,8,1,18,16,110,19,2017,1,"City","St Peters,MO","City",27,145,"St Peters","https://showmecrime.mo.gov/","State UCR","Open Source",58937,NA,NA,"","","MO0920400","St Peters",NA,"Midwest","West North Central",58937,62360,-3423,"St Peters, MO","City","MO","MO"
"St. Clair Shores,MI,City","MI5072200","St. Clair Shores",0,4,1,3,8,44,6,2017,1,"City","St. Clair Shores,MI","City",8,58,"St. Clair Shores","https://www.michigan.gov/msp/divisions/cjic/dashboard-portal/crime-dashboard","Crime Data Explorer","Open Source",57257,NA,NA,"","","MI5072200","St. Clair Shores",NA,"Midwest","East North Central",57257,57908,-651,"St. Clair Shores, MI","City","MI","MI"
"St. Cloud,MN,City","MN0730400","St. Cloud",0,4,6,10,26,174,23,2017,1,"City","St. Cloud,MN","City",20,223,"St. Cloud","https://cde.state.mn.us/","State UCR","Open Source",69922,NA,NA,"","","MN0730400","St. Cloud",NA,"Midwest","West North Central",69922,57723,12199,"St. Cloud, MN","City","MN","MN"
"St. George,UT,City","UT0270100","St. George",0,4,1,4,20,67,10,2017,1,"City","St. George,UT","City",9,97,"St. George","https://bci.utah.gov/crime-in-utah-dashboards/","State UCR","Open Source",105930,NA,NA,"","","UT0270100","St. George","UT","West","Mountain",105930,109020,-3090,"St. George, UT","City","UT","UT"
"St. Mary's,MD,County","MD0190000","St. Mary's",0,2,4,8,22,93,4,2017,1,"County","St. Mary's,MD","County",14,119,"St. Mary's","https://cde.ucr.cjis.gov/LATEST/webapp/#/pages/explorer/crime/crime-trend","Crime Data Explorer","Open Source",115684,NA,NA,"","","MD0190000","St. Mary's",NA,"South","South Atlantic",115684,116720,-1036,"St Mary's, MD","County","MD","MD"
"St. Paul,MN,City","MN0620900","St. Paul",3,12,68,113,180,461,209,2017,1,"City","St. Paul,MN","City",196,850,"St. Paul","https://cde.state.mn.us/","State UCR","Open Source",300368,NA,NA,"","","MN0620900","St. Paul",NA,"Midwest","West North Central",300368,307657,-7289,"St. Paul, MN","City","MN","MN"
"Stamford,CT,City","CT0013500","Stamford",0,2,7,13,18,134,17,2017,1,"City","Stamford,CT","City",22,169,"Stamford","https://ct.beyond2020.com/ct_public/Dim/dimension.aspx","State UCR","Open Source",136512,NA,NA,"","","CT0013500","Stamford",NA,"Northeast","New England",136512,140066,-3554,"Stamford, CT","City","CT","CT"
"Stark,OH,County","OH0760000","Stark",0,2,3,7,46,99,8,2017,1,"County","Stark,OH","County",12,153,"Stark","From OH","State UCR","Provided by State UCR Program",117590,NA,NA,"","","OH0760000","Stark",NA,"Midwest","East North Central",117590,112595,4995,"Stark, OH","County","OH","OH"
"State College,PA,City","PA0140300","State College",0,0,0,3,3,27,0,2017,1,"City","State College,PA","City",3,30,"State College","https://www.ucr.pa.gov/PAUCRSPUBLIC/SRSReport/CrimeTrends","State UCR","Open Source",58532,NA,NA,"","","PA0140300","State College",NA,"Northeast","Middle Atlantic",58532,57940,592,"State College, PA","City","PA","PA"
"Sterling Heights,MI,City","MI5076500","Sterling Heights",1,2,2,8,18,83,9,2017,1,"City","Sterling Heights,MI","City",13,110,"Sterling Heights","https://www.michigan.gov/msp/divisions/cjic/dashboard-portal/crime-dashboard","Crime Data Explorer","Open Source",131801,NA,NA,"","","MI5076500","Sterling Heights",NA,"Midwest","East North Central",131801,134402,-2601,"Sterling Heights, MI","City","MI","MI"
"Stockton,CA,City","CA0390500","Stockton",0,7,73,222,201,622,192,2017,1,"City","Stockton,CA","City",302,1015,"Stockton","https://www.stocktonca.gov/services/police_department/police_news___information/statistical_reports.php#outer-629","Agency Aggregated","Open Source",322220,NA,NA,"","","CA0390500","Stockton",NA,"West","Pacific",322220,325985,-3765,"Stockton, CA","City","CA","CA"
"Stratford,CT,City","CT0013800","Stratford",0,2,5,1,9,54,9,2017,1,"City","Stratford,CT","City",8,72,"Stratford","https://ct.beyond2020.com/ct_public/Dim/dimension.aspx","State UCR","Open Source",52596,NA,NA,"","","CT0013800","Stratford",NA,"Northeast","New England",52596,53961,-1365,"Stratford, CT","City","CT","CT"
"Sugar Land,TX,City","TX0790500","Sugar Land",0,0,2,1,17,97,6,2017,1,"City","Sugar Land,TX","City",3,120,"Sugar Land","https://txucr.nibrs.com/SRSReport/CrimeTrends","State UCR","Open Source",108718,NA,NA,"","","TX0790500","Sugar Land",NA,"South","West South Central",108718,109606,-888,"Sugar Land, TX","City","TX","TX"
"Taunton,MA,City","MA0031900","Taunton",0,2,1,8,8,30,6,2017,1,"City","Taunton,MA","City",11,44,"Taunton","https://www.mass.gov/crime-statistics","State UCR","Provided by State UCR Program",60356,NA,NA,"","","MA0031900","Taunton",NA,"Northeast","New England",60356,62418,-2062,"Taunton, MA","City","MA","MA"
"Taylor,MI,City","MI8277500","Taylor",0,2,4,26,29,63,12,2017,1,"City","Taylor,MI","City",32,104,"Taylor","https://www.michigan.gov/msp/divisions/cjic/dashboard-portal/crime-dashboard","Crime Data Explorer","Open Source",61781,NA,NA,"","","MI8277500","Taylor",NA,"Midwest","East North Central",61781,61146,635,"Taylor, MI","City","MI","MI"
"Tempe,AZ,City","AZ0072900","Tempe",2,11,23,45,101,566,45,2017,1,"City","Tempe,AZ","City",81,712,"Tempe","https://azcrimestatistics.azdps.gov/","State UCR","Open Source",188144,NA,NA,"","","AZ0072900","Tempe",NA,"West","Mountain",188144,191348,-3204,"Tempe, AZ","City","AZ","AZ"
"Texas City,TX,City","TX0840900","Texas City",0,1,10,11,30,132,4,2017,1,"City","Texas City,TX","City",22,166,"Texas City","https://txucr.nibrs.com/SRSReport/CrimeTrends","State UCR","Open Source",57448,NA,NA,"","","TX0840900","Texas City",NA,"South","West South Central",57448,59365,-1917,"Texas City, TX","City","TX","TX"
"Thornton,CO,City","CO0010400","Thornton",0,12,12,69,50,213,76,2017,1,"City","Thornton,CO","City",93,339,"Thornton","https://coloradocrimestats.state.co.us/public/View/dispview.aspx","State UCR","Open Source",143838,NA,NA,"","","CO0010400","Thornton",NA,"West","Mountain",143838,147837,-3999,"Thornton, CO","City","CO","CO"
"Thousand Oaks,CA,City","CA0560700","Thousand Oaks",0,2,1,6,44,102,11,2017,1,"City","Thousand Oaks,CA","City",9,157,"Thousand Oaks","https://cde.ucr.cjis.gov/LATEST/webapp/#/pages/explorer/crime/crime-trend","Crime Data Explorer","Open Source",72118,NA,NA,"","","CA0560700","Thousand Oaks",NA,"West","Pacific",123032,123592,-560,"Thousand Oaks, CA","City","CA","CA"
"Tigard,OR,City","OR0340400","Tigard",0,4,5,4,11,92,7,2017,1,"City","Tigard,OR","City",13,110,"Tigard","https://www.oregon.gov/osp/pages/uniform-crime-reporting-data.aspx","State UCR","Open Source",56142,NA,NA,"","","OR0340400","Tigard",NA,"West","Pacific",56142,57885,-1743,"Tigard, OR","City","OR","OR"
"Tinley Park,IL,City","IL0165M00","Tinley Park",0,2,1,1,3,32,1,2017,1,"City","Tinley Park,IL","City",4,36,"Tinley Park","https://ilucr.nibrs.com/AdvancedSearch/AdvancedSearch","State UCR","Open Source",53528,NA,NA,"","","IL0165M00","Tinley Park",NA,"Midwest","East North Central",53528,46948,6580,"Tinley Park, IL","City","IL","IL"
"Torrance,CA,City","CA0197200","Torrance",0,4,8,14,41,185,49,2017,1,"City","Torrance,CA","City",26,275,"Torrance","https://cde.ucr.cjis.gov/LATEST/webapp/#/pages/explorer/crime/crime-trend","Crime Data Explorer","Open Source",138472,NA,NA,"","","CA0197200","Torrance",NA,"West","Pacific",138472,137914,558,"Torrance, CA","City","CA","CA"
"Tracy,CA,City","CA0390600","Tracy",0,2,7,8,31,166,34,2017,1,"City","Tracy,CA","City",17,231,"Tracy","https://tracypd.com/crime-mapping","Agency Aggregated","Open Source",99347,NA,NA,"","","CA0390600","Tracy",NA,"West","Pacific",99347,101835,-2488,"Tracy, CA","City","CA","CA"
"Travis,TX,County","TX2270000","Travis",1,16,5,50,99,187,21,2017,1,"County","Travis,TX","County",72,307,"Travis","https://txucr.nibrs.com/SRSReport/CrimeTrends","State UCR","Open Source",277111,NA,NA,"Inferred Jan & Aug 2023 from 12 month average","","TX2270000","Travis",NA,"South","West South Central",277111,288003,-10892,"Travis, TX","County","TX","TX"
"Troy,MI,City","MI6378400","Troy",0,1,0,4,9,80,4,2017,1,"City","Troy,MI","City",5,93,"Troy","https://www.michigan.gov/msp/divisions/cjic/dashboard-portal/crime-dashboard","Crime Data Explorer","Open Source",87265,NA,NA,"","","MI6378400","Troy",NA,"Midwest","East North Central",87265,89741,-2476,"Troy, MI","City","MI","MI"
"Tucson,AZ,City","AZ0100300","Tucson",3,48,124,185,399,1671,141,2017,1,"City","Tucson,AZ","City",360,2211,"Tucson","https://app.powerbigov.us/view?r=eyJrIjoiY2ViZmNiYzAtMDQ5ZC00OTMwLTliMTgtYjM1ZjAwYjJlMTkzIiwidCI6ImQyMWU1OWVjLWMyMDgtNDNlYi1hYWYxLWNmMDZkOWExOTZlMCJ9&pageName=ReportSectionccd6be2a1a0db780dadd","Agency Aggregated","Open Source",548544,NA,NA,"","","AZ0100300","Tucson",NA,"West","Mountain",548544,556898,-8354,"Tucson, AZ","City","AZ","AZ"
"Tulare,CA,City","CA0540600","Tulare",0,3,5,9,15,82,42,2017,1,"City","Tulare,CA","City",17,139,"Tulare","https://cde.ucr.cjis.gov/LATEST/webapp/#/pages/explorer/crime/crime-trend","Crime Data Explorer","Open Source",71428,NA,NA,"","","CA0540600","Tulare",NA,"West","Pacific",71428,73442,-2014,"Tulare, CA","City","CA","CA"
"Tulsa,OK,City","OK0720500","Tulsa",6,29,96,224,537,1169,402,2017,1,"City","Tulsa,OK","City",355,2108,"Tulsa","https://cde.ucr.cjis.gov/LATEST/webapp/#/pages/explorer/crime/crime-trend","Crime Data Explorer","Open Source",405482,NA,NA,"","","OK0720500","Tulsa",NA,"South","West South Central",411002,409652,1350,"Tulsa, OK","City","OK","OK"
"Twin Falls,ID,City","ID0420200","Twin Falls",0,3,1,17,22,68,14,2017,1,"City","Twin Falls,ID","City",21,104,"Twin Falls","https://nibrs.isp.idaho.gov/CrimeInIdaho/AdvancedSearch/AdvancedSearch","State UCR","Open Source",55447,NA,NA,"","","ID0420200","Twin Falls",NA,"West","Mountain",55447,56494,-1047,"Twin Falls, ID","City","ID","ID"
"Tyler,TX,City","TX2120400","Tyler",0,9,3,32,51,228,15,2017,1,"City","Tyler,TX","City",44,294,"Tyler","https://txucr.nibrs.com/SRSReport/CrimeTrends","State UCR","Open Source",110824,NA,NA,"","","TX2120400","Tyler",NA,"South","West South Central",110824,113759,-2935,"Tyler, TX","City","TX","TX"
"Upper Darby,PA,City","PA0233700","Upper Darby",0,1,17,12,15,104,16,2017,1,"City","Upper Darby,PA","City",30,135,"Upper Darby","https://www.ucr.pa.gov/PAUCRSPUBLIC/SRSReport/CrimeTrends","State UCR","Open Source",84468,NA,NA,"","","PA0233700","Upper Darby",NA,"Northeast","Middle Atlantic",84468,86160,-1692,"Upper Darby, PA","City","PA","PA"
"Utica,NY,City","NY0320200","Utica",0,4,17,14,44,145,4,2017,1,"City","Utica,NY","City",35,193,"Utica","https://cde.ucr.cjis.gov/LATEST/webapp/#/pages/explorer/crime/crime-trend","Crime Data Explorer","Open Source",63098,NA,NA,"","","NY0320200","Utica",NA,"Northeast","Middle Atlantic",63548,63288,260,"Utica, NY","City","NY","NY"
"Vallejo,CA,City","CA0480700","Vallejo",1,9,33,45,213,100,95,2017,1,"City","Vallejo,CA","City",88,408,"Vallejo","https://www.vallejopd.net/public_information/crime_data/operations_bureau_reports/operations_bureau_2024_reports","Agency Aggregated","Open Source",122419,NA,NA,"","","CA0480700","Vallejo",NA,"West","Pacific",122419,122870,-451,"Vallejo, CA","City","CA","CA"
"Ventura,CA,City","CA0560800","Ventura",0,2,13,17,51,249,37,2017,1,"City","Ventura,CA","City",32,337,"Ventura","https://cde.ucr.cjis.gov/LATEST/webapp/#/pages/explorer/crime/crime-trend","Crime Data Explorer","Open Source",109035,NA,NA,"","","CA0560800","Ventura",NA,"West","Pacific",109035,109633,-598,"Ventura, CA","City","CA","CA"
"Victoria,TX,City","TX2350100","Victoria",0,5,7,12,45,150,8,2017,1,"City","Victoria,TX","City",24,203,"Victoria","https://txucr.nibrs.com/SRSReport/CrimeTrends","State UCR","Open Source",65298,NA,NA,"","","TX2350100","Victoria",NA,"South","West South Central",65298,66142,-844,"Victoria, TX","City","TX","TX"
"Visalia,CA,City","CA0540700","Visalia",0,9,14,19,98,222,83,2017,1,"City","Visalia,CA","City",42,403,"Visalia","https://cde.ucr.cjis.gov/LATEST/webapp/#/pages/explorer/crime/crime-trend","Crime Data Explorer","Open Source",145031,NA,NA,"","","CA0540700","Visalia",NA,"West","Pacific",145031,147414,-2383,"Visalia, CA","City","CA","CA"
"Waco,TX,City","TX1551200","Waco",0,7,6,25,81,343,10,2017,1,"City","Waco,TX","City",38,434,"Waco","https://txucr.nibrs.com/SRSReport/CrimeTrends","State UCR","Open Source",145741,NA,NA,"","","TX1551200","Waco",NA,"South","West South Central",145741,148165,-2424,"Waco, TX","City","TX","TX"
"Wake Forest,NC,City","NC0920700","Wake Forest",0,1,2,3,9,24,0,2017,1,"City","Wake Forest,NC","City",6,33,"Wake Forest","From NC","State UCR","Provided by State UCR Program",52609,NA,NA,"Inferred Jan - May 2019 from annual average","","NC0920700","Wake Forest",NA,"South","South Atlantic",52609,55671,-3062,"Wake Forest, NC","City","NC","NC"
"Wake,NC,County","NC0920000","Wake",0,0,2,8,75,66,6,2017,1,"County","Wake,NC","County",10,147,"Wake","From NC","State UCR","Provided by State UCR Program",198748,NA,NA,"Inferred Oct 2018 from annual average","","NC0920000","Wake",NA,"South","South Atlantic",198748,193737,5011,"Wake, NC","County","NC","NC"
"Waltham,MA,City","MA0094700","Waltham",0,1,1,6,6,28,2,2017,1,"City","Waltham,MA","City",8,36,"Waltham","https://www.mass.gov/crime-statistics","State UCR","Provided by State UCR Program",63797,NA,NA,"","","MA0094700","Waltham",NA,"Northeast","New England",63797,66089,-2292,"Waltham, MA","City","MA","MA"
"Warner Robins,GA,City","GA0760200","Warner Robins",0,5,9,23,47,228,19,2017,1,"City","Warner Robins,GA","City",37,294,"Warner Robins","https://cde.ucr.cjis.gov/LATEST/webapp/#/pages/explorer/crime/crime-trend","Crime Data Explorer","Open Source",82991,NA,NA,"","","GA0760200","Warner Robins",NA,"South","South Atlantic",82991,87034,-4043,"Warner Robins, GA","City","GA","GA"
"Warren,MI,City","MI5080600","Warren",1,6,11,35,52,127,39,2017,1,"City","Warren,MI","City",53,218,"Warren","https://www.michigan.gov/msp/divisions/cjic/dashboard-portal/crime-dashboard","Crime Data Explorer","Open Source",136121,NA,NA,"","","MI5080600","Warren",NA,"Midwest","East North Central",136121,137310,-1189,"Warren, MI","City","MI","MI"
"Warwick,RI,City","RI0020300","Warwick",0,2,0,8,16,105,5,2017,1,"City","Warwick,RI","City",10,126,"Warwick","https://riucr.nibrs.com/AdvancedSearch/AdvancedSearch","State UCR","Open Source",83369,NA,NA,"","","RI0020300","Warwick",NA,"Northeast","New England",83369,83590,-221,"Warwick, RI","City","RI","RI"
"Washington,DC,City","DCMPD0000","Washington",8,NA,212,NA,153,2273,169,2017,1,"City","Washington,DC","City",220,2595,"Washington","https://crimecards.dc.gov/","Agency RMS","Open Source",678972,NA,NA,"","","DCMPD0000","Washington",NA,"South","South Atlantic",678972,693645,-14673,"Washington, DC","City","DC","DC"
"Washington,MD,County","MD0220000","Washington",0,3,4,18,37,60,2,2017,1,"County","Washington,MD","County",25,99,"Washington","https://washcosheriff.com/crime/crime-statistics/","Agency Aggregated","Open Source",104179,NA,NA,"","","MD0220000","Washington",NA,"South","South Atlantic",104179,104674,-495,"Washington, MD","County","MD","MD"
"Washington,OR,County","OR0340000","Washington",0,12,3,16,23,124,15,2017,1,"County","Washington,OR","County",31,162,"Washington","https://www.oregon.gov/osp/pages/uniform-crime-reporting-data.aspx","State UCR","Open Source",239309,NA,NA,"","","OR0340000","Washington",NA,"West","Pacific",239309,244106,-4797,"Washington, OR","County","OR","OR"
"Washoe,NV,County","NV0160000","Washoe",0,3,1,11,20,45,8,2017,1,"County","Washoe,NV","County",15,73,"Washoe","https://nevadacrimestats.nv.gov/public/View/dispview.aspx","State UCR","Open Source",111776,NA,NA,"","","NV0160000","Washoe",NA,"West","Mountain",111776,110297,1479,"Washoe, NV","County","NV","NV"
"Washtenaw,MI,County","MI8118100","Washtenaw",0,7,6,23,39,80,28,2017,1,"County","Washtenaw,MI","County",36,147,"Washtenaw","https://www.michigan.gov/msp/divisions/cjic/dashboard-portal/crime-dashboard","State UCR","Open Source",161396,NA,NA,"","","MI8118100","Washtenaw",NA,"Midwest","East North Central",161396,162060,-664,"Washtenaw, MI","County","MI","MI"
"Waterbury,CT,City","CT0015100","Waterbury",2,1,19,12,66,242,65,2017,1,"City","Waterbury,CT","City",34,373,"Waterbury","https://ct.beyond2020.com/ct_public/Dim/dimension.aspx","State UCR","Open Source",115380,NA,NA,"","","CT0015100","Waterbury",NA,"Northeast","New England",115380,116419,-1039,"Waterbury, CT","City","CT","CT"
"Waterford Township,MI,City","MI6380800","Waterford Township",0,1,2,0,17,40,5,2017,1,"City","Waterford Township,MI","City",3,62,"Waterford Township","https://www.michigan.gov/msp/divisions/cjic/dashboard-portal/crime-dashboard","Crime Data Explorer","Open Source",69153,NA,NA,"","","MI6380800","Waterford Township",NA,"Midwest","East North Central",69153,70573,-1420,"Waterford Township, MI","City","MI","MI"
"Waterloo,IA,City","IA0070300","Waterloo",2,4,4,15,42,132,8,2017,1,"City","Waterloo,IA","City",25,182,"Waterloo","From IA","Crime Data Explorer","Provided by Agency",66211,NA,NA,"","","IA0070300","Waterloo",NA,"Midwest","West North Central",66211,67531,-1320,"Waterloo, IA","City","IA","IA"
"Waukesha,WI,City","WI0680500","Waukesha",0,4,4,4,14,78,2,2017,1,"City","Waukesha,WI","City",12,94,"Waukesha","From WI","State UCR","Provided by State UCR Program",70095,NA,NA,"","","WI0680500","Waukesha",NA,"Midwest","East North Central",70095,71542,-1447,"Waukesha, WI","City","WI","WI"
"West Bloomfield Township,MI,City","MI6381500","West Bloomfield Township",0,2,0,3,6,37,1,2017,1,"City","West Bloomfield Township,MI","City",5,44,"West Bloomfield Township","https://www.michigan.gov/msp/divisions/cjic/dashboard-portal/crime-dashboard","Crime Data Explorer","Open Source",64904,NA,NA,"","","MI6381500","West Bloomfield Township",NA,"Midwest","East North Central",64904,66804,-1900,"West Bloomfield Township, MI","City","MI","MI"
"West Chester Township,OH,City","OH0091500","West Chester Township",0,3,4,1,17,66,5,2017,1,"City","West Chester Township,OH","City",8,88,"West Chester Township","https://ocjs.ohio.gov/","State UCR","Provided by State UCR Program",62860,NA,NA,"","","OH0091500","West Chester Township",NA,"Midwest","East North Central",62860,64911,-2051,"West Chester Township, OH","City","OH","OH"
"West Covina,CA,City","CA0197500","West Covina",0,3,9,4,69,132,49,2017,1,"City","West Covina,CA","City",16,250,"West Covina","https://cde.ucr.cjis.gov/LATEST/webapp/#/pages/explorer/crime/crime-trend","Crime Data Explorer","Open Source",104467,NA,NA,"","","CA0197500","West Covina",NA,"West","Pacific",103014,106374,-3360,"West Covina, CA","City","CA","CA"
"West Des Moines,IA,City","IA0770500","West Des Moines",0,4,0,2,5,36,0,2017,1,"City","West Des Moines,IA","City",6,41,"West Des Moines","From IA","Crime Data Explorer","Provided by Agency",71674,NA,NA,"","","IA0770500","West Des Moines",NA,"Midwest","West North Central",71674,49496,22178,"West Des Moines, IA","City","IA","IA"
"West Hartford,CT,City","CT0015500","West Hartford",0,0,3,0,13,85,2,2017,1,"City","West Hartford,CT","City",3,100,"West Hartford","https://ct.beyond2020.com/ct_public/Dim/dimension.aspx","State UCR","Open Source",64423,NA,NA,"","","CT0015500","West Hartford",NA,"Northeast","New England",64423,64453,-30,"West Hartford, CT","City","CT","CT"
"West Haven,CT,City","CT0015600","West Haven",0,0,4,6,5,60,19,2017,1,"City","West Haven,CT","City",10,84,"West Haven","https://ct.beyond2020.com/ct_public/Dim/dimension.aspx","State UCR","Open Source",54791,NA,NA,"","","CT0015600","West Haven",NA,"Northeast","New England",54791,55336,-545,"West Haven, CT","City","CT","CT"
"West Jordan,UT,City","UT0180600","West Jordan",0,2,3,13,24,248,35,2017,1,"City","West Jordan,UT","City",18,307,"West Jordan","https://bci.utah.gov/crime-in-utah-dashboards/","Crime Data Explorer","Open Source",116485,NA,NA,"","","UT0180600","West Jordan",NA,"West","Mountain",116485,116603,-118,"West Jordan, UT","City","UT","UT"
"West New York,NJ,City","NJ0091200","West New York",0,0,3,6,3,35,6,2017,1,"City","West New York,NJ","City",9,44,"West New York","https://cde.ucr.cjis.gov/LATEST/webapp/#/pages/explorer/crime/crime-trend","Crime Data Explorer","Open Source",51260,NA,NA,"","","NJ0091200","West New York",NA,"Northeast","Middle Atlantic",51884,53036,-1152,"West New York, NJ","City","NJ","NJ"
"West Valley,UT,City","UT0182500","West Valley",2,23,14,40,63,308,145,2017,1,"City","West Valley,UT","City",79,516,"West Valley","https://bci.utah.gov/crime-in-utah-dashboards/","Crime Data Explorer","Open Source",135023,NA,NA,"","","UT0182500","West Valley",NA,"West","Mountain",135023,137688,-2665,"West Valley, UT","City","UT","UT"
"Westfield,IN,City","IN0290400","Westfield",0,0,3,2,7,33,2,2017,1,"City","Westfield,IN","City",5,42,"Westfield","https://cde.state.mn.us/","Crime Data Explorer","Open Source",58858,NA,NA,"","","IN0290400","Westfield",NA,"Midwest","East North Central",58858,67775,-8917,"Westfield, IN","City","IN","IN"
"Westland,MI,City","MI8281700","Westland",0,8,7,12,13,80,12,2017,1,"City","Westland,MI","City",27,105,"Westland","https://www.michigan.gov/msp/divisions/cjic/dashboard-portal/crime-dashboard","Crime Data Explorer","Open Source",83463,NA,NA,"","","MI8281700","Westland",NA,"Midwest","East North Central",83463,82161,1302,"Westland, MI","City","MI","MI"
"Westminster,CA,City","CA0302400","Westminster",2,0,10,7,46,164,32,2017,1,"City","Westminster,CA","City",19,242,"Westminster","https://www.westminster-ca.gov/departments/police/services/investigations-bureau/crime-analysis/crime-statistics","Agency Aggregated","Open Source",88710,NA,NA,"","","CA0302400","Westminster",NA,"West","Pacific",88710,89231,-521,"Westminster, CA","City","CA","CA"
"Westminster,CO,City","CO0010500","Westminster",1,6,7,19,25,182,58,2017,1,"City","Westminster,CO","City",33,265,"Westminster","https://coloradocrimestats.state.co.us/public/View/dispview.aspx","State UCR","Open Source",113660,NA,NA,"","","CO0010500","Westminster",NA,"West","Mountain",113660,69026,44634,"Westminster, CO","City","CO","CO"
"Weymouth,MA,City","MA0112700","Weymouth",0,1,2,12,6,34,8,2017,1,"City","Weymouth,MA","City",15,48,"Weymouth","https://www.mass.gov/crime-statistics","State UCR","Provided by State UCR Program",57725,NA,NA,"","","MA0112700","Weymouth",NA,"Northeast","New England",57725,60691,-2966,"Weymouth, MA","City","MA","MA"
"Wichita Falls,TX,City","TX2430500","Wichita Falls",0,5,11,17,79,162,21,2017,1,"City","Wichita Falls,TX","City",33,262,"Wichita Falls","https://txucr.nibrs.com/SRSReport/CrimeTrends","State UCR","Open Source",102740,NA,NA,"","","TX2430500","Wichita Falls",NA,"South","West South Central",102740,102344,396,"Wichita Falls, TX","City","TX","TX"
"Will,IL,County","IL0990000","Will",0,4,1,7,23,42,3,2017,1,"County","Will,IL","County",12,68,"Will","https://ilucr.nibrs.com/Report/CrimeTrends","State UCR","Open Source",104475,NA,NA,"","","IL0990000","Will",NA,"Midwest","East North Central",104475,103299,1176,"Will, IL","County","IL","IL"
"Williamson,TX,County","TX2460000","Williamson",0,1,0,5,26,72,15,2017,1,"County","Williamson,TX","County",6,113,"Williamson","https://txucr.nibrs.com/SRSReport/CrimeTrends","State UCR","Open Source",202897,NA,NA,"","","TX2460000","Williamson",NA,"South","West South Central",202897,194532,8365,"Williamson, TX","County","TX","TX"
"Wilmington,NC,City","NC0650200","Wilmington",0,7,25,44,91,250,17,2017,1,"City","Wilmington,NC","City",76,358,"Wilmington","From NC","State UCR","Provided by State UCR Program",122675,NA,NA,"","","NC0650200","Wilmington",NA,"South","South Atlantic",122675,127752,-5077,"Wilmington, NC","City","NC","NC"
"Woodbury,MN,City","MN0821100","Woodbury",0,3,0,2,9,93,6,2017,1,"City","Woodbury,MN","City",5,108,"Woodbury","https://cde.state.mn.us/","State UCR","Open Source",80153,NA,NA,"","","MN0821100","Woodbury",NA,"Midwest","West North Central",80153,81929,-1776,"Woodbury, MN","City","MN","MN"
"Wright,MN,County","MN0860000","Wright",0,4,3,3,6,90,5,2017,1,"County","Wright,MN","County",10,101,"Wright","https://cde.state.mn.us/CrimesAgainstPerson/CrimesAgainstPerson","State UCR","Open Source",129359,NA,NA,"","","MN0860000","Wright",NA,"Midwest","West North Central",129359,135626,-6267,"Wright, MN","County","MN","MN"
"Wyoming,MI,City","MI4183400","Wyoming",0,6,4,19,10,102,19,2017,1,"City","Wyoming,MI","City",29,131,"Wyoming","https://www.michigan.gov/msp/divisions/cjic/dashboard-portal/crime-dashboard","Crime Data Explorer","Open Source",76712,NA,NA,"","","MI4183400","Wyoming",NA,"Midwest","East North Central",76712,79015,-2303,"Wyoming, MI","City","MI","MI"
"Yorba Linda,CA,City","CA0302500","Yorba Linda",0,0,1,4,35,59,3,2017,1,"City","Yorba Linda,CA","City",5,97,"Yorba Linda","https://cde.ucr.cjis.gov/LATEST/webapp/#/pages/explorer/crime/crime-trend","Crime Data Explorer","Open Source",65469,NA,NA,"","","CA0302500","Yorba Linda",NA,"West","Pacific",66477,66061,416,"Yorba Linda, CA","City","CA","CA"
"Yuma,AZ,City","AZ0140500","Yuma",1,2,10,30,63,177,15,2017,1,"City","Yuma,AZ","City",43,255,"Yuma","https://azcrimestatistics.azdps.gov/","State UCR","Open Source",99610,NA,NA,"","","AZ0140500","Yuma",NA,"West","Mountain",99610,105175,-5565,"Yuma, AZ","City","AZ","AZ"
